{
  "id": "01e4mefp-3sym-jnfs-l3ca-nmjwlo15gt4f",
  "parameters": {
    "crossoverRate": 0.30000001192092896,
    "eliteSize": 2,
    "tournamentSize": 3,
    "mutationRate": 0.8999999761581421,
    "populationSize": 10
  },
  "populations": [
    {
      "generation": 0,
      "id": "xfqji98g-4wmw-r21v-1w1y-m64oty97u1fs",
      "individuals": [
        {
          "fitness": 0,
          "expressions": {
            "r": "add(y,x)",
            "b": "add(0.11235863,x)",
            "g": "add(x,0.9300948)"
          }
        },
        {
          "fitness": 0,
          "expressions": {
            "r": "sin(y)",
            "b": "sin(0.2799856)",
            "g": "sin(0.33406323)"
          }
        },
        {
          "fitness": 0,
          "expressions": {
            "r": "add(0.17521477,x)",
            "b": "add(y,x)",
            "g": "add(x,x)"
          }
        },
        {
          "fitness": 0,
          "expressions": {
            "r": "add(y,y)",
            "b": "add(y,0.94364136)",
            "g": "add(y,0.8702774)"
          }
        },
        {
          "fitness": 0,
          "expressions": {
            "r": "auh(0.27390844,y)",
            "b": "auh(0.6337906,x)",
            "g": "auh(x,y)"
          }
        },
        {
          "fitness": 0,
          "expressions": {
            "r": "tan(pow(x,x))",
            "b": "tan(pow(x,y))",
            "g": "tan(pow(y,0.83915734))"
          }
        },
        {
          "fitness": 0,
          "expressions": {
            "r": "add(y,0.07615703)",
            "b": "add(x,x)",
            "g": "add(y,y)"
          }
        },
        {
          "fitness": 0,
          "expressions": {
            "r": "add(y,0.44833928)",
            "b": "add(y,0.31375927)",
            "g": "add(0.27272844,y)"
          }
        },
        {
          "fitness": 0,
          "expressions": {
            "r": "cos(0.5690351)",
            "b": "cos(y)",
            "g": "cos(0.058998585)"
          }
        },
        {
          "fitness": 0,
          "expressions": {
            "r": "add(y,y)",
            "b": "add(x,x)",
            "g": "add(x,0.13196075)"
          }
        },
        {
          "fitness": 0,
          "expressions": {
            "r": "add(y,y)",
            "b": "add(y,0.82693416)",
            "g": "add(0.10092437,0.91547567)"
          }
        },
        {
          "fitness": 0,
          "expressions": {
            "r": "var(y)",
            "b": "var(x)",
            "g": "var(y)"
          }
        },
        {
          "fitness": 0,
          "expressions": {
            "r": "add(0.6894983,0.8396108)",
            "b": "add(x,x)",
            "g": "add(y,0.62605834)"
          }
        },
        {
          "fitness": 0,
          "expressions": {
            "r": "add(y,y)",
            "b": "add(y,y)",
            "g": "add(y,y)"
          }
        },
        {
          "fitness": 0,
          "expressions": {
            "r": "auh(y,auh(y,y))",
            "b": "auh(y,auh(x,x))",
            "g": "auh(y,auh(y,y))"
          }
        },
        {
          "fitness": 0,
          "expressions": {
            "r": "add(y,x)",
            "b": "add(0.19883662,y)",
            "g": "add(0.0030900836,0.2130019)"
          }
        },
        {
          "fitness": 0,
          "expressions": {
            "r": "aul(sin(x),div(auh(max(x,0.43541765),div(x,var(x))),y))",
            "b": "aul(sin(x),div(auh(max(x,0.5292188),div(y,var(x))),y))",
            "g": "aul(sin(y),div(auh(max(y,0.8290903),div(x,var(y))),y))"
          }
        },
        {
          "fitness": 0,
          "expressions": {
            "r": "pow(x,0.54913527)",
            "b": "pow(y,y)",
            "g": "pow(x,y)"
          }
        }
      ],
      "timestamp": "23h:54m:52s"
    },
    {
      "generation": 1,
      "ascendantID": "xfqji98g-4wmw-r21v-1w1y-m64oty97u1fs",
      "id": "lqzppica-hihr-2sy9-wvak-k7cvulntpnz3",
      "individuals": [
        {
          "fitness": 0,
          "expressions": {
            "r": "add(y,x)",
            "b": "add(0.11235863,x)",
            "g": "add(x,0.9300948)"
          }
        },
        {
          "fitness": 0,
          "expressions": {
            "r": "add(y,aud(y,y))",
            "b": "add(x,aud(y,x))",
            "g": "add(y,aud(y,y))"
          }
        },
        {
          "fitness": 0,
          "expressions": {
            "r": "add(auh(y,y),x)",
            "b": "add(auh(y,0.30947345),x)",
            "g": "add(auh(y,x),0.9300948)"
          }
        },
        {
          "fitness": 0,
          "expressions": {
            "r": "add(y,0.074142516)",
            "b": "add(y,0.89900476)",
            "g": "add(y,0.32204694)"
          }
        },
        {
          "fitness": 0,
          "expressions": {
            "r": "add(0.58291984,y)",
            "b": "add(y,y)",
            "g": "add(y,y)"
          }
        },
        {
          "fitness": 0,
          "expressions": {
            "r": "pow(x,0.54913527)",
            "b": "pow(y,y)",
            "g": "pow(x,y)"
          }
        },
        {
          "fitness": 0,
          "expressions": {
            "r": "add(y,y)",
            "b": "add(x,x)",
            "g": "add(x,0.13196075)"
          }
        },
        {
          "fitness": 0,
          "expressions": {
            "r": "add(y,cos(0.23027194))",
            "b": "add(y,cos(0.7080474))",
            "g": "add(0.27272844,cos(0.47909743))"
          }
        },
        {
          "fitness": 0,
          "expressions": {
            "r": "add(y,y)",
            "b": "add(y,0.19883662)",
            "g": "add(y,0.0030900836)"
          }
        },
        {
          "fitness": 0,
          "expressions": {
            "r": "max(y,max(y,y))",
            "b": "max(y,max(x,x))",
            "g": "max(y,max(y,y))"
          }
        },
        {
          "fitness": 0,
          "expressions": {
            "r": "aud(y,y)",
            "b": "aud(x,x)",
            "g": "aud(y,y)"
          }
        },
        {
          "fitness": 0,
          "expressions": {
            "r": "auh(cos(sub(pow(0.7016655,y),0.85098195)),y)",
            "b": "auh(cos(sub(pow(0.7501132,y),x)),x)",
            "g": "auh(cos(sub(pow(y,y),y)),x)"
          }
        },
        {
          "fitness": 0,
          "expressions": {
            "r": "add(add(y,y),0.44833928)",
            "b": "add(add(y,0.94364136),0.31375927)",
            "g": "add(add(y,0.8702774),y)"
          }
        },
        {
          "fitness": 0,
          "expressions": {
            "r": "tan(x)",
            "b": "tan(y)",
            "g": "tan(x)"
          }
        },
        {
          "fitness": 0,
          "expressions": {
            "r": "aul(y,aud(y,y))",
            "b": "aul(y,aud(x,x))",
            "g": "aul(y,aud(y,y))"
          }
        },
        {
          "fitness": 0,
          "expressions": {
            "r": "var(y)",
            "b": "var(x)",
            "g": "var(y)"
          }
        },
        {
          "fitness": 0,
          "expressions": {
            "r": "add(y,y)",
            "b": "add(y,0.94364136)",
            "g": "add(y,0.8702774)"
          }
        },
        {
          "fitness": 0,
          "expressions": {
            "r": "auh(y,aud(y,y))",
            "b": "auh(y,aud(x,x))",
            "g": "auh(y,aud(y,y))"
          }
        }
      ],
      "timestamp": "23h:54m:58s"
    },
    {
      "generation": 2,
      "ascendantID": "lqzppica-hihr-2sy9-wvak-k7cvulntpnz3",
      "id": "gfklno6b-ypf5-pc3s-oh24-1h29yy0ppdnb",
      "individuals": [
        {
          "fitness": 0,
          "expressions": {
            "r": "add(y,x)",
            "b": "add(0.11235863,x)",
            "g": "add(x,0.9300948)"
          }
        },
        {
          "fitness": 0,
          "expressions": {
            "r": "aud(sub(y,div(sin(y),0.8474407)),y)",
            "b": "aud(sub(y,div(sin(0.09077793),0.4029799)),x)",
            "g": "aud(sub(0.3054158,div(sin(x),x)),y)"
          }
        },
        {
          "fitness": 0,
          "expressions": {
            "r": "add(add(y,y),0.44833928)",
            "b": "add(add(y,0.94364136),0.31375927)",
            "g": "add(add(y,0.8702774),y)"
          }
        },
        {
          "fitness": 0,
          "expressions": {
            "r": "pow(x,0.54913527)",
            "b": "pow(y,y)",
            "g": "pow(x,y)"
          }
        },
        {
          "fitness": 0,
          "expressions": {
            "r": "pow(mul(add(aud(x,x),0.21531808),add(0.25144494,0.59257615)),0.54913527)",
            "b": "pow(mul(add(aud(x,y),0.2890715),add(0.3647182,y)),y)",
            "g": "pow(mul(add(aud(0.78966486,x),0.95094305),add(0.39869428,x)),x)"
          }
        },
        {
          "fitness": 0,
          "expressions": {
            "r": "sub(pow(x,0.54913527),0.54956305)",
            "b": "sub(pow(x,y),0.31375927)",
            "g": "sub(pow(y,y),y)"
          }
        },
        {
          "fitness": 0,
          "expressions": {
            "r": "add(auh(y,y),x)",
            "b": "add(auh(y,0.30947345),x)",
            "g": "add(auh(y,x),0.9300948)"
          }
        },
        {
          "fitness": 0,
          "expressions": {
            "r": "aud(y,aud(y,y))",
            "b": "aud(y,aud(x,y))",
            "g": "aud(y,aud(y,y))"
          }
        },
        {
          "fitness": 0,
          "expressions": {
            "r": "min(x,0.54913527)",
            "b": "min(y,y)",
            "g": "min(x,y)"
          }
        },
        {
          "fitness": 0,
          "expressions": {
            "r": "sub(sin(x),y)",
            "b": "sub(sin(x),0.079755455)",
            "g": "sub(sin(x),0.16255873)"
          }
        },
        {
          "fitness": 0,
          "expressions": {
            "r": "tan(y)",
            "b": "tan(0.85977507)",
            "g": "tan(x)"
          }
        },
        {
          "fitness": 0,
          "expressions": {
            "r": "add(y,y)",
            "b": "add(x,x)",
            "g": "add(x,0.13196075)"
          }
        },
        {
          "fitness": 0,
          "expressions": {
            "r": "aul(y,aud(y,y))",
            "b": "aul(y,aud(y,x))",
            "g": "aul(y,aud(y,y))"
          }
        },
        {
          "fitness": 0,
          "expressions": {
            "r": "add(auh(0.9813256,x),aud(x,sin(mul(aul(y,y),var(x)))))",
            "b": "add(auh(x,0.4342178),aud(0.92100674,sin(mul(aul(y,0.8206617),var(x)))))",
            "g": "add(auh(0.6956396,x),aud(x,sin(mul(aul(x,0.9940447),var(x)))))"
          }
        },
        {
          "fitness": 0,
          "expressions": {
            "r": "add(y,0.44833928)",
            "b": "add(y,0.31375927)",
            "g": "add(y,y)"
          }
        },
        {
          "fitness": 0,
          "expressions": {
            "r": "aud(y,y)",
            "b": "aud(x,x)",
            "g": "aud(y,y)"
          }
        },
        {
          "fitness": 0,
          "expressions": {
            "r": "add(pow(x,0.69117796),y)",
            "b": "add(pow(y,y),y)",
            "g": "add(pow(x,y),y)"
          }
        },
        {
          "fitness": 0,
          "expressions": {
            "r": "add(y,cos(y))",
            "b": "add(y,cos(y))",
            "g": "add(0.27272844,cos(y))"
          }
        }
      ],
      "timestamp": "23h:54m:59s"
    },
    {
      "generation": 3,
      "ascendantID": "gfklno6b-ypf5-pc3s-oh24-1h29yy0ppdnb",
      "id": "s9emeglm-zfmm-ugk3-e2ep-fem06zjtvofb",
      "individuals": [
        {
          "fitness": 0,
          "expressions": {
            "r": "add(y,x)",
            "b": "add(0.11235863,x)",
            "g": "add(x,0.9300948)"
          }
        },
        {
          "fitness": 0,
          "expressions": {
            "r": "add(y,0.44833928)",
            "b": "add(y,0.31375927)",
            "g": "add(y,y)"
          }
        },
        {
          "fitness": 0,
          "expressions": {
            "r": "add(y,x)",
            "b": "add(0.11235863,x)",
            "g": "add(x,0.9300948)"
          }
        },
        {
          "fitness": 0,
          "expressions": {
            "r": "add(y,y)",
            "b": "add(y,0.09077793)",
            "g": "add(y,x)"
          }
        },
        {
          "fitness": 0,
          "expressions": {
            "r": "add(y,y)",
            "b": "add(x,x)",
            "g": "add(x,0.42588285)"
          }
        },
        {
          "fitness": 0,
          "expressions": {
            "r": "add(auh(0.9813256,x),aud(x,cos(mul(aul(cos(y),y),var(x)))))",
            "b": "add(auh(x,0.58601886),aud(0.92100674,cos(mul(aul(cos(0.85977507),0.8206617),var(x)))))",
            "g": "add(auh(0.6956396,x),aud(x,cos(mul(aul(cos(x),0.9940447),var(x)))))"
          }
        },
        {
          "fitness": 0,
          "expressions": {
            "r": "add(y,cos(y))",
            "b": "add(y,cos(y))",
            "g": "add(0.27272844,cos(y))"
          }
        },
        {
          "fitness": 0,
          "expressions": {
            "r": "add(div(0.072734535,mul(min(add(max(min(pow(var(var(cos(y))),0.65280104),x),max(div(var(y),pow(var(aud(y,div(div(max(auh(tan(y),pow(max(sin(y),x),tan(sin(y)))),x),y),cos(0.7155177)))),aud(mul(0.38791645,0.35308403),y))),0.12509537)),var(aud(x,add(sin(var(div(0.9181189,cos(var(sin(min(var(add(aud(aud(add(y,min(sin(0.459898),max(0.62229055,0.9076735))),sub(x,aud(add(0.2100175,var(pow(x,x))),max(pow(x,y),sin(x))))),var(sin(x))),0.85289097)),y))))))),pow(aud(pow(aul(min(0.3519718,min(mul(y,0.2965268),x)),aud(x,mul(y,aul(y,min(pow(sin(min(sub(max(y,0.55436397),y),x)),x),add(mul(y,min(auh(0.3628977,0.46642756),0.23502856)),aul(max(y,y),y))))))),0.15486377),cos(0.082917094)),aud(x,x)))))),tan(div(x,0.6221257))),cos(cos(tan(0.37075263))))),0.44833928)",
            "b": "add(div(x,mul(min(add(max(min(pow(var(var(cos(x))),0.24565423),x),max(div(var(0.5076229),pow(var(aud(y,div(div(max(auh(tan(y),pow(max(sin(0.9538543),y),tan(sin(y)))),y),y),cos(x)))),aud(mul(y,0.28700513),x))),x)),var(aud(y,add(sin(var(div(y,cos(var(sin(min(var(add(aud(aud(add(y,min(sin(0.99330497),max(y,x))),sub(x,aud(add(y,var(pow(0.46351415,x))),max(pow(y,y),sin(0.048632026))))),var(sin(x))),x)),0.4546616))))))),pow(aud(pow(aul(min(0.82993144,min(mul(y,0.19847614),y)),aud(y,mul(0.6972109,aul(0.6020601,min(pow(sin(min(sub(max(x,0.20033741),0.96767914),0.33494174)),y),add(mul(y,min(auh(x,y),y)),aul(max(y,0.08868635),y))))))),y),cos(0.9097667)),aud(x,y)))))),tan(div(x,y))),cos(cos(tan(y))))),0.31375927)",
            "g": "add(div(x,mul(min(add(max(min(pow(var(var(cos(x))),0.5349798),0.18485284),max(div(var(x),pow(var(aud(0.22093159,div(div(max(auh(tan(x),pow(max(sin(x),x),tan(sin(0.45070124)))),y),0.46528924),cos(x)))),aud(mul(y,y),0.03942758))),y)),var(aud(x,add(sin(var(div(y,cos(var(sin(min(var(add(aud(aud(add(y,min(sin(0.46166736),max(0.61725783,x))),sub(y,aud(add(y,var(pow(y,x))),max(pow(x,y),sin(0.99069))))),var(sin(0.002390027))),y)),y))))))),pow(aud(pow(aul(min(y,min(mul(x,y),y)),aud(x,mul(y,aul(y,min(pow(sin(min(sub(max(y,x),x),x)),0.16449308),add(mul(y,min(auh(x,y),y)),aul(max(0.439331,y),y))))))),y),cos(0.80609715)),aud(x,y)))))),tan(div(0.84026384,0.9177423))),cos(cos(tan(y))))),y)"
          }
        },
        {
          "fitness": 0,
          "expressions": {
            "r": "add(add(y,y),0.44833928)",
            "b": "add(add(y,0.94364136),0.31375927)",
            "g": "add(add(y,0.8702774),y)"
          }
        },
        {
          "fitness": 0,
          "expressions": {
            "r": "aud(y,0.42472923)",
            "b": "aud(y,y)",
            "g": "aud(y,x)"
          }
        },
        {
          "fitness": 0,
          "expressions": {
            "r": "aud(y,aud(y,y))",
            "b": "aud(y,aud(x,y))",
            "g": "aud(y,aud(y,y))"
          }
        },
        {
          "fitness": 0,
          "expressions": {
            "r": "tan(y)",
            "b": "tan(0.85977507)",
            "g": "tan(x)"
          }
        },
        {
          "fitness": 0,
          "expressions": {
            "r": "sub(sub(y,div(sin(y),0.8474407)),pow(0.23181295,var(add(sub(min(aul(add(aud(x,0.11533642),y),auh(div(0.19881195,x),min(y,sin(cos(0.017084062))))),add(div(x,sub(min(x,y),y)),aud(aul(y,tan(cos(sub(y,sub(x,var(aud(0.5318014,0.8129273))))))),y))),x),x))))",
            "b": "sub(sub(y,div(sin(0.09077793),0.4029799)),pow(y,var(add(sub(min(aul(add(aud(y,0.17696375),y),auh(div(x,x),min(x,sin(cos(y))))),add(div(x,sub(min(x,y),y)),aud(aul(x,tan(cos(sub(x,sub(0.24640882,var(aud(y,x))))))),y))),y),y))))",
            "g": "sub(sub(0.3054158,div(sin(x),x)),pow(y,var(add(sub(min(aul(add(aud(0.88480085,y),x),auh(div(7.363558E-4,y),min(0.5757796,sin(cos(x))))),add(div(y,sub(min(0.6631649,0.73651993),y)),aud(aul(x,tan(cos(sub(y,sub(0.15189439,var(aud(0.47875428,y))))))),y))),x),x))))"
          }
        },
        {
          "fitness": 0,
          "expressions": {
            "r": "pow(mul(add(aud(x,x),0.21531808),add(0.25144494,0.59257615)),0.2835307)",
            "b": "pow(mul(add(aud(x,y),0.2890715),add(0.069368474,y)),y)",
            "g": "pow(mul(add(aud(0.7292185,x),0.95094305),add(0.39869428,x)),x)"
          }
        },
        {
          "fitness": 0,
          "expressions": {
            "r": "add(auh(y,x),x)",
            "b": "add(auh(y,0.30947345),x)",
            "g": "add(auh(y,x),0.9300948)"
          }
        },
        {
          "fitness": 0,
          "expressions": {
            "r": "aud(x,y)",
            "b": "aud(x,x)",
            "g": "aud(x,y)"
          }
        },
        {
          "fitness": 0,
          "expressions": {
            "r": "var(y)",
            "b": "var(y)",
            "g": "var(y)"
          }
        },
        {
          "fitness": 0,
          "expressions": {
            "r": "aul(y,aud(y,y))",
            "b": "aul(y,aud(x,y))",
            "g": "aul(y,aud(y,y))"
          }
        }
      ],
      "timestamp": "23h:54m:59s"
    },
    {
      "generation": 4,
      "ascendantID": "s9emeglm-zfmm-ugk3-e2ep-fem06zjtvofb",
      "id": "ufcd4z5m-tdfx-te31-kmbx-oew5i49q0noy",
      "individuals": [
        {
          "fitness": 0,
          "expressions": {
            "r": "add(y,x)",
            "b": "add(0.11235863,x)",
            "g": "add(x,0.9300948)"
          }
        },
        {
          "fitness": 0,
          "expressions": {
            "r": "aul(y,sin(sub(cos(aud(sub(aul(0.38916224,0.49761575),min(var(y),x)),max(y,y))),y)))",
            "b": "aul(y,sin(sub(cos(aud(sub(aul(x,y),min(var(0.9870259),0.9306312)),max(x,0.95351315))),0.8290229)))",
            "g": "aul(y,sin(sub(cos(aud(sub(aul(0.19364995,y),min(var(x),y)),max(y,x))),x)))"
          }
        },
        {
          "fitness": 0,
          "expressions": {
            "r": "add(y,aud(y,cos(max(x,x))))",
            "b": "add(0.11235863,aud(y,cos(max(y,y))))",
            "g": "add(x,aud(y,cos(max(y,y))))"
          }
        },
        {
          "fitness": 0,
          "expressions": {
            "r": "sub(sub(y,div(sin(y),0.8474407)),pow(0.23181295,tan(add(mul(min(auh(add(aud(x,0.11533642),y),aul(mul(min(min(y,x),min(max(0.51209503,div(add(0.6515032,auh(add(y,var(0.42604244)),var(x))),add(aud(x,var(tan(tan(y)))),y))),min(y,max(mul(0.66653144,var(max(x,y))),y)))),x),min(y,sin(cos(0.017084062))))),add(div(x,sub(max(x,y),y)),aud(aul(y,tan(cos(sub(y,add(x,var(aud(0.5318014,0.8129273))))))),y))),x),x))))",
            "b": "sub(sub(y,div(sin(0.09077793),0.4029799)),pow(y,tan(add(mul(min(auh(add(aud(y,0.17696375),y),aul(mul(min(min(x,y),min(max(0.68599516,div(add(0.22680849,auh(add(0.6616738,var(x)),var(x))),add(aud(y,var(tan(tan(0.5769115)))),0.26618814))),min(y,max(mul(x,var(max(y,0.34187508))),y)))),x),min(x,sin(cos(y))))),add(div(x,sub(max(x,y),y)),aud(aul(x,tan(cos(sub(x,add(0.24640882,var(aud(y,x))))))),y))),y),y))))",
            "g": "sub(sub(0.3054158,div(sin(x),x)),pow(y,tan(add(mul(min(auh(add(aud(0.88480085,y),x),aul(mul(min(min(x,0.88237256),min(max(x,div(add(y,auh(add(0.113936126,var(x)),var(y))),add(aud(y,var(tan(tan(x)))),y))),min(x,max(mul(0.039604783,var(max(y,x))),x)))),y),min(0.5757796,sin(cos(x))))),add(div(y,sub(max(0.55112004,0.73651993),y)),aud(aul(x,tan(cos(sub(y,add(0.15189439,var(aud(0.47875428,y))))))),y))),x),x))))"
          }
        },
        {
          "fitness": 0,
          "expressions": {
            "r": "pow(mul(add(aud(x,x),0.21531808),add(0.08538672,0.59257615)),0.2835307)",
            "b": "pow(mul(add(aud(x,y),0.2890715),add(0.35135087,y)),y)",
            "g": "pow(mul(add(aud(0.7292185,x),0.9126036),add(0.4088047,x)),x)"
          }
        },
        {
          "fitness": 0,
          "expressions": {
            "r": "tan(y)",
            "b": "tan(y)",
            "g": "tan(y)"
          }
        },
        {
          "fitness": 0,
          "expressions": {
            "r": "add(sin(min(y,x)),0.63522506)",
            "b": "add(sin(min(x,x)),0.04651525)",
            "g": "add(sin(min(0.30778116,0.7570163)),y)"
          }
        },
        {
          "fitness": 0,
          "expressions": {
            "r": "add(y,x)",
            "b": "add(0.11235863,x)",
            "g": "add(x,0.9300948)"
          }
        },
        {
          "fitness": 0,
          "expressions": {
            "r": "var(x)",
            "b": "var(x)",
            "g": "var(x)"
          }
        },
        {
          "fitness": 0,
          "expressions": {
            "r": "add(y,x)",
            "b": "add(y,x)",
            "g": "add(0.27272844,0.9300948)"
          }
        },
        {
          "fitness": 0,
          "expressions": {
            "r": "add(auh(x,x),aud(x,cos(mul(aul(tan(y),y),var(x)))))",
            "b": "add(auh(x,0.58601886),aud(0.92100674,cos(mul(aul(tan(0.85977507),0.8206617),var(x)))))",
            "g": "add(auh(0.6956396,x),aud(x,cos(mul(aul(tan(x),0.8986279),var(x)))))"
          }
        },
        {
          "fitness": 0,
          "expressions": {
            "r": "var(y)",
            "b": "var(0.85977507)",
            "g": "var(x)"
          }
        },
        {
          "fitness": 0,
          "expressions": {
            "r": "pow(mul(add(aud(x,x),0.18065594),add(0.25144494,0.59257615)),0.2835307)",
            "b": "pow(mul(add(aud(x,y),0.5065865),add(0.069368474,y)),y)",
            "g": "pow(mul(add(aud(0.7292185,x),x),add(0.39869428,x)),x)"
          }
        },
        {
          "fitness": 0,
          "expressions": {
            "r": "sub(sub(y,div(div(y,y),x)),pow(0.48925817,tan(add(sub(min(aul(add(var(x),y),auh(div(0.19881195,x),min(y,sin(cos(0.017084062))))),add(sin(x),aud(aul(y,y),y))),x),x))))",
            "b": "sub(sub(y,div(div(0.09077793,x),0.4029799)),pow(y,tan(add(sub(min(aul(add(var(y),y),auh(div(x,x),min(x,sin(cos(y))))),add(sin(x),aud(aul(x,0.044181168),y))),y),y))))",
            "g": "sub(sub(0.3054158,div(div(x,0.5373371),x)),pow(y,tan(add(sub(min(aul(add(var(0.88480085),x),auh(div(7.363558E-4,y),min(0.5757796,sin(cos(x))))),add(sin(y),aud(aul(x,y),y))),x),x))))"
          }
        },
        {
          "fitness": 0,
          "expressions": {
            "r": "aul(y,aud(y,aud(0.23732418,y)))",
            "b": "aul(y,aud(x,aud(y,y)))",
            "g": "aul(y,aud(y,aud(x,y)))"
          }
        },
        {
          "fitness": 0,
          "expressions": {
            "r": "add(mul(0.24571505,sub(auh(add(min(min(pow(var(var(tan(y))),0.65280104),x),max(sin(var(y)),0.12509537)),var(aud(x,add(sin(var(mul(0.9181189,tan(var(sin(pow(var(add(aud(aud(sub(y,min(cos(0.459898),max(0.62229055,0.9076735))),add(x,aud(add(0.2100175,var(pow(x,x))),auh(pow(x,y),sin(x))))),tan(sin(x))),0.8702458)),y))))))),pow(aud(pow(aul(min(0.3519718,min(mul(y,0.2965268),x)),aul(x,div(y,aul(y,min(max(sin(min(sub(max(y,0.55436397),y),x)),x),add(mul(y,pow(aul(0.3628977,0.46642756),0.0)),aud(max(y,x),y))))))),0.15486377),cos(0.082917094)),aud(x,x)))))),tan(div(x,0.6221257))),cos(tan(var(0.37075263))))),0.44833928)",
            "b": "add(mul(x,sub(auh(add(min(min(pow(var(var(tan(x))),0.24565423),x),max(sin(var(0.5076229)),x)),var(aud(y,add(sin(var(mul(y,tan(var(sin(pow(var(add(aud(aud(sub(y,min(cos(0.99330497),max(y,x))),add(x,aud(add(y,var(pow(0.46351415,x))),auh(pow(y,y),sin(0.048632026))))),tan(sin(x))),x)),0.4546616))))))),pow(aud(pow(aul(min(0.82993144,min(mul(y,0.3365941),y)),aul(y,div(0.6972109,aul(0.6020601,min(max(sin(min(sub(max(x,0.20033741),0.96767914),0.33494174)),y),add(mul(y,pow(aul(x,y),y)),aud(max(y,0.08868635),y))))))),y),cos(0.9097667)),aud(x,y)))))),tan(div(x,y))),cos(tan(var(y))))),0.44167346)",
            "g": "add(mul(0.94467175,sub(auh(add(min(min(pow(var(var(tan(x))),0.5349798),0.053524084),max(sin(var(x)),y)),var(aud(x,add(sin(var(mul(y,tan(var(sin(pow(var(add(aud(aud(sub(y,min(cos(0.46166736),max(0.61725783,x))),add(y,aud(add(y,var(pow(y,x))),auh(pow(x,y),sin(0.99069))))),tan(sin(0.002390027))),x)),y))))))),pow(aud(pow(aul(min(y,min(mul(x,y),y)),aul(x,div(y,aul(y,min(max(sin(min(sub(max(y,x),x),x)),0.0),add(mul(y,pow(aul(x,y),y)),aud(max(0.439331,y),y))))))),y),cos(0.80609715)),aud(x,y)))))),tan(div(0.84026384,x))),cos(tan(var(y))))),y)"
          }
        },
        {
          "fitness": 0,
          "expressions": {
            "r": "var(y)",
            "b": "var(y)",
            "g": "var(y)"
          }
        },
        {
          "fitness": 0,
          "expressions": {
            "r": "add(add(aud(x,x),0.49778545),cos(y))",
            "b": "add(add(aud(y,y),0.2890715),cos(y))",
            "g": "add(add(aud(0.7292185,x),0.95094305),cos(y))"
          }
        }
      ],
      "timestamp": "23h:55m:0s"
    },
    {
      "generation": 5,
      "ascendantID": "ufcd4z5m-tdfx-te31-kmbx-oew5i49q0noy",
      "id": "5w4p6gsa-u83b-ovw9-si5a-o093pmykz3y9",
      "individuals": [
        {
          "fitness": 0,
          "expressions": {
            "r": "add(y,x)",
            "b": "add(0.11235863,x)",
            "g": "add(x,0.9300948)"
          }
        },
        {
          "fitness": 0,
          "expressions": {
            "r": "var(div(add(aul(pow(x,y),min(x,max(pow(0.45199353,min(add(max(y,sub(aud(div(y,aud(x,div(0.92756295,sub(sub(x,y),y)))),x),0.51074445)),y),aul(min(y,max(y,sin(x))),sin(var(min(x,x)))))),tan(y)))),max(pow(aud(x,0.80610144),tan(auh(0.46424854,aud(var(y),pow(var(add(0.3874367,sin(var(div(x,y))))),aul(auh(aul(x,add(div(pow(mul(min(y,max(x,aul(tan(pow(y,0.64502406)),aud(sub(0.844336,div(x,auh(0.559068,add(0.2803824,x)))),div(0.7414736,min(var(0.28180397),tan(sub(x,0.17723286)))))))),0.35967493),x),mul(aud(var(y),aul(0.689295,sub(0.94501394,sin(y)))),min(add(x,0.31006926),0.12440604))),0.7125406)),x),pow(var(cos(pow(y,sub(add(min(y,y),sin(x)),0.4915974)))),sin(sub(y,add(add(0.77635807,sub(x,auh(aul(0.8555265,cos(y)),0.7629774))),y)))))))))),y)),x))",
            "b": "var(div(add(aul(pow(y,x),min(y,max(pow(0.050080776,min(add(max(y,sub(aud(div(y,aud(x,div(x,sub(sub(0.8570228,0.4295352),y)))),y),x)),0.67542154),aul(min(0.5083902,max(0.3112902,sin(0.8471192))),sin(var(min(y,0.3523677)))))),tan(y)))),max(pow(aud(x,x),tan(auh(0.1628573,aud(var(0.22449285),pow(var(add(y,sin(var(div(0.4187023,x))))),aul(auh(aul(x,add(div(pow(mul(min(y,max(y,aul(tan(pow(x,0.50399244)),aud(sub(y,div(y,auh(y,add(x,x)))),div(x,min(var(x),tan(sub(y,y)))))))),x),0.9436494),mul(aud(var(x),aul(0.15393484,sub(0.027691305,sin(y)))),min(add(0.64988065,0.8807164),0.095074475))),x)),0.86372083),pow(var(cos(pow(0.79513854,sub(add(min(x,0.18437487),sin(y)),y)))),sin(sub(y,add(add(0.099232435,sub(0.9171991,auh(aul(x,cos(0.1290062)),x))),y)))))))))),x)),x))",
            "g": "var(div(add(aul(pow(0.8192727,y),min(y,max(pow(x,min(add(max(y,sub(aud(div(y,aud(0.8311034,div(y,sub(sub(x,y),0.3244899)))),x),0.7873707)),0.73588926),aul(min(y,max(y,sin(0.24029696))),sin(var(min(y,x)))))),tan(x)))),max(pow(aud(y,x),tan(auh(x,aud(var(0.30974525),pow(var(add(x,sin(var(div(0.8016633,0.6444388))))),aul(auh(aul(x,add(div(pow(mul(min(x,max(x,aul(tan(pow(x,x)),aud(sub(0.51093435,div(y,auh(0.52042615,add(x,y)))),div(0.24190503,min(var(y),tan(sub(y,x)))))))),y),y),mul(aud(var(y),aul(y,sub(y,sin(x)))),min(add(0.69622993,y),y))),0.7409658)),0.5781818),pow(var(cos(pow(x,sub(add(min(x,x),sin(x)),0.07336199)))),sin(sub(y,add(add(x,sub(x,auh(aul(x,cos(y)),y))),x)))))))))),0.3916331)),x))"
          }
        },
        {
          "fitness": 0,
          "expressions": {
            "r": "pow(mul(add(aud(x,x),mul(pow(var(sin(div(min(y,x),div(sub(x,min(y,div(pow(x,x),add(y,min(0.64119583,y))))),add(y,x))))),aul(0.38817126,sub(x,min(0.12920022,0.37881553)))),aud(y,add(min(tan(sub(tan(x),sub(y,div(x,y)))),x),div(div(min(x,y),pow(x,x)),x))))),add(0.25144494,0.59257615)),0.2835307)",
            "b": "pow(mul(add(aud(x,y),mul(pow(var(sin(div(min(y,x),div(sub(x,min(x,div(pow(0.8669003,0.96083146),add(y,min(x,x))))),add(0.6172743,y))))),aul(0.80593586,sub(x,min(y,y)))),aud(x,add(min(tan(sub(tan(y),sub(x,div(x,y)))),x),div(div(min(x,y),pow(y,y)),0.6488269))))),add(0.069368474,y)),y)",
            "g": "pow(mul(add(aud(0.8662661,x),mul(pow(var(sin(div(min(0.5518849,x),div(sub(x,min(x,div(pow(x,x),add(x,min(y,0.83874696))))),add(0.100806,y))))),aul(y,sub(x,min(x,0.14749038)))),aud(y,add(min(tan(sub(tan(x),sub(0.73087925,div(0.037089944,0.14010143)))),x),div(div(min(y,0.47495377),pow(0.5121124,x)),0.081007004))))),add(0.49448293,x)),x)"
          }
        },
        {
          "fitness": 0,
          "expressions": {
            "r": "sub(sub(y,div(div(y,y),x)),pow(0.73848855,var(add(sub(min(aud(add(var(x),y),max(mul(0.19881195,x),min(y,cos(cos(0.017084062))))),add(sin(x),aud(aul(y,y),y))),x),x))))",
            "b": "sub(sub(y,div(div(0.09077793,x),0.4029799)),pow(y,var(add(sub(min(aud(add(var(y),y),max(mul(x,x),min(x,cos(cos(y))))),add(sin(x),aud(aul(x,0.044181168),y))),y),y))))",
            "g": "sub(sub(0.3054158,div(div(x,0.5373371),x)),pow(y,var(add(sub(min(aud(add(var(0.9545027),x),max(mul(7.363558E-4,y),min(0.5757796,cos(cos(x))))),add(sin(y),aud(aul(x,y),y))),x),x))))"
          }
        },
        {
          "fitness": 0,
          "expressions": {
            "r": "var(aud(aul(y,tan(cos(sub(y,add(x,var(aul(0.5318014,0.8129273))))))),div(var(cos(0.2162354)),y)))",
            "b": "var(aud(aul(x,tan(cos(sub(x,add(0.24640882,var(aul(y,x))))))),div(var(cos(x)),x)))",
            "g": "var(aud(aul(x,tan(cos(sub(y,add(0.15189439,var(aul(0.47875428,y))))))),div(var(cos(y)),0.3776461)))"
          }
        },
        {
          "fitness": 0,
          "expressions": {
            "r": "pow(mul(sub(aud(x,x),0.21531808),add(0.08538672,0.59257615)),0.2835307)",
            "b": "pow(mul(sub(aud(x,y),0.2890715),add(0.56260926,y)),y)",
            "g": "pow(mul(sub(aud(0.7292185,y),0.9126036),add(0.5940331,x)),x)"
          }
        },
        {
          "fitness": 0,
          "expressions": {
            "r": "add(sin(min(y,x)),0.63522506)",
            "b": "add(sin(min(x,x)),0.04651525)",
            "g": "add(sin(min(0.30778116,0.7570163)),y)"
          }
        },
        {
          "fitness": 0,
          "expressions": {
            "r": "add(y,aul(y,cos(max(x,x))))",
            "b": "add(0.11235863,aul(y,cos(max(y,y))))",
            "g": "add(x,aul(y,cos(max(y,y))))"
          }
        },
        {
          "fitness": 0,
          "expressions": {
            "r": "sub(div(min(y,var(0.9082575)),y),0.63522506)",
            "b": "sub(div(min(x,var(0.2031253)),y),0.04651525)",
            "g": "sub(div(min(0.39321944,var(0.04873234)),y),y)"
          }
        },
        {
          "fitness": 0,
          "expressions": {
            "r": "pow(mul(add(aud(x,y),0.18065594),add(auh(y,aud(y,aud(0.23732418,y))),0.59257615)),0.19588186)",
            "b": "pow(mul(add(aud(x,y),0.5065865),add(auh(y,aud(x,aud(y,y))),y)),y)",
            "g": "pow(mul(add(aud(0.7292185,x),x),add(auh(y,aud(y,aud(x,y))),x)),x)"
          }
        },
        {
          "fitness": 0,
          "expressions": {
            "r": "add(y,x)",
            "b": "add(0.11235863,x)",
            "g": "add(x,0.9300948)"
          }
        },
        {
          "fitness": 0,
          "expressions": {
            "r": "add(y,x)",
            "b": "add(0.11235863,x)",
            "g": "add(x,0.9300948)"
          }
        },
        {
          "fitness": 0,
          "expressions": {
            "r": "var(0.42751104)",
            "b": "var(y)",
            "g": "var(x)"
          }
        },
        {
          "fitness": 0,
          "expressions": {
            "r": "pow(mul(add(aud(x,x),0.21531808),sub(0.08538672,0.59257615)),0.2835307)",
            "b": "pow(mul(add(aud(x,y),0.45773345),sub(0.35135087,y)),y)",
            "g": "pow(mul(add(aud(0.7292185,x),0.9935888),sub(0.4088047,x)),x)"
          }
        },
        {
          "fitness": 0,
          "expressions": {
            "r": "cos(y)",
            "b": "cos(y)",
            "g": "cos(y)"
          }
        },
        {
          "fitness": 0,
          "expressions": {
            "r": "sub(sin(min(y,x)),0.63522506)",
            "b": "sub(sin(min(x,x)),0.04651525)",
            "g": "sub(sin(min(0.30778116,0.7570163)),y)"
          }
        },
        {
          "fitness": 0,
          "expressions": {
            "r": "auh(y,aud(y,aud(0.23732418,y)))",
            "b": "auh(y,aud(x,aud(y,y)))",
            "g": "auh(y,aud(y,aud(x,y)))"
          }
        },
        {
          "fitness": 0,
          "expressions": {
            "r": "var(y)",
            "b": "var(0.85977507)",
            "g": "var(x)"
          }
        }
      ],
      "timestamp": "23h:55m:2s"
    }
  ],
  "timestamp": "2024-07-24-23-54-48"
}