{
  "id": "0hhzg107-he7q-uu4s-yy9a-57e5d4e5t8jb",
  "parameters": {
    "crossoverRate": 0.30000001192092896,
    "eliteSize": 2,
    "tournamentSize": 3,
    "mutationRate": 0.8999999761581421,
    "populationSize": 10
  },
  "populations": [{
    "generation": 0,
    "id": "3bw2tghq-0w4j-i867-8bva-outurf1xyqo2",
    "individuals": [
      {
        "fitness": 0,
        "expressions": {
          "r": "(x+x)",
          "b": "(0.08841938+y)",
          "g": "(x+y)"
        }
      },
      {
        "fitness": 0,
        "expressions": {
          "r": "aud(0.1641984,(aul(0.798818,x)/(x/x)))",
          "b": "aud(y,(aul(0.43370765,y)/(0.15539181/y)))",
          "g": "aud(x,(aul(0.04684192,0.34240437)/(0.83128595/0.54799765)))"
        }
      },
      {
        "fitness": 0,
        "expressions": {
          "r": "sin(aud(0.8869874,x))",
          "b": "sin(aud(y,0.049986184))",
          "g": "sin(aud(y,y))"
        }
      },
      {
        "fitness": 0,
        "expressions": {
          "r": "(y+x)",
          "b": "(y+y)",
          "g": "(0.28856063+0.8932144)"
        }
      },
      {
        "fitness": 0,
        "expressions": {
          "r": "(y+x)",
          "b": "(0.6422335+0.4138221)",
          "g": "(x+0.8546428)"
        }
      },
      {
        "fitness": 0,
        "expressions": {
          "r": "(x*aul(cos(x),x))",
          "b": "(y*aul(cos(x),0.57707244))",
          "g": "(x*aul(cos(x),0.9529379))"
        }
      },
      {
        "fitness": 0,
        "expressions": {
          "r": "(x+y)",
          "b": "(y+x)",
          "g": "(0.9938425+x)"
        }
      },
      {
        "fitness": 0,
        "expressions": {
          "r": "cos(y)",
          "b": "cos(0.017744958)",
          "g": "cos(x)"
        }
      },
      {
        "fitness": 0,
        "expressions": {
          "r": "(0.94000626+x)",
          "b": "(x+y)",
          "g": "(x+x)"
        }
      },
      {
        "fitness": 0,
        "expressions": {
          "r": "tan(0.33591914)",
          "b": "tan(0.2887076)",
          "g": "tan(0.71106863)"
        }
      },
      {
        "fitness": 0,
        "expressions": {
          "r": "pow(y,0.7968423)",
          "b": "pow(y,y)",
          "g": "pow(x,0.25025743)"
        }
      },
      {
        "fitness": 0,
        "expressions": {
          "r": "sin(cos((x-y)))",
          "b": "sin(cos((0.50205535-x)))",
          "g": "sin(cos((x-0.5238635)))"
        }
      },
      {
        "fitness": 0,
        "expressions": {
          "r": "(y+x)",
          "b": "(x+0.65481037)",
          "g": "(y+y)"
        }
      },
      {
        "fitness": 0,
        "expressions": {
          "r": "(0.7400601+0.33036768)",
          "b": "(x+0.28030944)",
          "g": "(x+0.14471322)"
        }
      },
      {
        "fitness": 0,
        "expressions": {
          "r": "aul(tan(tan(0.2787881)),0.41193277)",
          "b": "aul(tan(tan(0.041171014)),x)",
          "g": "aul(tan(tan(x)),0.18414885)"
        }
      },
      {
        "fitness": 0,
        "expressions": {
          "r": "(y+0.2052421)",
          "b": "(x+0.8365354)",
          "g": "(x+x)"
        }
      },
      {
        "fitness": 0,
        "expressions": {
          "r": "(cos(aud(x,x))+y)",
          "b": "(cos(aud(0.08980447,x))+0.5479719)",
          "g": "(cos(aud(0.5466487,y))+0.7018944)"
        }
      },
      {
        "fitness": 0,
        "expressions": {
          "r": "var((0.037621558*var(y)))",
          "b": "var((y*var(0.9163935)))",
          "g": "var((x*var(x)))"
        }
      }
    ],
    "timestamp": "17h:3m:50s"
  }],
  "timestamp": "2024-07-04-17-03-48"
}