{
  "id": "0jbxtv6v-qid7-5re5-onok-24fupti75649",
  "parameters": {
    "crossoverRate": 0.30000001192092896,
    "eliteSize": 2,
    "tournamentSize": 3,
    "mutationRate": 0.8999999761581421,
    "populationSize": 10
  },
  "populations": [
    {
      "generation": 0,
      "id": "uz7rpg68-091b-exti-7dvn-76o9w7n7dzai",
      "individuals": [
        {
          "fitness": 0,
          "expressions": {
            "r": "(y+x)",
            "b": "(y+0.4700387)",
            "g": "(x+x)"
          }
        },
        {
          "fitness": 0,
          "expressions": {
            "r": "(y+0.5935571)",
            "b": "(x+x)",
            "g": "(0.59228307+x)"
          }
        },
        {
          "fitness": 0,
          "expressions": {
            "r": "(y+0.3289951)",
            "b": "(y+y)",
            "g": "(y+0.6180505)"
          }
        },
        {
          "fitness": 0,
          "expressions": {
            "r": "(x+x)",
            "b": "(0.9937858+x)",
            "g": "(0.24735081+x)"
          }
        },
        {
          "fitness": 0,
          "expressions": {
            "r": "pow(0.5493275,x)",
            "b": "pow(y,0.32847422)",
            "g": "pow(y,0.3657428)"
          }
        },
        {
          "fitness": 0,
          "expressions": {
            "r": "(x+y)",
            "b": "(y+0.89752364)",
            "g": "(0.018134058+x)"
          }
        },
        {
          "fitness": 0,
          "expressions": {
            "r": "(y+0.8224586)",
            "b": "(0.25943077+0.74112815)",
            "g": "(0.25478822+y)"
          }
        },
        {
          "fitness": 0,
          "expressions": {
            "r": "(x+y)",
            "b": "(x+0.49683273)",
            "g": "(x+y)"
          }
        },
        {
          "fitness": 0,
          "expressions": {
            "r": "pow(aul(y,auh(x,y)),min(y,0.9728812))",
            "b": "pow(aul(y,auh(0.24056643,0.24569249)),min(y,y))",
            "g": "pow(aul(x,auh(x,0.0952701)),min(y,x))"
          }
        },
        {
          "fitness": 0,
          "expressions": {
            "r": "pow(0.022205114,cos(aul(y,0.5225723)))",
            "b": "pow(y,cos(aul(x,y)))",
            "g": "pow(0.75215524,cos(aul(x,0.75877315)))"
          }
        },
        {
          "fitness": 0,
          "expressions": {
            "r": "max((y+(0.0613752*y)),x)",
            "b": "max((0.15514648+(0.93048996*0.20423001)),x)",
            "g": "max((x+(0.5122617*y)),x)"
          }
        },
        {
          "fitness": 0,
          "expressions": {
            "r": "((max(x,x)*y)*x)",
            "b": "((max(x,y)*x)*x)",
            "g": "((max(y,0.096660376)*0.021406174)*0.3234052)"
          }
        },
        {
          "fitness": 0,
          "expressions": {
            "r": "(0.2875135+y)",
            "b": "(x+y)",
            "g": "(0.25269967+x)"
          }
        },
        {
          "fitness": 0,
          "expressions": {
            "r": "sin(sin(min(x,y)))",
            "b": "sin(sin(min(x,0.2879904)))",
            "g": "sin(sin(min(x,0.58075154)))"
          }
        },
        {
          "fitness": 0,
          "expressions": {
            "r": "(0.4431628+y)",
            "b": "(0.13986254+0.7833826)",
            "g": "(0.1555059+0.59676826)"
          }
        },
        {
          "fitness": 0,
          "expressions": {
            "r": "(0.5267762+y)",
            "b": "(0.1149407+0.34924847)",
            "g": "(y+x)"
          }
        },
        {
          "fitness": 0,
          "expressions": {
            "r": "(x+x)",
            "b": "(y+x)",
            "g": "(0.14094543+0.99685085)"
          }
        },
        {
          "fitness": 0,
          "expressions": {
            "r": "sin((0.8530601+aud(y,x)))",
            "b": "sin((0.25306356+aud(y,0.15364498)))",
            "g": "sin((0.2640227+aud(x,0.5826416)))"
          }
        }
      ],
      "timestamp": "22h:51m:18s"
    },
    {
      "generation": 1,
      "ascendantID": "uz7rpg68-091b-exti-7dvn-76o9w7n7dzai",
      "id": "zklplild-wprs-b82z-zjh3-e3h13b5x9fms",
      "individuals": [
        {
          "fitness": 0,
          "expressions": {
            "r": "(y+x)",
            "b": "(y+0.4700387)",
            "g": "(x+x)"
          }
        },
        {
          "fitness": 0,
          "expressions": {
            "r": "(y+x)",
            "b": "(y+0.4700387)",
            "g": "(x+x)"
          }
        },
        {
          "fitness": 0,
          "expressions": {
            "r": "sin(cos(min(x,y)))",
            "b": "sin(cos(min(x,0.2879904)))",
            "g": "sin(cos(min(0.82442576,0.58075154)))"
          }
        },
        {
          "fitness": 0,
          "expressions": {
            "r": "sin(sin(pow(x,y)))",
            "b": "sin(sin(pow(x,0.2879904)))",
            "g": "sin(sin(pow(x,0.58075154)))"
          }
        },
        {
          "fitness": 0,
          "expressions": {
            "r": "(y+x)",
            "b": "(y+y)",
            "g": "(x+0.005230017)"
          }
        },
        {
          "fitness": 0,
          "expressions": {
            "r": "(x+x)",
            "b": "(y+0.16660184)",
            "g": "(0.018134058+0.28391248)"
          }
        },
        {
          "fitness": 0,
          "expressions": {
            "r": "(y+(0.8530601+aud(y,x)))",
            "b": "(y+(0.25306356+aud(y,0.29937536)))",
            "g": "(y+(0.2640227+aud(x,0.5826416)))"
          }
        },
        {
          "fitness": 0,
          "expressions": {
            "r": "(x+x)",
            "b": "(y+x)",
            "g": "(0.0+0.99685085)"
          }
        },
        {
          "fitness": 0,
          "expressions": {
            "r": "(y+0.3289951)",
            "b": "(y+y)",
            "g": "(y+0.68865585)"
          }
        },
        {
          "fitness": 0,
          "expressions": {
            "r": "(y+0.8224586)",
            "b": "(0.25943077+0.74112815)",
            "g": "(0.25478822+y)"
          }
        },
        {
          "fitness": 0,
          "expressions": {
            "r": "(x+x)",
            "b": "(y+x)",
            "g": "(0.14094543+x)"
          }
        },
        {
          "fitness": 0,
          "expressions": {
            "r": "(y+0.8224586)",
            "b": "(0.25943077+0.74112815)",
            "g": "(0.25478822+y)"
          }
        },
        {
          "fitness": 0,
          "expressions": {
            "r": "cos(cos(min(x,y)))",
            "b": "cos(cos(min(x,0.2879904)))",
            "g": "cos(cos(min(0.9052013,0.58075154)))"
          }
        },
        {
          "fitness": 0,
          "expressions": {
            "r": "pow(x,x)",
            "b": "pow(0.9937858,0.32847422)",
            "g": "pow(0.24735081,0.3657428)"
          }
        },
        {
          "fitness": 0,
          "expressions": {
            "r": "(y+x)",
            "b": "(0.25943077+y)",
            "g": "(0.25478822+0.6841126)"
          }
        },
        {
          "fitness": 0,
          "expressions": {
            "r": "(x+(0.2875135+y))",
            "b": "(y+(x+y))",
            "g": "(0.14094543+(0.25269967+x))"
          }
        },
        {
          "fitness": 0,
          "expressions": {
            "r": "max((y+0.8530601),x)",
            "b": "max((0.15514648+0.25306356),x)",
            "g": "max((x+0.2640227),x)"
          }
        },
        {
          "fitness": 0,
          "expressions": {
            "r": "(y+((var(x)+(y+x))*y))",
            "b": "(y+((var(0.114724874)+(x+x))*0.38758868))",
            "g": "(y+((var(x)+(x+x))*0.45341957))"
          }
        }
      ],
      "timestamp": "22h:51m:22s"
    },
    {
      "generation": 2,
      "ascendantID": "zklplild-wprs-b82z-zjh3-e3h13b5x9fms",
      "id": "lam7om9n-eqs3-igay-q4kv-ulegsycmahvt",
      "individuals": [
        {
          "fitness": 0,
          "expressions": {
            "r": "(y+x)",
            "b": "(y+0.4700387)",
            "g": "(x+x)"
          }
        },
        {
          "fitness": 0,
          "expressions": {
            "r": "(y+0.8224586)",
            "b": "(0.25943077+0.74112815)",
            "g": "(0.25478822+y)"
          }
        },
        {
          "fitness": 0,
          "expressions": {
            "r": "(y+(0.8530601+aud(y,(y+0.8224586))))",
            "b": "(y+(0.25306356+aud(y,(0.06330527+0.74112815))))",
            "g": "(y+(0.2640227+aud(x,(0.25478822+y))))"
          }
        },
        {
          "fitness": 0,
          "expressions": {
            "r": "((y+x)+0.3289951)",
            "b": "((y+y)+y)",
            "g": "((x+0.005230017)+0.68865585)"
          }
        },
        {
          "fitness": 0,
          "expressions": {
            "r": "max((y+0.8530601),x)",
            "b": "max((0.15514648+0.25306356),x)",
            "g": "max((x+0.2640227),x)"
          }
        },
        {
          "fitness": 0,
          "expressions": {
            "r": "cos(sin(pow(x,y)))",
            "b": "cos(sin(pow(x,0.2879904)))",
            "g": "cos(sin(pow(x,0.58075154)))"
          }
        },
        {
          "fitness": 0,
          "expressions": {
            "r": "(y+0.8224586)",
            "b": "(0.25943077+0.74112815)",
            "g": "(0.25478822+y)"
          }
        },
        {
          "fitness": 0,
          "expressions": {
            "r": "sin(tan(pow(x,y)))",
            "b": "sin(tan(pow(x,0.2879904)))",
            "g": "sin(tan(pow(0.6804245,0.58075154)))"
          }
        },
        {
          "fitness": 0,
          "expressions": {
            "r": "(y+x)",
            "b": "(x+0.16660184)",
            "g": "(y+0.28391248)"
          }
        },
        {
          "fitness": 0,
          "expressions": {
            "r": "sin(sin(pow(x,y)))",
            "b": "sin(sin(pow(x,0.2879904)))",
            "g": "sin(sin(pow(x,0.58075154)))"
          }
        },
        {
          "fitness": 0,
          "expressions": {
            "r": "(x+x)",
            "b": "(y+y)",
            "g": "(0.14094543+0.0)"
          }
        },
        {
          "fitness": 0,
          "expressions": {
            "r": "(y-((var(x)+(y+y))-y))",
            "b": "(y-((var(0.30737737)+(x+x))-0.38758868))",
            "g": "(y-((var(x)+(x+x))-0.45341957))"
          }
        },
        {
          "fitness": 0,
          "expressions": {
            "r": "(y+x)",
            "b": "(0.25943077+y)",
            "g": "(0.25478822+0.6841126)"
          }
        },
        {
          "fitness": 0,
          "expressions": {
            "r": "min((y+0.8530601),x)",
            "b": "min((0.15514648+0.5431684),x)",
            "g": "min((x+0.2640227),x)"
          }
        },
        {
          "fitness": 0,
          "expressions": {
            "r": "(y+aud(x,(0.7267045-y)))",
            "b": "(0.0+aud(0.60846376,(0.5635983-0.16448808)))",
            "g": "(0.25478822+aud(0.7934965,(0.89340127-x)))"
          }
        },
        {
          "fitness": 0,
          "expressions": {
            "r": "(x+x)",
            "b": "(x+x)",
            "g": "(0.5689861+x)"
          }
        },
        {
          "fitness": 0,
          "expressions": {
            "r": "(y+x)",
            "b": "(y+0.4700387)",
            "g": "(x+x)"
          }
        },
        {
          "fitness": 0,
          "expressions": {
            "r": "auh((y+(min(0.0,x)*pow(0.9610995,0.8749024))),x)",
            "b": "auh((0.15514648+(min(0.0,y)*pow(y,0.048115253))),x)",
            "g": "auh((y+(min(0.0,0.93783885)*pow(y,y))),x)"
          }
        }
      ],
      "timestamp": "22h:51m:23s"
    },
    {
      "generation": 3,
      "ascendantID": "lam7om9n-eqs3-igay-q4kv-ulegsycmahvt",
      "id": "ljt64bt4-d03x-oxsw-e5s1-j49x6n3itnhf",
      "individuals": [
        {
          "fitness": 0,
          "expressions": {
            "r": "(y+x)",
            "b": "(y+0.4700387)",
            "g": "(x+x)"
          }
        },
        {
          "fitness": 0,
          "expressions": {
            "r": "sin(tan(min(x,y)))",
            "b": "sin(tan(min(x,0.2879904)))",
            "g": "sin(tan(min(x,0.58075154)))"
          }
        },
        {
          "fitness": 0,
          "expressions": {
            "r": "(y+0.5629272)",
            "b": "(0.25943077+x)",
            "g": "(0.25478822+y)"
          }
        },
        {
          "fitness": 0,
          "expressions": {
            "r": "min((y+y),(pow(x,y)+x))",
            "b": "min((0.15514648+y),(pow(0.35141623,0.86125624)+y))",
            "g": "min((x+x),(pow(y,y)+y))"
          }
        },
        {
          "fitness": 0,
          "expressions": {
            "r": "(x+y)",
            "b": "(y+0.6775033)",
            "g": "(0.14094543+x)"
          }
        },
        {
          "fitness": 0,
          "expressions": {
            "r": "(y-x)",
            "b": "(x-x)",
            "g": "(y-0.5689861)"
          }
        },
        {
          "fitness": 0,
          "expressions": {
            "r": "(y+(0.82232034+aud(y,(y+0.8224586))))",
            "b": "(y+(0.3080752+aud(y,(0.06330527+0.74112815))))",
            "g": "(y+(0.2640227+aud(x,(0.25478822+y))))"
          }
        },
        {
          "fitness": 0,
          "expressions": {
            "r": "(sin(pow(x,y))/0.054322958)",
            "b": "(sin(pow(x,0.2879904))/0.17114085)",
            "g": "(sin(pow(y,0.32421255))/0.7067279)"
          }
        },
        {
          "fitness": 0,
          "expressions": {
            "r": "(y+x)",
            "b": "(0.25943077+y)",
            "g": "(0.25478822+0.6841126)"
          }
        },
        {
          "fitness": 0,
          "expressions": {
            "r": "(y+aud(x,(0.7267045+y)))",
            "b": "(0.0+aud(0.60846376,(0.5635983+0.081981584)))",
            "g": "(0.25478822+aud(0.7934965,(0.89340127+x)))"
          }
        },
        {
          "fitness": 0,
          "expressions": {
            "r": "sin(x)",
            "b": "sin(x)",
            "g": "sin(x)"
          }
        },
        {
          "fitness": 0,
          "expressions": {
            "r": "(x+x)",
            "b": "(x+x)",
            "g": "(0.5689861+y)"
          }
        },
        {
          "fitness": 0,
          "expressions": {
            "r": "min((y+0.9693409),x)",
            "b": "min((0.15514648+0.5431684),x)",
            "g": "min((x+0.2640227),x)"
          }
        },
        {
          "fitness": 0,
          "expressions": {
            "r": "(y+(0.8530601+aud(y,(0.0+0.8224586))))",
            "b": "(y+(0.25306356+aud(y,(0.0+0.74112815))))",
            "g": "(y+(0.2640227+aud(x,(0.0+y))))"
          }
        },
        {
          "fitness": 0,
          "expressions": {
            "r": "((y+y)+0.18363683)",
            "b": "((y+0.25943077)+y)",
            "g": "((x+0.25478822)+0.68865585)"
          }
        },
        {
          "fitness": 0,
          "expressions": {
            "r": "cos(sin(pow(x,y)))",
            "b": "cos(sin(pow(x,0.2595591)))",
            "g": "cos(sin(pow(x,0.5314122)))"
          }
        },
        {
          "fitness": 0,
          "expressions": {
            "r": "((y+max((0.0-0.0),x))+0.3289951)",
            "b": "((y+max((0.0-0.0),y))+y)",
            "g": "((x+max((0.0-0.0),x))+0.68865585)"
          }
        },
        {
          "fitness": 0,
          "expressions": {
            "r": "((sin(y)+x)+0.3289951)",
            "b": "((sin(0.7413413)+y)+y)",
            "g": "((sin(y)+0.005230017)+0.68865585)"
          }
        }
      ],
      "timestamp": "22h:51m:28s"
    },
    {
      "generation": 4,
      "ascendantID": "ljt64bt4-d03x-oxsw-e5s1-j49x6n3itnhf",
      "id": "lgm3piv0-25fn-5auo-7u9p-qpbfn9yvxc01",
      "individuals": [
        {
          "fitness": 0,
          "expressions": {
            "r": "(y+x)",
            "b": "(y+0.4700387)",
            "g": "(x+x)"
          }
        },
        {
          "fitness": 0,
          "expressions": {
            "r": "min((y+0.6982651),x)",
            "b": "min((0.15514648+0.5431684),x)",
            "g": "min((x+0.35333797),x)"
          }
        },
        {
          "fitness": 0,
          "expressions": {
            "r": "((y+auh((0.0-0.0),x))+0.3289951)",
            "b": "((y+auh((0.0-0.0),y))+y)",
            "g": "((x+auh((0.0-0.0),x))+0.68865585)"
          }
        },
        {
          "fitness": 0,
          "expressions": {
            "r": "(cos(pow(x,y))*(0.0+0.8224586))",
            "b": "(cos(pow(x,0.2879904))*(0.0+0.74112815))",
            "g": "(cos(pow(y,0.32421255))*(0.0+y))"
          }
        },
        {
          "fitness": 0,
          "expressions": {
            "r": "(y+x)",
            "b": "(0.5573332+y)",
            "g": "(0.41692927+0.6841126)"
          }
        },
        {
          "fitness": 0,
          "expressions": {
            "r": "(y+x)",
            "b": "(0.25943077+y)",
            "g": "(0.4727716+0.6841126)"
          }
        },
        {
          "fitness": 0,
          "expressions": {
            "r": "(y+x)",
            "b": "(0.0+y)",
            "g": "(0.25478822+0.94263643)"
          }
        },
        {
          "fitness": 0,
          "expressions": {
            "r": "max((y+y),(pow(x,y)+x))",
            "b": "max((0.15514648+y),(pow(0.35141623,0.86125624)+y))",
            "g": "max((x+x),(pow(y,y)+y))"
          }
        },
        {
          "fitness": 0,
          "expressions": {
            "r": "((y+y)+0.18363683)",
            "b": "((y+0.506037)+y)",
            "g": "((x+0.25478822)+0.3900553)"
          }
        },
        {
          "fitness": 0,
          "expressions": {
            "r": "(y+aud(x,(0.7267045+y)))",
            "b": "(0.0+aud(0.60846376,(0.5635983+0.27138942)))",
            "g": "(0.25478822+aud(0.7934965,(0.89340127+x)))"
          }
        },
        {
          "fitness": 0,
          "expressions": {
            "r": "cos(sin(pow((x+0.9496116),y)))",
            "b": "cos(sin(pow((x+x),0.2595591)))",
            "g": "cos(sin(pow((0.5689861+y),0.5314122)))"
          }
        },
        {
          "fitness": 0,
          "expressions": {
            "r": "(sin(pow(x,y))/0.054322958)",
            "b": "(sin(pow(x,0.2879904))/0.17114085)",
            "g": "(sin(pow(y,0.32421255))/0.7067279)"
          }
        },
        {
          "fitness": 0,
          "expressions": {
            "r": "(y+x)",
            "b": "(y+0.4700387)",
            "g": "(x+x)"
          }
        },
        {
          "fitness": 0,
          "expressions": {
            "r": "min((y+y),(pow(x,y)+x))",
            "b": "min((0.0+y),(pow(0.35141623,0.86125624)+y))",
            "g": "min((x+x),(pow(y,y)+y))"
          }
        },
        {
          "fitness": 0,
          "expressions": {
            "r": "(sin(pow(x,y))/0.054322958)",
            "b": "(sin(pow(x,0.2879904))/0.17114085)",
            "g": "(sin(pow(y,0.32421255))/0.7067279)"
          }
        },
        {
          "fitness": 0,
          "expressions": {
            "r": "cos(aud(0.80414575,cos(y)))",
            "b": "cos(aud(0.74362725,cos(0.94059616)))",
            "g": "cos(aud(x,cos(y)))"
          }
        },
        {
          "fitness": 0,
          "expressions": {
            "r": "min((y+y),(pow(x,y)+x))",
            "b": "min((0.15514648+y),(pow(0.35141623,0.98531425)+y))",
            "g": "min((x+x),(pow(y,y)+y))"
          }
        },
        {
          "fitness": 0,
          "expressions": {
            "r": "(y+aud(x,(0.7267045+x)))",
            "b": "(0.0+aud(0.60846376,(0.3872897+x)))",
            "g": "(0.25478822+aud(0.7934965,(0.89340127+x)))"
          }
        }
      ],
      "timestamp": "22h:51m:29s"
    }
  ],
  "timestamp": "2024-07-24-22-51-16"
}