{
  "id": "13teh48b-kxb8-hu78-4nas-7lqocdd9nnte",
  "parameters": {
    "crossoverRate": 0,
    "eliteSize": 0,
    "tournamentSize": 0,
    "mutationRate": 0,
    "populationSize": 0
  },
  "populations": [{
    "generation": 0,
    "id": "9k8g48eo-w7ts-45av-07nw-4px3vmn00gpk",
    "individuals": [
      {
        "fitness": 0,
        "expressions": {
          "r": "add(x,0.23476744)",
          "b": "add(y,x)",
          "g": "add(x,0.07079053)"
        }
      },
      {
        "fitness": 0,
        "expressions": {
          "r": "add(y,y)",
          "b": "add(0.45286942,y)",
          "g": "add(y,x)"
        }
      },
      {
        "fitness": 0,
        "expressions": {
          "r": "add(0.70647454,x)",
          "b": "add(0.37755036,0.45812845)",
          "g": "add(x,x)"
        }
      },
      {
        "fitness": 0,
        "expressions": {
          "r": "div(x,y)",
          "b": "div(x,x)",
          "g": "div(0.836463,y)"
        }
      },
      {
        "fitness": 0,
        "expressions": {
          "r": "add(y,0.65855503)",
          "b": "add(0.12387371,x)",
          "g": "add(x,0.6474495)"
        }
      },
      {
        "fitness": 0,
        "expressions": {
          "r": "add(y,x)",
          "b": "add(0.9034538,y)",
          "g": "add(y,x)"
        }
      },
      {
        "fitness": 0,
        "expressions": {
          "r": "add(0.6851232,x)",
          "b": "add(y,0.13738608)",
          "g": "add(y,0.13564467)"
        }
      },
      {
        "fitness": 0,
        "expressions": {
          "r": "add(y,x)",
          "b": "add(x,y)",
          "g": "add(0.11809087,0.020812988)"
        }
      },
      {
        "fitness": 0,
        "expressions": {
          "r": "sin(y)",
          "b": "sin(y)",
          "g": "sin(x)"
        }
      },
      {
        "fitness": 0,
        "expressions": {
          "r": "add(0.20397711,y)",
          "b": "add(0.15734816,x)",
          "g": "add(x,0.621161)"
        }
      },
      {
        "fitness": 0,
        "expressions": {
          "r": "add(x,x)",
          "b": "add(0.9077449,x)",
          "g": "add(0.38724208,x)"
        }
      },
      {
        "fitness": 0,
        "expressions": {
          "r": "mul(0.78404975,y)",
          "b": "mul(x,y)",
          "g": "mul(x,x)"
        }
      },
      {
        "fitness": 0,
        "expressions": {
          "r": "sub(x,y)",
          "b": "sub(0.22994757,x)",
          "g": "sub(y,x)"
        }
      },
      {
        "fitness": 0,
        "expressions": {
          "r": "add(y,x)",
          "b": "add(x,x)",
          "g": "add(x,0.112108946)"
        }
      },
      {
        "fitness": 0,
        "expressions": {
          "r": "add(0.77527237,x)",
          "b": "add(y,y)",
          "g": "add(x,y)"
        }
      },
      {
        "fitness": 0,
        "expressions": {
          "r": "add(y,x)",
          "b": "add(y,0.35265923)",
          "g": "add(x,0.4160614)"
        }
      },
      {
        "fitness": 0,
        "expressions": {
          "r": "cos(0.3178568)",
          "b": "cos(y)",
          "g": "cos(x)"
        }
      },
      {
        "fitness": 0,
        "expressions": {
          "r": "add(x,x)",
          "b": "add(y,0.58049417)",
          "g": "add(x,0.34654045)"
        }
      }
    ],
    "timestamp": "19h:0m:37s"
  }],
  "timestamp": "2024-07-28-19-00-29"
}