{
  "id": "16izjgld-58th-adxa-yk50-rl4cifjd29wy",
  "parameters": {
    "crossoverRate": 0.30000001192092896,
    "eliteSize": 2,
    "tournamentSize": 3,
    "mutationRate": 0.8999999761581421,
    "populationSize": 10
  },
  "populations": [{
    "generation": 0,
    "id": "3j0fhw4u-dqkw-9bxm-0113-76yvx9xxxhh8",
    "individuals": [
      {
        "fitness": 0,
        "expressions": {
          "r": "auh(y,y)",
          "b": "auh(0.5411026,x)",
          "g": "auh(y,y)"
        }
      },
      {
        "fitness": 0,
        "expressions": {
          "r": "(auh((0.5356491+x),x)*sin(aud(x,y)))",
          "b": "(auh((y+y),y)*sin(aud(x,0.5594117)))",
          "g": "(auh((x+x),y)*sin(aud(x,0.75524694)))"
        }
      },
      {
        "fitness": 0,
        "expressions": {
          "r": "(y+0.13632238)",
          "b": "(y+0.23832983)",
          "g": "(x+0.42690182)"
        }
      },
      {
        "fitness": 0,
        "expressions": {
          "r": "min(pow(y,sin(x)),y)",
          "b": "min(pow(y,sin(x)),y)",
          "g": "min(pow(y,sin(x)),0.28446025)"
        }
      },
      {
        "fitness": 0,
        "expressions": {
          "r": "(0.083813846+x)",
          "b": "(y+x)",
          "g": "(0.45861357+y)"
        }
      },
      {
        "fitness": 0,
        "expressions": {
          "r": "(y-0.03136021)",
          "b": "(x-0.4163198)",
          "g": "(0.64189625-0.91399705)"
        }
      },
      {
        "fitness": 0,
        "expressions": {
          "r": "(0.9740821+0.78232455)",
          "b": "(0.92941636+x)",
          "g": "(x+x)"
        }
      },
      {
        "fitness": 0,
        "expressions": {
          "r": "var((x/sin(0.07138127)))",
          "b": "var((y/sin(x)))",
          "g": "var((x/sin(x)))"
        }
      },
      {
        "fitness": 0,
        "expressions": {
          "r": "aul(((x+x)+0.04273081),(0.8234469*(x+x)))",
          "b": "aul(((x+y)+y),(0.6520457*(0.3815115+x)))",
          "g": "aul(((x+0.2582808)+0.13490885),(0.5642554*(x+0.18475878)))"
        }
      },
      {
        "fitness": 0,
        "expressions": {
          "r": "tan(x)",
          "b": "tan(0.8891512)",
          "g": "tan(0.25583392)"
        }
      },
      {
        "fitness": 0,
        "expressions": {
          "r": "var(var(sin(y)))",
          "b": "var(var(sin(x)))",
          "g": "var(var(sin(0.84717876)))"
        }
      },
      {
        "fitness": 0,
        "expressions": {
          "r": "min(var((0.20156318/y)),y)",
          "b": "min(var((y/x)),x)",
          "g": "min(var((x/x)),y)"
        }
      },
      {
        "fitness": 0,
        "expressions": {
          "r": "(y+x)",
          "b": "(x+0.06485188)",
          "g": "(y+x)"
        }
      },
      {
        "fitness": 0,
        "expressions": {
          "r": "((0.07028729/auh(0.9202668,x))+0.9586297)",
          "b": "((y/auh(0.48582155,0.6180754))+y)",
          "g": "((y/auh(x,0.4035859))+y)"
        }
      },
      {
        "fitness": 0,
        "expressions": {
          "r": "(0.09260666+x)",
          "b": "(y+x)",
          "g": "(0.90281814+0.4075874)"
        }
      },
      {
        "fitness": 0,
        "expressions": {
          "r": "(0.77617425/(0.68189675*(y*x)))",
          "b": "(y/(y*(y*y)))",
          "g": "(x/(x*(y*0.47809142)))"
        }
      },
      {
        "fitness": 0,
        "expressions": {
          "r": "pow(0.9689382,min(tan(0.27119386),max(0.5830468,y)))",
          "b": "pow(y,min(tan(y),max(x,y)))",
          "g": "pow(0.8516042,min(tan(x),max(0.7519221,x)))"
        }
      },
      {
        "fitness": 0,
        "expressions": {
          "r": "var(y)",
          "b": "var(x)",
          "g": "var(x)"
        }
      }
    ],
    "timestamp": "17h:33m:53s"
  }],
  "timestamp": "2024-07-04-17-33-49"
}