{
  "id": "1lfjds93-jizw-ft61-zgx6-j87yu7v0vgvi",
  "parameters": {
    "crossoverRate": 0.30000001192092896,
    "eliteSize": 2,
    "tournamentSize": 3,
    "mutationRate": 0.8999999761581421,
    "populationSize": 10
  },
  "populations": [{
    "generation": 0,
    "id": "gbvbtd41-bxe2-p9mc-y69c-171qf6yozw2g",
    "individuals": [
      {
        "fitness": 0,
        "expressions": {
          "r": "pow((0.8373785/(y/0.17858845)),x)",
          "b": "pow((y/(y/x)),y)",
          "g": "pow((y/(0.37591177/0.68356705)),y)"
        }
      },
      {
        "fitness": 0,
        "expressions": {
          "r": "(y+x)",
          "b": "(0.22169119+x)",
          "g": "(x+y)"
        }
      },
      {
        "fitness": 0,
        "expressions": {
          "r": "(y+y)",
          "b": "(0.9720356+x)",
          "g": "(y+0.86156845)"
        }
      },
      {
        "fitness": 0,
        "expressions": {
          "r": "aul(aud(0.19153208,aud(y,y)),x)",
          "b": "aul(aud(0.40040642,aud(0.3199852,0.015857577)),x)",
          "g": "aul(aud(0.35102266,aud(y,x)),0.73669624)"
        }
      },
      {
        "fitness": 0,
        "expressions": {
          "r": "(x*(x/aul(0.1649782,0.86435527)))",
          "b": "(y*(0.4297253/aul(0.08706361,0.830499)))",
          "g": "(x*(0.04715073/aul(0.39724874,0.38727129)))"
        }
      },
      {
        "fitness": 0,
        "expressions": {
          "r": "(aud(x,tan(0.42794752))-y)",
          "b": "(aud(0.1970374,tan(0.5930779))-0.44851094)",
          "g": "(aud(0.97996473,tan(y))-y)"
        }
      },
      {
        "fitness": 0,
        "expressions": {
          "r": "(max(0.4113409,pow(y,0.6616595))/min(cos(x),y))",
          "b": "(max(x,pow(x,0.60040104))/min(cos(0.40777874),x))",
          "g": "(max(y,pow(0.042948246,0.25909245))/min(cos(y),0.070604324))"
        }
      },
      {
        "fitness": 0,
        "expressions": {
          "r": "((x*0.24774796)-auh((x-y),(0.15619826+y)))",
          "b": "((y*y)-auh((y-y),(0.22902793+x)))",
          "g": "((y*0.7228546)-auh((x-x),(x+y)))"
        }
      },
      {
        "fitness": 0,
        "expressions": {
          "r": "(y+0.376288)",
          "b": "(x+y)",
          "g": "(0.44000745+x)"
        }
      },
      {
        "fitness": 0,
        "expressions": {
          "r": "(0.008482933+5.1659346E-4)",
          "b": "(y+0.219657)",
          "g": "(0.72255635+x)"
        }
      },
      {
        "fitness": 0,
        "expressions": {
          "r": "var(0.55101925)",
          "b": "var(y)",
          "g": "var(y)"
        }
      },
      {
        "fitness": 0,
        "expressions": {
          "r": "(y/var((0.68579525*0.47723222)))",
          "b": "(x/var((y*x)))",
          "g": "(x/var((y*x)))"
        }
      },
      {
        "fitness": 0,
        "expressions": {
          "r": "(0.20876366+y)",
          "b": "(y+x)",
          "g": "(0.8142813+x)"
        }
      },
      {
        "fitness": 0,
        "expressions": {
          "r": "max(x,0.5649231)",
          "b": "max(x,x)",
          "g": "max(x,y)"
        }
      },
      {
        "fitness": 0,
        "expressions": {
          "r": "(y+0.5985144)",
          "b": "(x+x)",
          "g": "(x+0.714737)"
        }
      },
      {
        "fitness": 0,
        "expressions": {
          "r": "var((aul(y,0.87835246)/y))",
          "b": "var((aul(x,y)/y))",
          "g": "var((aul(x,y)/y))"
        }
      },
      {
        "fitness": 0,
        "expressions": {
          "r": "auh(((0.2501042-x)*aul(x,y)),0.81659657)",
          "b": "auh(((x-x)*aul(0.9416984,y)),0.4767902)",
          "g": "auh(((y-y)*aul(x,x)),y)"
        }
      },
      {
        "fitness": 0,
        "expressions": {
          "r": "(0.25989604+y)",
          "b": "(y+0.94947284)",
          "g": "(x+y)"
        }
      }
    ],
    "timestamp": "22h:59m:45s"
  }],
  "timestamp": "2024-07-24-22-59-43"
}