{
  "id": "1taxi9ey-uzzm-6cuj-rtpi-cpzdj564q5kn",
  "parameters": {
    "crossoverRate": 0.30000001192092896,
    "eliteSize": 2,
    "tournamentSize": 3,
    "mutationRate": 0.8999999761581421,
    "populationSize": 10
  },
  "populations": [{
    "generation": 0,
    "id": "rq86n4rp-rddy-az5e-86od-b1i4wy4cg914",
    "individuals": [
      {
        "fitness": 0,
        "expressions": {
          "r": "(0.93722516/x)",
          "b": "(x/0.5668854)",
          "g": "(y/x)"
        }
      },
      {
        "fitness": 0,
        "expressions": {
          "r": "aud(x,aul(x,pow(x,y)))",
          "b": "aud(0.67906165,aul(0.14053416,pow(x,x)))",
          "g": "aud(y,aul(x,pow(0.18760389,y)))"
        }
      },
      {
        "fitness": 0,
        "expressions": {
          "r": "(y+x)",
          "b": "(0.80292803+0.006011009)",
          "g": "(0.8801202+y)"
        }
      },
      {
        "fitness": 0,
        "expressions": {
          "r": "tan(var(sin(0.57823724)))",
          "b": "tan(var(sin(x)))",
          "g": "tan(var(sin(y)))"
        }
      },
      {
        "fitness": 0,
        "expressions": {
          "r": "(0.3283807+x)",
          "b": "(y+y)",
          "g": "(y+0.728378)"
        }
      },
      {
        "fitness": 0,
        "expressions": {
          "r": "(y+y)",
          "b": "(y+x)",
          "g": "(x+0.59502107)"
        }
      },
      {
        "fitness": 0,
        "expressions": {
          "r": "tan(aul(auh(y,x),(x+y)))",
          "b": "tan(aul(auh(x,0.43389684),(x+x)))",
          "g": "tan(aul(auh(x,y),(y+0.33638656)))"
        }
      },
      {
        "fitness": 0,
        "expressions": {
          "r": "max(x,x)",
          "b": "max(y,0.9049056)",
          "g": "max(y,0.13084066)"
        }
      },
      {
        "fitness": 0,
        "expressions": {
          "r": "(y+y)",
          "b": "(x+x)",
          "g": "(x+x)"
        }
      },
      {
        "fitness": 0,
        "expressions": {
          "r": "min(aul(aud(0.43334395,y),aul(0.03123343,x)),var(aud(0.28134155,y)))",
          "b": "min(aul(aud(y,0.8356358),aul(x,0.98948675)),var(aud(0.52987075,y)))",
          "g": "min(aul(aud(x,y),aul(x,0.18312263)),var(aud(y,x)))"
        }
      },
      {
        "fitness": 0,
        "expressions": {
          "r": "(y+y)",
          "b": "(0.9233762+y)",
          "g": "(x+x)"
        }
      },
      {
        "fitness": 0,
        "expressions": {
          "r": "(y/y)",
          "b": "(0.8775841/0.5555139)",
          "g": "(x/y)"
        }
      },
      {
        "fitness": 0,
        "expressions": {
          "r": "(y+0.055860937)",
          "b": "(y+0.52465475)",
          "g": "(y+0.33472216)"
        }
      },
      {
        "fitness": 0,
        "expressions": {
          "r": "(x+0.105080366)",
          "b": "(0.882531+x)",
          "g": "(x+x)"
        }
      },
      {
        "fitness": 0,
        "expressions": {
          "r": "tan(y)",
          "b": "tan(0.9713992)",
          "g": "tan(0.39299995)"
        }
      },
      {
        "fitness": 0,
        "expressions": {
          "r": "(0.3184356+x)",
          "b": "(0.699693+0.5418604)",
          "g": "(x+x)"
        }
      },
      {
        "fitness": 0,
        "expressions": {
          "r": "var(x)",
          "b": "var(0.7783545)",
          "g": "var(y)"
        }
      },
      {
        "fitness": 0,
        "expressions": {
          "r": "(y+y)",
          "b": "(x+0.7601402)",
          "g": "(x+x)"
        }
      }
    ],
    "timestamp": "18h:1m:47s"
  }],
  "timestamp": "2024-07-04-18-01-45"
}