{
  "id": "2kqpg4ir-v7gx-ry6m-igm4-vvd4pipqyz67",
  "parameters": {
    "crossoverRate": 0.30000001192092896,
    "eliteSize": 2,
    "tournamentSize": 3,
    "mutationRate": 0.8999999761581421,
    "populationSize": 10
  },
  "populations": [{
    "generation": 0,
    "id": "o94s1s8w-g0q2-7rfn-vf2u-0xyv8k3h68fr",
    "individuals": [
      {
        "fitness": 0,
        "expressions": {
          "r": "aul((auh(x,0.8965391)*y),y)",
          "b": "aul((auh(y,0.02852261)*y),y)",
          "g": "aul((auh(0.32456088,x)*0.60793823),y)"
        }
      },
      {
        "fitness": 0,
        "expressions": {
          "r": "(x+x)",
          "b": "(y+y)",
          "g": "(0.7794113+0.042218685)"
        }
      },
      {
        "fitness": 0,
        "expressions": {
          "r": "pow((aul(0.42220026,0.030759215)-x),sin(aul(0.75208515,y)))",
          "b": "pow((aul(0.6208225,x)-0.23077887),sin(aul(y,0.5274632)))",
          "g": "pow((aul(0.6351682,y)-0.27582693),sin(aul(0.9119355,0.74151134)))"
        }
      },
      {
        "fitness": 0,
        "expressions": {
          "r": "auh(auh(x,max(0.1116398,x)),max(y,0.96016395))",
          "b": "auh(auh(y,max(0.18626815,x)),max(0.72060335,x))",
          "g": "auh(auh(y,max(y,y)),max(y,y))"
        }
      },
      {
        "fitness": 0,
        "expressions": {
          "r": "tan(tan(sin(0.53208035)))",
          "b": "tan(tan(sin(x)))",
          "g": "tan(tan(sin(x)))"
        }
      },
      {
        "fitness": 0,
        "expressions": {
          "r": "(0.7511866+0.75644517)",
          "b": "(y+y)",
          "g": "(0.27149016+0.25272828)"
        }
      },
      {
        "fitness": 0,
        "expressions": {
          "r": "auh(tan(auh(0.040095985,0.93954706)),(aul(0.2931397,0.68490815)+(y+0.39906192)))",
          "b": "auh(tan(auh(y,0.9536961)),(aul(x,y)+(y+y)))",
          "g": "auh(tan(auh(y,y)),(aul(x,x)+(y+y)))"
        }
      },
      {
        "fitness": 0,
        "expressions": {
          "r": "(x+0.74593216)",
          "b": "(x+0.6102428)",
          "g": "(y+0.12873477)"
        }
      },
      {
        "fitness": 0,
        "expressions": {
          "r": "(0.15765238+x)",
          "b": "(0.21757275+y)",
          "g": "(y+0.62331533)"
        }
      },
      {
        "fitness": 0,
        "expressions": {
          "r": "(0.7029514+0.23219061)",
          "b": "(x+x)",
          "g": "(x+0.65273666)"
        }
      },
      {
        "fitness": 0,
        "expressions": {
          "r": "(max(x,(0.3416723+x))*pow(max(y,x),y))",
          "b": "(max(x,(y+y))*pow(max(x,x),x))",
          "g": "(max(0.8685048,(y+0.48242605))*pow(max(0.330235,x),y))"
        }
      },
      {
        "fitness": 0,
        "expressions": {
          "r": "(y+x)",
          "b": "(x+y)",
          "g": "(0.6802588+y)"
        }
      },
      {
        "fitness": 0,
        "expressions": {
          "r": "sin(aul(aul(y,0.35195124),(x/x)))",
          "b": "sin(aul(aul(x,0.62318426),(x/x)))",
          "g": "sin(aul(aul(y,0.53762),(y/x)))"
        }
      },
      {
        "fitness": 0,
        "expressions": {
          "r": "min((x*y),(max(x,x)-0.9504032))",
          "b": "min((x*y),(max(y,0.49532586)-0.405967))",
          "g": "min((0.35597545*0.035909772),(max(0.82406205,0.37017113)-x))"
        }
      },
      {
        "fitness": 0,
        "expressions": {
          "r": "(y+0.7233673)",
          "b": "(0.1371113+x)",
          "g": "(y+0.48224205)"
        }
      },
      {
        "fitness": 0,
        "expressions": {
          "r": "(0.8539122+0.6920884)",
          "b": "(x+y)",
          "g": "(y+x)"
        }
      },
      {
        "fitness": 0,
        "expressions": {
          "r": "(y+y)",
          "b": "(0.58508456+0.21399093)",
          "g": "(y+x)"
        }
      },
      {
        "fitness": 0,
        "expressions": {
          "r": "(x+0.70019764)",
          "b": "(y+0.0028971434)",
          "g": "(x+x)"
        }
      }
    ],
    "timestamp": "17h:40m:55s"
  }],
  "timestamp": "2024-07-04-17-40-53"
}