{
  "id": "2su1rmmv-b82d-rzlj-aqcm-43xbvxd7ccze",
  "parameters": {
    "crossoverRate": 0,
    "eliteSize": 0,
    "tournamentSize": 0,
    "mutationRate": 0,
    "populationSize": 0
  },
  "populations": [
    {
      "generation": 0,
      "id": "7u14p5wi-7wsz-5779-eomw-a3gm7kdc7vtx",
      "individuals": [
        {
          "fitness": 0,
          "expressions": {
            "r": "abs(x)",
            "b": "abs(0.050304413)",
            "g": "abs(y)"
          }
        },
        {
          "fitness": 0,
          "expressions": {
            "r": "abs(abs(abs(abs(abs(y)))))",
            "b": "abs(abs(abs(abs(abs(x)))))",
            "g": "abs(abs(abs(abs(abs(x)))))"
          }
        },
        {
          "fitness": 0,
          "expressions": {
            "r": "abs(0.7280829)",
            "b": "abs(y)",
            "g": "abs(x)"
          }
        },
        {
          "fitness": 0,
          "expressions": {
            "r": "abs(abs(x))",
            "b": "abs(abs(y))",
            "g": "abs(abs(0.10660744))"
          }
        },
        {
          "fitness": 0,
          "expressions": {
            "r": "abs(0.8844824)",
            "b": "abs(x)",
            "g": "abs(0.7385428)"
          }
        },
        {
          "fitness": 0,
          "expressions": {
            "r": "abs(0.37291336)",
            "b": "abs(0.22410512)",
            "g": "abs(0.5322566)"
          }
        },
        {
          "fitness": 0,
          "expressions": {
            "r": "abs(y)",
            "b": "abs(0.5393183)",
            "g": "abs(x)"
          }
        },
        {
          "fitness": 0,
          "expressions": {
            "r": "abs(x)",
            "b": "abs(0.7164645)",
            "g": "abs(0.7210624)"
          }
        },
        {
          "fitness": 0,
          "expressions": {
            "r": "abs(x)",
            "b": "abs(x)",
            "g": "abs(y)"
          }
        },
        {
          "fitness": 0,
          "expressions": {
            "r": "abs(abs(abs(0.40001488)))",
            "b": "abs(abs(abs(y)))",
            "g": "abs(abs(abs(0.5521934)))"
          }
        },
        {
          "fitness": 0,
          "expressions": {
            "r": "abs(0.645833)",
            "b": "abs(0.0682714)",
            "g": "abs(x)"
          }
        },
        {
          "fitness": 0,
          "expressions": {
            "r": "abs(abs(0.9369695))",
            "b": "abs(abs(y))",
            "g": "abs(abs(x))"
          }
        },
        {
          "fitness": 0,
          "expressions": {
            "r": "abs(0.91093755)",
            "b": "abs(x)",
            "g": "abs(x)"
          }
        },
        {
          "fitness": 0,
          "expressions": {
            "r": "abs(0.70572615)",
            "b": "abs(x)",
            "g": "abs(0.53097916)"
          }
        },
        {
          "fitness": 0,
          "expressions": {
            "r": "abs(x)",
            "b": "abs(y)",
            "g": "abs(x)"
          }
        },
        {
          "fitness": 0,
          "expressions": {
            "r": "abs(y)",
            "b": "abs(x)",
            "g": "abs(y)"
          }
        },
        {
          "fitness": 0,
          "expressions": {
            "r": "abs(abs(abs(abs(x))))",
            "b": "abs(abs(abs(abs(y))))",
            "g": "abs(abs(abs(abs(y))))"
          }
        },
        {
          "fitness": 0,
          "expressions": {
            "r": "abs(y)",
            "b": "abs(x)",
            "g": "abs(x)"
          }
        }
      ],
      "timestamp": "16h:43m:20s"
    },
    {
      "generation": 1,
      "ascendantID": "7u14p5wi-7wsz-5779-eomw-a3gm7kdc7vtx",
      "id": "mgwuq121-nwfc-gota-x2iy-3m5b5pqnznnk",
      "individuals": [
        {
          "fitness": 0,
          "expressions": {
            "r": "abs(x)",
            "b": "abs(0.050304413)",
            "g": "abs(y)"
          }
        },
        {
          "fitness": 0,
          "expressions": {
            "r": "abs(y)",
            "b": "abs(x)",
            "g": "abs(x)"
          }
        },
        {
          "fitness": 0,
          "expressions": {
            "r": "abs(y)",
            "b": "abs(x)",
            "g": "abs(x)"
          }
        },
        {
          "fitness": 0,
          "expressions": {
            "r": "abs(0.91093755)",
            "b": "abs(x)",
            "g": "abs(x)"
          }
        },
        {
          "fitness": 0,
          "expressions": {
            "r": "abs(abs(y))",
            "b": "abs(abs(0.5393183))",
            "g": "abs(abs(x))"
          }
        },
        {
          "fitness": 0,
          "expressions": {
            "r": "abs(x)",
            "b": "abs(x)",
            "g": "abs(y)"
          }
        },
        {
          "fitness": 0,
          "expressions": {
            "r": "abs(x)",
            "b": "abs(y)",
            "g": "abs(x)"
          }
        },
        {
          "fitness": 0,
          "expressions": {
            "r": "abs(abs(x))",
            "b": "abs(abs(y))",
            "g": "abs(abs(0.5426574))"
          }
        },
        {
          "fitness": 0,
          "expressions": {
            "r": "abs(y)",
            "b": "abs(x)",
            "g": "abs(x)"
          }
        },
        {
          "fitness": 0,
          "expressions": {
            "r": "abs(abs(abs(abs(abs(abs(x))))))",
            "b": "abs(abs(abs(abs(abs(abs(0.34400678))))))",
            "g": "abs(abs(abs(abs(abs(abs(0.90085673))))))"
          }
        },
        {
          "fitness": 0,
          "expressions": {
            "r": "abs(y)",
            "b": "abs(x)",
            "g": "abs(x)"
          }
        },
        {
          "fitness": 0,
          "expressions": {
            "r": "abs(0.7280829)",
            "b": "abs(y)",
            "g": "abs(x)"
          }
        },
        {
          "fitness": 0,
          "expressions": {
            "r": "abs(0.70572615)",
            "b": "abs(x)",
            "g": "abs(0.53097916)"
          }
        },
        {
          "fitness": 0,
          "expressions": {
            "r": "abs(abs(abs(abs(x))))",
            "b": "abs(abs(abs(abs(y))))",
            "g": "abs(abs(abs(abs(y))))"
          }
        },
        {
          "fitness": 0,
          "expressions": {
            "r": "abs(0.645833)",
            "b": "abs(0.0682714)",
            "g": "abs(x)"
          }
        },
        {
          "fitness": 0,
          "expressions": {
            "r": "abs(abs(abs(abs(x))))",
            "b": "abs(abs(abs(abs(y))))",
            "g": "abs(abs(abs(abs(y))))"
          }
        },
        {
          "fitness": 0,
          "expressions": {
            "r": "abs(y)",
            "b": "abs(x)",
            "g": "abs(x)"
          }
        },
        {
          "fitness": 0,
          "expressions": {
            "r": "abs(0.86345387)",
            "b": "abs(x)",
            "g": "abs(x)"
          }
        }
      ],
      "timestamp": "16h:43m:35s"
    },
    {
      "generation": 2,
      "ascendantID": "mgwuq121-nwfc-gota-x2iy-3m5b5pqnznnk",
      "id": "ji9zoffd-qio8-qbml-grbh-p2pf5xaidwzg",
      "individuals": [
        {
          "fitness": 0,
          "expressions": {
            "r": "abs(x)",
            "b": "abs(0.050304413)",
            "g": "abs(y)"
          }
        },
        {
          "fitness": 0,
          "expressions": {
            "r": "abs(0.91093755)",
            "b": "abs(x)",
            "g": "abs(x)"
          }
        },
        {
          "fitness": 0,
          "expressions": {
            "r": "abs(abs(x))",
            "b": "abs(abs(y))",
            "g": "abs(abs(0.58606553))"
          }
        },
        {
          "fitness": 0,
          "expressions": {
            "r": "abs(y)",
            "b": "abs(x)",
            "g": "abs(x)"
          }
        },
        {
          "fitness": 0,
          "expressions": {
            "r": "abs(abs(abs(abs(abs(abs(x))))))",
            "b": "abs(abs(abs(abs(abs(abs(0.34400678))))))",
            "g": "abs(abs(abs(abs(abs(abs(0.90085673))))))"
          }
        },
        {
          "fitness": 0,
          "expressions": {
            "r": "abs(x)",
            "b": "abs(0.050304413)",
            "g": "abs(y)"
          }
        },
        {
          "fitness": 0,
          "expressions": {
            "r": "abs(y)",
            "b": "abs(x)",
            "g": "abs(x)"
          }
        },
        {
          "fitness": 0,
          "expressions": {
            "r": "abs(0.70572615)",
            "b": "abs(x)",
            "g": "abs(0.53097916)"
          }
        },
        {
          "fitness": 0,
          "expressions": {
            "r": "abs(abs(abs(abs(abs(abs(x))))))",
            "b": "abs(abs(abs(abs(abs(abs(0.34400678))))))",
            "g": "abs(abs(abs(abs(abs(abs(0.90085673))))))"
          }
        },
        {
          "fitness": 0,
          "expressions": {
            "r": "abs(0.70572615)",
            "b": "abs(x)",
            "g": "abs(0.53097916)"
          }
        },
        {
          "fitness": 0,
          "expressions": {
            "r": "abs(abs(y))",
            "b": "abs(abs(y))",
            "g": "abs(abs(0.766592))"
          }
        },
        {
          "fitness": 0,
          "expressions": {
            "r": "abs(0.70572615)",
            "b": "abs(x)",
            "g": "abs(0.53097916)"
          }
        },
        {
          "fitness": 0,
          "expressions": {
            "r": "abs(y)",
            "b": "abs(x)",
            "g": "abs(x)"
          }
        },
        {
          "fitness": 0,
          "expressions": {
            "r": "abs(y)",
            "b": "abs(0.25788546)",
            "g": "abs(y)"
          }
        },
        {
          "fitness": 0,
          "expressions": {
            "r": "abs(x)",
            "b": "abs(x)",
            "g": "abs(y)"
          }
        },
        {
          "fitness": 0,
          "expressions": {
            "r": "abs(abs(y))",
            "b": "abs(abs(x))",
            "g": "abs(abs(y))"
          }
        },
        {
          "fitness": 0,
          "expressions": {
            "r": "abs(y)",
            "b": "abs(x)",
            "g": "abs(x)"
          }
        },
        {
          "fitness": 0,
          "expressions": {
            "r": "abs(0.98071265)",
            "b": "abs(x)",
            "g": "abs(x)"
          }
        }
      ],
      "timestamp": "16h:43m:36s"
    },
    {
      "generation": 3,
      "ascendantID": "ji9zoffd-qio8-qbml-grbh-p2pf5xaidwzg",
      "id": "oobt6ml1-4o2m-1izc-2xa0-rqozqa9l00yn",
      "individuals": [
        {
          "fitness": 0,
          "expressions": {
            "r": "abs(x)",
            "b": "abs(0.050304413)",
            "g": "abs(y)"
          }
        },
        {
          "fitness": 0,
          "expressions": {
            "r": "abs(y)",
            "b": "abs(x)",
            "g": "abs(x)"
          }
        },
        {
          "fitness": 0,
          "expressions": {
            "r": "abs(abs(abs(abs(abs(abs(x))))))",
            "b": "abs(abs(abs(abs(abs(abs(0.34400678))))))",
            "g": "abs(abs(abs(abs(abs(abs(0.90085673))))))"
          }
        },
        {
          "fitness": 0,
          "expressions": {
            "r": "abs(0.67744565)",
            "b": "abs(0.5410991)",
            "g": "abs(y)"
          }
        },
        {
          "fitness": 0,
          "expressions": {
            "r": "abs(y)",
            "b": "abs(0.34228683)",
            "g": "abs(x)"
          }
        },
        {
          "fitness": 0,
          "expressions": {
            "r": "abs(0.70572615)",
            "b": "abs(x)",
            "g": "abs(0.53097916)"
          }
        },
        {
          "fitness": 0,
          "expressions": {
            "r": "abs(abs(abs(y)))",
            "b": "abs(abs(abs(y)))",
            "g": "abs(abs(abs(y)))"
          }
        },
        {
          "fitness": 0,
          "expressions": {
            "r": "abs(abs(abs(abs(abs(abs(x))))))",
            "b": "abs(abs(abs(abs(abs(abs(0.34400678))))))",
            "g": "abs(abs(abs(abs(abs(abs(0.90085673))))))"
          }
        },
        {
          "fitness": 0,
          "expressions": {
            "r": "abs(abs(abs(abs(abs(abs(x))))))",
            "b": "abs(abs(abs(abs(abs(abs(0.47284627))))))",
            "g": "abs(abs(abs(abs(abs(abs(0.90085673))))))"
          }
        },
        {
          "fitness": 0,
          "expressions": {
            "r": "abs(abs(y))",
            "b": "abs(abs(x))",
            "g": "abs(abs(y))"
          }
        },
        {
          "fitness": 0,
          "expressions": {
            "r": "abs(y)",
            "b": "abs(x)",
            "g": "abs(x)"
          }
        },
        {
          "fitness": 0,
          "expressions": {
            "r": "abs(x)",
            "b": "abs(x)",
            "g": "abs(y)"
          }
        },
        {
          "fitness": 0,
          "expressions": {
            "r": "abs(abs(abs(abs(abs(abs(abs(abs(abs(abs(x))))))))))",
            "b": "abs(abs(abs(abs(abs(abs(abs(abs(abs(abs(y))))))))))",
            "g": "abs(abs(abs(abs(abs(abs(abs(abs(abs(abs(y))))))))))"
          }
        },
        {
          "fitness": 0,
          "expressions": {
            "r": "abs(abs(y))",
            "b": "abs(abs(x))",
            "g": "abs(abs(y))"
          }
        },
        {
          "fitness": 0,
          "expressions": {
            "r": "abs(abs(abs(abs(y))))",
            "b": "abs(abs(abs(abs(x))))",
            "g": "abs(abs(abs(abs(0.61510944))))"
          }
        },
        {
          "fitness": 0,
          "expressions": {
            "r": "abs(abs(y))",
            "b": "abs(abs(y))",
            "g": "abs(abs(0.766592))"
          }
        },
        {
          "fitness": 0,
          "expressions": {
            "r": "abs(abs(y))",
            "b": "abs(abs(y))",
            "g": "abs(abs(0.766592))"
          }
        },
        {
          "fitness": 0,
          "expressions": {
            "r": "abs(abs(x))",
            "b": "abs(abs(y))",
            "g": "abs(abs(0.58606553))"
          }
        }
      ],
      "timestamp": "16h:43m:37s"
    },
    {
      "generation": 4,
      "ascendantID": "oobt6ml1-4o2m-1izc-2xa0-rqozqa9l00yn",
      "id": "jk44rro4-tard-lgpm-ectm-9jp4vti0kbvk",
      "individuals": [
        {
          "fitness": 0,
          "expressions": {
            "r": "abs(x)",
            "b": "abs(0.050304413)",
            "g": "abs(y)"
          }
        },
        {
          "fitness": 0,
          "expressions": {
            "r": "abs(abs(abs(y)))",
            "b": "abs(abs(abs(y)))",
            "g": "abs(abs(abs(y)))"
          }
        },
        {
          "fitness": 0,
          "expressions": {
            "r": "abs(y)",
            "b": "abs(x)",
            "g": "abs(x)"
          }
        },
        {
          "fitness": 0,
          "expressions": {
            "r": "abs(abs(abs(abs(abs(abs(abs(x)))))))",
            "b": "abs(abs(abs(abs(abs(abs(abs(y)))))))",
            "g": "abs(abs(abs(abs(abs(abs(abs(y)))))))"
          }
        },
        {
          "fitness": 0,
          "expressions": {
            "r": "abs(abs(x))",
            "b": "abs(abs(x))",
            "g": "abs(abs(y))"
          }
        },
        {
          "fitness": 0,
          "expressions": {
            "r": "abs(abs(y))",
            "b": "abs(abs(x))",
            "g": "abs(abs(y))"
          }
        },
        {
          "fitness": 0,
          "expressions": {
            "r": "abs(y)",
            "b": "abs(0.34228683)",
            "g": "abs(x)"
          }
        },
        {
          "fitness": 0,
          "expressions": {
            "r": "abs(abs(abs(abs(abs(abs(abs(abs(abs(abs(x))))))))))",
            "b": "abs(abs(abs(abs(abs(abs(abs(abs(abs(abs(y))))))))))",
            "g": "abs(abs(abs(abs(abs(abs(abs(abs(abs(abs(y))))))))))"
          }
        },
        {
          "fitness": 0,
          "expressions": {
            "r": "abs(abs(y))",
            "b": "abs(abs(x))",
            "g": "abs(abs(y))"
          }
        },
        {
          "fitness": 0,
          "expressions": {
            "r": "abs(abs(abs(0.61045885)))",
            "b": "abs(abs(abs(y)))",
            "g": "abs(abs(abs(0.7680869)))"
          }
        },
        {
          "fitness": 0,
          "expressions": {
            "r": "abs(0.67744565)",
            "b": "abs(0.5410991)",
            "g": "abs(y)"
          }
        },
        {
          "fitness": 0,
          "expressions": {
            "r": "abs(abs(y))",
            "b": "abs(abs(x))",
            "g": "abs(abs(y))"
          }
        },
        {
          "fitness": 0,
          "expressions": {
            "r": "abs(abs(x))",
            "b": "abs(abs(x))",
            "g": "abs(abs(0.15022254))"
          }
        },
        {
          "fitness": 0,
          "expressions": {
            "r": "abs(abs(abs(abs(abs(abs(x))))))",
            "b": "abs(abs(abs(abs(abs(abs(0.436903))))))",
            "g": "abs(abs(abs(abs(abs(abs(1.0))))))"
          }
        },
        {
          "fitness": 0,
          "expressions": {
            "r": "abs(abs(abs(y)))",
            "b": "abs(abs(abs(y)))",
            "g": "abs(abs(abs(y)))"
          }
        },
        {
          "fitness": 0,
          "expressions": {
            "r": "abs(abs(abs(abs(abs(x)))))",
            "b": "abs(abs(abs(abs(abs(x)))))",
            "g": "abs(abs(abs(abs(abs(y)))))"
          }
        },
        {
          "fitness": 0,
          "expressions": {
            "r": "abs(abs(y))",
            "b": "abs(abs(0.8639331))",
            "g": "abs(abs(0.05653143))"
          }
        },
        {
          "fitness": 0,
          "expressions": {
            "r": "abs(abs(abs(abs(0.8491094))))",
            "b": "abs(abs(abs(abs(y))))",
            "g": "abs(abs(abs(abs(0.66730666))))"
          }
        }
      ],
      "timestamp": "16h:43m:38s"
    },
    {
      "generation": 0,
      "ascendantID": "jk44rro4-tard-lgpm-ectm-9jp4vti0kbvk",
      "id": "6f1i4bqi-1cof-mx17-pm4l-fu3bna52p8fi",
      "individuals": [
        {
          "fitness": 0,
          "expressions": {
            "r": "add(y,0.28368425)",
            "b": "add(y,x)",
            "g": "add(0.064557314,y)"
          }
        },
        {
          "fitness": 0,
          "expressions": {
            "r": "add(x,0.40192842)",
            "b": "add(x,0.9370811)",
            "g": "add(x,y)"
          }
        },
        {
          "fitness": 0,
          "expressions": {
            "r": "mul(0.63599586,add(y,x))",
            "b": "mul(x,add(0.3680539,0.5856972))",
            "g": "mul(0.08156371,add(0.1304431,y))"
          }
        },
        {
          "fitness": 0,
          "expressions": {
            "r": "add(x,x)",
            "b": "add(0.4368472,x)",
            "g": "add(x,y)"
          }
        },
        {
          "fitness": 0,
          "expressions": {
            "r": "max(y,0.37431383)",
            "b": "max(y,y)",
            "g": "max(y,0.84567285)"
          }
        },
        {
          "fitness": 0,
          "expressions": {
            "r": "abs(tan(pow(sin(min(x,0.3989644)),x)))",
            "b": "abs(tan(pow(sin(min(x,y)),x)))",
            "g": "abs(tan(pow(sin(min(0.96782017,0.5199263)),0.6443982)))"
          }
        },
        {
          "fitness": 0,
          "expressions": {
            "r": "add(x,0.76155686)",
            "b": "add(0.94778013,y)",
            "g": "add(0.43879843,y)"
          }
        },
        {
          "fitness": 0,
          "expressions": {
            "r": "add(0.22321248,y)",
            "b": "add(0.07021022,x)",
            "g": "add(x,y)"
          }
        },
        {
          "fitness": 0,
          "expressions": {
            "r": "add(0.5876274,y)",
            "b": "add(0.09954929,y)",
            "g": "add(0.15475607,y)"
          }
        },
        {
          "fitness": 0,
          "expressions": {
            "r": "abs(abs(sin(abs(0.78707886))))",
            "b": "abs(abs(sin(abs(y))))",
            "g": "abs(abs(sin(abs(y))))"
          }
        },
        {
          "fitness": 0,
          "expressions": {
            "r": "abs(y)",
            "b": "abs(y)",
            "g": "abs(y)"
          }
        },
        {
          "fitness": 0,
          "expressions": {
            "r": "mul(0.8796394,cos(y))",
            "b": "mul(0.7707164,cos(x))",
            "g": "mul(0.010512829,cos(x))"
          }
        },
        {
          "fitness": 0,
          "expressions": {
            "r": "sin(y)",
            "b": "sin(x)",
            "g": "sin(0.86210203)"
          }
        },
        {
          "fitness": 0,
          "expressions": {
            "r": "cos(y)",
            "b": "cos(0.43801188)",
            "g": "cos(0.0072398186)"
          }
        },
        {
          "fitness": 0,
          "expressions": {
            "r": "add(y,y)",
            "b": "add(0.90961933,x)",
            "g": "add(x,0.5020356)"
          }
        },
        {
          "fitness": 0,
          "expressions": {
            "r": "add(x,y)",
            "b": "add(y,x)",
            "g": "add(y,y)"
          }
        },
        {
          "fitness": 0,
          "expressions": {
            "r": "mul(tan(cos(min(0.24729156,sin(y)))),pow(cos(min(0.046314,x)),y))",
            "b": "mul(tan(cos(min(0.46291876,sin(y)))),pow(cos(min(0.4054196,y)),x))",
            "g": "mul(tan(cos(min(y,sin(x)))),pow(cos(min(x,x)),y))"
          }
        },
        {
          "fitness": 0,
          "expressions": {
            "r": "add(y,x)",
            "b": "add(0.3832023,x)",
            "g": "add(y,0.5904479)"
          }
        }
      ],
      "timestamp": "16h:44m:53s"
    }
  ],
  "timestamp": "2024-08-02-16-43-05"
}