{
  "id": "2xwwpuhk-ye8l-jda8-i8uu-1vif70bh7osh",
  "parameters": {
    "crossoverRate": 0.30000001192092896,
    "eliteSize": 2,
    "tournamentSize": 3,
    "mutationRate": 0.8999999761581421,
    "populationSize": 10
  },
  "populations": [{
    "generation": 0,
    "id": "wb8rpiij-7twh-bqmx-53u5-i61xn3x1lfxs",
    "individuals": [
      {
        "fitness": 0,
        "expressions": {
          "r": "(x+y)",
          "b": "(0.056830823+0.42652112)",
          "g": "(x+0.74944836)"
        }
      },
      {
        "fitness": 0,
        "expressions": {
          "r": "(x*(0.8794488/cos(0.07584697)))",
          "b": "(0.19676828*(0.19520617/cos(y)))",
          "g": "(x*(x/cos(0.56305826)))"
        }
      },
      {
        "fitness": 0,
        "expressions": {
          "r": "min(max(max(y,x),0.69929785),y)",
          "b": "min(max(max(0.49632525,0.9624973),x),y)",
          "g": "min(max(max(x,0.051145077),0.75011945),x)"
        }
      },
      {
        "fitness": 0,
        "expressions": {
          "r": "(0.9304962+y)",
          "b": "(x+x)",
          "g": "(x+0.556082)"
        }
      },
      {
        "fitness": 0,
        "expressions": {
          "r": "aud(pow((0.8903439/x),aud(y,y)),(var(y)-sin(x)))",
          "b": "aud(pow((0.9341603/x),aud(y,x)),(var(0.74765325)-sin(0.27214712)))",
          "g": "aud(pow((0.034729242/x),aud(x,0.666145)),(var(y)-sin(x)))"
        }
      },
      {
        "fitness": 0,
        "expressions": {
          "r": "cos(tan(x))",
          "b": "cos(tan(y))",
          "g": "cos(tan(x))"
        }
      },
      {
        "fitness": 0,
        "expressions": {
          "r": "(0.46762705+y)",
          "b": "(0.4786089+0.8727851)",
          "g": "(x+y)"
        }
      },
      {
        "fitness": 0,
        "expressions": {
          "r": "max(var(x),aul((x+y),cos(y)))",
          "b": "max(var(0.6014085),aul((y+x),cos(0.72063285)))",
          "g": "max(var(0.38865012),aul((0.669584+y),cos(0.5773194)))"
        }
      },
      {
        "fitness": 0,
        "expressions": {
          "r": "(min(y,pow(0.7175145,x))/y)",
          "b": "(min(0.74470085,pow(x,0.101618886))/x)",
          "g": "(min(x,pow(y,0.7875645))/x)"
        }
      },
      {
        "fitness": 0,
        "expressions": {
          "r": "(0.1586203+y)",
          "b": "(x+0.37531167)",
          "g": "(x+y)"
        }
      },
      {
        "fitness": 0,
        "expressions": {
          "r": "(min(aud(y,0.8996998),(0.15349656+x))/cos(pow(x,0.14112782)))",
          "b": "(min(aud(0.5514173,0.35009176),(x+0.682627))/cos(pow(y,0.5687941)))",
          "g": "(min(aud(0.36603624,0.6099953),(0.3149827+y))/cos(pow(0.55042326,y)))"
        }
      },
      {
        "fitness": 0,
        "expressions": {
          "r": "(0.8364558+y)",
          "b": "(y+0.50237614)",
          "g": "(x+y)"
        }
      },
      {
        "fitness": 0,
        "expressions": {
          "r": "(y+y)",
          "b": "(y+0.0931052)",
          "g": "(0.7918174+x)"
        }
      },
      {
        "fitness": 0,
        "expressions": {
          "r": "tan(x)",
          "b": "tan(x)",
          "g": "tan(x)"
        }
      },
      {
        "fitness": 0,
        "expressions": {
          "r": "(y+0.9813114)",
          "b": "(0.7385636+y)",
          "g": "(x+y)"
        }
      },
      {
        "fitness": 0,
        "expressions": {
          "r": "min(y,(pow(x,0.10292834)/aud(x,y)))",
          "b": "min(x,(pow(x,0.8327313)/aud(y,y)))",
          "g": "min(x,(pow(y,x)/aud(0.5264066,y)))"
        }
      },
      {
        "fitness": 0,
        "expressions": {
          "r": "min(aul(x,(0.2707023/0.68071425)),((0.10279673+y)+auh(y,x)))",
          "b": "min(aul(y,(0.948619/0.3587206)),((y+x)+auh(0.6239995,0.5538599)))",
          "g": "min(aul(0.17214954,(0.04219812/0.45252693)),((y+x)+auh(0.3316859,y)))"
        }
      },
      {
        "fitness": 0,
        "expressions": {
          "r": "min(y,pow(var(0.1735965),y))",
          "b": "min(x,pow(var(y),0.8036687))",
          "g": "min(x,pow(var(y),x))"
        }
      }
    ],
    "timestamp": "17h:10m:44s"
  }],
  "timestamp": "2024-07-04-17-10-42"
}