{
  "id": "34b3u8wa-bmw8-njyk-w769-1qtkvq0hoo36",
  "parameters": {
    "crossoverRate": 0.30000001192092896,
    "eliteSize": 2,
    "tournamentSize": 3,
    "mutationRate": 0.8999999761581421,
    "populationSize": 10
  },
  "populations": [
    {
      "generation": 0,
      "id": "plc44u6n-rjl0-ujp5-yeo1-1yfgx48l9wo9",
      "individuals": [
        {
          "fitness": 0,
          "expressions": {
            "r": "auh(y,sin(auh(x,y)))",
            "b": "auh(x,sin(auh(y,x)))",
            "g": "auh(0.083266675,sin(auh(x,x)))"
          }
        },
        {
          "fitness": 0,
          "expressions": {
            "r": "max(aul(y,0.11457485),auh(aud(x,0.7429122),pow(y,0.53018403)))",
            "b": "max(aul(0.61795396,y),auh(aud(x,y),pow(x,x)))",
            "g": "max(aul(0.28981304,x),auh(aud(0.9226792,y),pow(0.9836265,x)))"
          }
        },
        {
          "fitness": 0,
          "expressions": {
            "r": "(0.04534328+x)",
            "b": "(x+0.48118383)",
            "g": "(y+0.7310867)"
          }
        },
        {
          "fitness": 0,
          "expressions": {
            "r": "(0.16926259+0.81727123)",
            "b": "(x+0.8958741)",
            "g": "(y+0.2202217)"
          }
        },
        {
          "fitness": 0,
          "expressions": {
            "r": "(y+0.55414796)",
            "b": "(y+0.3449126)",
            "g": "(y+y)"
          }
        },
        {
          "fitness": 0,
          "expressions": {
            "r": "(x+y)",
            "b": "(x+0.8155761)",
            "g": "(y+x)"
          }
        },
        {
          "fitness": 0,
          "expressions": {
            "r": "pow(min(tan(x),0.15403497),min(max(y,y),max(0.98451394,y)))",
            "b": "pow(min(tan(y),y),min(max(x,y),max(0.3511716,x)))",
            "g": "pow(min(tan(0.44560236),y),min(max(y,0.4547614),max(0.049981177,x)))"
          }
        },
        {
          "fitness": 0,
          "expressions": {
            "r": "tan(aul(0.9279594,tan(y)))",
            "b": "tan(aul(0.7126651,tan(0.14512753)))",
            "g": "tan(aul(x,tan(y)))"
          }
        },
        {
          "fitness": 0,
          "expressions": {
            "r": "(0.9405826+var((0.035757065+y)))",
            "b": "(0.1652838+var((x+y)))",
            "g": "(0.46831888+var((y+y)))"
          }
        },
        {
          "fitness": 0,
          "expressions": {
            "r": "(0.14161777+0.053700686)",
            "b": "(x+y)",
            "g": "(0.056414545+y)"
          }
        },
        {
          "fitness": 0,
          "expressions": {
            "r": "min(aud(x,y),aul(tan(y),var(x)))",
            "b": "min(aud(y,y),aul(tan(x),var(y)))",
            "g": "min(aud(y,0.92802304),aul(tan(y),var(y)))"
          }
        },
        {
          "fitness": 0,
          "expressions": {
            "r": "(y+y)",
            "b": "(x+0.56167585)",
            "g": "(x+0.7929588)"
          }
        },
        {
          "fitness": 0,
          "expressions": {
            "r": "((cos(y)*0.0804314)+(tan(x)*aul(x,x)))",
            "b": "((cos(x)*y)+(tan(x)*aul(0.9504808,x)))",
            "g": "((cos(0.01605928)*0.010766745)+(tan(x)*aul(x,y)))"
          }
        },
        {
          "fitness": 0,
          "expressions": {
            "r": "pow(x,(min(0.6916412,x)-y))",
            "b": "pow(0.10763258,(min(0.50994587,x)-y))",
            "g": "pow(0.21714842,(min(y,x)-x))"
          }
        },
        {
          "fitness": 0,
          "expressions": {
            "r": "auh(cos(0.93090945),x)",
            "b": "auh(cos(y),0.6014294)",
            "g": "auh(cos(x),0.21548456)"
          }
        },
        {
          "fitness": 0,
          "expressions": {
            "r": "(y+y)",
            "b": "(y+y)",
            "g": "(y+x)"
          }
        },
        {
          "fitness": 0,
          "expressions": {
            "r": "pow(pow((x+0.352929),auh(x,0.8679716)),x)",
            "b": "pow(pow((0.40115333+x),auh(x,y)),0.49574304)",
            "g": "pow(pow((y+y),auh(0.3272826,x)),0.7799159)"
          }
        },
        {
          "fitness": 0,
          "expressions": {
            "r": "tan(0.40555322)",
            "b": "tan(y)",
            "g": "tan(0.5011046)"
          }
        }
      ],
      "timestamp": "23h:22m:17s"
    },
    {
      "generation": 1,
      "ascendantID": "plc44u6n-rjl0-ujp5-yeo1-1yfgx48l9wo9",
      "id": "grzw7dis-ej5g-9vzl-uiwp-6k6re8dq3aki",
      "individuals": [
        {
          "fitness": 0,
          "expressions": {
            "r": "auh(y,sin(auh(x,y)))",
            "b": "auh(x,sin(auh(y,x)))",
            "g": "auh(0.083266675,sin(auh(x,x)))"
          }
        },
        {
          "fitness": 0,
          "expressions": {
            "r": "tan(aul(0.9279594,tan(x)))",
            "b": "tan(aul(0.7126651,tan(y)))",
            "g": "tan(aul(x,tan(x)))"
          }
        },
        {
          "fitness": 0,
          "expressions": {
            "r": "(y+0.55414796)",
            "b": "(0.056331396+0.055192105)",
            "g": "(0.3733399+y)"
          }
        },
        {
          "fitness": 0,
          "expressions": {
            "r": "(y+y)",
            "b": "(x+0.56167585)",
            "g": "(x+0.99131525)"
          }
        },
        {
          "fitness": 0,
          "expressions": {
            "r": "aud(tan(0.93090945),x)",
            "b": "aud(tan(y),0.6014294)",
            "g": "aud(tan(x),0.15879726)"
          }
        },
        {
          "fitness": 0,
          "expressions": {
            "r": "max(aud(y,0.11457485),auh(cos(aul(0.9279594,0.0)),pow(y,0.53018403)))",
            "b": "max(aud(0.61795396,y),auh(cos(aul(0.7126651,0.0)),pow(x,x)))",
            "g": "max(aud(0.28981304,x),auh(cos(aul(x,0.0)),pow(0.9836265,x)))"
          }
        },
        {
          "fitness": 0,
          "expressions": {
            "r": "(0.0+0.9182271)",
            "b": "(x+0.8958741)",
            "g": "(y+0.2202217)"
          }
        },
        {
          "fitness": 0,
          "expressions": {
            "r": "(0.9405826-var((0.035757065-y)))",
            "b": "(0.1652838-var((x-y)))",
            "g": "(0.46831888-var((y-y)))"
          }
        },
        {
          "fitness": 0,
          "expressions": {
            "r": "max(min(cos(x),0.15403497),auh(y,pow(y,0.53018403)))",
            "b": "max(min(cos(y),y),auh(y,pow(x,x)))",
            "g": "max(min(cos(0.44560236),y),auh(x,pow(0.9836265,x)))"
          }
        },
        {
          "fitness": 0,
          "expressions": {
            "r": "min(aud(x,y),aul(tan(y),var(x)))",
            "b": "min(aud(y,y),aul(tan(x),var(y)))",
            "g": "min(aud(y,0.92802304),aul(tan(y),var(y)))"
          }
        },
        {
          "fitness": 0,
          "expressions": {
            "r": "(0.0+0.053700686)",
            "b": "(x+y)",
            "g": "(0.056414545+y)"
          }
        },
        {
          "fitness": 0,
          "expressions": {
            "r": "(x+y)",
            "b": "(x+0.8155761)",
            "g": "(y+x)"
          }
        },
        {
          "fitness": 0,
          "expressions": {
            "r": "pow((min(max(y,y),pow(0.65507716,x))/aul(0.33385563,y)),(min(0.6916412,x)*y))",
            "b": "pow((min(max(0.79196477,0.030568779),pow(0.2623812,x))/aul(y,0.5532226)),(min(0.50994587,x)*y))",
            "g": "pow((min(max(0.22977018,y),pow(y,x))/aul(x,y)),(min(y,x)*x))"
          }
        },
        {
          "fitness": 0,
          "expressions": {
            "r": "(y+0.55414796)",
            "b": "(y+0.512958)",
            "g": "(y+y)"
          }
        },
        {
          "fitness": 0,
          "expressions": {
            "r": "(x+y)",
            "b": "(x+0.8155761)",
            "g": "(y+x)"
          }
        },
        {
          "fitness": 0,
          "expressions": {
            "r": "(var((0.035757065+y))+0.053700686)",
            "b": "(var((0.9282571+y))+y)",
            "g": "(var((y+y))+y)"
          }
        },
        {
          "fitness": 0,
          "expressions": {
            "r": "max(y,sin(auh(x,y)))",
            "b": "max(x,sin(auh(y,x)))",
            "g": "max(0.083266675,sin(auh(x,x)))"
          }
        },
        {
          "fitness": 0,
          "expressions": {
            "r": "auh(min(aud(x,y),aul(tan(y),sin(0.9403494))),x)",
            "b": "auh(min(aud(y,y),aul(tan(x),sin(x))),0.655517)",
            "g": "auh(min(aud(y,0.92802304),aul(tan(y),sin(x))),0.21548456)"
          }
        }
      ],
      "timestamp": "23h:22m:20s"
    }
  ],
  "timestamp": "2024-07-24-23-22-15"
}