{
  "id": "34ico3dh-i0jp-kcwk-4x25-e9x2qu8z6q58",
  "parameters": {
    "crossoverRate": 0.30000001192092896,
    "eliteSize": 2,
    "tournamentSize": 3,
    "mutationRate": 0.8999999761581421,
    "populationSize": 10
  },
  "populations": [{
    "generation": 0,
    "id": "7l35vfow-72l3-7y8n-41tj-mozkvazy603o",
    "individuals": [
      {
        "fitness": 0,
        "expressions": {
          "r": "pow(0.9419489,aul((x+x),var(0.0141400695)))",
          "b": "pow(x,aul((x+0.40137863),var(x)))",
          "g": "pow(0.67466015,aul((y+x),var(y)))"
        }
      },
      {
        "fitness": 0,
        "expressions": {
          "r": "(y+0.4949003)",
          "b": "(y+x)",
          "g": "(y+0.019952416)"
        }
      },
      {
        "fitness": 0,
        "expressions": {
          "r": "pow((x+x),max(y,(y+x)))",
          "b": "pow((0.5704649+x),max(y,(x+0.61688554)))",
          "g": "pow((0.21856445+x),max(0.9206963,(x+0.4469204)))"
        }
      },
      {
        "fitness": 0,
        "expressions": {
          "r": "max(max((0.60347915/x),y),y)",
          "b": "max(max((0.92361975/y),x),y)",
          "g": "max(max((0.42185408/y),y),x)"
        }
      },
      {
        "fitness": 0,
        "expressions": {
          "r": "var(var(pow(0.6963356,0.43815547)))",
          "b": "var(var(pow(0.87530637,y)))",
          "g": "var(var(pow(0.55195874,y)))"
        }
      },
      {
        "fitness": 0,
        "expressions": {
          "r": "aul(max((x+x),0.9822319),cos(y))",
          "b": "aul(max((y+x),x),cos(x))",
          "g": "aul(max((y+y),x),cos(x))"
        }
      },
      {
        "fitness": 0,
        "expressions": {
          "r": "(y+y)",
          "b": "(0.26288867+0.9660523)",
          "g": "(0.87301594+y)"
        }
      },
      {
        "fitness": 0,
        "expressions": {
          "r": "(x+x)",
          "b": "(y+x)",
          "g": "(y+0.7314688)"
        }
      },
      {
        "fitness": 0,
        "expressions": {
          "r": "(y+0.26383853)",
          "b": "(x+0.07605064)",
          "g": "(x+0.6610177)"
        }
      },
      {
        "fitness": 0,
        "expressions": {
          "r": "(y/0.3025639)",
          "b": "(0.22166544/y)",
          "g": "(y/0.81692916)"
        }
      },
      {
        "fitness": 0,
        "expressions": {
          "r": "auh(aud(0.7944653,aul(0.9432074,0.1264118)),x)",
          "b": "auh(aud(0.297845,aul(y,y)),y)",
          "g": "auh(aud(y,aul(0.975381,y)),x)"
        }
      },
      {
        "fitness": 0,
        "expressions": {
          "r": "var(auh(aud(0.9581285,y),(0.93994564*0.7530511)))",
          "b": "var(auh(aud(0.64564884,x),(x*0.4400164)))",
          "g": "var(auh(aud(0.50427157,0.31012863),(y*0.2935776)))"
        }
      },
      {
        "fitness": 0,
        "expressions": {
          "r": "(y+y)",
          "b": "(y+0.96978056)",
          "g": "(0.3217848+x)"
        }
      },
      {
        "fitness": 0,
        "expressions": {
          "r": "sin(y)",
          "b": "sin(y)",
          "g": "sin(x)"
        }
      },
      {
        "fitness": 0,
        "expressions": {
          "r": "(x+0.21650094)",
          "b": "(x+x)",
          "g": "(y+x)"
        }
      },
      {
        "fitness": 0,
        "expressions": {
          "r": "(y-x)",
          "b": "(y-0.608737)",
          "g": "(0.62648624-y)"
        }
      },
      {
        "fitness": 0,
        "expressions": {
          "r": "min(y,var(0.9038488))",
          "b": "min(x,var(y))",
          "g": "min(x,var(y))"
        }
      },
      {
        "fitness": 0,
        "expressions": {
          "r": "(y+x)",
          "b": "(y+x)",
          "g": "(0.351268+y)"
        }
      }
    ],
    "timestamp": "22h:41m:27s"
  }],
  "timestamp": "2024-07-24-22-41-25"
}