{
  "id": "35437qk1-0q9n-tafb-6mln-mrbb3n2urz70",
  "parameters": {
    "crossoverRate": 0,
    "eliteSize": 0,
    "tournamentSize": 0,
    "mutationRate": 0,
    "populationSize": 0
  },
  "populations": [
    {
      "generation": 0,
      "id": "78wqltlq-1pe6-jqc0-0kpa-oy3bgozqcsoz",
      "individuals": [
        {
          "fitness": 0,
          "expressions": {
            "r": "add(0.5997753,y)",
            "b": "add(x,y)",
            "g": "add(y,y)"
          }
        },
        {
          "fitness": 0,
          "expressions": {
            "r": "div(0.3932879,x)",
            "b": "div(x,0.55523634)",
            "g": "div(0.8049743,0.48656106)"
          }
        },
        {
          "fitness": 0,
          "expressions": {
            "r": "add(y,x)",
            "b": "add(y,y)",
            "g": "add(y,y)"
          }
        },
        {
          "fitness": 0,
          "expressions": {
            "r": "add(0.043284655,y)",
            "b": "add(0.5129926,y)",
            "g": "add(y,0.18501234)"
          }
        },
        {
          "fitness": 0,
          "expressions": {
            "r": "add(y,y)",
            "b": "add(0.964252,0.23234057)",
            "g": "add(0.42261887,y)"
          }
        },
        {
          "fitness": 0,
          "expressions": {
            "r": "add(y,x)",
            "b": "add(y,y)",
            "g": "add(0.12226224,y)"
          }
        },
        {
          "fitness": 0,
          "expressions": {
            "r": "max(y,x)",
            "b": "max(y,0.61269903)",
            "g": "max(x,y)"
          }
        },
        {
          "fitness": 0,
          "expressions": {
            "r": "add(0.38619494,y)",
            "b": "add(y,x)",
            "g": "add(0.56747293,x)"
          }
        },
        {
          "fitness": 0,
          "expressions": {
            "r": "div(0.13428259,0.86322975)",
            "b": "div(y,x)",
            "g": "div(y,0.9885676)"
          }
        },
        {
          "fitness": 0,
          "expressions": {
            "r": "sin(0.20261669)",
            "b": "sin(0.03289652)",
            "g": "sin(x)"
          }
        },
        {
          "fitness": 0,
          "expressions": {
            "r": "add(y,x)",
            "b": "add(y,x)",
            "g": "add(x,x)"
          }
        },
        {
          "fitness": 0,
          "expressions": {
            "r": "sin(y)",
            "b": "sin(0.799474)",
            "g": "sin(y)"
          }
        },
        {
          "fitness": 0,
          "expressions": {
            "r": "div(x,y)",
            "b": "div(0.3293395,0.43514705)",
            "g": "div(y,x)"
          }
        },
        {
          "fitness": 0,
          "expressions": {
            "r": "add(x,y)",
            "b": "add(y,0.052986145)",
            "g": "add(y,y)"
          }
        },
        {
          "fitness": 0,
          "expressions": {
            "r": "add(0.7521961,y)",
            "b": "add(y,0.37353635)",
            "g": "add(0.07712245,0.25408363)"
          }
        },
        {
          "fitness": 0,
          "expressions": {
            "r": "tan(y)",
            "b": "tan(x)",
            "g": "tan(0.837893)"
          }
        },
        {
          "fitness": 0,
          "expressions": {
            "r": "add(x,0.9674797)",
            "b": "add(0.8110211,0.4214399)",
            "g": "add(y,0.062077045)"
          }
        },
        {
          "fitness": 0,
          "expressions": {
            "r": "mul(y,0.3212607)",
            "b": "mul(y,x)",
            "g": "mul(x,0.95008683)"
          }
        }
      ],
      "timestamp": "22h:27m:49s"
    },
    {
      "generation": 1,
      "ascendantID": "78wqltlq-1pe6-jqc0-0kpa-oy3bgozqcsoz",
      "id": "ihr0q131-2xfw-uxh6-anri-h362815ngfgd",
      "individuals": [
        {
          "fitness": 0,
          "expressions": {
            "r": "add(0.5997753,y)",
            "b": "add(x,y)",
            "g": "add(y,y)"
          }
        },
        {
          "fitness": 0,
          "expressions": {
            "r": "sin(0.13428259)",
            "b": "sin(y)",
            "g": "sin(y)"
          }
        },
        {
          "fitness": 0,
          "expressions": {
            "r": "add(0.043284655,x)",
            "b": "add(0.5129926,0.7959132)",
            "g": "add(y,y)"
          }
        },
        {
          "fitness": 0,
          "expressions": {
            "r": "add(0.5997753,sub(x,x))",
            "b": "add(x,sub(x,y))",
            "g": "add(y,sub(0.27743483,x))"
          }
        },
        {
          "fitness": 0,
          "expressions": {
            "r": "add(0.38619494,y)",
            "b": "add(y,x)",
            "g": "add(0.56747293,x)"
          }
        },
        {
          "fitness": 0,
          "expressions": {
            "r": "add(0.5997753,0.18737125)",
            "b": "add(x,y)",
            "g": "add(y,y)"
          }
        },
        {
          "fitness": 0,
          "expressions": {
            "r": "add(0.7521961,y)",
            "b": "add(y,x)",
            "g": "add(0.07712245,x)"
          }
        },
        {
          "fitness": 0,
          "expressions": {
            "r": "add(x,x)",
            "b": "add(y,0.052986145)",
            "g": "add(y,y)"
          }
        },
        {
          "fitness": 0,
          "expressions": {
            "r": "add(pow(y,x),y)",
            "b": "add(pow(y,0.101811886),y)",
            "g": "add(pow(y,y),0.11704254)"
          }
        },
        {
          "fitness": 0,
          "expressions": {
            "r": "tan(y)",
            "b": "tan(x)",
            "g": "tan(0.837893)"
          }
        },
        {
          "fitness": 0,
          "expressions": {
            "r": "add(x,0.9674797)",
            "b": "add(0.8110211,0.21133828)",
            "g": "add(0.04706168,0.062077045)"
          }
        },
        {
          "fitness": 0,
          "expressions": {
            "r": "add(add(0.080275536,y),y)",
            "b": "add(add(0.9857013,y),0.12003565)",
            "g": "add(add(0.35782242,y),0.25408363)"
          }
        },
        {
          "fitness": 0,
          "expressions": {
            "r": "add(0.70533895,y)",
            "b": "add(x,y)",
            "g": "add(0.12756991,x)"
          }
        },
        {
          "fitness": 0,
          "expressions": {
            "r": "div(0.39970684,0.86322975)",
            "b": "div(y,x)",
            "g": "div(y,0.9885676)"
          }
        },
        {
          "fitness": 0,
          "expressions": {
            "r": "sin(y)",
            "b": "sin(0.799474)",
            "g": "sin(y)"
          }
        },
        {
          "fitness": 0,
          "expressions": {
            "r": "add(y,0.47320604)",
            "b": "add(y,x)",
            "g": "add(x,y)"
          }
        },
        {
          "fitness": 0,
          "expressions": {
            "r": "mul(y,0.3212607)",
            "b": "mul(0.37353635,x)",
            "g": "mul(0.25408363,0.95008683)"
          }
        },
        {
          "fitness": 0,
          "expressions": {
            "r": "mul(x,y)",
            "b": "mul(0.3293395,0.43514705)",
            "g": "mul(y,x)"
          }
        }
      ],
      "timestamp": "22h:28m:1s"
    },
    {
      "generation": 2,
      "ascendantID": "ihr0q131-2xfw-uxh6-anri-h362815ngfgd",
      "id": "fx0ltgis-56oz-sg07-ntd6-q1mj1c6ze7bg",
      "individuals": [
        {
          "fitness": 0,
          "expressions": {
            "r": "add(0.5997753,y)",
            "b": "add(x,y)",
            "g": "add(y,y)"
          }
        },
        {
          "fitness": 0,
          "expressions": {
            "r": "add(y,0.9674797)",
            "b": "add(y,0.21133828)",
            "g": "add(x,0.062077045)"
          }
        },
        {
          "fitness": 0,
          "expressions": {
            "r": "add(add(0.080275536,x),y)",
            "b": "add(add(0.9857013,y),0.12003565)",
            "g": "add(add(0.35782242,y),0.25408363)"
          }
        },
        {
          "fitness": 0,
          "expressions": {
            "r": "add(y,0.18737125)",
            "b": "add(0.799474,y)",
            "g": "add(y,y)"
          }
        },
        {
          "fitness": 0,
          "expressions": {
            "r": "add(x,y)",
            "b": "add(0.8110211,y)",
            "g": "add(0.04706168,x)"
          }
        },
        {
          "fitness": 0,
          "expressions": {
            "r": "mul(x,y)",
            "b": "mul(0.3293395,0.43514705)",
            "g": "mul(y,x)"
          }
        },
        {
          "fitness": 0,
          "expressions": {
            "r": "mul(x,y)",
            "b": "mul(0.3293395,y)",
            "g": "mul(y,0.11704254)"
          }
        },
        {
          "fitness": 0,
          "expressions": {
            "r": "add(0.5997753,mul(x,x))",
            "b": "add(x,mul(x,y))",
            "g": "add(y,mul(0.27743483,x))"
          }
        },
        {
          "fitness": 0,
          "expressions": {
            "r": "add(add(0.080275536,y),sub(x,x))",
            "b": "add(add(0.9857013,y),sub(x,y))",
            "g": "add(add(0.11804843,y),sub(0.27743483,x))"
          }
        },
        {
          "fitness": 0,
          "expressions": {
            "r": "add(y,y)",
            "b": "add(y,x)",
            "g": "add(x,x)"
          }
        },
        {
          "fitness": 0,
          "expressions": {
            "r": "add(add(0.080275536,y),y)",
            "b": "add(add(0.9857013,y),0.12003565)",
            "g": "add(add(0.35782242,y),0.25408363)"
          }
        },
        {
          "fitness": 0,
          "expressions": {
            "r": "add(0.5997753,mul(x,x))",
            "b": "add(x,mul(x,y))",
            "g": "add(y,mul(0.27743483,x))"
          }
        },
        {
          "fitness": 0,
          "expressions": {
            "r": "tan(add(0.07964897,0.6660104))",
            "b": "tan(add(x,0.21753263))",
            "g": "tan(add(0.5829179,y))"
          }
        },
        {
          "fitness": 0,
          "expressions": {
            "r": "add(y,0.50448585)",
            "b": "add(y,x)",
            "g": "add(x,y)"
          }
        },
        {
          "fitness": 0,
          "expressions": {
            "r": "add(y,0.36797237)",
            "b": "add(y,x)",
            "g": "add(x,y)"
          }
        },
        {
          "fitness": 0,
          "expressions": {
            "r": "sin(y)",
            "b": "sin(0.251827)",
            "g": "sin(x)"
          }
        },
        {
          "fitness": 0,
          "expressions": {
            "r": "div(y,0.3212607)",
            "b": "div(0.37353635,x)",
            "g": "div(0.25408363,0.95008683)"
          }
        },
        {
          "fitness": 0,
          "expressions": {
            "r": "sin(y)",
            "b": "sin(y)",
            "g": "sin(y)"
          }
        }
      ],
      "timestamp": "22h:28m:5s"
    }
  ],
  "timestamp": "2024-07-31-22-27-26"
}