{
  "id": "3rnxn6vs-bsyw-4emr-dkcy-ax3tvj4ruo4w",
  "parameters": {
    "crossoverRate": 0.30000001192092896,
    "eliteSize": 2,
    "tournamentSize": 3,
    "mutationRate": 0.8999999761581421,
    "populationSize": 10
  },
  "populations": [
    {
      "generation": 0,
      "id": "p2ae9k99-0n7f-3fep-f93y-k3osfrx9lghj",
      "individuals": [
        {
          "fitness": 0,
          "expressions": {
            "r": "aud(tan(0.39186502),aud(y,sin(0.65420437)))",
            "b": "aud(tan(0.6870405),aud(0.32357562,sin(0.67445916)))",
            "g": "aud(tan(x),aud(0.41748083,sin(x)))"
          }
        },
        {
          "fitness": 0,
          "expressions": {
            "r": "(x+y)",
            "b": "(0.092553735+y)",
            "g": "(0.43071842+0.18954724)"
          }
        },
        {
          "fitness": 0,
          "expressions": {
            "r": "pow(y,0.8756136)",
            "b": "pow(x,x)",
            "g": "pow(x,y)"
          }
        },
        {
          "fitness": 0,
          "expressions": {
            "r": "((aul(y,0.6281955)*aul(y,0.69626695))+((y-x)*(x*x)))",
            "b": "((aul(y,y)*aul(0.5838164,0.8454121))+((y-x)*(0.9769229*x)))",
            "g": "((aul(y,y)*aul(y,x))+((x-x)*(0.86857116*x)))"
          }
        },
        {
          "fitness": 0,
          "expressions": {
            "r": "(aud(y,max(x,y))+aud(0.17998713,tan(y)))",
            "b": "(aud(x,max(y,x))+aud(0.96343553,tan(x)))",
            "g": "(aud(x,max(y,y))+aud(x,tan(x)))"
          }
        },
        {
          "fitness": 0,
          "expressions": {
            "r": "aul((0.78533596/y),(sin(y)-aud(y,x)))",
            "b": "aul((0.104207575/x),(sin(0.8978877)-aud(0.15422934,0.2021522)))",
            "g": "aul((0.5354322/y),(sin(0.9108324)-aud(x,0.12770623)))"
          }
        },
        {
          "fitness": 0,
          "expressions": {
            "r": "(y+x)",
            "b": "(x+y)",
            "g": "(x+0.19826925)"
          }
        },
        {
          "fitness": 0,
          "expressions": {
            "r": "(y+0.06757897)",
            "b": "(x+x)",
            "g": "(0.7004796+y)"
          }
        },
        {
          "fitness": 0,
          "expressions": {
            "r": "tan(x)",
            "b": "tan(x)",
            "g": "tan(y)"
          }
        },
        {
          "fitness": 0,
          "expressions": {
            "r": "(x+x)",
            "b": "(y+y)",
            "g": "(y+0.8223247)"
          }
        },
        {
          "fitness": 0,
          "expressions": {
            "r": "(x+x)",
            "b": "(y+y)",
            "g": "(y+x)"
          }
        },
        {
          "fitness": 0,
          "expressions": {
            "r": "aud(y,max(0.6682352,y))",
            "b": "aud(0.6103944,max(0.57833236,x))",
            "g": "aud(0.8426789,max(0.6612126,y))"
          }
        },
        {
          "fitness": 0,
          "expressions": {
            "r": "auh(x,y)",
            "b": "auh(x,x)",
            "g": "auh(0.21981132,0.6433722)"
          }
        },
        {
          "fitness": 0,
          "expressions": {
            "r": "(y+0.13456088)",
            "b": "(x+x)",
            "g": "(0.9248986+0.90928566)"
          }
        },
        {
          "fitness": 0,
          "expressions": {
            "r": "min(aud((y+y),0.5791227),y)",
            "b": "min(aud((x+0.3926137),y),y)",
            "g": "min(aud((y+y),x),y)"
          }
        },
        {
          "fitness": 0,
          "expressions": {
            "r": "(0.67538863+y)",
            "b": "(x+0.06393975)",
            "g": "(0.089016795+0.8614921)"
          }
        },
        {
          "fitness": 0,
          "expressions": {
            "r": "(0.31469768+x)",
            "b": "(x+y)",
            "g": "(x+y)"
          }
        },
        {
          "fitness": 0,
          "expressions": {
            "r": "max(0.8151716,x)",
            "b": "max(y,y)",
            "g": "max(0.9684039,y)"
          }
        }
      ],
      "timestamp": "23h:1m:26s"
    },
    {
      "generation": 1,
      "ascendantID": "p2ae9k99-0n7f-3fep-f93y-k3osfrx9lghj",
      "id": "9b2o28gh-j6sr-wnj9-uhn4-4vssvbjqlhde",
      "individuals": [
        {
          "fitness": 0,
          "expressions": {
            "r": "((aul(y,0.6281955)*aul(y,0.69626695))+((y-x)*(x*x)))",
            "b": "((aul(y,y)*aul(0.5838164,0.8454121))+((y-x)*(0.9769229*x)))",
            "g": "((aul(y,y)*aul(y,x))+((x-x)*(0.86857116*x)))"
          }
        },
        {
          "fitness": 0,
          "expressions": {
            "r": "((x+x)+(var(aul(y,0.0))+0.6022902))",
            "b": "((y+0.44475174)+(var(aul(0.69517046,0.0))+x))",
            "g": "((x+x)+(var(aul(0.11373031,0.0))+0.9918378))"
          }
        },
        {
          "fitness": 0,
          "expressions": {
            "r": "(0.67538863+y)",
            "b": "(x+0.06393975)",
            "g": "(0.089016795+0.8614921)"
          }
        },
        {
          "fitness": 0,
          "expressions": {
            "r": "((x+x)+(x+0.3701384))",
            "b": "((y+x)+(y+y))",
            "g": "((0.3642261+y)+(y+y))"
          }
        },
        {
          "fitness": 0,
          "expressions": {
            "r": "pow((0.1966381+y),0.8756136)",
            "b": "pow((x+0.12027097),x)",
            "g": "pow((0.83426964+y),y)"
          }
        },
        {
          "fitness": 0,
          "expressions": {
            "r": "((sin(cos(y))+0.55110955)+(x+0.04969722))",
            "b": "((sin(cos(0.82610124))+y)+(x+x))",
            "g": "((sin(cos(x))+y)+(y+0.68241584))"
          }
        },
        {
          "fitness": 0,
          "expressions": {
            "r": "(auh(min(0.66636246,0.007735312),(y+max(y,y)))+x)",
            "b": "(auh(min(y,0.30555654),(x+max(x,x)))+y)",
            "g": "(auh(min(0.27498096,x),(x+max(x,x)))+x)"
          }
        },
        {
          "fitness": 0,
          "expressions": {
            "r": "auh((y+0.8890652),y)",
            "b": "auh((x+x),x)",
            "g": "auh((x+y),0.6433722)"
          }
        },
        {
          "fitness": 0,
          "expressions": {
            "r": "(aud(0.31469768,max((y+y),(y+0.61958545)))+aud((0.8297476+y),tan(y)))",
            "b": "(aud(x,max((x+y),(x+x)))+aud((x+y),tan(x)))",
            "g": "(aud(x,max((x+y),(x+x)))+aud((x+x),tan(x)))"
          }
        },
        {
          "fitness": 0,
          "expressions": {
            "r": "aud(y,max(0.6682352,y))",
            "b": "aud(0.6103944,max(0.57833236,x))",
            "g": "aud(0.8426789,max(0.6612126,y))"
          }
        },
        {
          "fitness": 0,
          "expressions": {
            "r": "tan(x)",
            "b": "tan(x)",
            "g": "tan(y)"
          }
        },
        {
          "fitness": 0,
          "expressions": {
            "r": "pow((y+x),0.8756136)",
            "b": "pow((y+y),x)",
            "g": "pow((y+x),y)"
          }
        },
        {
          "fitness": 0,
          "expressions": {
            "r": "aud(tan((x+0.24796057)),aud((y+x),sin(0.65420437)))",
            "b": "aud(tan((0.9983527+y)),aud((x+y),sin(0.67445916)))",
            "g": "aud(tan((y+0.07747811)),aud((x+0.19826925),sin(x)))"
          }
        },
        {
          "fitness": 0,
          "expressions": {
            "r": "var((y+aud(0.88933665,aud(0.0,0.0))))",
            "b": "var((0.19700718+aud(y,aud(0.0,0.0))))",
            "g": "var((x+aud(x,aud(0.0,0.0))))"
          }
        },
        {
          "fitness": 0,
          "expressions": {
            "r": "(0.31469768+(x+x))",
            "b": "(x+(0.91964954+0.78759027))",
            "g": "(x+(x+0.9537481))"
          }
        },
        {
          "fitness": 0,
          "expressions": {
            "r": "aul((x+y),max((0.27041692+x),(0.1824165+y)))",
            "b": "aul((0.5940519+x),max((0.1376853+0.61828136),(0.597621+0.26523757)))",
            "g": "aul((y+y),max((0.88025075+x),(x+x)))"
          }
        },
        {
          "fitness": 0,
          "expressions": {
            "r": "((y+x)+(x+y))",
            "b": "((x+y)+(y+y))",
            "g": "((y+y)+(0.15389049+0.117510974))"
          }
        },
        {
          "fitness": 0,
          "expressions": {
            "r": "(y+y)",
            "b": "(x+0.6103944)",
            "g": "(x+0.8426789)"
          }
        }
      ],
      "timestamp": "23h:1m:52s"
    },
    {
      "generation": 2,
      "ascendantID": "9b2o28gh-j6sr-wnj9-uhn4-4vssvbjqlhde",
      "id": "1mc1myi4-unlt-0wrm-wkjq-o4ng3eyb8fmj",
      "individuals": [
        {
          "fitness": 0,
          "expressions": {
            "r": "((aul(y,0.6281955)*aul(y,0.69626695))+((y-x)*(x*x)))",
            "b": "((aul(y,y)*aul(0.5838164,0.8454121))+((y-x)*(0.9769229*x)))",
            "g": "((aul(y,y)*aul(y,x))+((x-x)*(0.86857116*x)))"
          }
        },
        {
          "fitness": 0,
          "expressions": {
            "r": "tan(x)",
            "b": "tan(x)",
            "g": "tan(y)"
          }
        },
        {
          "fitness": 0,
          "expressions": {
            "r": "aul((x+y),max((0.27041692+x),(0.1824165+aul(y,0.83090097))))",
            "b": "aul((0.5940519+x),max((0.1376853+0.61828136),(0.597621+aul(0.36206496,x))))",
            "g": "aul((y+y),max((0.88025075+x),(x+aul(y,0.82505983))))"
          }
        },
        {
          "fitness": 0,
          "expressions": {
            "r": "(aul(min(0.66636246,0.007735312),(y+min(y,y)))+tan(cos(x)))",
            "b": "(aul(min(y,0.30555654),(x+min(x,x)))+tan(cos(x)))",
            "g": "(aul(min(0.27498096,x),(x+min(x,x)))+tan(cos(0.6044081)))"
          }
        },
        {
          "fitness": 0,
          "expressions": {
            "r": "((aud(y,0.6281955)*aul(y,0.69626695))+((y-(y+y))-((0.9590113+0.11631292)*(y+0.84711653))))",
            "b": "((aud(y,y)*aul(0.5838164,0.8454121))+((y-(0.5050923+y))-((x+y)*(y+y))))",
            "g": "((aud(y,y)*aul(y,x))+((x-(x+x))-((x+x)*(y+x))))"
          }
        },
        {
          "fitness": 0,
          "expressions": {
            "r": "((x-(y+y))+(x+(x+0.48030388)))",
            "b": "((y-(x+x))+(y+(0.6101228+x)))",
            "g": "((0.3642261-(y+x))+(y+(0.9298802+x)))"
          }
        },
        {
          "fitness": 0,
          "expressions": {
            "r": "(y+y)",
            "b": "(x+0.6103944)",
            "g": "(x+0.8426789)"
          }
        },
        {
          "fitness": 0,
          "expressions": {
            "r": "((aul(y,0.6281955)*aul(y,0.69626695))+(((y+x)-(0.65584356+y))*(x*x)))",
            "b": "((aul(y,y)*aul(0.5838164,0.8454121))+(((y+0.12806922)-(x+0.054784834))*(0.9769229*x)))",
            "g": "((aul(y,y)*aul(y,x))+(((0.30979013+y)-(x+y))*(0.86857116*x)))"
          }
        },
        {
          "fitness": 0,
          "expressions": {
            "r": "pow(((0.12277722+y)+(x+0.32900262)),(x+x))",
            "b": "pow(((y+0.63230807)+(x+0.7374535)),(x+0.44477588))",
            "g": "pow(((0.9791715+y)+(y+x)),(x+y))"
          }
        },
        {
          "fitness": 0,
          "expressions": {
            "r": "((y+x)+tan(min(x,aud(y,y))))",
            "b": "((x+y)+tan(min(x,aud(y,0.1362564))))",
            "g": "((x+x)+tan(min(0.68803614,aud(0.17962736,0.9309706))))"
          }
        },
        {
          "fitness": 0,
          "expressions": {
            "r": "cos((x+y))",
            "b": "cos((0.110713184+0.84728765))",
            "g": "cos((0.88238436+0.21285868))"
          }
        },
        {
          "fitness": 0,
          "expressions": {
            "r": "aud(x,x)",
            "b": "aud(y,0.61828136)",
            "g": "aud(y,x)"
          }
        },
        {
          "fitness": 0,
          "expressions": {
            "r": "(auh(min((y+y),0.007735312),((y+y)+auh(y,0.9449678)))+(0.91051877+y))",
            "b": "(auh(min((x+0.60455865),0.30555654),((y+y)+auh(x,0.67445916)))+(y+x))",
            "g": "(auh(min((0.49582815+x),x),((y+y)+auh(x,x)))+(0.8756334+0.74072385))"
          }
        },
        {
          "fitness": 0,
          "expressions": {
            "r": "pow(((y+x)+y),0.8756136)",
            "b": "pow(((0.3983016+y)+0.12027097),x)",
            "g": "pow(((y+0.9693965)+y),y)"
          }
        },
        {
          "fitness": 0,
          "expressions": {
            "r": "(auh(min(0.66636246,(y+y)),(0.37557167+auh(y,y)))+x)",
            "b": "(auh(min(y,(y+x)),(0.8957922+auh(x,x)))+y)",
            "g": "(auh(min(0.27498096,(0.13800538+x)),(y+auh(x,x)))+x)"
          }
        },
        {
          "fitness": 0,
          "expressions": {
            "r": "aud(y,max(0.6682352,y))",
            "b": "aud(y,max(0.57833236,x))",
            "g": "aud(0.117510974,max(0.6612126,y))"
          }
        },
        {
          "fitness": 0,
          "expressions": {
            "r": "min((0.62778014+x),(y+y))",
            "b": "min((x+y),(y+y))",
            "g": "min((0.09779602+x),(y+0.9829003))"
          }
        },
        {
          "fitness": 0,
          "expressions": {
            "r": "((aul(y,0.6281955)*auh(y,0.69626695))+(((0.83078456+y)-(x+x))*(aud(y,0.6281955)/aul(y,0.69626695))))",
            "b": "((aul(y,y)*auh(0.5838164,0.8454121))+(((0.6887444+y)-(y+0.73711663))*(aud(y,y)/aul(0.5838164,0.8454121))))",
            "g": "((aul(y,y)*auh(y,x))+(((0.4089514+y)-(y+y))*(aud(y,y)/aul(y,x))))"
          }
        }
      ],
      "timestamp": "23h:1m:55s"
    },
    {
      "generation": 3,
      "ascendantID": "1mc1myi4-unlt-0wrm-wkjq-o4ng3eyb8fmj",
      "id": "ju38pl12-4qdm-npcn-lkog-tfgoko5mhez8",
      "individuals": [
        {
          "fitness": 0,
          "expressions": {
            "r": "((aul(y,0.6281955)*aul(y,0.69626695))+((y-x)*(x*x)))",
            "b": "((aul(y,y)*aul(0.5838164,0.8454121))+((y-x)*(0.9769229*x)))",
            "g": "((aul(y,y)*aul(y,x))+((x-x)*(0.86857116*x)))"
          }
        },
        {
          "fitness": 0,
          "expressions": {
            "r": "(y+(x+x))",
            "b": "(x+(y+0.9524433))",
            "g": "(x+(x+0.52659416))"
          }
        },
        {
          "fitness": 0,
          "expressions": {
            "r": "((aud((x+y),0.6281955)*aud(y,(x+0.73611313)))+((y-(x+0.8029393))*((0.39337903+x)*(0.65330493+y))))",
            "b": "((aud((0.07469058+0.74666977),y)*aud(0.5838164,(0.5092757+x)))+((y-(y+0.7438007))*((x+0.22791284)*(x+x))))",
            "g": "((aud((x+x),y)*aud(y,(0.9215952+x)))+((x-(x+x))*((y+0.6921859)*(y+y))))"
          }
        },
        {
          "fitness": 0,
          "expressions": {
            "r": "pow((((y+y)+y)+((x+x)+(y+x))),(y+x))",
            "b": "pow((((0.72846025+0.785454)+0.63230807)+((y+0.14267528)+(y+y))),(0.6103944+0.44477588))",
            "g": "pow((((x+y)+y)+((0.63576454+0.6266606)+(x+0.20927328))),(0.8426789+y))"
          }
        },
        {
          "fitness": 0,
          "expressions": {
            "r": "(((0.5919612+y)+x)+var(pow(x,aud(y,y))))",
            "b": "(((0.08460045+0.23463893)+y)+var(pow(x,aud(y,0.1362564))))",
            "g": "(((0.5109397+x)+x)+var(pow(0.68803614,aud(0.17962736,0.9309706))))"
          }
        },
        {
          "fitness": 0,
          "expressions": {
            "r": "((auh(y,0.6281955)*auh((y+0.9235305),(x+x)))+(((0.83078456+y)*var(0.0))*(aud(y,0.6281955)/aul(y,0.69626695))))",
            "b": "((auh(y,y)*auh((x+0.9269509),(y+x)))+(((0.569648+y)*var(0.0))*(aud(y,y)/aul(0.31802064,0.8454121))))",
            "g": "((auh(y,y)*auh((y+0.13807207),(x+x)))+(((0.4089514+y)*var(0.0))*(aud(y,y)/aul(y,x))))"
          }
        },
        {
          "fitness": 0,
          "expressions": {
            "r": "(0.12277722+(((0.83078456+y)*(x+y))-(aud(y,0.6281955)/aul(y,0.69626695))))",
            "b": "(y+(((0.6887444+y)*(y+x))-(aud(y,y)/aul(0.5838164,0.8454121))))",
            "g": "(0.9791715+(((0.4089514+y)*(y+0.5645385))-(aud(y,y)/aul(y,x))))"
          }
        },
        {
          "fitness": 0,
          "expressions": {
            "r": "min(((y+x)+(x+x)),(y+y))",
            "b": "min(((x+x)+(y+y)),(y+y))",
            "g": "min(((0.82543194+y)+(y+x)),(y+0.9829003))"
          }
        },
        {
          "fitness": 0,
          "expressions": {
            "r": "aud(x,(min(y,y)/x))",
            "b": "aud(y,(min(x,y)/y))",
            "g": "aud(y,(min(y,y)/x))"
          }
        },
        {
          "fitness": 0,
          "expressions": {
            "r": "pow((((y+y)+(y+x))+(x+0.32900262)),(x+(x+0.1055873)))",
            "b": "pow((((x+y)+(y+y))+(x+0.7374535)),(x+(x+0.75649077)))",
            "g": "pow((((0.591082+x)+(x+0.725871))+(y+x)),(x+(0.60396194+x)))"
          }
        },
        {
          "fitness": 0,
          "expressions": {
            "r": "min(((y+y)+y),0.8756136)",
            "b": "min(((0.3983016+y)+0.12027097),x)",
            "g": "min(((y+y)+y),y)"
          }
        },
        {
          "fitness": 0,
          "expressions": {
            "r": "pow(((y+(0.7406287+0.51012146))+(x+0.46657008)),0.8756136)",
            "b": "pow(((0.3983016+(y+y))+(y+x)),x)",
            "g": "pow(((y+(x+y))+(x+0.8669951)),y)"
          }
        },
        {
          "fitness": 0,
          "expressions": {
            "r": "((aul((x+y),0.6281955)/aul((0.118914485+y),(y+x)))+((y-x)*(x*x)))",
            "b": "((aul((0.5062657+y),y)/aul((0.426804+x),(0.31561393+y)))+((y-x)*(0.9769229*x)))",
            "g": "((aul((y+y),y)/aul((y+x),(0.3846218+0.77565247)))+((x-x)*(0.86857116*x)))"
          }
        },
        {
          "fitness": 0,
          "expressions": {
            "r": "min(((0.52009624+0.88713706)-(0.40415812+0.68040776)),(y+y))",
            "b": "min(((0.4593585+x)-(x+x)),(y+y))",
            "g": "min(((0.066294014+x)-(y+y)),(y+0.9829003))"
          }
        },
        {
          "fitness": 0,
          "expressions": {
            "r": "((auh((y+y),0.6281955)*auh((0.36448145+x),0.69626695))+(((0.83078456+y)-(x+x))*(aud(y,0.0)/aul(y,0.9770658))))",
            "b": "((auh((y+x),y)*auh((y+y),0.8454121))+(((0.8514911+y)-(y+0.46897817))*(aud(y,0.0)/aul(0.5838164,0.8454121))))",
            "g": "((auh((y+0.36608452),y)*auh((0.12113124+y),x))+(((0.4089514+y)-(y+y))*(aud(y,0.0)/aul(y,x))))"
          }
        },
        {
          "fitness": 0,
          "expressions": {
            "r": "((aul(y,0.6281955)/auh(y,0.69626695))+(((0.83078456+y)-(x+x))-(aud(y,0.6281955)/aul(y,0.69626695))))",
            "b": "((aul(y,y)/auh(0.5838164,0.8454121))+(((0.6887444+y)-(y+0.73711663))-(aud(y,y)/aul(0.5838164,0.8454121))))",
            "g": "((aul(y,y)/auh(y,x))+(((0.4089514+y)-(y+y))-(aud(y,y)/aul(y,x))))"
          }
        },
        {
          "fitness": 0,
          "expressions": {
            "r": "((aud((x+x),0.6281955)/aul(y,0.69626695))+(((0.83078456+y)-(x+x))/(aud(y,0.6281955)/aul(y,0.69626695))))",
            "b": "((aud((y+x),y)/aul(0.5838164,0.8454121))+(((0.6887444+y)-(y+0.73711663))/(aud(y,y)/aul(0.5838164,0.8454121))))",
            "g": "((aud((0.3514232+y),y)/aul(y,x))+(((0.4089514+y)-(y+y))/(aud(y,y)/aul(y,x))))"
          }
        },
        {
          "fitness": 0,
          "expressions": {
            "r": "((x-((y+y)+y))+((x+x)+((x+0.7042238)+0.48030388)))",
            "b": "((y-((x+x)+x))+((x+0.21688092)+((0.23281306+x)+x)))",
            "g": "((0.3642261-((y+0.30650783)+x))+((y+0.71692353)+((y+0.7562447)+x)))"
          }
        }
      ],
      "timestamp": "23h:1m:59s"
    },
    {
      "generation": 4,
      "ascendantID": "ju38pl12-4qdm-npcn-lkog-tfgoko5mhez8",
      "id": "6ncj68ts-3c8n-abzv-mall-om0sdwp8pmol",
      "individuals": [
        {
          "fitness": 0,
          "expressions": {
            "r": "((aud((x+x),0.6281955)/aul(y,0.69626695))+(((0.83078456+y)-(x+x))/(aud(y,0.6281955)/aul(y,0.69626695))))",
            "b": "((aud((y+x),y)/aul(0.5838164,0.8454121))+(((0.6887444+y)-(y+0.73711663))/(aud(y,y)/aul(0.5838164,0.8454121))))",
            "g": "((aud((0.3514232+y),y)/aul(y,x))+(((0.4089514+y)-(y+y))/(aud(y,y)/aul(y,x))))"
          }
        },
        {
          "fitness": 0,
          "expressions": {
            "r": "aud((y+y),(min((y+x),(y+x))/(x+0.47018105)))",
            "b": "aud((0.80708545+0.22638434),(min((x+x),(x+x))/(x+x)))",
            "g": "aud((x+x),(min((x+y),(y+0.18804324))/(y+x)))"
          }
        },
        {
          "fitness": 0,
          "expressions": {
            "r": "(0.12277722+((0.7125544*(x+y))-(aud(y,0.9178734)/aul(y,0.69626695))))",
            "b": "(y+((y*(y+x))-(aud(y,y)/aul(0.5838164,0.8454121))))",
            "g": "(0.9791715+((y*(y+0.84141916))-(aud(y,y)/aul(y,x))))"
          }
        },
        {
          "fitness": 0,
          "expressions": {
            "r": "aud((y+y),(y+0.54105324))",
            "b": "aud((y+y),(0.39575833+y))",
            "g": "aud((0.3539799+x),(y+y))"
          }
        },
        {
          "fitness": 0,
          "expressions": {
            "r": "((aud((y+y),0.6281955)*aud((x+y),(x+0.43758076)))+(((x+y)-(0.11973455+0.8029393))-(cos(0.0)*y)))",
            "b": "((aud((0.07469058+0.74666977),y)*aud((y+0.7833411),(0.5092757+x)))+(((y+0.9370408)-(0.0+0.8370631))-(cos(0.0)*y)))",
            "g": "((aud((x+x),y)*aud((0.11827326+0.3752185),(0.9215952+x)))+(((x+0.46395868)-(0.0+x))-(cos(0.0)*y)))"
          }
        },
        {
          "fitness": 0,
          "expressions": {
            "r": "aul((x+0.5137734),sin(min(y,(x+x))))",
            "b": "aul((x+x),sin(min(x,(0.20027018+x))))",
            "g": "aul((x+x),sin(min(y,(0.81569266+y))))"
          }
        },
        {
          "fitness": 0,
          "expressions": {
            "r": "var(x)",
            "b": "var(y)",
            "g": "var(y)"
          }
        },
        {
          "fitness": 0,
          "expressions": {
            "r": "((aud((x+x),0.6281955)/aul((x+0.035466313),0.69626695))+(((0.83078456+y)-(x+x))/(aud(y,0.6281955)/aul(y,0.69626695))))",
            "b": "((aud((y+x),y)/aul((0.69215655+x),0.8454121))+(((0.6887444+y)-(y+0.5977776))/(aud(y,y)/aul(0.5838164,0.8454121))))",
            "g": "((aud((0.3514232+y),y)/aul((0.6042436+x),x))+(((0.4089514+y)-(y+y))/(aud(y,y)/aul(y,x))))"
          }
        },
        {
          "fitness": 0,
          "expressions": {
            "r": "((aud((x-x),0.6281955)/auh((x+y),0.69626695))+(((0.83078456+y)-(x+x))-(aud(y,0.6281955)/x)))",
            "b": "((aud((y-x),y)/auh((y+0.2890241),0.8454121))+(((0.6887444+y)-(y+0.73711663))-(aud(y,y)/0.3303666)))",
            "g": "((aud((0.3514232-y),y)/auh((y+0.28450423),x))+(((0.4089514+y)-(y+y))-(aud(x,y)/x)))"
          }
        },
        {
          "fitness": 0,
          "expressions": {
            "r": "((aud((x+0.7996968),0.6281955)-aul(y,min(y,0.0)))+(((0.83078456+y)-(x+x))/(aud(y,0.6281955)/aul(y,0.43046647))))",
            "b": "((aud((y+x),y)-aul(0.5838164,min(x,0.0)))+(((0.6887444+y)-(y+y))/(aud(y,y)/aul(0.5838164,0.8454121))))",
            "g": "((aud((0.3514232+y),y)-aul(y,min(y,0.0)))+(((0.4089514+y)-(y+x))/(aud(y,y)/aul(y,x))))"
          }
        },
        {
          "fitness": 0,
          "expressions": {
            "r": "((aud((x+x),0.6281955)/aul(y,0.69626695))+(((0.83078456+y)*(x+x))/(aud(y,0.6281955)/aul(y,0.69626695))))",
            "b": "((aud((y+x),y)/aul(0.5838164,0.8454121))+(((0.6887444+y)*(y+0.73711663))/(aud(y,y)/aul(0.5838164,0.8454121))))",
            "g": "((aud((0.3514232+y),y)/aul(y,x))+(((0.4089514+y)*(y+y))/(aud(y,y)/aul(y,x))))"
          }
        },
        {
          "fitness": 0,
          "expressions": {
            "r": "(0.12277722+(((0.83078456*y)*(x+y))-(aud(y,0.6281955)/aud(y,0.69626695))))",
            "b": "(y+(((0.7665537*y)*(y+x))-(aud(y,y)/aud(0.5838164,0.8454121))))",
            "g": "(0.9791715+(((0.4089514*y)*(y+0.5853701))-(aud(y,y)/aud(y,x))))"
          }
        },
        {
          "fitness": 0,
          "expressions": {
            "r": "((aud((x+x),(0.966853+0.92033297))/aul(y,0.69626695))+(cos((0.0*0.0))/(aud(y,0.6281955)/auh(y,0.69626695))))",
            "b": "((aud((y+x),(x+0.9034676))/aul(0.5838164,0.8454121))+(cos((0.0*0.0))/(aud(y,y)/auh(0.5838164,0.8454121))))",
            "g": "((aud((0.3514232+y),(x+x))/aul(y,x))+(cos((0.0*0.0))/(aud(y,y)/auh(y,x))))"
          }
        },
        {
          "fitness": 0,
          "expressions": {
            "r": "pow((((x+y)+(y+x))+((y+y)+0.32900262)),(x+((0.2445674+y)+(0.6615495+y))))",
            "b": "pow((((y+y)+(y+y))+((0.10573465+x)+0.7374535)),(x+((x+0.23731005)+(x+y))))",
            "g": "pow((((x+x)+(x+0.725871))+((0.42687035+0.3957045)+x)),(x+((x+x)+(x+x))))"
          }
        },
        {
          "fitness": 0,
          "expressions": {
            "r": "((aul((x+y),0.6281955)/aul((0.118914485-y),(y+x)))-(x*(x*(y+y))))",
            "b": "((aul((0.5062657+y),y)/aul((0.426804-x),(0.31561393+y)))-(y*(0.9769229*(0.73619217+x))))",
            "g": "((aul((y+y),y)/aul((y-x),(0.3846218+0.85623765)))-(0.13862425*(0.86857116*(y+0.03167796))))"
          }
        },
        {
          "fitness": 0,
          "expressions": {
            "r": "(y+((0.78457063+(0.7548487+x))+x))",
            "b": "(x+((0.67943877+(0.5555572+0.80392224))+0.9524433))",
            "g": "(x+((0.55682606+(y+x))+0.52659416))"
          }
        },
        {
          "fitness": 0,
          "expressions": {
            "r": "((aul((x+y),0.6281955)-aul((0.118914485+y),(y+0.749302)))+(tan(x)*((y+x)*x)))",
            "b": "((aul((0.5062657+y),y)-aul((0.426804+y),(0.372087+y)))+(tan(y)*((y+x)*x)))",
            "g": "((aul((y+y),y)-aul((y+0.7511732),(0.6427039+0.4905923)))+(tan(x)*((y+y)*x)))"
          }
        },
        {
          "fitness": 0,
          "expressions": {
            "r": "((aul((y-y),0.6281955)/aul((0.36448145+x),(y+y)))+(((0.83078456+y)+(x-x))-(aud(y,0.0)/aul(y,0.9770658))))",
            "b": "((aul((y-x),y)/aul((y+y),(y+0.04490161)))+(((0.8514911+y)+(y-0.46897817))-(aud(y,0.0)/aul(0.7682015,0.8454121))))",
            "g": "((aul((y-0.36608452),y)/aul((0.12113124+y),(x+0.8302753)))+(((0.4089514+y)+(y-y))-(aud(y,0.0)/aul(y,x))))"
          }
        }
      ],
      "timestamp": "23h:2m:8s"
    }
  ],
  "timestamp": "2024-07-03-23-01-22"
}