{
  "id": "3xupswon-1aqm-vjwp-lpt4-dhh0ywtnpqd3",
  "parameters": {
    "crossoverRate": 0.30000001192092896,
    "eliteSize": 2,
    "tournamentSize": 3,
    "mutationRate": 0.8999999761581421,
    "populationSize": 10
  },
  "populations": [{
    "generation": 0,
    "id": "ijsunjt6-2ysa-m81l-817w-ouucks04mhns",
    "individuals": [
      {
        "fitness": 0,
        "expressions": {
          "r": "(x+x)",
          "b": "(0.020083308+0.29136872)",
          "g": "(y+x)"
        }
      },
      {
        "fitness": 0,
        "expressions": {
          "r": "max(0.8318179,((y+y)*(x+x)))",
          "b": "max(0.81985134,((0.07797146+0.532917)*(y+0.90315735)))",
          "g": "max(x,((0.26991034+x)*(y+y)))"
        }
      },
      {
        "fitness": 0,
        "expressions": {
          "r": "min(cos(x),y)",
          "b": "min(cos(y),y)",
          "g": "min(cos(x),y)"
        }
      },
      {
        "fitness": 0,
        "expressions": {
          "r": "pow(x,sin(0.44777924))",
          "b": "pow(0.119413555,sin(0.11037451))",
          "g": "pow(y,sin(y))"
        }
      },
      {
        "fitness": 0,
        "expressions": {
          "r": "(y+0.365758)",
          "b": "(y+0.20787925)",
          "g": "(y+0.20457369)"
        }
      },
      {
        "fitness": 0,
        "expressions": {
          "r": "auh(max((x+0.59871787),y),x)",
          "b": "auh(max((y+x),y),0.56918246)",
          "g": "auh(max((0.15324461+0.70333064),0.20604908),0.53223485)"
        }
      },
      {
        "fitness": 0,
        "expressions": {
          "r": "(cos(aul(y,y))-aul(y,(y+y)))",
          "b": "(cos(aul(x,0.6418122))-aul(x,(x+0.0110349655)))",
          "g": "(cos(aul(x,x))-aul(0.60568106,(y+x)))"
        }
      },
      {
        "fitness": 0,
        "expressions": {
          "r": "(y+y)",
          "b": "(x+y)",
          "g": "(x+y)"
        }
      },
      {
        "fitness": 0,
        "expressions": {
          "r": "(0.12505746+0.6478967)",
          "b": "(0.50353914+y)",
          "g": "(y+x)"
        }
      },
      {
        "fitness": 0,
        "expressions": {
          "r": "cos(aud(aul(x,x),0.5572377))",
          "b": "cos(aud(aul(0.4578749,x),x))",
          "g": "cos(aud(aul(0.3203988,y),y))"
        }
      },
      {
        "fitness": 0,
        "expressions": {
          "r": "(sin(y)*((0.5755602*0.026155472)/y))",
          "b": "(sin(0.010318637)*((0.75920373*y)/0.3050167))",
          "g": "(sin(y)*((x*0.26034808)/x))"
        }
      },
      {
        "fitness": 0,
        "expressions": {
          "r": "((aul(0.5553784,0.28359175)*0.7889142)-0.60675037)",
          "b": "((aul(0.26950032,0.3610425)*0.72181964)-y)",
          "g": "((aul(y,y)*y)-0.94281685)"
        }
      },
      {
        "fitness": 0,
        "expressions": {
          "r": "(cos(pow(0.60626954,x))+0.4683407)",
          "b": "(cos(pow(0.6766121,y))+y)",
          "g": "(cos(pow(0.3284619,0.52934647))+0.84228176)"
        }
      },
      {
        "fitness": 0,
        "expressions": {
          "r": "(x+y)",
          "b": "(x+0.65619135)",
          "g": "(y+x)"
        }
      },
      {
        "fitness": 0,
        "expressions": {
          "r": "aul(cos(pow(y,x)),min(aud(x,y),aul(x,y)))",
          "b": "aul(cos(pow(0.060811758,x)),min(aud(x,0.19503129),aul(0.8234968,0.42245293)))",
          "g": "aul(cos(pow(x,y)),min(aud(y,0.54999983),aul(y,x)))"
        }
      },
      {
        "fitness": 0,
        "expressions": {
          "r": "min(y,pow(aul(y,x),y))",
          "b": "min(x,pow(aul(x,x),0.45866024))",
          "g": "min(0.10827237,pow(aul(x,y),0.41191828))"
        }
      },
      {
        "fitness": 0,
        "expressions": {
          "r": "(y+0.8609864)",
          "b": "(x+y)",
          "g": "(0.34980583+0.9163499)"
        }
      },
      {
        "fitness": 0,
        "expressions": {
          "r": "aul(auh(y,tan(y)),sin(0.4150765))",
          "b": "aul(auh(x,tan(x)),sin(x))",
          "g": "aul(auh(0.0019842982,tan(0.53794974)),sin(y))"
        }
      }
    ],
    "timestamp": "17h:26m:44s"
  }],
  "timestamp": "2024-07-04-17-26-42"
}