{
  "id": "4f4552mm-k8yp-4mky-kjpb-0ap9u75pfxa4",
  "parameters": {
    "crossoverRate": 0,
    "eliteSize": 0,
    "tournamentSize": 0,
    "mutationRate": 0,
    "populationSize": 0
  },
  "populations": [{
    "generation": 0,
    "id": "3p49q6cz-itgm-qzrk-hq4x-ah8a7wbk30dc",
    "individuals": [
      {
        "fitness": 0,
        "expressions": {
          "r": "var(x)",
          "b": "var(y)",
          "g": "var(y)"
        }
      },
      {
        "fitness": 0,
        "expressions": {
          "r": "var(y)",
          "b": "var(0.87478065)",
          "g": "var(y)"
        }
      },
      {
        "fitness": 0,
        "expressions": {
          "r": "bri(0.9685371,x)",
          "b": "bri(x,x)",
          "g": "bri(x,0.081645966)"
        }
      },
      {
        "fitness": 0,
        "expressions": {
          "r": "aud(bri(mod(mod(mod(x,mod(var(0.40569806),var(mod(y,aud(y,y))))),0.35902786),x),x),bri(var(mod(var(x),mod(0.9001074,var(0.6427202)))),var(var(aud(0.8031819,aud(x,x))))))",
          "b": "aud(bri(mod(mod(mod(y,mod(var(y),var(mod(x,aud(y,y))))),x),y),x),bri(var(mod(var(0.4633329),mod(x,var(x)))),var(var(aud(0.04010725,aud(y,x))))))",
          "g": "aud(bri(mod(mod(mod(y,mod(var(x),var(mod(0.8184216,aud(y,x))))),0.18057036),0.63979006),x),bri(var(mod(var(0.8784158),mod(x,var(x)))),var(var(aud(0.43427205,aud(x,y))))))"
        }
      },
      {
        "fitness": 0,
        "expressions": {
          "r": "var(0.45704365)",
          "b": "var(0.29336262)",
          "g": "var(y)"
        }
      },
      {
        "fitness": 0,
        "expressions": {
          "r": "var(y)",
          "b": "var(y)",
          "g": "var(0.20364332)"
        }
      },
      {
        "fitness": 0,
        "expressions": {
          "r": "bri(var(0.6992669),mod(y,aud(var(y),x)))",
          "b": "bri(var(y),mod(0.7885525,aud(var(x),x)))",
          "g": "bri(var(0.39248204),mod(y,aud(var(0.053439617),0.37903214)))"
        }
      },
      {
        "fitness": 0,
        "expressions": {
          "r": "var(x)",
          "b": "var(x)",
          "g": "var(0.997427)"
        }
      },
      {
        "fitness": 0,
        "expressions": {
          "r": "var(x)",
          "b": "var(0.05758643)",
          "g": "var(y)"
        }
      },
      {
        "fitness": 0,
        "expressions": {
          "r": "var(var(var(var(var(aud(bri(var(var(0.769212)),var(0.8016832)),mod(x,aud(aud(0.4704759,0.18327093),y))))))))",
          "b": "var(var(var(var(var(aud(bri(var(var(0.04868865)),var(0.065285206)),mod(0.46639347,aud(aud(x,y),y))))))))",
          "g": "var(var(var(var(var(aud(bri(var(var(x)),var(x)),mod(0.4864502,aud(aud(x,0.8644154),y))))))))"
        }
      },
      {
        "fitness": 0,
        "expressions": {
          "r": "mod(var(0.020360947),var(0.57788277))",
          "b": "mod(var(y),var(0.14690065))",
          "g": "mod(var(0.37508464),var(x))"
        }
      },
      {
        "fitness": 0,
        "expressions": {
          "r": "var(aud(x,0.36246777))",
          "b": "var(aud(0.9191437,y))",
          "g": "var(aud(y,y))"
        }
      },
      {
        "fitness": 0,
        "expressions": {
          "r": "var(y)",
          "b": "var(y)",
          "g": "var(x)"
        }
      },
      {
        "fitness": 0,
        "expressions": {
          "r": "var(y)",
          "b": "var(0.7340758)",
          "g": "var(y)"
        }
      },
      {
        "fitness": 0,
        "expressions": {
          "r": "var(x)",
          "b": "var(y)",
          "g": "var(y)"
        }
      },
      {
        "fitness": 0,
        "expressions": {
          "r": "aud(var(mod(y,var(aud(aud(0.32630396,bri(bri(var(y),mod(x,x)),0.86506486)),aud(aud(x,x),bri(aud(aud(y,x),aud(x,0.21861291)),y)))))),x)",
          "b": "aud(var(mod(x,var(aud(aud(0.18677592,bri(bri(var(y),mod(0.23428273,x)),x)),aud(aud(x,0.7734828),bri(aud(aud(0.07157302,0.012850761),aud(0.112375975,0.17120552)),y)))))),0.05757284)",
          "g": "aud(var(mod(0.6759615,var(aud(aud(x,bri(bri(var(x),mod(y,x)),0.75066304)),aud(aud(y,0.79789543),bri(aud(aud(0.04918909,0.7668171),aud(y,0.11357784)),0.15486646)))))),y)"
        }
      },
      {
        "fitness": 0,
        "expressions": {
          "r": "var(0.8083551)",
          "b": "var(y)",
          "g": "var(0.4304154)"
        }
      },
      {
        "fitness": 0,
        "expressions": {
          "r": "mod(bri(bri(var(y),mod(mod(mod(var(bri(mod(x,0.43819213),var(x))),bri(bri(var(x),bri(0.5306475,0.67357206)),0.6167948)),x),bri(aud(x,mod(x,0.063538074)),x))),aud(y,bri(y,var(bri(x,0.3845849))))),aud(var(var(var(x))),0.14498782))",
          "b": "mod(bri(bri(var(x),mod(mod(mod(var(bri(mod(0.43992972,x),var(y))),bri(bri(var(0.064228535),bri(y,y)),0.7015345)),x),bri(aud(0.4334886,mod(y,x)),y))),aud(y,bri(0.012533188,var(bri(y,x))))),aud(var(var(var(x))),y))",
          "g": "mod(bri(bri(var(0.5970931),mod(mod(mod(var(bri(mod(0.5826776,x),var(0.5259547))),bri(bri(var(x),bri(y,y)),y)),x),bri(aud(y,mod(0.96640396,y)),x))),aud(y,bri(0.14315581,var(bri(y,x))))),aud(var(var(var(0.8966))),y))"
        }
      }
    ],
    "timestamp": "19h:29m:6s"
  }],
  "timestamp": "2024-07-31-19-28-37"
}