{
  "id": "4hsu7kht-gnmy-rup2-soh9-6zl0ssjp18dk",
  "parameters": {
    "crossoverRate": 0,
    "eliteSize": 0,
    "tournamentSize": 0,
    "mutationRate": 0,
    "populationSize": 0
  },
  "populations": [
    {
      "generation": 0,
      "id": "fjvugyu5-qnpx-yewz-emz0-naqy77uoiygc",
      "individuals": [
        {
          "fitness": 0,
          "expressions": {
            "r": "y",
            "b": "y",
            "g": "x"
          }
        },
        {
          "fitness": 0,
          "expressions": {
            "r": "0.16784978",
            "b": "x",
            "g": "x"
          }
        },
        {
          "fitness": 0,
          "expressions": {
            "r": "0.8551023",
            "b": "x",
            "g": "y"
          }
        },
        {
          "fitness": 0,
          "expressions": {
            "r": "0.9777906",
            "b": "x",
            "g": "0.90666294"
          }
        },
        {
          "fitness": 0,
          "expressions": {
            "r": "x",
            "b": "0.117409706",
            "g": "0.80008006"
          }
        },
        {
          "fitness": 0,
          "expressions": {
            "r": "x",
            "b": "x",
            "g": "0.5396533"
          }
        },
        {
          "fitness": 0,
          "expressions": {
            "r": "y",
            "b": "y",
            "g": "y"
          }
        },
        {
          "fitness": 0,
          "expressions": {
            "r": "x",
            "b": "x",
            "g": "x"
          }
        },
        {
          "fitness": 0,
          "expressions": {
            "r": "x",
            "b": "y",
            "g": "y"
          }
        },
        {
          "fitness": 0,
          "expressions": {
            "r": "0.9855876",
            "b": "y",
            "g": "x"
          }
        },
        {
          "fitness": 0,
          "expressions": {
            "r": "0.8590586",
            "b": "0.3442452",
            "g": "0.03853321"
          }
        },
        {
          "fitness": 0,
          "expressions": {
            "r": "0.2778108",
            "b": "y",
            "g": "y"
          }
        },
        {
          "fitness": 0,
          "expressions": {
            "r": "0.17320824",
            "b": "y",
            "g": "y"
          }
        },
        {
          "fitness": 0,
          "expressions": {
            "r": "y",
            "b": "0.9473777",
            "g": "x"
          }
        },
        {
          "fitness": 0,
          "expressions": {
            "r": "y",
            "b": "y",
            "g": "y"
          }
        },
        {
          "fitness": 0,
          "expressions": {
            "r": "y",
            "b": "x",
            "g": "x"
          }
        },
        {
          "fitness": 0,
          "expressions": {
            "r": "y",
            "b": "0.29628873",
            "g": "y"
          }
        },
        {
          "fitness": 0,
          "expressions": {
            "r": "x",
            "b": "y",
            "g": "0.061707735"
          }
        },
        {
          "fitness": 0,
          "expressions": {
            "r": "0.88123274",
            "b": "y",
            "g": "0.96952105"
          }
        },
        {
          "fitness": 0,
          "expressions": {
            "r": "x",
            "b": "0.8521242",
            "g": "0.596014"
          }
        },
        {
          "fitness": 0,
          "expressions": {
            "r": "0.781502",
            "b": "0.08413124",
            "g": "y"
          }
        },
        {
          "fitness": 0,
          "expressions": {
            "r": "0.13516927",
            "b": "y",
            "g": "x"
          }
        },
        {
          "fitness": 0,
          "expressions": {
            "r": "x",
            "b": "y",
            "g": "x"
          }
        },
        {
          "fitness": 0,
          "expressions": {
            "r": "y",
            "b": "0.9131088",
            "g": "x"
          }
        },
        {
          "fitness": 0,
          "expressions": {
            "r": "x",
            "b": "0.70680714",
            "g": "0.25694585"
          }
        },
        {
          "fitness": 0,
          "expressions": {
            "r": "y",
            "b": "x",
            "g": "x"
          }
        },
        {
          "fitness": 0,
          "expressions": {
            "r": "0.05088973",
            "b": "y",
            "g": "y"
          }
        },
        {
          "fitness": 0,
          "expressions": {
            "r": "x",
            "b": "0.04891205",
            "g": "y"
          }
        },
        {
          "fitness": 0,
          "expressions": {
            "r": "0.20284796",
            "b": "x",
            "g": "0.30755353"
          }
        },
        {
          "fitness": 0,
          "expressions": {
            "r": "0.79518414",
            "b": "y",
            "g": "y"
          }
        }
      ],
      "timestamp": "18h:35m:51s"
    },
    {
      "generation": 1,
      "ascendantID": "fjvugyu5-qnpx-yewz-emz0-naqy77uoiygc",
      "id": "3dg6yo1a-0qo1-cylq-du3z-s55xerq7abz7",
      "individuals": [
        {
          "fitness": 0,
          "expressions": {
            "r": "y",
            "b": "y",
            "g": "x"
          }
        },
        {
          "fitness": 0,
          "expressions": {
            "r": "x",
            "b": "y",
            "g": "y"
          }
        },
        {
          "fitness": 0,
          "expressions": {
            "r": "y",
            "b": "y",
            "g": "y"
          }
        },
        {
          "fitness": 0,
          "expressions": {
            "r": "x",
            "b": "0.70680714",
            "g": "0.25694585"
          }
        },
        {
          "fitness": 0,
          "expressions": {
            "r": "y",
            "b": "x",
            "g": "0.30755353"
          }
        },
        {
          "fitness": 0,
          "expressions": {
            "r": "0.8590586",
            "b": "0.3442452",
            "g": "0.03853321"
          }
        },
        {
          "fitness": 0,
          "expressions": {
            "r": "0.8551023",
            "b": "x",
            "g": "y"
          }
        },
        {
          "fitness": 0,
          "expressions": {
            "r": "x",
            "b": "0.04891205",
            "g": "y"
          }
        },
        {
          "fitness": 0,
          "expressions": {
            "r": "x",
            "b": "x",
            "g": "x"
          }
        },
        {
          "fitness": 0,
          "expressions": {
            "r": "0.20284796",
            "b": "x",
            "g": "0.30755353"
          }
        },
        {
          "fitness": 0,
          "expressions": {
            "r": "x",
            "b": "0.8521242",
            "g": "0.596014"
          }
        },
        {
          "fitness": 0,
          "expressions": {
            "r": "0.925648",
            "b": "y",
            "g": "x"
          }
        },
        {
          "fitness": 0,
          "expressions": {
            "r": "x",
            "b": "y",
            "g": "0.061707735"
          }
        },
        {
          "fitness": 0,
          "expressions": {
            "r": "x",
            "b": "0.8521242",
            "g": "0.596014"
          }
        },
        {
          "fitness": 0,
          "expressions": {
            "r": "y",
            "b": "y",
            "g": "x"
          }
        },
        {
          "fitness": 0,
          "expressions": {
            "r": "x",
            "b": "x",
            "g": "0.5396533"
          }
        },
        {
          "fitness": 0,
          "expressions": {
            "r": "0.9855876",
            "b": "y",
            "g": "x"
          }
        },
        {
          "fitness": 0,
          "expressions": {
            "r": "x",
            "b": "0.8521242",
            "g": "0.596014"
          }
        },
        {
          "fitness": 0,
          "expressions": {
            "r": "y",
            "b": "y",
            "g": "y"
          }
        },
        {
          "fitness": 0,
          "expressions": {
            "r": "y",
            "b": "y",
            "g": "x"
          }
        },
        {
          "fitness": 0,
          "expressions": {
            "r": "0.9777906",
            "b": "x",
            "g": "0.90666294"
          }
        },
        {
          "fitness": 0,
          "expressions": {
            "r": "x",
            "b": "x",
            "g": "0.5396533"
          }
        },
        {
          "fitness": 0,
          "expressions": {
            "r": "y",
            "b": "x",
            "g": "x"
          }
        },
        {
          "fitness": 0,
          "expressions": {
            "r": "x",
            "b": "0.04891205",
            "g": "y"
          }
        },
        {
          "fitness": 0,
          "expressions": {
            "r": "0.8590586",
            "b": "0.3442452",
            "g": "0.03853321"
          }
        },
        {
          "fitness": 0,
          "expressions": {
            "r": "y",
            "b": "x",
            "g": "x"
          }
        },
        {
          "fitness": 0,
          "expressions": {
            "r": "x",
            "b": "0.70680714",
            "g": "0.25694585"
          }
        },
        {
          "fitness": 0,
          "expressions": {
            "r": "y",
            "b": "y",
            "g": "x"
          }
        },
        {
          "fitness": 0,
          "expressions": {
            "r": "0.16784978",
            "b": "x",
            "g": "x"
          }
        },
        {
          "fitness": 0,
          "expressions": {
            "r": "x",
            "b": "0.117409706",
            "g": "0.80008006"
          }
        }
      ],
      "timestamp": "18h:35m:56s"
    },
    {
      "generation": 2,
      "ascendantID": "3dg6yo1a-0qo1-cylq-du3z-s55xerq7abz7",
      "id": "6qwqi3jr-kj5k-4oe4-n6xj-sqmm1ch0jpo5",
      "individuals": [
        {
          "fitness": 0,
          "expressions": {
            "r": "y",
            "b": "y",
            "g": "x"
          }
        },
        {
          "fitness": 0,
          "expressions": {
            "r": "x",
            "b": "1.0",
            "g": "0.596014"
          }
        },
        {
          "fitness": 0,
          "expressions": {
            "r": "y",
            "b": "y",
            "g": "y"
          }
        },
        {
          "fitness": 0,
          "expressions": {
            "r": "x",
            "b": "y",
            "g": "y"
          }
        },
        {
          "fitness": 0,
          "expressions": {
            "r": "0.925648",
            "b": "y",
            "g": "x"
          }
        },
        {
          "fitness": 0,
          "expressions": {
            "r": "y",
            "b": "x",
            "g": "x"
          }
        },
        {
          "fitness": 0,
          "expressions": {
            "r": "0.925648",
            "b": "y",
            "g": "x"
          }
        },
        {
          "fitness": 0,
          "expressions": {
            "r": "0.9777906",
            "b": "x",
            "g": "0.90666294"
          }
        },
        {
          "fitness": 0,
          "expressions": {
            "r": "x",
            "b": "y",
            "g": "y"
          }
        },
        {
          "fitness": 0,
          "expressions": {
            "r": "0.9777906",
            "b": "x",
            "g": "0.90666294"
          }
        },
        {
          "fitness": 0,
          "expressions": {
            "r": "x",
            "b": "x",
            "g": "x"
          }
        },
        {
          "fitness": 0,
          "expressions": {
            "r": "y",
            "b": "y",
            "g": "y"
          }
        },
        {
          "fitness": 0,
          "expressions": {
            "r": "0.9777906",
            "b": "x",
            "g": "0.90666294"
          }
        },
        {
          "fitness": 0,
          "expressions": {
            "r": "x",
            "b": "0.70680714",
            "g": "0.05415249"
          }
        },
        {
          "fitness": 0,
          "expressions": {
            "r": "0.8551023",
            "b": "x",
            "g": "y"
          }
        },
        {
          "fitness": 0,
          "expressions": {
            "r": "y",
            "b": "x",
            "g": "0.30755353"
          }
        },
        {
          "fitness": 0,
          "expressions": {
            "r": "0.20284796",
            "b": "x",
            "g": "0.30755353"
          }
        },
        {
          "fitness": 0,
          "expressions": {
            "r": "x",
            "b": "x",
            "g": "x"
          }
        },
        {
          "fitness": 0,
          "expressions": {
            "r": "x",
            "b": "0.70680714",
            "g": "0.25694585"
          }
        },
        {
          "fitness": 0,
          "expressions": {
            "r": "x",
            "b": "y",
            "g": "y"
          }
        },
        {
          "fitness": 0,
          "expressions": {
            "r": "x",
            "b": "0.8521242",
            "g": "0.596014"
          }
        },
        {
          "fitness": 0,
          "expressions": {
            "r": "y",
            "b": "x",
            "g": "0.0077126026"
          }
        },
        {
          "fitness": 0,
          "expressions": {
            "r": "x",
            "b": "0.6304555",
            "g": "0.5615773"
          }
        },
        {
          "fitness": 0,
          "expressions": {
            "r": "y",
            "b": "y",
            "g": "x"
          }
        },
        {
          "fitness": 0,
          "expressions": {
            "r": "x",
            "b": "y",
            "g": "x"
          }
        },
        {
          "fitness": 0,
          "expressions": {
            "r": "x",
            "b": "0.70680714",
            "g": "0.25694585"
          }
        },
        {
          "fitness": 0,
          "expressions": {
            "r": "x",
            "b": "0.8521242",
            "g": "0.596014"
          }
        },
        {
          "fitness": 0,
          "expressions": {
            "r": "y",
            "b": "y",
            "g": "y"
          }
        },
        {
          "fitness": 0,
          "expressions": {
            "r": "0.9855876",
            "b": "y",
            "g": "x"
          }
        },
        {
          "fitness": 0,
          "expressions": {
            "r": "x",
            "b": "y",
            "g": "y"
          }
        }
      ],
      "timestamp": "18h:35m:57s"
    },
    {
      "generation": 3,
      "ascendantID": "6qwqi3jr-kj5k-4oe4-n6xj-sqmm1ch0jpo5",
      "id": "7tn0nswi-0ua3-n1fa-io46-5mk551yp7asc",
      "individuals": [
        {
          "fitness": 0,
          "expressions": {
            "r": "y",
            "b": "y",
            "g": "x"
          }
        },
        {
          "fitness": 0,
          "expressions": {
            "r": "x",
            "b": "x",
            "g": "x"
          }
        },
        {
          "fitness": 0,
          "expressions": {
            "r": "0.9777906",
            "b": "x",
            "g": "0.90666294"
          }
        },
        {
          "fitness": 0,
          "expressions": {
            "r": "x",
            "b": "y",
            "g": "y"
          }
        },
        {
          "fitness": 0,
          "expressions": {
            "r": "0.925648",
            "b": "y",
            "g": "x"
          }
        },
        {
          "fitness": 0,
          "expressions": {
            "r": "y",
            "b": "y",
            "g": "x"
          }
        },
        {
          "fitness": 0,
          "expressions": {
            "r": "x",
            "b": "0.70680714",
            "g": "0.05415249"
          }
        },
        {
          "fitness": 0,
          "expressions": {
            "r": "x",
            "b": "0.70680714",
            "g": "0.25694585"
          }
        },
        {
          "fitness": 0,
          "expressions": {
            "r": "x",
            "b": "0.62048626",
            "g": "0.05415249"
          }
        },
        {
          "fitness": 0,
          "expressions": {
            "r": "0.039375067",
            "b": "x",
            "g": "0.30755353"
          }
        },
        {
          "fitness": 0,
          "expressions": {
            "r": "y",
            "b": "y",
            "g": "y"
          }
        },
        {
          "fitness": 0,
          "expressions": {
            "r": "y",
            "b": "x",
            "g": "0.23194456"
          }
        },
        {
          "fitness": 0,
          "expressions": {
            "r": "0.23563147",
            "b": "y",
            "g": "y"
          }
        },
        {
          "fitness": 0,
          "expressions": {
            "r": "y",
            "b": "y",
            "g": "x"
          }
        },
        {
          "fitness": 0,
          "expressions": {
            "r": "y",
            "b": "y",
            "g": "y"
          }
        },
        {
          "fitness": 0,
          "expressions": {
            "r": "x",
            "b": "y",
            "g": "y"
          }
        },
        {
          "fitness": 0,
          "expressions": {
            "r": "0.8551023",
            "b": "x",
            "g": "y"
          }
        },
        {
          "fitness": 0,
          "expressions": {
            "r": "y",
            "b": "y",
            "g": "y"
          }
        },
        {
          "fitness": 0,
          "expressions": {
            "r": "y",
            "b": "y",
            "g": "y"
          }
        },
        {
          "fitness": 0,
          "expressions": {
            "r": "x",
            "b": "0.70680714",
            "g": "0.05415249"
          }
        },
        {
          "fitness": 0,
          "expressions": {
            "r": "x",
            "b": "y",
            "g": "y"
          }
        },
        {
          "fitness": 0,
          "expressions": {
            "r": "x",
            "b": "1.0",
            "g": "0.596014"
          }
        },
        {
          "fitness": 0,
          "expressions": {
            "r": "0.925648",
            "b": "y",
            "g": "x"
          }
        },
        {
          "fitness": 0,
          "expressions": {
            "r": "x",
            "b": "y",
            "g": "y"
          }
        },
        {
          "fitness": 0,
          "expressions": {
            "r": "x",
            "b": "y",
            "g": "y"
          }
        },
        {
          "fitness": 0,
          "expressions": {
            "r": "x",
            "b": "y",
            "g": "y"
          }
        },
        {
          "fitness": 0,
          "expressions": {
            "r": "x",
            "b": "y",
            "g": "y"
          }
        },
        {
          "fitness": 0,
          "expressions": {
            "r": "x",
            "b": "y",
            "g": "y"
          }
        },
        {
          "fitness": 0,
          "expressions": {
            "r": "x",
            "b": "0.6304555",
            "g": "0.5615773"
          }
        },
        {
          "fitness": 0,
          "expressions": {
            "r": "y",
            "b": "x",
            "g": "x"
          }
        }
      ],
      "timestamp": "18h:35m:58s"
    },
    {
      "generation": 4,
      "ascendantID": "7tn0nswi-0ua3-n1fa-io46-5mk551yp7asc",
      "id": "ya9mvs5g-osw9-gocq-vmej-5wwanpjb3dti",
      "individuals": [
        {
          "fitness": 0,
          "expressions": {
            "r": "y",
            "b": "y",
            "g": "x"
          }
        },
        {
          "fitness": 0,
          "expressions": {
            "r": "y",
            "b": "y",
            "g": "y"
          }
        },
        {
          "fitness": 0,
          "expressions": {
            "r": "y",
            "b": "y",
            "g": "y"
          }
        },
        {
          "fitness": 0,
          "expressions": {
            "r": "y",
            "b": "x",
            "g": "x"
          }
        },
        {
          "fitness": 0,
          "expressions": {
            "r": "0.9777906",
            "b": "x",
            "g": "0.90666294"
          }
        },
        {
          "fitness": 0,
          "expressions": {
            "r": "0.9777906",
            "b": "x",
            "g": "0.90666294"
          }
        },
        {
          "fitness": 0,
          "expressions": {
            "r": "x",
            "b": "0.70680714",
            "g": "0.05415249"
          }
        },
        {
          "fitness": 0,
          "expressions": {
            "r": "y",
            "b": "y",
            "g": "x"
          }
        },
        {
          "fitness": 0,
          "expressions": {
            "r": "x",
            "b": "0.70680714",
            "g": "0.25694585"
          }
        },
        {
          "fitness": 0,
          "expressions": {
            "r": "0.925648",
            "b": "y",
            "g": "x"
          }
        },
        {
          "fitness": 0,
          "expressions": {
            "r": "x",
            "b": "1.0",
            "g": "0.596014"
          }
        },
        {
          "fitness": 0,
          "expressions": {
            "r": "1.0",
            "b": "y",
            "g": "x"
          }
        },
        {
          "fitness": 0,
          "expressions": {
            "r": "x",
            "b": "y",
            "g": "y"
          }
        },
        {
          "fitness": 0,
          "expressions": {
            "r": "y",
            "b": "y",
            "g": "x"
          }
        },
        {
          "fitness": 0,
          "expressions": {
            "r": "y",
            "b": "y",
            "g": "y"
          }
        },
        {
          "fitness": 0,
          "expressions": {
            "r": "x",
            "b": "0.6328745",
            "g": "0.25694585"
          }
        },
        {
          "fitness": 0,
          "expressions": {
            "r": "0.32402968",
            "b": "y",
            "g": "y"
          }
        },
        {
          "fitness": 0,
          "expressions": {
            "r": "0.24025321",
            "b": "0.05897522",
            "g": "y"
          }
        },
        {
          "fitness": 0,
          "expressions": {
            "r": "y",
            "b": "y",
            "g": "x"
          }
        },
        {
          "fitness": 0,
          "expressions": {
            "r": "0.23563147",
            "b": "y",
            "g": "y"
          }
        },
        {
          "fitness": 0,
          "expressions": {
            "r": "y",
            "b": "y",
            "g": "y"
          }
        },
        {
          "fitness": 0,
          "expressions": {
            "r": "x",
            "b": "0.82500386",
            "g": "0.1129837"
          }
        },
        {
          "fitness": 0,
          "expressions": {
            "r": "y",
            "b": "y",
            "g": "x"
          }
        },
        {
          "fitness": 0,
          "expressions": {
            "r": "0.9777906",
            "b": "x",
            "g": "0.90666294"
          }
        },
        {
          "fitness": 0,
          "expressions": {
            "r": "0.9777906",
            "b": "x",
            "g": "0.90666294"
          }
        },
        {
          "fitness": 0,
          "expressions": {
            "r": "0.8551023",
            "b": "x",
            "g": "y"
          }
        },
        {
          "fitness": 0,
          "expressions": {
            "r": "0.23563147",
            "b": "y",
            "g": "x"
          }
        },
        {
          "fitness": 0,
          "expressions": {
            "r": "y",
            "b": "y",
            "g": "y"
          }
        },
        {
          "fitness": 0,
          "expressions": {
            "r": "x",
            "b": "0.70680714",
            "g": "0.05415249"
          }
        },
        {
          "fitness": 0,
          "expressions": {
            "r": "x",
            "b": "y",
            "g": "y"
          }
        }
      ],
      "timestamp": "18h:35m:58s"
    },
    {
      "generation": 5,
      "ascendantID": "ya9mvs5g-osw9-gocq-vmej-5wwanpjb3dti",
      "id": "d9de2csy-8iuq-ueuy-bqei-xzkg2cn0a5cd",
      "individuals": [
        {
          "fitness": 0,
          "expressions": {
            "r": "y",
            "b": "y",
            "g": "x"
          }
        },
        {
          "fitness": 0,
          "expressions": {
            "r": "0.9777906",
            "b": "x",
            "g": "0.90666294"
          }
        },
        {
          "fitness": 0,
          "expressions": {
            "r": "1.0",
            "b": "y",
            "g": "x"
          }
        },
        {
          "fitness": 0,
          "expressions": {
            "r": "1.0",
            "b": "x",
            "g": "x"
          }
        },
        {
          "fitness": 0,
          "expressions": {
            "r": "y",
            "b": "y",
            "g": "x"
          }
        },
        {
          "fitness": 0,
          "expressions": {
            "r": "0.9777906",
            "b": "x",
            "g": "0.90666294"
          }
        },
        {
          "fitness": 0,
          "expressions": {
            "r": "0.32402968",
            "b": "y",
            "g": "y"
          }
        },
        {
          "fitness": 0,
          "expressions": {
            "r": "x",
            "b": "x",
            "g": "y"
          }
        },
        {
          "fitness": 0,
          "expressions": {
            "r": "x",
            "b": "y",
            "g": "y"
          }
        },
        {
          "fitness": 0,
          "expressions": {
            "r": "y",
            "b": "y",
            "g": "x"
          }
        },
        {
          "fitness": 0,
          "expressions": {
            "r": "y",
            "b": "y",
            "g": "x"
          }
        },
        {
          "fitness": 0,
          "expressions": {
            "r": "y",
            "b": "y",
            "g": "y"
          }
        },
        {
          "fitness": 0,
          "expressions": {
            "r": "y",
            "b": "y",
            "g": "y"
          }
        },
        {
          "fitness": 0,
          "expressions": {
            "r": "0.8551023",
            "b": "x",
            "g": "x"
          }
        },
        {
          "fitness": 0,
          "expressions": {
            "r": "y",
            "b": "y",
            "g": "y"
          }
        },
        {
          "fitness": 0,
          "expressions": {
            "r": "x",
            "b": "1.0",
            "g": "0.41730642"
          }
        },
        {
          "fitness": 0,
          "expressions": {
            "r": "0.24025321",
            "b": "0.05897522",
            "g": "y"
          }
        },
        {
          "fitness": 0,
          "expressions": {
            "r": "y",
            "b": "y",
            "g": "y"
          }
        },
        {
          "fitness": 0,
          "expressions": {
            "r": "y",
            "b": "y",
            "g": "y"
          }
        },
        {
          "fitness": 0,
          "expressions": {
            "r": "y",
            "b": "x",
            "g": "x"
          }
        },
        {
          "fitness": 0,
          "expressions": {
            "r": "y",
            "b": "y",
            "g": "x"
          }
        },
        {
          "fitness": 0,
          "expressions": {
            "r": "0.32402968",
            "b": "y",
            "g": "y"
          }
        },
        {
          "fitness": 0,
          "expressions": {
            "r": "0.925648",
            "b": "y",
            "g": "x"
          }
        },
        {
          "fitness": 0,
          "expressions": {
            "r": "x",
            "b": "y",
            "g": "y"
          }
        },
        {
          "fitness": 0,
          "expressions": {
            "r": "y",
            "b": "y",
            "g": "y"
          }
        },
        {
          "fitness": 0,
          "expressions": {
            "r": "y",
            "b": "y",
            "g": "y"
          }
        },
        {
          "fitness": 0,
          "expressions": {
            "r": "y",
            "b": "y",
            "g": "y"
          }
        },
        {
          "fitness": 0,
          "expressions": {
            "r": "y",
            "b": "y",
            "g": "x"
          }
        },
        {
          "fitness": 0,
          "expressions": {
            "r": "y",
            "b": "y",
            "g": "y"
          }
        },
        {
          "fitness": 0,
          "expressions": {
            "r": "y",
            "b": "y",
            "g": "y"
          }
        }
      ],
      "timestamp": "18h:35m:59s"
    }
  ],
  "timestamp": "2024-07-28-18-35-45"
}