{
  "id": "4jgeevfv-iy4t-8cg1-50i1-y5i9sl3cj98c",
  "parameters": {
    "crossoverRate": 0.30000001192092896,
    "eliteSize": 2,
    "tournamentSize": 3,
    "mutationRate": 0.8999999761581421,
    "populationSize": 10
  },
  "populations": [{
    "generation": 0,
    "id": "c77awu18-bugv-kvgc-eg2j-9m08pna5zoq5",
    "individuals": [
      {
        "fitness": 0,
        "expressions": {
          "r": "(x+0.63071734)",
          "b": "(0.612307+0.20066535)",
          "g": "(x+y)"
        }
      },
      {
        "fitness": 0,
        "expressions": {
          "r": "(0.9379204+0.9913144)",
          "b": "(x+x)",
          "g": "(x+y)"
        }
      },
      {
        "fitness": 0,
        "expressions": {
          "r": "cos((x/var(x)))",
          "b": "cos((0.33920467/var(x)))",
          "g": "cos((0.4778552/var(x)))"
        }
      },
      {
        "fitness": 0,
        "expressions": {
          "r": "min(0.08357674,x)",
          "b": "min(x,0.4898706)",
          "g": "min(y,x)"
        }
      },
      {
        "fitness": 0,
        "expressions": {
          "r": "(aul(0.8332928,x)*min(min(0.6141245,y),0.38382804))",
          "b": "(aul(y,y)*min(min(0.9337655,x),0.27108425))",
          "g": "(aul(y,y)*min(min(0.24643296,x),0.8305262))"
        }
      },
      {
        "fitness": 0,
        "expressions": {
          "r": "(y+x)",
          "b": "(y+x)",
          "g": "(y+0.3949222)"
        }
      },
      {
        "fitness": 0,
        "expressions": {
          "r": "(0.13188529+x)",
          "b": "(x+y)",
          "g": "(0.63116634+y)"
        }
      },
      {
        "fitness": 0,
        "expressions": {
          "r": "(0.40309972+y)",
          "b": "(x+y)",
          "g": "(x+x)"
        }
      },
      {
        "fitness": 0,
        "expressions": {
          "r": "(0.5974885+0.5761242)",
          "b": "(x+x)",
          "g": "(y+y)"
        }
      },
      {
        "fitness": 0,
        "expressions": {
          "r": "tan(y)",
          "b": "tan(x)",
          "g": "tan(x)"
        }
      },
      {
        "fitness": 0,
        "expressions": {
          "r": "(0.45611107+y)",
          "b": "(x+x)",
          "g": "(y+y)"
        }
      },
      {
        "fitness": 0,
        "expressions": {
          "r": "aud(0.16647416,(aul(0.114700556,0.4129066)-pow(y,x)))",
          "b": "aud(y,(aul(0.6427295,x)-pow(y,0.49868542)))",
          "g": "aud(y,(aul(y,0.93932194)-pow(0.6099921,0.7099514)))"
        }
      },
      {
        "fitness": 0,
        "expressions": {
          "r": "min(x,auh(cos(x),y))",
          "b": "min(0.83880025,auh(cos(x),0.7628478))",
          "g": "min(y,auh(cos(0.80504394),x))"
        }
      },
      {
        "fitness": 0,
        "expressions": {
          "r": "aud(0.05123627,x)",
          "b": "aud(y,x)",
          "g": "aud(y,y)"
        }
      },
      {
        "fitness": 0,
        "expressions": {
          "r": "(cos(y)/(x-x))",
          "b": "(cos(0.60597914)/(y-y))",
          "g": "(cos(0.7305016)/(0.45229644-x))"
        }
      },
      {
        "fitness": 0,
        "expressions": {
          "r": "var(aul(0.7405336,cos(y)))",
          "b": "var(aul(y,cos(y)))",
          "g": "var(aul(x,cos(x)))"
        }
      },
      {
        "fitness": 0,
        "expressions": {
          "r": "aud(auh(y,max(y,x)),x)",
          "b": "aud(auh(x,max(y,x)),0.86836463)",
          "g": "aud(auh(x,max(x,y)),0.05151558)"
        }
      },
      {
        "fitness": 0,
        "expressions": {
          "r": "(y+x)",
          "b": "(x+0.43531877)",
          "g": "(x+y)"
        }
      }
    ],
    "timestamp": "17h:17m:6s"
  }],
  "timestamp": "2024-07-04-17-17-04"
}