{
  "id": "56qer3y3-3s84-q8qx-3ktk-u0zqu0pcjs74",
  "parameters": {
    "crossoverRate": 0,
    "eliteSize": 0,
    "tournamentSize": 0,
    "mutationRate": 0,
    "populationSize": 0
  },
  "populations": [
    {
      "generation": 0,
      "id": "hpyw7cqe-v5yx-nk6d-niae-hb5g9y91ycpz",
      "individuals": [
        {
          "fitness": 0,
          "expressions": {
            "r": "y",
            "b": "y",
            "g": "x"
          }
        },
        {
          "fitness": 0,
          "expressions": {
            "r": "0.74148464",
            "b": "0.9190221",
            "g": "y"
          }
        },
        {
          "fitness": 0,
          "expressions": {
            "r": "x",
            "b": "y",
            "g": "x"
          }
        },
        {
          "fitness": 0,
          "expressions": {
            "r": "y",
            "b": "x",
            "g": "x"
          }
        },
        {
          "fitness": 0,
          "expressions": {
            "r": "y",
            "b": "y",
            "g": "x"
          }
        },
        {
          "fitness": 0,
          "expressions": {
            "r": "y",
            "b": "0.76887846",
            "g": "y"
          }
        },
        {
          "fitness": 0,
          "expressions": {
            "r": "0.18208599",
            "b": "0.8982587",
            "g": "0.8604145"
          }
        },
        {
          "fitness": 0,
          "expressions": {
            "r": "y",
            "b": "x",
            "g": "y"
          }
        },
        {
          "fitness": 0,
          "expressions": {
            "r": "y",
            "b": "0.17404127",
            "g": "y"
          }
        },
        {
          "fitness": 0,
          "expressions": {
            "r": "x",
            "b": "y",
            "g": "x"
          }
        },
        {
          "fitness": 0,
          "expressions": {
            "r": "x",
            "b": "0.7962396",
            "g": "x"
          }
        },
        {
          "fitness": 0,
          "expressions": {
            "r": "0.952549",
            "b": "0.7428367",
            "g": "x"
          }
        },
        {
          "fitness": 0,
          "expressions": {
            "r": "x",
            "b": "x",
            "g": "y"
          }
        },
        {
          "fitness": 0,
          "expressions": {
            "r": "y",
            "b": "0.14786434",
            "g": "x"
          }
        },
        {
          "fitness": 0,
          "expressions": {
            "r": "0.6256864",
            "b": "y",
            "g": "0.54239273"
          }
        },
        {
          "fitness": 0,
          "expressions": {
            "r": "y",
            "b": "y",
            "g": "x"
          }
        },
        {
          "fitness": 0,
          "expressions": {
            "r": "y",
            "b": "x",
            "g": "y"
          }
        },
        {
          "fitness": 0,
          "expressions": {
            "r": "0.912951",
            "b": "y",
            "g": "y"
          }
        }
      ],
      "timestamp": "18h:36m:51s"
    },
    {
      "generation": 0,
      "ascendantID": "hpyw7cqe-v5yx-nk6d-niae-hb5g9y91ycpz",
      "id": "lfpoob3y-608l-7ux4-s1dy-1osvxba186fy",
      "individuals": [
        {
          "fitness": 0,
          "expressions": {
            "r": "x",
            "b": "x",
            "g": "y"
          }
        },
        {
          "fitness": 0,
          "expressions": {
            "r": "x",
            "b": "x",
            "g": "0.37739682"
          }
        },
        {
          "fitness": 0,
          "expressions": {
            "r": "x",
            "b": "x",
            "g": "x"
          }
        },
        {
          "fitness": 0,
          "expressions": {
            "r": "x",
            "b": "x",
            "g": "0.2948892"
          }
        },
        {
          "fitness": 0,
          "expressions": {
            "r": "y",
            "b": "0.5043311",
            "g": "x"
          }
        },
        {
          "fitness": 0,
          "expressions": {
            "r": "0.48064947",
            "b": "0.9801791",
            "g": "0.76291895"
          }
        },
        {
          "fitness": 0,
          "expressions": {
            "r": "0.47311163",
            "b": "0.09354949",
            "g": "0.5989845"
          }
        },
        {
          "fitness": 0,
          "expressions": {
            "r": "x",
            "b": "y",
            "g": "x"
          }
        },
        {
          "fitness": 0,
          "expressions": {
            "r": "x",
            "b": "y",
            "g": "x"
          }
        },
        {
          "fitness": 0,
          "expressions": {
            "r": "y",
            "b": "x",
            "g": "y"
          }
        },
        {
          "fitness": 0,
          "expressions": {
            "r": "x",
            "b": "x",
            "g": "x"
          }
        },
        {
          "fitness": 0,
          "expressions": {
            "r": "x",
            "b": "x",
            "g": "y"
          }
        },
        {
          "fitness": 0,
          "expressions": {
            "r": "0.037715912",
            "b": "0.08024621",
            "g": "0.082624435"
          }
        },
        {
          "fitness": 0,
          "expressions": {
            "r": "0.7314651",
            "b": "x",
            "g": "0.7076888"
          }
        },
        {
          "fitness": 0,
          "expressions": {
            "r": "x",
            "b": "x",
            "g": "0.8028374"
          }
        },
        {
          "fitness": 0,
          "expressions": {
            "r": "x",
            "b": "x",
            "g": "y"
          }
        },
        {
          "fitness": 0,
          "expressions": {
            "r": "y",
            "b": "y",
            "g": "x"
          }
        },
        {
          "fitness": 0,
          "expressions": {
            "r": "0.5823765",
            "b": "0.42773342",
            "g": "0.8074684"
          }
        }
      ],
      "timestamp": "18h:37m:1s"
    }
  ],
  "timestamp": "2024-07-28-18-36-47"
}