{
  "id": "57e7xgh6-s8ca-6nj5-1bdw-itvffdcofad7",
  "parameters": {
    "crossoverRate": 0.30000001192092896,
    "eliteSize": 2,
    "tournamentSize": 3,
    "mutationRate": 0.8999999761581421,
    "populationSize": 10
  },
  "populations": [{
    "generation": 0,
    "id": "sn5g2ye4-3e4v-k12f-x3mb-cz7sab3yqpuw",
    "individuals": [
      {
        "fitness": 0,
        "expressions": {
          "r": "(y*pow(x,(x+x)))",
          "b": "(y*pow(y,(x+x)))",
          "g": "(0.95594716*pow(0.92835456,(x+0.23449373)))"
        }
      },
      {
        "fitness": 0,
        "expressions": {
          "r": "sin((aud(x,x)*(x-0.52259874)))",
          "b": "sin((aud(y,0.771001)*(0.46804458-y)))",
          "g": "sin((aud(x,y)*(y-0.54406446)))"
        }
      },
      {
        "fitness": 0,
        "expressions": {
          "r": "(0.25348413+y)",
          "b": "(y+0.5587494)",
          "g": "(0.6256803+x)"
        }
      },
      {
        "fitness": 0,
        "expressions": {
          "r": "(0.2023285+0.54134506)",
          "b": "(y+0.76409304)",
          "g": "(x+0.88487756)"
        }
      },
      {
        "fitness": 0,
        "expressions": {
          "r": "var(x)",
          "b": "var(0.495745)",
          "g": "var(y)"
        }
      },
      {
        "fitness": 0,
        "expressions": {
          "r": "(y-((x/y)*cos(x)))",
          "b": "(x-((y/y)*cos(0.13499415)))",
          "g": "(x-((x/y)*cos(x)))"
        }
      },
      {
        "fitness": 0,
        "expressions": {
          "r": "(y+x)",
          "b": "(x+x)",
          "g": "(x+x)"
        }
      },
      {
        "fitness": 0,
        "expressions": {
          "r": "cos((y+0.9657254))",
          "b": "cos((x+x))",
          "g": "cos((y+x))"
        }
      },
      {
        "fitness": 0,
        "expressions": {
          "r": "(sin(aul(0.8880556,y))/y)",
          "b": "(sin(aul(y,0.60707545))/0.7905423)",
          "g": "(sin(aul(x,x))/0.9952839)"
        }
      },
      {
        "fitness": 0,
        "expressions": {
          "r": "tan(pow((x-0.24621946),x))",
          "b": "tan(pow((0.036999464-x),y))",
          "g": "tan(pow((x-y),0.050204158))"
        }
      },
      {
        "fitness": 0,
        "expressions": {
          "r": "(x+0.58597344)",
          "b": "(x+x)",
          "g": "(0.4673488+0.44033736)"
        }
      },
      {
        "fitness": 0,
        "expressions": {
          "r": "(y-pow(max(x,y),y))",
          "b": "(x-pow(max(0.5659445,x),x))",
          "g": "(x-pow(max(x,y),y))"
        }
      },
      {
        "fitness": 0,
        "expressions": {
          "r": "(y-auh(aul(y,y),cos(x)))",
          "b": "(y-auh(aul(x,y),cos(y)))",
          "g": "(0.004790604-auh(aul(x,0.7897911),cos(x)))"
        }
      },
      {
        "fitness": 0,
        "expressions": {
          "r": "(0.13942677+x)",
          "b": "(0.8885865+y)",
          "g": "(x+0.21321881)"
        }
      },
      {
        "fitness": 0,
        "expressions": {
          "r": "(y+0.5887141)",
          "b": "(y+1.5181303E-4)",
          "g": "(y+x)"
        }
      },
      {
        "fitness": 0,
        "expressions": {
          "r": "(y+y)",
          "b": "(x+x)",
          "g": "(y+0.24885124)"
        }
      },
      {
        "fitness": 0,
        "expressions": {
          "r": "min(0.59192026,y)",
          "b": "min(y,x)",
          "g": "min(0.15657735,0.40475893)"
        }
      },
      {
        "fitness": 0,
        "expressions": {
          "r": "(0.17292863-y)",
          "b": "(0.91850424-x)",
          "g": "(0.6793531-x)"
        }
      }
    ],
    "timestamp": "23h:19m:43s"
  }],
  "timestamp": "2024-07-24-23-19-41"
}