{
  "id": "5n5w0b3p-7e56-542j-76r1-538xce9lcv73",
  "parameters": {
    "crossoverRate": 0,
    "eliteSize": 0,
    "tournamentSize": 0,
    "mutationRate": 0,
    "populationSize": 0
  },
  "populations": [{
    "generation": 0,
    "id": "pzctysou-jns3-aeop-nm9m-5ysa1vqcp81s",
    "individuals": [
      {
        "fitness": 0,
        "expressions": {
          "r": "y",
          "b": "0.4288106",
          "g": "0.15085125"
        }
      },
      {
        "fitness": 0,
        "expressions": {
          "r": "0.7288213",
          "b": "0.6225245",
          "g": "y"
        }
      },
      {
        "fitness": 0,
        "expressions": {
          "r": "0.6608455",
          "b": "y",
          "g": "x"
        }
      },
      {
        "fitness": 0,
        "expressions": {
          "r": "0.8500533",
          "b": "y",
          "g": "0.537415"
        }
      },
      {
        "fitness": 0,
        "expressions": {
          "r": "x",
          "b": "0.9997771",
          "g": "0.68068576"
        }
      },
      {
        "fitness": 0,
        "expressions": {
          "r": "0.16782331",
          "b": "0.28075314",
          "g": "y"
        }
      },
      {
        "fitness": 0,
        "expressions": {
          "r": "y",
          "b": "x",
          "g": "0.09347677"
        }
      },
      {
        "fitness": 0,
        "expressions": {
          "r": "y",
          "b": "0.7719543",
          "g": "0.8101678"
        }
      },
      {
        "fitness": 0,
        "expressions": {
          "r": "y",
          "b": "x",
          "g": "y"
        }
      },
      {
        "fitness": 0,
        "expressions": {
          "r": "y",
          "b": "0.62217927",
          "g": "y"
        }
      },
      {
        "fitness": 0,
        "expressions": {
          "r": "x",
          "b": "y",
          "g": "y"
        }
      },
      {
        "fitness": 0,
        "expressions": {
          "r": "0.3195424",
          "b": "0.98373175",
          "g": "x"
        }
      },
      {
        "fitness": 0,
        "expressions": {
          "r": "0.3343196",
          "b": "y",
          "g": "x"
        }
      },
      {
        "fitness": 0,
        "expressions": {
          "r": "0.18377972",
          "b": "y",
          "g": "0.34930944"
        }
      },
      {
        "fitness": 0,
        "expressions": {
          "r": "x",
          "b": "0.09845853",
          "g": "x"
        }
      },
      {
        "fitness": 0,
        "expressions": {
          "r": "y",
          "b": "x",
          "g": "x"
        }
      },
      {
        "fitness": 0,
        "expressions": {
          "r": "y",
          "b": "x",
          "g": "x"
        }
      },
      {
        "fitness": 0,
        "expressions": {
          "r": "x",
          "b": "y",
          "g": "y"
        }
      }
    ],
    "timestamp": "0h:2m:50s"
  }],
  "timestamp": "2024-07-27-00-02-48"
}