{
  "id": "5r1fzqn5-22kl-ywrk-bchu-oce3djceo2bm",
  "parameters": {
    "crossoverRate": 0.30000001192092896,
    "eliteSize": 2,
    "tournamentSize": 3,
    "mutationRate": 0.8999999761581421,
    "populationSize": 10
  },
  "populations": [{
    "generation": 0,
    "id": "s3usclmi-blyh-2z4x-2m95-ri4cbhfemxtk",
    "individuals": [
      {
        "fitness": 0,
        "expressions": {
          "r": "(x+x)",
          "b": "(y+y)",
          "g": "(0.2789753+x)"
        }
      },
      {
        "fitness": 0,
        "expressions": {
          "r": "cos(tan(y))",
          "b": "cos(tan(y))",
          "g": "cos(tan(0.30971092))"
        }
      },
      {
        "fitness": 0,
        "expressions": {
          "r": "tan(x)",
          "b": "tan(0.15446931)",
          "g": "tan(y)"
        }
      },
      {
        "fitness": 0,
        "expressions": {
          "r": "tan(0.345873)",
          "b": "tan(y)",
          "g": "tan(0.90622866)"
        }
      },
      {
        "fitness": 0,
        "expressions": {
          "r": "aud(x,tan((x*y)))",
          "b": "aud(y,tan((y*y)))",
          "g": "aud(x,tan((0.5952932*y)))"
        }
      },
      {
        "fitness": 0,
        "expressions": {
          "r": "aud(y,(aul(x,y)/x))",
          "b": "aud(y,(aul(x,0.15766543)/x))",
          "g": "aud(y,(aul(0.16335386,0.23931277)/y))"
        }
      },
      {
        "fitness": 0,
        "expressions": {
          "r": "(y+0.8793386)",
          "b": "(y+0.25129652)",
          "g": "(0.48840344+y)"
        }
      },
      {
        "fitness": 0,
        "expressions": {
          "r": "(y+y)",
          "b": "(x+0.99473745)",
          "g": "(0.3868627+x)"
        }
      },
      {
        "fitness": 0,
        "expressions": {
          "r": "sin(x)",
          "b": "sin(x)",
          "g": "sin(y)"
        }
      },
      {
        "fitness": 0,
        "expressions": {
          "r": "(x+y)",
          "b": "(y+x)",
          "g": "(x+x)"
        }
      },
      {
        "fitness": 0,
        "expressions": {
          "r": "(y+x)",
          "b": "(x+0.13140804)",
          "g": "(x+x)"
        }
      },
      {
        "fitness": 0,
        "expressions": {
          "r": "var((max(0.93383664,x)+max(x,x)))",
          "b": "var((max(0.0918349,x)+max(x,y)))",
          "g": "var((max(0.9064454,x)+max(y,x)))"
        }
      },
      {
        "fitness": 0,
        "expressions": {
          "r": "(y/((y-x)+0.07563937))",
          "b": "(x/((y-x)+0.32591182))",
          "g": "(x/((y-0.9542311)+x))"
        }
      },
      {
        "fitness": 0,
        "expressions": {
          "r": "(y+y)",
          "b": "(0.37450594+x)",
          "g": "(y+x)"
        }
      },
      {
        "fitness": 0,
        "expressions": {
          "r": "(x+x)",
          "b": "(x+0.06751531)",
          "g": "(y+y)"
        }
      },
      {
        "fitness": 0,
        "expressions": {
          "r": "(x+x)",
          "b": "(y+y)",
          "g": "(y+x)"
        }
      },
      {
        "fitness": 0,
        "expressions": {
          "r": "cos(y)",
          "b": "cos(x)",
          "g": "cos(y)"
        }
      },
      {
        "fitness": 0,
        "expressions": {
          "r": "(x+0.7592917)",
          "b": "(x+0.36838728)",
          "g": "(0.92919284+x)"
        }
      }
    ],
    "timestamp": "17h:6m:4s"
  }],
  "timestamp": "2024-07-04-17-06-01"
}