{
  "id": "66uisa42-6hep-42uf-j0in-xme3xi724vc7",
  "parameters": {
    "crossoverRate": 0.30000001192092896,
    "eliteSize": 2,
    "tournamentSize": 3,
    "mutationRate": 0.8999999761581421,
    "populationSize": 10
  },
  "populations": [
    {
      "generation": 0,
      "id": "59ik7t48-v1v4-0kun-3q1r-7znffqnf6jkb",
      "individuals": [
        {
          "fitness": 0,
          "expressions": {
            "r": "sin(0.3335843)",
            "b": "sin(y)",
            "g": "sin(0.27528667)"
          }
        },
        {
          "fitness": 0,
          "expressions": {
            "r": "add(x,x)",
            "b": "add(x,y)",
            "g": "add(0.96708155,x)"
          }
        },
        {
          "fitness": 0,
          "expressions": {
            "r": "div(pow(min(add(max(div(y,cos(sub(aul(0.84592867,y),min(sub(aul(tan(0.3525839),add(x,pow(sin(x),0.255368))),0.098410845),div(x,min(cos(x),0.19823408)))))),tan(0.44117808)),0.56951237),y),auh(y,y)),x)",
            "b": "div(pow(min(add(max(div(y,cos(sub(aul(y,x),min(sub(aul(tan(x),add(x,pow(sin(x),x))),y),div(0.9501362,min(cos(x),0.99658775)))))),tan(x)),x),y),auh(0.12454057,y)),0.0029921532)",
            "g": "div(pow(min(add(max(div(x,cos(sub(aul(x,0.0013208389),min(sub(aul(tan(0.7809417),add(y,pow(sin(x),y))),x),div(y,min(cos(y),0.15680313)))))),tan(x)),0.2493341),y),auh(0.67357326,y)),0.96686864)"
          }
        },
        {
          "fitness": 0,
          "expressions": {
            "r": "min(cos(max(0.31181097,pow(aud(div(0.27524996,0.6904626),0.30525184),pow(x,x)))),min(sub(x,0.87511206),sub(var(div(y,x)),x)))",
            "b": "min(cos(max(0.42339063,pow(aud(div(0.41732025,0.9751029),x),pow(x,0.7101693)))),min(sub(0.93647647,0.8296473),sub(var(div(0.30462646,x)),y)))",
            "g": "min(cos(max(y,pow(aud(div(0.855042,y),0.1566565),pow(x,x)))),min(sub(y,x),sub(var(div(y,y)),0.7558842)))"
          }
        },
        {
          "fitness": 0,
          "expressions": {
            "r": "add(y,0.787781)",
            "b": "add(x,x)",
            "g": "add(0.6743777,0.046719074)"
          }
        },
        {
          "fitness": 0,
          "expressions": {
            "r": "add(x,y)",
            "b": "add(x,x)",
            "g": "add(y,x)"
          }
        },
        {
          "fitness": 0,
          "expressions": {
            "r": "add(div(var(y),x),aul(x,auh(min(tan(0.72786355),aud(0.0054945946,aud(cos(sub(var(tan(pow(x,x))),y)),sub(div(aud(aud(auh(cos(0.6465945),auh(x,sub(0.39205527,0.01947689))),y),min(add(tan(aul(tan(x),0.20290542)),x),0.97371817)),mul(sub(tan(cos(0.22080708)),aul(y,y)),y)),pow(y,cos(tan(var(sin(add(0.6744962,div(x,0.3295803))))))))))),max(aul(min(div(var(0.76727605),aul(0.30681944,x)),min(cos(0.67678523),y)),max(x,x)),y))))",
            "b": "add(div(var(y),0.18100595),aul(0.4091475,auh(min(tan(0.3765347),aud(y,aud(cos(sub(var(tan(pow(x,0.7959707))),y)),sub(div(aud(aud(auh(cos(y),auh(x,sub(x,y))),y),min(add(tan(aul(tan(x),y)),x),y)),mul(sub(tan(cos(x)),aul(x,0.586463)),x)),pow(y,cos(tan(var(sin(add(0.5309496,div(0.73936534,0.58299255))))))))))),max(aul(min(div(var(y),aul(0.55091405,y)),min(cos(y),y)),max(0.4313755,x)),x))))",
            "g": "add(div(var(x),y),aul(x,auh(min(tan(y),aud(x,aud(cos(sub(var(tan(pow(y,x))),0.16233683)),sub(div(aud(aud(auh(cos(0.45151567),auh(x,sub(x,y))),x),min(add(tan(aul(tan(x),0.10223627)),y),0.6855638)),mul(sub(tan(cos(x)),aul(0.19063401,x)),x)),pow(0.90474606,cos(tan(var(sin(add(x,div(y,0.2533009))))))))))),max(aul(min(div(var(y),aul(x,y)),min(cos(y),y)),max(0.31965685,x)),x))))"
          }
        },
        {
          "fitness": 0,
          "expressions": {
            "r": "sub(mul(x,cos(x)),0.6299546)",
            "b": "sub(mul(y,cos(x)),0.42513275)",
            "g": "sub(mul(0.8024628,cos(0.5903883)),0.015659094)"
          }
        },
        {
          "fitness": 0,
          "expressions": {
            "r": "add(x,y)",
            "b": "add(x,y)",
            "g": "add(0.65457845,0.47097135)"
          }
        },
        {
          "fitness": 0,
          "expressions": {
            "r": "var(aud(sin(auh(y,max(auh(var(0.4268589),x),x))),x))",
            "b": "var(aud(sin(auh(y,max(auh(var(x),x),y))),y))",
            "g": "var(aud(sin(auh(y,max(auh(var(y),0.4890375),y))),y))"
          }
        },
        {
          "fitness": 0,
          "expressions": {
            "r": "add(x,x)",
            "b": "add(y,0.053213596)",
            "g": "add(x,0.12671113)"
          }
        },
        {
          "fitness": 0,
          "expressions": {
            "r": "add(y,x)",
            "b": "add(x,0.042350292)",
            "g": "add(0.02813363,0.93753505)"
          }
        },
        {
          "fitness": 0,
          "expressions": {
            "r": "add(y,0.63000584)",
            "b": "add(y,x)",
            "g": "add(y,x)"
          }
        },
        {
          "fitness": 0,
          "expressions": {
            "r": "add(y,0.7434406)",
            "b": "add(y,0.5542493)",
            "g": "add(0.42650247,y)"
          }
        },
        {
          "fitness": 0,
          "expressions": {
            "r": "add(0.3359418,0.6950221)",
            "b": "add(0.73967624,0.93719554)",
            "g": "add(y,y)"
          }
        },
        {
          "fitness": 0,
          "expressions": {
            "r": "add(x,y)",
            "b": "add(0.3767066,x)",
            "g": "add(y,y)"
          }
        },
        {
          "fitness": 0,
          "expressions": {
            "r": "add(x,y)",
            "b": "add(0.67972755,0.04850936)",
            "g": "add(0.847157,y)"
          }
        },
        {
          "fitness": 0,
          "expressions": {
            "r": "add(0.43710446,y)",
            "b": "add(0.37130642,x)",
            "g": "add(0.23178339,0.96754575)"
          }
        }
      ],
      "timestamp": "23h:46m:42s"
    },
    {
      "generation": 1,
      "ascendantID": "59ik7t48-v1v4-0kun-3q1r-7znffqnf6jkb",
      "id": "zr6vmxbj-lddm-zphr-cayn-u6sxjn8a4djn",
      "individuals": [
        {
          "fitness": 0,
          "expressions": {
            "r": "var(aud(sin(auh(y,max(auh(var(0.4268589),x),x))),x))",
            "b": "var(aud(sin(auh(y,max(auh(var(x),x),y))),y))",
            "g": "var(aud(sin(auh(y,max(auh(var(y),0.4890375),y))),y))"
          }
        },
        {
          "fitness": 0,
          "expressions": {
            "r": "add(y,0.47913456)",
            "b": "add(y,y)",
            "g": "add(y,x)"
          }
        },
        {
          "fitness": 0,
          "expressions": {
            "r": "add(x,aul(auh(y,var(pow(add(0.7846222,y),0.6429267))),var(pow(min(pow(x,cos(div(aul(cos(mul(min(div(add(x,x),y),div(0.27810526,min(0.107925415,y))),x)),y),mul(x,y)))),y),y))))",
            "b": "add(0.67972755,aul(auh(0.796453,var(pow(add(0.08059049,0.8031709),y))),var(pow(min(pow(y,cos(div(aul(cos(mul(min(div(add(x,0.2631073),y),div(0.52166104,min(x,y))),x)),y),mul(y,y)))),y),0.85155797))))",
            "g": "add(0.847157,aul(auh(x,var(pow(add(x,0.8247528),0.9473748))),var(pow(min(pow(0.73517895,cos(div(aul(cos(mul(min(div(add(x,0.21257854),x),div(x,min(0.6678066,0.25418496))),x)),x),mul(x,0.29104757)))),0.5834818),0.65758204))))"
          }
        },
        {
          "fitness": 0,
          "expressions": {
            "r": "add(x,y)",
            "b": "add(0.3767066,x)",
            "g": "add(y,y)"
          }
        },
        {
          "fitness": 0,
          "expressions": {
            "r": "add(0.46290255,0.787781)",
            "b": "add(x,x)",
            "g": "add(0.044145107,0.046719074)"
          }
        },
        {
          "fitness": 0,
          "expressions": {
            "r": "add(x,x)",
            "b": "add(x,y)",
            "g": "add(0.96708155,x)"
          }
        },
        {
          "fitness": 0,
          "expressions": {
            "r": "var(var(sin(auh(y,pow(auh(aud(0.4268589,y),x),x)))))",
            "b": "var(var(sin(auh(y,pow(auh(aud(y,x),x),y)))))",
            "g": "var(var(sin(auh(y,pow(auh(aud(y,x),0.4890375),y)))))"
          }
        },
        {
          "fitness": 0,
          "expressions": {
            "r": "add(0.43710446,y)",
            "b": "add(0.37130642,x)",
            "g": "add(0.5154214,0.96754575)"
          }
        },
        {
          "fitness": 0,
          "expressions": {
            "r": "add(x,y)",
            "b": "add(0.67972755,0.04850936)",
            "g": "add(0.847157,y)"
          }
        },
        {
          "fitness": 0,
          "expressions": {
            "r": "add(x,x)",
            "b": "add(x,y)",
            "g": "add(0.96708155,x)"
          }
        },
        {
          "fitness": 0,
          "expressions": {
            "r": "add(x,y)",
            "b": "add(0.3767066,x)",
            "g": "add(y,y)"
          }
        },
        {
          "fitness": 0,
          "expressions": {
            "r": "var(aud(sin(auh(y,max(auh(var(0.4268589),x),min(0.31181097,min(aud(sin(0.4394002),0.23231578),pow(x,x)))))),x))",
            "b": "var(aud(sin(auh(y,max(auh(var(x),x),min(0.42339063,min(aud(sin(0.41732025),x),pow(x,0.7912774)))))),y))",
            "g": "var(aud(sin(auh(y,max(auh(var(y),0.4890375),min(y,min(aud(sin(0.7608466),0.22626686),pow(x,x)))))),y))"
          }
        },
        {
          "fitness": 0,
          "expressions": {
            "r": "add(y,0.7434406)",
            "b": "add(y,0.5542493)",
            "g": "add(0.42650247,y)"
          }
        },
        {
          "fitness": 0,
          "expressions": {
            "r": "cos(0.4542508)",
            "b": "cos(y)",
            "g": "cos(0.27528667)"
          }
        },
        {
          "fitness": 0,
          "expressions": {
            "r": "sin(pow(min(add(min(sin(y),tan(0.44818425)),0.56951237),y),auh(y,y)))",
            "b": "sin(pow(min(add(min(sin(y),tan(x)),x),y),auh(0.12454057,y)))",
            "g": "sin(pow(min(add(min(sin(x),tan(x)),0.2493341),y),auh(0.67357326,y)))"
          }
        },
        {
          "fitness": 0,
          "expressions": {
            "r": "add(y,y)",
            "b": "add(y,y)",
            "g": "add(y,0.24666762)"
          }
        },
        {
          "fitness": 0,
          "expressions": {
            "r": "add(auh(y,y),0.7462373)",
            "b": "add(auh(y,x),x)",
            "g": "add(auh(y,0.79868793),y)"
          }
        },
        {
          "fitness": 0,
          "expressions": {
            "r": "add(y,0.787781)",
            "b": "add(x,x)",
            "g": "add(0.9292021,0.046719074)"
          }
        }
      ],
      "timestamp": "23h:47m:0s"
    },
    {
      "generation": 2,
      "ascendantID": "zr6vmxbj-lddm-zphr-cayn-u6sxjn8a4djn",
      "id": "ym1ho2cq-h3zj-745w-h8w8-5s9oj28nbp1x",
      "individuals": [
        {
          "fitness": 0,
          "expressions": {
            "r": "var(aud(sin(auh(y,max(auh(var(0.4268589),x),x))),x))",
            "b": "var(aud(sin(auh(y,max(auh(var(x),x),y))),y))",
            "g": "var(aud(sin(auh(y,max(auh(var(y),0.4890375),y))),y))"
          }
        },
        {
          "fitness": 0,
          "expressions": {
            "r": "add(tan(y),y)",
            "b": "add(tan(y),0.04850936)",
            "g": "add(tan(0.5266497),y)"
          }
        },
        {
          "fitness": 0,
          "expressions": {
            "r": "add(x,y)",
            "b": "add(0.3767066,x)",
            "g": "add(y,y)"
          }
        },
        {
          "fitness": 0,
          "expressions": {
            "r": "add(y,aul(cos(aud(mul(min(sin(0.14747143),y),x),sub(div(tan(cos(max(x,sub(cos(0.9711797),pow(x,min(x,pow(0.9654591,y))))))),auh(sin(max(x,div(var(mul(tan(sin(auh(x,y))),aud(0.38959694,tan(sub(y,x))))),auh(add(y,aul(cos(aul(0.35782576,y)),x)),y)))),y)),min(sub(sub(pow(0.6663513,cos(sin(y))),x),sub(max(add(aul(sub(sub(x,mul(y,0.50396395)),mul(y,add(var(x),auh(x,x)))),y),x),sin(0.1709845)),pow(y,max(tan(cos(tan(x))),y)))),0.119140625)))),add(auh(0.6171527,y),sub(sub(var(aud(pow(y,0.17481804),min(0.69700074,0.96468186))),0.12968731),max(aud(aud(y,x),auh(var(aud(x,tan(aul(min(min(x,aul(max(0.56921005,x),aud(y,y))),add(min(x,y),add(mul(y,0.81571674),sin(x)))),sub(y,y))))),x)),pow(var(y),tan(0.68790007)))))))",
            "b": "add(y,aul(cos(aud(mul(min(sin(y),0.7618742),0.45095325),sub(div(tan(cos(max(y,sub(cos(0.97989154),pow(y,min(y,pow(y,x))))))),auh(sin(max(0.7134609,div(var(mul(tan(sin(auh(x,y))),aud(0.61685085,tan(sub(y,x))))),auh(add(y,aul(cos(aul(0.13256311,0.70472217)),x)),x)))),y)),min(sub(sub(pow(x,cos(sin(y))),0.59772825),sub(max(add(aul(sub(sub(x,mul(x,0.7706981)),mul(y,add(var(0.7237277),auh(0.4321084,y)))),0.6203754),0.8474183),sin(x)),pow(y,max(tan(cos(tan(0.5831375))),x)))),y)))),add(auh(x,x),sub(sub(var(aud(pow(x,0.4930446),min(x,x))),y),max(aud(aud(x,y),auh(var(aud(x,tan(aul(min(min(x,aul(max(x,0.49569368),aud(y,y))),add(min(y,y),add(mul(x,y),sin(y)))),sub(0.9126463,x))))),0.63980913)),pow(var(y),tan(0.16162777)))))))",
            "g": "add(0.42650247,aul(cos(aud(mul(min(sin(0.7475476),y),y),sub(div(tan(cos(max(0.30154085,sub(cos(y),pow(0.6049266,min(0.50286627,pow(x,0.82717896))))))),auh(sin(max(0.5719049,div(var(mul(tan(sin(auh(y,y))),aud(0.68827605,tan(sub(y,0.5507412))))),auh(add(y,aul(cos(aul(x,x)),y)),y)))),y)),min(sub(sub(pow(y,cos(sin(x))),x),sub(max(add(aul(sub(sub(0.03392887,mul(y,y)),mul(0.94456863,add(var(0.8441758),auh(x,0.10310483)))),y),x),sin(0.6367965)),pow(x,max(tan(cos(tan(x))),y)))),y)))),add(auh(0.69600916,0.45531988),sub(sub(var(aud(pow(x,x),min(x,y))),0.9477477),max(aud(aud(0.7445643,x),auh(var(aud(x,tan(aul(min(min(x,aul(max(y,y),aud(x,y))),add(min(x,y),add(mul(x,y),sin(x)))),sub(y,0.7604599))))),x)),pow(var(x),tan(0.8688388)))))))"
          }
        },
        {
          "fitness": 0,
          "expressions": {
            "r": "add(0.43710446,add(sin(mul(sin(var(x)),0.28673792)),min(sin(aud(0.24584174,pow(add(aul(0.7963283,div(y,x)),min(y,add(x,cos(div(y,pow(pow(x,aul(0.8063841,x)),aud(var(x),sin(0.46568632)))))))),aul(sub(0.65068555,min(x,tan(y))),0.20276332)))),div(div(y,aud(div(div(auh(y,var(add(auh(max(y,x),y),var(div(div(x,y),mul(y,y)))))),0.37892437),x),tan(max(aud(y,y),pow(y,0.879483))))),y))))",
            "b": "add(0.6636503,add(sin(mul(sin(var(x)),x)),min(sin(aud(x,pow(add(aul(y,div(x,x)),min(x,add(0.24527049,cos(div(0.628252,pow(pow(y,aul(0.9816611,x)),aud(var(0.5193949),sin(x)))))))),aul(sub(y,min(x,tan(0.050232887))),x)))),div(div(0.030574799,aud(div(div(auh(x,var(add(auh(max(y,y),0.90472865),var(div(div(y,y),mul(y,x)))))),x),y),tan(max(aud(x,x),pow(0.11968446,y))))),0.8726537))))",
            "g": "add(0.74649143,add(sin(mul(sin(var(y)),x)),min(sin(aud(y,pow(add(aul(y,div(x,0.9811299)),min(x,add(x,cos(div(0.3668468,pow(pow(x,aul(x,x)),aud(var(0.492244),sin(0.0517323)))))))),aul(sub(x,min(x,tan(0.48036432))),x)))),div(div(y,aud(div(div(auh(x,var(add(auh(max(0.11920357,x),0.23186994),var(div(div(0.43452764,0.07612586),mul(y,0.45897365)))))),y),0.93805003),tan(max(aud(y,x),pow(0.43559766,y))))),0.69651103))))"
          }
        },
        {
          "fitness": 0,
          "expressions": {
            "r": "var(aud(sin(auh(y,max(auh(var(0.4268589),x),min(0.31181097,min(aud(sin(0.4394002),max(auh(var(0.4268589),x),x)),pow(x,x)))))),x))",
            "b": "var(aud(sin(auh(y,max(auh(var(x),x),min(0.42339063,min(aud(sin(0.41732025),max(auh(var(x),x),y)),pow(x,0.7912774)))))),y))",
            "g": "var(aud(sin(auh(y,max(auh(var(y),0.4890375),min(y,min(aud(sin(0.7608466),max(auh(var(y),0.4890375),y)),pow(x,x)))))),y))"
          }
        },
        {
          "fitness": 0,
          "expressions": {
            "r": "add(x,y)",
            "b": "add(0.3767066,x)",
            "g": "add(y,y)"
          }
        },
        {
          "fitness": 0,
          "expressions": {
            "r": "aud(aud(sin(aul(y,max(auh(var(0.4268589),x),x))),x),0.2716086)",
            "b": "aud(aud(sin(aul(y,max(auh(var(x),x),y))),y),x)",
            "g": "aud(aud(sin(aul(y,max(auh(var(y),0.62840676),y))),y),0.83853626)"
          }
        },
        {
          "fitness": 0,
          "expressions": {
            "r": "add(0.41580725,y)",
            "b": "add(0.71515656,x)",
            "g": "add(x,y)"
          }
        },
        {
          "fitness": 0,
          "expressions": {
            "r": "add(y,y)",
            "b": "add(0.67972755,y)",
            "g": "add(0.847157,y)"
          }
        },
        {
          "fitness": 0,
          "expressions": {
            "r": "var(aud(sin(max(y,min(auh(var(0.4268589),x),x))),x))",
            "b": "var(aud(sin(max(y,min(auh(var(x),x),y))),y))",
            "g": "var(aud(sin(max(y,min(auh(var(y),0.4890375),y))),y))"
          }
        },
        {
          "fitness": 0,
          "expressions": {
            "r": "add(max(y,y),0.7462373)",
            "b": "add(max(y,x),x)",
            "g": "add(max(y,0.90371704),y)"
          }
        },
        {
          "fitness": 0,
          "expressions": {
            "r": "cos(0.4542508)",
            "b": "cos(y)",
            "g": "cos(0.27528667)"
          }
        },
        {
          "fitness": 0,
          "expressions": {
            "r": "add(x,y)",
            "b": "add(0.67972755,0.04850936)",
            "g": "add(0.847157,y)"
          }
        },
        {
          "fitness": 0,
          "expressions": {
            "r": "add(x,aul(sub(x,aud(aud(var(pow(x,tan(0.18980837))),div(y,x)),sin(tan(cos(0.3119223))))),0.81156635))",
            "b": "add(x,aul(sub(x,aud(aud(var(pow(0.99642015,tan(y))),div(x,0.938344)),sin(tan(cos(x))))),y))",
            "g": "add(0.96708155,aul(sub(y,aud(aud(var(pow(0.789819,tan(x))),div(y,y)),sin(tan(cos(x))))),x))"
          }
        },
        {
          "fitness": 0,
          "expressions": {
            "r": "add(y,0.7434406)",
            "b": "add(y,0.5542493)",
            "g": "add(0.29642463,y)"
          }
        },
        {
          "fitness": 0,
          "expressions": {
            "r": "sin(pow(min(add(min(sin(y),tan(0.44818425)),0.56951237),y),aul(y,y)))",
            "b": "sin(pow(min(add(min(sin(y),tan(x)),x),y),aul(0.12454057,y)))",
            "g": "sin(pow(min(add(min(sin(x),tan(x)),0.2493341),y),aul(0.40365458,y)))"
          }
        },
        {
          "fitness": 0,
          "expressions": {
            "r": "add(y,x)",
            "b": "add(y,y)",
            "g": "add(x,x)"
          }
        }
      ],
      "timestamp": "23h:47m:6s"
    },
    {
      "generation": 3,
      "ascendantID": "ym1ho2cq-h3zj-745w-h8w8-5s9oj28nbp1x",
      "id": "ux38o728-z512-liv0-hqmk-nzssgk4ztvfe",
      "individuals": [
        {
          "fitness": 0,
          "expressions": {
            "r": "var(aud(sin(auh(y,max(auh(var(0.4268589),x),x))),x))",
            "b": "var(aud(sin(auh(y,max(auh(var(x),x),y))),y))",
            "g": "var(aud(sin(auh(y,max(auh(var(y),0.4890375),y))),y))"
          }
        },
        {
          "fitness": 0,
          "expressions": {
            "r": "sin(pow(max(add(pow(sin(y),tan(0.44818425)),0.60930514),0.8943429),aul(y,y)))",
            "b": "sin(pow(max(add(pow(sin(y),tan(x)),x),0.8831041),aul(0.12454057,y)))",
            "g": "sin(pow(max(add(pow(sin(x),tan(x)),0.2493341),y),aul(0.40365458,y)))"
          }
        },
        {
          "fitness": 0,
          "expressions": {
            "r": "add(x,aul(sub(x,aud(aud(aud(pow(x,tan(0.18980837)),0.7020049),mul(y,x)),sin(var(cos(0.44853282))))),0.81156635))",
            "b": "add(x,aul(sub(x,aud(aud(aud(pow(0.99642015,tan(y)),y),mul(x,0.938344)),sin(var(cos(x))))),y))",
            "g": "add(0.96708155,aul(sub(y,aud(aud(aud(pow(0.789819,tan(x)),0.36262083),mul(y,y)),sin(var(cos(x))))),x))"
          }
        },
        {
          "fitness": 0,
          "expressions": {
            "r": "add(0.3712685,add(sin(sin(sin(var(x)))),min(sin(aud(0.24584174,min(add(aud(0.90194154,div(y,x)),min(y,add(x,cos(div(y,pow(min(x,aul(0.8063841,x)),aud(var(x),sin(0.6228347)))))))),auh(sub(0.65068555,max(x,tan(y))),0.20276332)))),div(div(y,aud(div(div(auh(y,var(add(auh(max(y,x),y),var(div(div(x,y),mul(y,y)))))),0.37892437),x),tan(max(var(y),pow(y,0.879483))))),y))))",
            "b": "add(0.6636503,add(sin(sin(sin(var(x)))),min(sin(aud(x,min(add(aud(y,div(x,x)),min(x,add(0.24527049,cos(div(0.628252,pow(min(y,aul(0.9816611,x)),aud(var(0.5193949),sin(x)))))))),auh(sub(y,max(x,tan(0.050232887))),x)))),div(div(0.030574799,aud(div(div(auh(x,var(add(auh(max(y,y),0.90472865),var(div(div(y,y),mul(y,x)))))),x),y),tan(max(var(x),pow(0.17896008,y))))),0.8726537))))",
            "g": "add(0.74649143,add(sin(sin(sin(var(y)))),min(sin(aud(y,min(add(aud(y,div(x,0.9811299)),min(x,add(x,cos(div(0.3668468,pow(min(x,aul(x,x)),aud(var(0.31749868),sin(0.21908689)))))))),auh(sub(x,max(x,tan(0.48036432))),x)))),div(div(y,aud(div(div(auh(x,var(add(auh(max(0.11920357,x),0.23186994),var(div(div(0.43452764,0.07612586),mul(y,0.45897365)))))),y),0.93805003),tan(max(var(y),pow(0.43559766,y))))),0.69651103))))"
          }
        },
        {
          "fitness": 0,
          "expressions": {
            "r": "add(x,y)",
            "b": "add(0.67972755,x)",
            "g": "add(0.847157,0.63927364)"
          }
        },
        {
          "fitness": 0,
          "expressions": {
            "r": "add(x,0.7585957)",
            "b": "add(0.3767066,x)",
            "g": "add(y,x)"
          }
        },
        {
          "fitness": 0,
          "expressions": {
            "r": "add(y,y)",
            "b": "add(0.67972755,y)",
            "g": "add(0.847157,y)"
          }
        },
        {
          "fitness": 0,
          "expressions": {
            "r": "add(y,y)",
            "b": "add(0.67972755,0.04850936)",
            "g": "add(0.847157,x)"
          }
        },
        {
          "fitness": 0,
          "expressions": {
            "r": "add(y,y)",
            "b": "add(0.67972755,y)",
            "g": "add(0.847157,x)"
          }
        },
        {
          "fitness": 0,
          "expressions": {
            "r": "add(x,y)",
            "b": "add(0.67972755,0.04850936)",
            "g": "add(0.847157,y)"
          }
        },
        {
          "fitness": 0,
          "expressions": {
            "r": "add(max(y,min(auh(var(0.19346833),x),x)),y)",
            "b": "add(max(y,min(auh(var(x),x),y)),x)",
            "g": "add(max(y,min(auh(var(y),0.4890375),y)),y)"
          }
        },
        {
          "fitness": 0,
          "expressions": {
            "r": "add(x,aul(sub(x,aud(y,cos(tan(cos(0.3119223))))),0.6102812))",
            "b": "add(x,aul(sub(x,aud(y,cos(tan(cos(x))))),y))",
            "g": "add(0.96708155,aul(sub(y,aud(0.7753179,cos(tan(cos(x))))),x))"
          }
        },
        {
          "fitness": 0,
          "expressions": {
            "r": "add(var(y),y)",
            "b": "add(var(y),0.04850936)",
            "g": "add(var(0.5266497),y)"
          }
        },
        {
          "fitness": 0,
          "expressions": {
            "r": "add(y,aul(cos(aud(mul(pow(sin(y),y),x),sub(sin(tan(cos(max(x,mul(cos(0.9711797),pow(x,min(x,pow(0.9654591,y)))))))),min(sub(sub(pow(0.6663513,cos(cos(y))),x),sub(max(add(aul(sub(sub(x,mul(y,0.50396395)),sub(y,add(tan(x),auh(x,x)))),y),x),div(0.1709845,0.7190933)),pow(y,max(cos(cos(tan(x))),y)))),0.119140625)))),add(auh(0.48338938,y),sub(mul(var(aud(pow(y,0.17481804),pow(0.8951161,0.87279296))),0.12968731),max(aud(aul(y,x),auh(var(aud(x,tan(aul(min(min(x,aul(min(0.34131885,x),aul(y,y))),add(min(x,y),add(mul(y,0.81571674),sin(x)))),sub(y,y))))),x)),pow(aud(y,0.85561013),tan(0.68790007)))))))",
            "b": "add(y,aul(cos(aud(mul(pow(sin(y),0.7618742),0.45095325),sub(sin(tan(cos(max(y,mul(cos(0.97989154),pow(y,min(y,pow(y,x)))))))),min(sub(sub(pow(x,cos(cos(y))),0.59772825),sub(max(add(aul(sub(sub(x,mul(x,0.7706981)),sub(y,add(tan(0.811748),auh(0.4321084,y)))),0.6203754),0.8474183),div(x,x)),pow(y,max(cos(cos(tan(0.80651236))),x)))),y)))),add(auh(x,x),sub(mul(var(aud(pow(x,0.4930446),pow(x,x))),y),max(aud(aul(x,y),auh(var(aud(x,tan(aul(min(min(x,aul(min(x,0.49569368),aul(y,y))),add(min(y,y),add(mul(x,y),sin(y)))),sub(0.9126463,x))))),0.63980913)),pow(aud(y,x),tan(0.16162777)))))))",
            "g": "add(0.42650247,aul(cos(aud(mul(pow(sin(0.92779803),y),y),sub(sin(tan(cos(max(0.30154085,mul(cos(y),pow(0.6049266,min(0.50286627,pow(x,0.82717896)))))))),min(sub(sub(pow(y,cos(cos(x))),x),sub(max(add(aul(sub(sub(0.03392887,mul(y,y)),sub(0.94456863,add(tan(0.5493355),auh(x,y)))),y),x),div(0.6367965,x)),pow(x,max(cos(cos(tan(x))),y)))),y)))),add(auh(0.69600916,0.45531988),sub(mul(var(aud(pow(x,x),pow(x,y))),0.9477477),max(aud(aul(0.7445643,x),auh(var(aud(x,tan(aul(min(min(x,aul(min(y,y),aul(x,y))),add(min(x,y),add(mul(x,y),sin(x)))),sub(y,0.7604599))))),x)),pow(aud(x,x),tan(0.8688388)))))))"
          }
        },
        {
          "fitness": 0,
          "expressions": {
            "r": "var(aud(sin(max(y,pow(y,x))),x))",
            "b": "var(aud(sin(max(y,pow(y,y))),y))",
            "g": "var(aud(sin(max(y,pow(0.6830282,y))),y))"
          }
        },
        {
          "fitness": 0,
          "expressions": {
            "r": "aud(aud(cos(auh(y,pow(var(0.4268589),x))),x),0.3759513)",
            "b": "aud(aud(cos(auh(y,pow(var(x),y))),y),0.5344877)",
            "g": "aud(aud(cos(auh(y,pow(var(y),y))),y),y)"
          }
        },
        {
          "fitness": 0,
          "expressions": {
            "r": "add(y,0.7434406)",
            "b": "add(y,0.5542493)",
            "g": "add(0.04265952,y)"
          }
        },
        {
          "fitness": 0,
          "expressions": {
            "r": "var(aud(sin(auh(y,auh(auh(aud(0.4268589,y),x),x))),x))",
            "b": "var(aud(sin(auh(y,auh(auh(aud(x,y),x),y))),y))",
            "g": "var(aud(sin(auh(y,auh(auh(aud(y,x),0.4890375),y))),y))"
          }
        }
      ],
      "timestamp": "23h:47m:10s"
    },
    {
      "generation": 4,
      "ascendantID": "ux38o728-z512-liv0-hqmk-nzssgk4ztvfe",
      "id": "7l2grhwk-odeq-i48q-vt78-itidp6wm7hak",
      "individuals": [
        {
          "fitness": 0,
          "expressions": {
            "r": "var(aud(sin(auh(y,max(auh(var(0.4268589),x),x))),x))",
            "b": "var(aud(sin(auh(y,max(auh(var(x),x),y))),y))",
            "g": "var(aud(sin(auh(y,max(auh(var(y),0.4890375),y))),y))"
          }
        },
        {
          "fitness": 0,
          "expressions": {
            "r": "add(y,aud(cos(aud(mul(pow(sin(y),y),x),div(sin(tan(cos(max(x,div(cos(0.9711797),pow(x,pow(x,pow(0.9654591,y)))))))),min(mul(sub(pow(0.6663513,cos(tan(y))),x),sub(max(add(aud(sub(sub(x,mul(y,0.50396395)),sub(y,add(tan(x),aud(x,x)))),y),x),div(0.1709845,0.7190933)),pow(y,max(cos(cos(cos(x))),y)))),0.119140625)))),sub(auh(0.48338938,y),add(mul(var(div(sub(x,y),add(0.19634914,pow(0.43868876,0.8486998)))),0.12968731),max(aud(aul(y,x),auh(var(auh(x,tan(aul(min(min(x,aul(min(0.34131885,x),aul(y,y))),add(min(x,y),sub(sub(y,0.81571674),sin(x)))),sub(y,y))))),x)),pow(aud(y,0.85561013),tan(0.68790007)))))))",
            "b": "add(y,aud(cos(aud(mul(pow(sin(y),0.7618742),0.45095325),div(sin(tan(cos(max(y,div(cos(0.97989154),pow(y,pow(y,pow(y,x)))))))),min(mul(sub(pow(x,cos(tan(y))),0.59772825),sub(max(add(aud(sub(sub(x,mul(x,0.7706981)),sub(y,add(tan(0.811748),aud(0.2975304,y)))),0.6203754),0.8474183),div(x,x)),pow(y,max(cos(cos(cos(0.80651236))),x)))),y)))),sub(auh(x,x),add(mul(var(div(sub(x,x),add(0.7490387,pow(y,y)))),y),max(aud(aul(x,y),auh(var(auh(x,tan(aul(min(min(x,aul(min(x,0.49569368),aul(y,y))),add(min(y,y),sub(sub(x,y),sin(y)))),sub(0.9126463,x))))),0.63980913)),pow(aud(y,x),tan(0.16162777)))))))",
            "g": "add(0.42650247,aud(cos(aud(mul(pow(sin(0.92779803),y),y),div(sin(tan(cos(max(0.5521176,div(cos(y),pow(0.6049266,pow(0.50286627,pow(x,0.82717896)))))))),min(mul(sub(pow(y,cos(tan(x))),x),sub(max(add(aud(sub(sub(0.03392887,mul(y,y)),sub(0.94456863,add(tan(0.5493355),aud(x,y)))),y),x),div(0.6367965,x)),pow(x,max(cos(cos(cos(y))),y)))),y)))),sub(auh(0.69600916,0.47520256),add(mul(var(div(sub(0.8840163,y),add(x,pow(x,x)))),0.9477477),max(aud(aul(0.7445643,x),auh(var(auh(x,tan(aul(min(min(x,aul(min(y,x),aul(x,y))),add(min(x,y),sub(sub(x,y),sin(x)))),sub(y,0.7604599))))),x)),pow(aud(x,x),tan(0.8688388)))))))"
          }
        },
        {
          "fitness": 0,
          "expressions": {
            "r": "aud(aud(cos(auh(y,pow(var(0.4268589),x))),x),0.5354464)",
            "b": "aud(aud(cos(auh(y,pow(var(x),y))),y),0.5344877)",
            "g": "aud(aud(cos(auh(y,pow(var(y),y))),y),y)"
          }
        },
        {
          "fitness": 0,
          "expressions": {
            "r": "add(var(aud(y,sin(var(cos(0.3119223))))),y)",
            "b": "add(var(aud(y,sin(var(cos(x))))),0.04850936)",
            "g": "add(var(aud(0.7753179,sin(var(cos(x))))),y)"
          }
        },
        {
          "fitness": 0,
          "expressions": {
            "r": "add(max(y,min(max(var(0.19346833),x),x)),y)",
            "b": "add(max(y,min(max(var(x),x),y)),x)",
            "g": "add(max(y,min(max(var(y),0.4890375),y)),y)"
          }
        },
        {
          "fitness": 0,
          "expressions": {
            "r": "add(x,y)",
            "b": "add(0.67972755,0.04850936)",
            "g": "add(0.847157,y)"
          }
        },
        {
          "fitness": 0,
          "expressions": {
            "r": "add(x,aul(add(x,aud(y,x)),0.6102812))",
            "b": "add(x,aul(add(x,aud(y,x)),y))",
            "g": "add(1.0,aul(add(y,aud(0.7753179,0.4890375)),x))"
          }
        },
        {
          "fitness": 0,
          "expressions": {
            "r": "var(var(sin(auh(y,auh(auh(aud(0.4268589,y),x),x)))))",
            "b": "var(var(sin(auh(y,auh(auh(aud(x,y),x),y)))))",
            "g": "var(var(sin(auh(y,auh(auh(aud(y,x),0.4890375),y)))))"
          }
        },
        {
          "fitness": 0,
          "expressions": {
            "r": "auh(aud(cos(auh(y,min(0.4268589,x))),x),0.3759513)",
            "b": "auh(aud(cos(auh(y,min(x,y))),y),0.5344877)",
            "g": "auh(aud(cos(auh(y,min(y,y))),y),y)"
          }
        },
        {
          "fitness": 0,
          "expressions": {
            "r": "var(aud(cos(auh(y,auh(min(var(0.4268589),x),x))),x))",
            "b": "var(aud(cos(auh(y,auh(min(var(x),x),y))),y))",
            "g": "var(aud(cos(auh(y,auh(min(var(y),0.3625369),y))),y))"
          }
        },
        {
          "fitness": 0,
          "expressions": {
            "r": "add(y,y)",
            "b": "add(x,y)",
            "g": "add(y,x)"
          }
        },
        {
          "fitness": 0,
          "expressions": {
            "r": "add(tan(y),0.53987646)",
            "b": "add(tan(y),0.7278285)",
            "g": "add(tan(0.5266497),y)"
          }
        },
        {
          "fitness": 0,
          "expressions": {
            "r": "add(y,y)",
            "b": "add(0.67972755,x)",
            "g": "add(0.847157,0.41277266)"
          }
        },
        {
          "fitness": 0,
          "expressions": {
            "r": "add(var(y),0.120343685)",
            "b": "add(var(y),0.04850936)",
            "g": "add(var(0.5266497),y)"
          }
        },
        {
          "fitness": 0,
          "expressions": {
            "r": "var(aud(sin(auh(y,auh(auh(var(0.34907246),x),x))),x))",
            "b": "var(aud(sin(auh(y,auh(auh(var(x),x),y))),y))",
            "g": "var(aud(sin(auh(y,auh(auh(var(y),0.6919706),y))),y))"
          }
        },
        {
          "fitness": 0,
          "expressions": {
            "r": "add(y,sin(aul(0.24584174,pow(add(aud(0.90194154,mul(y,x)),min(y,add(x,sin(div(y,pow(min(x,aul(0.7553916,x)),min(x,0.4962089))))))),auh(sub(0.65068555,min(x,tan(y))),0.20276332)))))",
            "b": "add(0.67972755,sin(aul(x,pow(add(aud(y,mul(x,x)),min(x,add(0.24527049,sin(div(0.34468317,pow(min(y,aul(0.9816611,x)),min(y,0.41337347))))))),auh(sub(y,min(x,tan(0.050232887))),x)))))",
            "g": "add(0.847157,sin(aul(y,pow(add(aud(y,mul(x,0.9811299)),min(x,add(x,sin(div(0.506783,pow(min(x,aul(x,x)),min(0.54436255,x))))))),auh(sub(x,min(x,tan(0.48036432))),x)))))"
          }
        },
        {
          "fitness": 0,
          "expressions": {
            "r": "sub(0.3712685,add(sin(sin(sin(max(y,pow(y,x))))),min(sin(aud(0.24584174,min(sub(aud(0.90194154,div(y,x)),min(y,add(x,cos(div(y,pow(pow(x,aul(x,x)),aud(aud(x,y),sin(0.6228347)))))))),auh(add(0.65068555,max(x,tan(y))),0.20276332)))),div(div(0.13955927,aud(div(div(auh(y,aud(add(auh(max(y,x),y),var(div(sin(x),mul(y,y)))),y)),0.5674722),x),tan(max(var(y),pow(y,0.879483))))),y))))",
            "b": "sub(0.6636503,add(sin(sin(sin(max(y,pow(y,y))))),min(sin(aud(x,min(sub(aud(y,div(x,x)),min(x,add(0.24527049,cos(div(0.628252,pow(pow(y,aul(y,x)),aud(aud(0.5193949,y),sin(x)))))))),auh(add(y,max(x,tan(0.050232887))),x)))),div(div(0.030574799,aud(div(div(auh(x,aud(add(auh(max(y,y),0.90472865),var(div(sin(y),mul(y,x)))),x)),x),y),tan(max(var(x),pow(0.17896008,y))))),0.8726537))))",
            "g": "sub(0.74649143,add(sin(sin(sin(max(y,pow(0.6830282,y))))),min(sin(aud(y,min(sub(aud(y,div(x,0.9811299)),min(x,add(x,cos(div(0.3668468,pow(pow(x,aul(y,x)),aud(aud(0.31749868,y),sin(y)))))))),auh(add(x,max(x,tan(0.53787756))),x)))),div(div(y,aud(div(div(auh(x,aud(add(auh(max(0.39420605,x),0.23186994),var(div(sin(0.43452764),mul(y,0.45897365)))),x)),y),0.93805003),tan(max(var(y),pow(0.43559766,y))))),0.69651103))))"
          }
        },
        {
          "fitness": 0,
          "expressions": {
            "r": "add(y,y)",
            "b": "add(0.67972755,0.67972755)",
            "g": "add(0.847157,0.97556734)"
          }
        }
      ],
      "timestamp": "23h:47m:13s"
    },
    {
      "generation": 5,
      "ascendantID": "7l2grhwk-odeq-i48q-vt78-itidp6wm7hak",
      "id": "xdbvz77n-jv0y-0l4y-eclp-kgs8gbhc6v9l",
      "individuals": [
        {
          "fitness": 0,
          "expressions": {
            "r": "add(y,sin(aul(0.24584174,pow(add(aud(0.90194154,mul(y,x)),min(y,add(x,sin(div(y,pow(min(x,aul(0.7553916,x)),min(x,0.4962089))))))),auh(sub(0.65068555,min(x,tan(y))),0.20276332)))))",
            "b": "add(0.67972755,sin(aul(x,pow(add(aud(y,mul(x,x)),min(x,add(0.24527049,sin(div(0.34468317,pow(min(y,aul(0.9816611,x)),min(y,0.41337347))))))),auh(sub(y,min(x,tan(0.050232887))),x)))))",
            "g": "add(0.847157,sin(aul(y,pow(add(aud(y,mul(x,0.9811299)),min(x,add(x,sin(div(0.506783,pow(min(x,aul(x,x)),min(0.54436255,x))))))),auh(sub(x,min(x,tan(0.48036432))),x)))))"
          }
        },
        {
          "fitness": 0,
          "expressions": {
            "r": "add(y,sin(aul(0.24584174,pow(add(aud(0.90194154,mul(y,x)),min(y,add(x,div(div(y,pow(min(x,aud(0.7553916,x)),max(x,0.4962089))),y)))),auh(sub(0.65068555,pow(x,tan(y))),0.20276332)))))",
            "b": "add(0.67972755,sin(aul(x,pow(add(aud(y,mul(x,x)),min(x,add(0.24527049,div(div(0.34468317,pow(min(y,aud(0.9816611,x)),max(y,0.41337347))),y)))),auh(sub(y,pow(x,tan(0.050232887))),x)))))",
            "g": "add(0.847157,sin(aul(y,pow(add(aud(y,mul(x,0.9811299)),min(x,add(x,div(div(0.506783,pow(min(x,aud(x,x)),max(0.62985444,x))),x)))),auh(sub(x,pow(x,tan(0.48036432))),x)))))"
          }
        },
        {
          "fitness": 0,
          "expressions": {
            "r": "sub(y,aud(cos(aul(sub(pow(sin(y),y),x),div(tan(tan(tan(max(x,div(cos(0.9711797),pow(x,pow(x,pow(0.9654591,y)))))))),min(mul(sub(pow(0.53779554,tan(cos(y))),x),sub(max(add(aud(mul(sub(x,mul(y,0.50396395)),sub(y,add(tan(x),var(x)))),y),x),div(0.1709845,0.7190933)),pow(y,max(tan(cos(cos(x))),y)))),y)))),add(max(0.48338938,y),add(div(var(div(sub(x,y),add(0.19634914,pow(0.43868876,0.8486998)))),0.12968731),max(aud(aul(y,x),auh(var(auh(x,cos(auh(max(pow(x,aul(min(0.5314269,x),auh(y,y))),add(min(x,y),sub(mul(y,0.81571674),sin(x)))),mul(x,y))))),x)),pow(aud(y,0.85561013),tan(0.68790007)))))))",
            "b": "sub(y,aud(cos(aul(sub(pow(sin(y),0.7618742),0.20132065),div(tan(tan(tan(max(y,div(cos(0.97989154),pow(y,pow(y,pow(y,x)))))))),min(mul(sub(pow(x,tan(cos(y))),0.59772825),sub(max(add(aud(mul(sub(x,mul(x,0.7706981)),sub(y,add(tan(0.9335146),var(0.2975304)))),0.6203754),0.8474183),div(x,x)),pow(y,max(tan(cos(cos(0.80651236))),x)))),y)))),add(max(x,x),add(div(var(div(sub(x,x),add(0.7490387,pow(y,y)))),y),max(aud(aul(x,y),auh(var(auh(x,cos(auh(max(pow(x,aul(min(x,0.24466848),auh(y,y))),add(min(y,y),sub(mul(x,y),sin(y)))),mul(1.0,x))))),0.63980913)),pow(aud(y,x),tan(0.16162777)))))))",
            "g": "sub(0.42650247,aud(cos(aul(sub(pow(sin(0.92779803),y),y),div(tan(tan(tan(max(0.73077655,div(cos(y),pow(0.6049266,pow(0.50286627,pow(x,0.82717896)))))))),min(mul(sub(pow(y,tan(cos(x))),x),sub(max(add(aud(mul(sub(0.03392887,mul(y,y)),sub(0.94456863,add(tan(0.5493355),var(x)))),y),x),div(0.6367965,x)),pow(x,max(tan(cos(cos(y))),y)))),y)))),add(max(0.69600916,0.47520256),add(div(var(div(sub(0.8840163,y),add(x,pow(x,x)))),0.9477477),max(aud(aul(0.7445643,x),auh(var(auh(x,cos(auh(max(pow(x,aul(min(y,x),auh(x,y))),add(min(x,y),sub(mul(x,y),sin(x)))),mul(y,0.7604599))))),x)),pow(aud(x,x),tan(0.8688388)))))))"
          }
        },
        {
          "fitness": 0,
          "expressions": {
            "r": "add(tan(aud(y,div(aud(tan(0.3119223),0.56960416),0.69870543))),y)",
            "b": "add(tan(aud(y,div(aud(tan(x),y),x))),0.04850936)",
            "g": "add(tan(aud(0.7753179,div(aud(tan(x),y),x))),y)"
          }
        },
        {
          "fitness": 0,
          "expressions": {
            "r": "add(y,sin(aul(0.24584174,min(add(aul(0.90194154,mul(0.20276332,x)),min(y,sub(x,sin(mul(y,min(min(x,aud(0.7553916,x)),0.21701741)))))),auh(mul(0.65068555,min(x,tan(y))),y)))))",
            "b": "add(0.67972755,sin(aul(x,min(add(aul(y,mul(x,x)),min(x,sub(0.24527049,sin(mul(0.34468317,min(min(x,aud(0.9816611,x)),y)))))),auh(mul(y,min(x,tan(0.050232887))),x)))))",
            "g": "add(0.847157,sin(aul(y,min(add(aul(y,mul(x,0.9811299)),min(x,sub(x,sin(mul(0.506783,min(min(x,aud(x,x)),y)))))),auh(mul(x,min(x,tan(0.48036432))),x)))))"
          }
        },
        {
          "fitness": 0,
          "expressions": {
            "r": "add(y,y)",
            "b": "add(x,y)",
            "g": "add(y,x)"
          }
        },
        {
          "fitness": 0,
          "expressions": {
            "r": "auh(aud(tan(auh(y,min(0.4268589,x))),x),0.3759513)",
            "b": "auh(aud(tan(auh(y,min(x,y))),y),0.5344877)",
            "g": "auh(aud(tan(auh(y,min(y,y))),y),y)"
          }
        },
        {
          "fitness": 0,
          "expressions": {
            "r": "add(y,cos(aul(0.24584174,pow(add(aud(0.90194154,mul(y,x)),min(y,add(x,cos(sin(y))))),auh(mul(0.65068555,min(x,tan(y))),0.20276332)))))",
            "b": "add(0.67972755,cos(aul(x,pow(add(aud(y,mul(x,x)),min(x,add(0.24527049,cos(sin(0.34468317))))),auh(mul(0.008857489,min(x,tan(0.050232887))),x)))))",
            "g": "add(0.847157,cos(aul(y,pow(add(aud(y,mul(x,0.9811299)),min(x,add(x,cos(sin(0.506783))))),auh(mul(x,min(x,tan(0.48036432))),x)))))"
          }
        },
        {
          "fitness": 0,
          "expressions": {
            "r": "aul(aud(cos(max(y,auh(x,x))),x),x)",
            "b": "aul(aud(cos(max(y,auh(y,y))),y),x)",
            "g": "aul(aud(cos(max(y,auh(0.6817014,y))),y),0.21274137)"
          }
        },
        {
          "fitness": 0,
          "expressions": {
            "r": "add(y,var(cos(var(mul(max(sin(y),y),x)))))",
            "b": "add(y,var(cos(var(mul(max(sin(y),0.7618742),0.45095325)))))",
            "g": "add(0.42650247,var(cos(var(mul(max(sin(0.92779803),y),y)))))"
          }
        },
        {
          "fitness": 0,
          "expressions": {
            "r": "add(y,aud(cos(aud(mul(pow(cos(y),y),x),div(sin(tan(cos(min(x,div(cos(0.9711797),pow(y,pow(x,min(0.9654591,y)))))))),pow(sub(add(min(0.6663513,cos(tan(y))),x),add(aul(add(aud(sub(sub(x,mul(y,0.50396395)),mul(y,add(cos(x),aud(x,x)))),y),x),div(0.1709845,0.7190933)),pow(y,max(cos(cos(cos(x))),y)))),0.119140625)))),sub(auh(0.48338938,y),add(sub(var(sin(sub(x,y))),0.12968731),max(aud(aul(y,x),auh(var(auh(x,cos(aul(min(max(x,aud(aud(y,0.6811824),aul(y,y))),add(min(x,y),mul(sub(y,0.81571674),sin(x)))),sub(y,y))))),x)),pow(aud(y,0.85561013),tan(0.68790007)))))))",
            "b": "add(y,aud(cos(aud(mul(pow(cos(y),0.7618742),0.45095325),div(sin(tan(cos(min(y,div(cos(0.97989154),pow(y,pow(y,min(y,x)))))))),pow(sub(add(min(x,cos(tan(y))),0.59772825),add(aul(add(aud(sub(sub(x,mul(x,0.7706981)),mul(y,add(cos(0.811748),aud(0.2975304,y)))),0.6203754),0.8474183),div(x,x)),pow(y,max(cos(cos(cos(0.80651236))),x)))),y)))),sub(auh(x,x),add(sub(var(sin(sub(x,x))),y),max(aud(aul(x,0.10228753),auh(var(auh(x,cos(aul(min(max(x,aud(aud(0.07221103,x),aul(y,y))),add(min(y,y),mul(sub(x,y),sin(y)))),sub(0.9126463,x))))),0.63980913)),pow(aud(x,x),tan(0.16162777)))))))",
            "g": "add(0.15658426,aud(cos(aud(mul(pow(cos(0.92779803),y),y),div(sin(tan(cos(min(0.5521176,div(cos(y),pow(0.6049266,pow(0.50286627,min(x,0.82717896)))))))),pow(sub(add(min(y,cos(tan(x))),x),add(aul(add(aud(sub(sub(0.03392887,mul(y,y)),mul(0.94456863,add(cos(0.5493355),aud(x,y)))),y),x),div(0.6367965,x)),pow(x,max(cos(cos(cos(y))),y)))),y)))),sub(auh(0.69600916,0.47520256),add(sub(var(sin(sub(0.8840163,y))),0.9477477),max(aud(aul(0.7445643,x),auh(var(auh(x,cos(aul(min(max(x,aud(aud(x,0.57265425),aul(x,y))),add(min(x,y),mul(sub(x,y),sin(x)))),sub(y,0.7604599))))),x)),pow(aud(x,x),tan(0.8688388)))))))"
          }
        },
        {
          "fitness": 0,
          "expressions": {
            "r": "add(max(y,pow(max(var(0.19346833),x),x)),y)",
            "b": "add(max(y,pow(max(var(x),x),y)),x)",
            "g": "add(max(y,pow(max(var(y),0.4890375),y)),y)"
          }
        },
        {
          "fitness": 0,
          "expressions": {
            "r": "add(mul(sub(var(0.39792252),0.7166593),tan(add(0.63427496,0.55967283))),0.120343685)",
            "b": "add(mul(sub(var(0.9854026),x),tan(add(0.04512787,x))),0.04850936)",
            "g": "add(mul(sub(var(y),y),tan(add(0.2456379,x))),y)"
          }
        },
        {
          "fitness": 0,
          "expressions": {
            "r": "add(x,sin(aul(0.24584174,pow(add(aud(0.90194154,div(y,x)),min(mul(0.21895099,aud(x,max(min(0.515594,x),y))),add(x,sin(div(y,pow(min(x,aul(0.7553916,x)),min(x,0.4962089))))))),auh(sub(0.65068555,min(x,cos(y))),0.38839507)))))",
            "b": "add(0.39807034,sin(aul(x,pow(add(aud(y,div(x,x)),min(mul(x,aud(0.97940016,max(min(0.9003818,0.11716986),x))),add(0.06613779,sin(div(0.62572265,pow(min(y,aul(0.9816611,x)),min(y,0.14730477))))))),auh(sub(y,min(x,cos(0.050232887))),x)))))",
            "g": "add(0.6546037,sin(aul(y,pow(add(aud(y,div(x,0.9811299)),min(mul(y,aud(0.8321171,max(min(0.27540588,0.60716367),y))),add(x,sin(div(0.506783,pow(min(x,aul(x,x)),min(0.82034826,x))))))),auh(sub(x,min(x,cos(0.48036432))),x)))))"
          }
        },
        {
          "fitness": 0,
          "expressions": {
            "r": "add(y,aud(cos(aud(sub(min(sin(0.092811346),y),x),sub(sin(cos(cos(max(x,div(cos(0.9711797),pow(x,min(x,pow(0.9654591,y)))))))),max(mul(add(pow(0.6663513,cos(tan(y))),x),sub(max(add(aud(sub(add(x,mul(y,0.50396395)),sub(y,add(var(x),aud(x,x)))),y),x),div(0.1709845,0.7190933)),pow(y,max(tan(cos(sin(x))),y)))),0.119140625)))),sub(auh(0.48338938,y),add(mul(aud(div(sub(x,y),add(0.19634914,pow(0.43868876,0.8486998))),x),0.12968731),max(aud(aul(y,x),max(var(auh(x,tan(aud(max(pow(x,auh(min(0.34131885,x),aul(y,y))),add(min(x,y),sub(sub(y,x),div(x,x)))),sub(y,y))))),x)),pow(aud(y,0.85561013),tan(0.68790007)))))))",
            "b": "add(y,aud(cos(aud(sub(min(sin(y),0.7618742),0.45095325),sub(sin(cos(cos(max(y,div(cos(0.97989154),pow(y,min(y,pow(y,x)))))))),max(mul(add(pow(x,cos(tan(y))),0.59772825),sub(max(add(aud(sub(add(x,mul(x,0.7706981)),sub(y,add(var(0.811748),aud(0.2975304,y)))),0.6203754),0.8474183),div(x,x)),pow(y,max(tan(cos(sin(0.80651236))),x)))),y)))),sub(auh(x,x),add(mul(aud(div(sub(x,x),add(0.7490387,pow(y,y))),y),y),max(aud(aul(y,y),max(var(auh(x,tan(aud(max(pow(x,auh(min(x,0.49569368),aul(y,y))),add(min(y,y),sub(sub(x,x),div(y,0.7971859)))),sub(0.9126463,x))))),0.63980913)),pow(aud(y,x),tan(0.16162777)))))))",
            "g": "add(0.42650247,aud(cos(aud(sub(min(sin(0.92779803),y),y),sub(sin(cos(cos(max(0.5521176,div(cos(y),pow(0.6049266,min(0.50286627,pow(x,0.82717896)))))))),max(mul(add(pow(y,cos(tan(x))),x),sub(max(add(aud(sub(add(0.03392887,mul(y,y)),sub(0.94456863,add(var(0.5493355),aud(x,y)))),y),x),div(0.6367965,x)),pow(x,max(tan(cos(sin(y))),y)))),y)))),sub(auh(0.69600916,0.47520256),add(mul(aud(div(sub(1.0,y),add(x,pow(x,x))),x),0.9477477),max(aud(aul(0.744308,x),max(var(auh(x,tan(aud(max(pow(x,auh(min(y,x),aul(x,y))),add(min(x,y),sub(sub(x,x),div(x,0.4936204)))),sub(y,0.7604599))))),x)),pow(aud(x,x),tan(0.8688388)))))))"
          }
        },
        {
          "fitness": 0,
          "expressions": {
            "r": "aud(aul(x,x),0.5354464)",
            "b": "aud(aul(x,y),0.5344877)",
            "g": "aud(aul(0.21510577,y),y)"
          }
        },
        {
          "fitness": 0,
          "expressions": {
            "r": "var(aud(sin(aul(y,max(auh(var(0.4268589),x),x))),x))",
            "b": "var(aud(sin(aul(y,max(auh(var(x),x),y))),y))",
            "g": "var(aud(sin(aul(y,max(auh(var(y),0.4890375),y))),y))"
          }
        },
        {
          "fitness": 0,
          "expressions": {
            "r": "sub(0.3712685,add(sin(sin(sin(max(y,0.5958595)))),min(sin(tan(0.24584174)),div(sin(0.29855108),y))))",
            "b": "sub(0.6636503,add(sin(sin(sin(max(y,0.69117355)))),min(sin(tan(x)),div(sin(y),0.8726537))))",
            "g": "sub(0.74649143,add(sin(sin(sin(max(y,y)))),min(sin(tan(y)),div(sin(y),0.69651103))))"
          }
        }
      ],
      "timestamp": "23h:47m:18s"
    },
    {
      "generation": 6,
      "ascendantID": "xdbvz77n-jv0y-0l4y-eclp-kgs8gbhc6v9l",
      "id": "hyeb4g1t-0dh5-y3ti-r5wt-u2imwzhj5tl4",
      "individuals": [
        {
          "fitness": 0,
          "expressions": {
            "r": "add(y,aud(cos(aud(mul(pow(cos(y),y),x),div(sin(tan(cos(min(x,div(cos(0.9711797),pow(y,pow(x,min(0.9654591,y)))))))),pow(sub(add(min(0.6663513,cos(tan(y))),x),add(aul(add(aud(sub(sub(x,mul(y,0.50396395)),mul(y,add(cos(x),aud(x,x)))),y),x),div(0.1709845,0.7190933)),pow(y,max(cos(cos(cos(x))),y)))),0.119140625)))),sub(auh(0.48338938,y),add(sub(var(sin(sub(x,y))),0.12968731),max(aud(aul(y,x),auh(var(auh(x,cos(aul(min(max(x,aud(aud(y,0.6811824),aul(y,y))),add(min(x,y),mul(sub(y,0.81571674),sin(x)))),sub(y,y))))),x)),pow(aud(y,0.85561013),tan(0.68790007)))))))",
            "b": "add(y,aud(cos(aud(mul(pow(cos(y),0.7618742),0.45095325),div(sin(tan(cos(min(y,div(cos(0.97989154),pow(y,pow(y,min(y,x)))))))),pow(sub(add(min(x,cos(tan(y))),0.59772825),add(aul(add(aud(sub(sub(x,mul(x,0.7706981)),mul(y,add(cos(0.811748),aud(0.2975304,y)))),0.6203754),0.8474183),div(x,x)),pow(y,max(cos(cos(cos(0.80651236))),x)))),y)))),sub(auh(x,x),add(sub(var(sin(sub(x,x))),y),max(aud(aul(x,0.10228753),auh(var(auh(x,cos(aul(min(max(x,aud(aud(0.07221103,x),aul(y,y))),add(min(y,y),mul(sub(x,y),sin(y)))),sub(0.9126463,x))))),0.63980913)),pow(aud(x,x),tan(0.16162777)))))))",
            "g": "add(0.15658426,aud(cos(aud(mul(pow(cos(0.92779803),y),y),div(sin(tan(cos(min(0.5521176,div(cos(y),pow(0.6049266,pow(0.50286627,min(x,0.82717896)))))))),pow(sub(add(min(y,cos(tan(x))),x),add(aul(add(aud(sub(sub(0.03392887,mul(y,y)),mul(0.94456863,add(cos(0.5493355),aud(x,y)))),y),x),div(0.6367965,x)),pow(x,max(cos(cos(cos(y))),y)))),y)))),sub(auh(0.69600916,0.47520256),add(sub(var(sin(sub(0.8840163,y))),0.9477477),max(aud(aul(0.7445643,x),auh(var(auh(x,cos(aul(min(max(x,aud(aud(x,0.57265425),aul(x,y))),add(min(x,y),mul(sub(x,y),sin(x)))),sub(y,0.7604599))))),x)),pow(aud(x,x),tan(0.8688388)))))))"
          }
        },
        {
          "fitness": 0,
          "expressions": {
            "r": "var(aud(sin(aul(y,min(auh(var(0.4268589),x),x))),x))",
            "b": "var(aud(sin(aul(y,min(auh(var(x),x),y))),y))",
            "g": "var(aud(sin(aul(y,min(auh(var(y),0.4890375),y))),0.028193235))"
          }
        },
        {
          "fitness": 0,
          "expressions": {
            "r": "add(x,sin(aul(0.31519103,pow(add(var(0.90194154),max(y,add(x,cos(div(y,pow(max(0.29855108,aud(0.5246513,x)),min(x,0.5528755))))))),aul(sub(0.65068555,min(x,tan(y))),0.20276332)))))",
            "b": "add(0.7274678,sin(aul(x,pow(add(var(y),max(x,add(0.47189546,cos(div(x,pow(max(y,aud(0.8547971,x)),min(y,0.41337347))))))),aul(sub(y,min(x,tan(0.050232887))),x)))))",
            "g": "add(1.0,sin(aul(y,pow(add(var(y),max(x,add(y,cos(div(0.7976754,pow(max(y,aud(x,x)),min(0.54436255,x))))))),aul(sub(x,min(x,tan(0.48036432))),x)))))"
          }
        },
        {
          "fitness": 0,
          "expressions": {
            "r": "add(x,sin(auh(0.24584174,pow(sub(aud(0.90194154,div(div(0.09819198,pow(cos(sub(y,min(x,0.11721468))),x)),x)),min(mul(0.21895099,aul(x,max(min(0.515594,x),y))),add(x,sin(div(y,pow(min(x,aul(0.7553916,x)),min(x,0.4962089))))))),auh(sub(0.65068555,max(x,cos(y))),0.38839507)))))",
            "b": "add(0.39807034,sin(auh(x,pow(sub(aud(y,div(div(0.110177994,pow(cos(sub(y,min(x,0.8741262))),0.28917265)),x)),min(mul(x,aul(0.97940016,max(min(0.9003818,0.11716986),x))),add(0.06613779,sin(div(0.62572265,pow(min(x,aul(0.9816611,x)),min(y,0.14730477))))))),auh(sub(y,max(x,cos(y))),x)))))",
            "g": "add(0.6546037,sin(auh(y,pow(sub(aud(y,div(div(0.77062225,pow(cos(sub(x,min(x,x))),x)),0.9811299)),min(mul(y,aul(0.8321171,max(min(0.27540588,0.60716367),y))),add(x,sin(div(0.506783,pow(min(x,aul(x,x)),min(0.82034826,x))))))),auh(sub(x,max(x,cos(0.23605418))),x)))))"
          }
        },
        {
          "fitness": 0,
          "expressions": {
            "r": "sub(0.3712685,add(div(sin(sin(min(y,0.5958595))),0.3683865),max(cos(tan(0.24584174)),div(sin(0.29855108),y))))",
            "b": "sub(0.6636503,add(div(sin(sin(min(y,0.69117355))),x),max(cos(tan(x)),div(sin(y),0.8726537))))",
            "g": "sub(0.74649143,add(div(sin(sin(min(0.12011075,y))),x),max(cos(tan(y)),div(sin(y),0.69651103))))"
          }
        },
        {
          "fitness": 0,
          "expressions": {
            "r": "add(x,sin(auh(0.24584174,x)))",
            "b": "add(0.39807034,sin(auh(x,0.60509634)))",
            "g": "add(0.6546037,sin(auh(y,0.8399086)))"
          }
        },
        {
          "fitness": 0,
          "expressions": {
            "r": "add(auh(y,pow(max(sin(tan(0.01704073)),x),x)),y)",
            "b": "add(auh(y,pow(max(sin(tan(x)),x),y)),x)",
            "g": "add(auh(y,pow(max(sin(tan(0.10550475)),0.4890375),y)),y)"
          }
        },
        {
          "fitness": 0,
          "expressions": {
            "r": "sub(0.3712685,add(cos(cos(sin(auh(y,0.5958595)))),min(cos(tan(0.24584174)),0.7391684)))",
            "b": "sub(0.6636503,add(cos(cos(sin(auh(y,0.69117355)))),min(cos(tan(x)),x)))",
            "g": "sub(0.74649143,add(cos(cos(sin(auh(y,y)))),min(cos(tan(y)),y)))"
          }
        },
        {
          "fitness": 0,
          "expressions": {
            "r": "add(y,y)",
            "b": "add(x,y)",
            "g": "add(y,x)"
          }
        },
        {
          "fitness": 0,
          "expressions": {
            "r": "add(y,sin(auh(0.24584174,pow(add(aud(0.90194154,mul(y,x)),pow(y,add(x,div(sin(y),y)))),auh(sub(0.65068555,pow(x,tan(y))),0.20276332)))))",
            "b": "add(0.67972755,sin(auh(x,pow(add(aud(y,mul(x,x)),pow(x,add(0.24527049,div(sin(0.34468317),y)))),auh(sub(y,pow(x,tan(0.050232887))),x)))))",
            "g": "add(0.847157,sin(auh(y,pow(add(aud(y,mul(x,0.9811299)),pow(x,add(x,div(sin(0.506783),x)))),auh(sub(x,pow(x,tan(0.48036432))),x)))))"
          }
        },
        {
          "fitness": 0,
          "expressions": {
            "r": "aul(aud(pow(0.1542921,0.8462703),x),x)",
            "b": "aul(aud(pow(y,y),y),x)",
            "g": "aul(aud(pow(0.4790771,x),y),0.21274137)"
          }
        },
        {
          "fitness": 0,
          "expressions": {
            "r": "add(cos(aul(y,mul(var(tan(0.3119223)),0.69870543))),y)",
            "b": "add(cos(aul(y,mul(var(tan(x)),x))),0.04850936)",
            "g": "add(cos(aul(0.7753179,mul(var(tan(x)),x))),y)"
          }
        },
        {
          "fitness": 0,
          "expressions": {
            "r": "var(aud(sin(aul(y,max(auh(var(0.4268589),x),x))),x))",
            "b": "var(aud(sin(aul(y,max(auh(var(x),x),y))),y))",
            "g": "var(aud(sin(aul(y,max(auh(var(y),0.4890375),y))),y))"
          }
        },
        {
          "fitness": 0,
          "expressions": {
            "r": "add(y,sin(aul(0.24584174,tan(x))))",
            "b": "add(0.39807034,sin(aul(x,tan(0.0049569607))))",
            "g": "add(0.6416521,sin(aul(y,tan(y))))"
          }
        },
        {
          "fitness": 0,
          "expressions": {
            "r": "add(y,div(aul(0.24584174,pow(sub(aud(0.90194154,mul(y,x)),min(y,add(x,sin(mul(y,min(min(x,aul(0.7553916,x)),min(x,0.4962089))))))),aul(sub(0.65068555,max(x,tan(y))),0.20276332))),x))",
            "b": "add(0.67972755,div(aul(x,pow(sub(aud(y,mul(x,x)),min(x,add(0.24527049,sin(mul(0.34468317,min(min(y,aul(0.9816611,x)),min(y,0.41337347))))))),aul(sub(y,max(x,tan(0.050232887))),x))),0.15876436))",
            "g": "add(0.847157,div(aul(y,pow(sub(aud(y,mul(x,1.0)),min(x,add(x,sin(mul(0.506783,min(min(x,aul(x,x)),min(0.54436255,x))))))),aul(sub(x,max(x,tan(0.76221776))),x))),0.3232813))"
          }
        },
        {
          "fitness": 0,
          "expressions": {
            "r": "var(aud(sin(aul(y,max(auh(var(0.4268589),x),x))),x))",
            "b": "var(aud(sin(aul(y,max(auh(var(x),x),y))),y))",
            "g": "var(aud(sin(aul(y,max(auh(var(y),0.4890375),y))),y))"
          }
        },
        {
          "fitness": 0,
          "expressions": {
            "r": "aud(auh(x,x),0.5590234)",
            "b": "aud(auh(x,y),0.5344877)",
            "g": "aud(auh(y,y),y)"
          }
        },
        {
          "fitness": 0,
          "expressions": {
            "r": "aul(auh(x,x),0.5354464)",
            "b": "aul(auh(x,y),0.5344877)",
            "g": "aul(auh(0.21510577,y),y)"
          }
        }
      ],
      "timestamp": "23h:47m:59s"
    },
    {
      "generation": 7,
      "ascendantID": "hyeb4g1t-0dh5-y3ti-r5wt-u2imwzhj5tl4",
      "id": "c6v7iwey-mb1b-m1xu-f2il-aif3bp87z8eu",
      "individuals": [
        {
          "fitness": 0,
          "expressions": {
            "r": "add(y,div(aul(0.24584174,pow(sub(aud(0.90194154,mul(y,x)),min(y,add(x,sin(mul(y,min(min(x,aul(0.7553916,x)),min(x,0.4962089))))))),aul(sub(0.65068555,max(x,tan(y))),0.20276332))),x))",
            "b": "add(0.67972755,div(aul(x,pow(sub(aud(y,mul(x,x)),min(x,add(0.24527049,sin(mul(0.34468317,min(min(y,aul(0.9816611,x)),min(y,0.41337347))))))),aul(sub(y,max(x,tan(0.050232887))),x))),0.15876436))",
            "g": "add(0.847157,div(aul(y,pow(sub(aud(y,mul(x,1.0)),min(x,add(x,sin(mul(0.506783,min(min(x,aul(x,x)),min(0.54436255,x))))))),aul(sub(x,max(x,tan(0.76221776))),x))),0.3232813))"
          }
        },
        {
          "fitness": 0,
          "expressions": {
            "r": "add(x,sin(auh(0.24584174,x)))",
            "b": "add(0.39807034,sin(auh(x,x)))",
            "g": "add(0.6546037,sin(auh(y,x)))"
          }
        },
        {
          "fitness": 0,
          "expressions": {
            "r": "var(aud(sin(aud(y,max(auh(var(0.4268589),x),x))),x))",
            "b": "var(aud(sin(aud(y,max(auh(var(x),x),y))),y))",
            "g": "var(aud(sin(aud(y,max(auh(var(y),0.4890375),y))),y))"
          }
        },
        {
          "fitness": 0,
          "expressions": {
            "r": "sub(0.3712685,add(auh(max(pow(add(y,0.06185794),tan(cos(tan(max(x,cos(sin(y))))))),aud(x,pow(x,aud(x,div(min(y,aul(tan(auh(mul(div(x,sin(x)),cos(0.71838164)),max(x,pow(pow(y,x),pow(y,0.002705574))))),0.84423566)),aul(sin(sub(sin(y),x)),0.18628526)))))),x),max(tan(tan(0.24584174)),div(sin(0.29855108),y))))",
            "b": "sub(0.6636503,add(auh(max(pow(add(x,x),tan(cos(tan(max(0.15250278,cos(sin(y))))))),aud(x,pow(y,aud(y,div(min(0.3736508,aul(tan(auh(mul(div(y,sin(x)),cos(x)),max(y,pow(pow(y,x),pow(0.408355,y))))),0.71473527)),aul(sin(sub(sin(0.447654),x)),y)))))),y),max(tan(tan(x)),div(sin(y),0.8726537))))",
            "g": "sub(0.74649143,add(auh(max(pow(add(0.099349976,0.9901614),tan(cos(tan(max(x,cos(sin(x))))))),aud(y,pow(x,aud(y,div(min(x,aul(tan(auh(mul(div(x,sin(x)),cos(0.64540434)),max(0.43900895,pow(pow(y,x),pow(x,0.26720452))))),y)),aul(sin(sub(sin(y),0.6408074)),0.24381924)))))),x),max(tan(tan(y)),div(sin(y),0.69651103))))"
          }
        },
        {
          "fitness": 0,
          "expressions": {
            "r": "add(x,sin(max(0.24584174,pow(sub(aul(0.90194154,div(div(0.09819198,pow(cos(x),x)),x)),min(mul(0.21895099,auh(x,max(min(0.515594,x),y))),add(x,sin(sin(y))))),auh(sub(0.65068555,max(x,cos(y))),0.5385599)))))",
            "b": "add(0.39807034,sin(max(x,pow(sub(aul(y,div(div(0.110177994,pow(cos(x),0.42977786)),x)),min(mul(x,auh(0.97940016,max(min(0.9003818,0.11716986),x))),add(0.06613779,sin(sin(0.62572265))))),auh(sub(y,max(x,cos(y))),x)))))",
            "g": "add(0.6546037,sin(max(y,pow(sub(aul(y,div(div(0.77062225,pow(cos(0.4890375),x)),0.9811299)),min(mul(y,auh(0.6139159,max(min(0.27540588,0.60716367),y))),add(x,sin(sin(0.506783))))),auh(sub(x,max(x,cos(0.23605418))),x)))))"
          }
        },
        {
          "fitness": 0,
          "expressions": {
            "r": "add(y,auh(tan(aud(div(pow(cos(y),y),x),mul(sin(tan(cos(min(x,div(tan(0.9711797),pow(y,pow(x,min(0.9654591,y)))))))),min(sub(add(min(0.6663513,cos(cos(y))),x),sub(auh(add(aud(add(sub(x,mul(y,0.50396395)),mul(y,add(cos(x),aud(x,x)))),y),x),mul(0.1709845,0.7190933)),min(y,max(cos(cos(cos(x))),y)))),0.119140625)))),sub(auh(0.48338938,pow(sub(aud(0.90194154,mul(y,x)),min(y,mul(x,sin(mul(y,min(min(x,auh(0.7553916,x)),min(x,0.4962089))))))),aul(sub(0.65068555,auh(x,tan(y))),0.20276332))),add(mul(tan(sin(sub(x,y))),0.12968731),max(aud(aul(y,x),max(aud(auh(x,cos(auh(min(max(x,aud(aud(y,0.8543322),aul(y,y))),add(min(x,y),mul(sub(y,0.81571674),sin(x)))),sub(y,y)))),y),x)),pow(aud(y,0.79990125),tan(0.68790007)))))))",
            "b": "add(y,auh(tan(aud(div(pow(cos(y),0.7618742),0.65484786),mul(sin(tan(cos(min(y,div(tan(0.97989154),pow(y,pow(y,min(y,x)))))))),min(sub(add(min(x,cos(cos(y))),0.59772825),sub(auh(add(aud(add(sub(x,mul(x,0.7706981)),mul(y,add(cos(0.811748),aud(0.2975304,y)))),0.6203754),0.5614257),mul(x,x)),min(y,max(cos(cos(cos(0.91226435))),x)))),y)))),sub(auh(x,pow(sub(aud(y,mul(x,x)),min(x,mul(0.24527049,sin(mul(0.6214218,min(min(y,auh(0.9816611,x)),min(y,0.41337347))))))),aul(sub(y,auh(x,tan(0.050232887))),x))),add(mul(tan(sin(sub(x,x))),y),max(aud(aul(x,0.10228753),max(aud(auh(x,cos(auh(min(max(x,aud(aud(0.07221103,x),aul(y,y))),add(min(y,y),mul(sub(x,y),sin(y)))),sub(0.9126463,x)))),0.40487027),0.63980913)),pow(aud(x,y),tan(0.41188288)))))))",
            "g": "add(0.15658426,auh(tan(aud(div(pow(cos(0.92779803),y),y),mul(sin(tan(cos(min(0.5521176,div(tan(y),pow(0.6681547,pow(0.32594252,min(x,0.82717896)))))))),min(sub(add(min(y,cos(cos(x))),x),sub(auh(add(aud(add(sub(y,mul(y,y)),mul(0.94456863,add(cos(0.5493355),aud(x,y)))),y),x),mul(0.6367965,x)),min(x,max(cos(cos(cos(y))),y)))),y)))),sub(auh(0.69600916,pow(sub(aud(y,mul(x,1.0)),min(x,mul(x,sin(mul(0.506783,min(min(x,auh(x,x)),min(0.54436255,x))))))),aul(sub(x,auh(x,tan(0.76221776))),x))),add(mul(tan(sin(sub(0.8840163,y))),0.9477477),max(aud(aul(0.7445643,x),max(aud(auh(x,cos(auh(min(max(x,aud(aud(x,0.5642972),aul(x,y))),add(min(x,y),mul(sub(x,y),sin(x)))),sub(y,0.7604599)))),0.4571712),x)),pow(aud(x,x),tan(0.8688388)))))))"
          }
        },
        {
          "fitness": 0,
          "expressions": {
            "r": "aul(auh(x,x),0.5590234)",
            "b": "aul(auh(x,y),0.72193027)",
            "g": "aul(auh(y,y),y)"
          }
        },
        {
          "fitness": 0,
          "expressions": {
            "r": "add(y,aud(cos(aud(mul(min(cos(y),y),x),div(sin(tan(var(auh(x,div(cos(0.6729915),pow(y,pow(x,min(0.9654591,y)))))))),min(sub(add(min(0.6663513,cos(tan(y))),x),sub(aul(add(var(sub(mul(x,mul(y,0.50396395)),mul(y,add(cos(x),aud(x,x))))),x),mul(0.1709845,0.8402114)),pow(y,max(cos(sin(cos(x))),y)))),0.119140625)))),sub(auh(0.48338938,y),add(add(aud(sin(sub(x,y)),x),0.12968731),max(aud(aul(y,x),auh(var(auh(x,cos(auh(min(min(x,aud(tan(x),auh(y,y))),add(min(x,y),mul(sub(y,0.81571674),sin(x)))),sub(y,y))))),x)),pow(aud(y,0.85561013),tan(0.68790007)))))))",
            "b": "add(y,aud(cos(aud(mul(min(cos(y),0.7618742),0.45095325),div(sin(tan(var(auh(y,div(cos(1.0),pow(y,pow(y,min(y,x)))))))),min(sub(add(min(x,cos(tan(y))),0.59772825),sub(aul(add(var(sub(mul(x,mul(x,0.7706981)),mul(y,add(cos(0.811748),aud(0.19838762,y))))),0.8474183),mul(x,x)),pow(y,max(cos(sin(cos(0.80651236))),x)))),y)))),sub(auh(x,x),add(add(aud(sin(sub(x,x)),x),y),max(aud(aul(x,0.10228753),auh(var(auh(x,cos(auh(min(min(x,aud(tan(x),auh(y,y))),add(min(y,y),mul(sub(x,y),sin(y)))),sub(0.71779823,x))))),0.63980913)),pow(aud(x,x),tan(0.16162777)))))))",
            "g": "add(0.15658426,aud(cos(aud(mul(min(cos(0.92779803),y),y),div(sin(tan(var(auh(0.5670428,div(cos(y),pow(0.6049266,pow(0.50286627,min(x,0.82717896)))))))),min(sub(add(min(y,cos(tan(x))),x),sub(aul(add(var(sub(mul(y,mul(y,y)),mul(0.94456863,add(cos(0.5493355),aud(x,y))))),x),mul(0.6367965,x)),pow(x,max(cos(sin(cos(y))),y)))),y)))),sub(auh(0.69600916,0.44289923),add(add(aud(sin(sub(0.8840163,y)),x),0.9477477),max(aud(aul(0.7445643,x),auh(var(auh(x,cos(auh(min(min(x,aud(tan(x),auh(x,y))),add(min(x,y),mul(sub(x,y),sin(x)))),sub(y,0.7604599))))),x)),pow(aud(x,x),tan(0.8688388)))))))"
          }
        },
        {
          "fitness": 0,
          "expressions": {
            "r": "add(y,auh(y,0.19549775))",
            "b": "add(0.39807034,auh(x,x))",
            "g": "add(0.66783285,auh(x,0.54380083))"
          }
        },
        {
          "fitness": 0,
          "expressions": {
            "r": "sub(0.3712685,add(tan(tan(cos(aul(y,0.5958595)))),min(aul(y,max(max(var(auh(min(0.13615823,div(0.17865038,0.8112874)),tan(tan(y)))),x),x)),0.7391684)))",
            "b": "sub(0.6636503,add(tan(tan(cos(aul(y,0.69117355)))),min(aul(y,max(max(var(auh(min(0.13931799,div(0.089157104,x)),tan(tan(x)))),x),y)),x)))",
            "g": "sub(0.74649143,add(tan(tan(cos(aul(y,y)))),min(aul(y,max(max(var(auh(min(y,div(x,0.10431051)),tan(tan(0.4817474)))),0.4890375),y)),y)))"
          }
        },
        {
          "fitness": 0,
          "expressions": {
            "r": "add(y,div(aul(0.24584174,pow(sub(var(0.7385907),pow(y,add(x,sin(sub(y,y))))),auh(sub(0.8086207,max(x,sin(y))),0.20276332))),x))",
            "b": "add(0.67972755,div(aul(x,pow(sub(var(x),pow(x,add(0.20777655,sin(sub(0.34468317,x))))),auh(sub(y,max(x,sin(0.32274055))),x))),0.15876436))",
            "g": "add(0.847157,div(aul(y,pow(sub(var(y),pow(x,add(x,sin(sub(0.506783,x))))),auh(sub(x,max(x,sin(0.7434313))),x))),0.5177021))"
          }
        },
        {
          "fitness": 0,
          "expressions": {
            "r": "add(x,div(auh(0.24584174,pow(sub(aud(0.90194154,div(mul(0.09819198,pow(sin(mul(y,min(x,0.11721468))),x)),x)),min(mul(0.21895099,aul(x,max(min(0.515594,x),y))),add(x,div(mul(y,pow(min(x,aul(0.91555905,x)),pow(x,0.4962089))),0.11575413)))),auh(sub(0.65068555,max(x,tan(y))),0.38839507))),y))",
            "b": "add(0.39807034,div(auh(x,pow(sub(aud(y,div(mul(0.110177994,pow(sin(mul(y,min(x,0.8741262))),0.28917265)),x)),min(mul(x,aul(0.97940016,max(min(0.9003818,y),x))),add(y,div(mul(0.62572265,pow(min(x,aul(0.85621715,x)),pow(y,y))),0.8775389)))),auh(sub(y,max(x,tan(y))),x))),y))",
            "g": "add(0.6546037,div(auh(y,pow(sub(aud(y,div(mul(0.77062225,pow(sin(mul(x,min(x,x))),x)),0.9811299)),min(mul(y,aul(0.8321171,max(min(0.27540588,0.60716367),y))),add(y,div(mul(0.506783,pow(min(x,aul(x,x)),pow(0.82034826,x))),x)))),auh(sub(x,max(x,tan(0.23605418))),x))),0.018602848))"
          }
        },
        {
          "fitness": 0,
          "expressions": {
            "r": "sub(y,y)",
            "b": "sub(x,y)",
            "g": "sub(y,x)"
          }
        },
        {
          "fitness": 0,
          "expressions": {
            "r": "add(y,div(aul(0.24584174,pow(mul(aud(0.8629675,mul(y,x)),min(y,add(x,sin(div(y,min(pow(x,auh(0.7553916,sin(aul(y,max(x,x))))),min(x,0.4962089))))))),aul(add(0.65068555,sin(0.1583569)),0.20276332))),x))",
            "b": "add(0.67972755,div(aul(x,pow(mul(aud(x,mul(x,x)),min(x,add(0.24527049,sin(div(0.47046518,min(pow(y,auh(0.9816611,sin(aul(y,max(x,y))))),min(y,0.41337347))))))),aul(add(0.124103785,sin(y)),x))),0.15876436))",
            "g": "add(0.847157,div(aul(y,pow(mul(aud(y,mul(x,1.0)),min(x,add(x,sin(div(0.506783,min(pow(x,auh(x,sin(aul(y,max(x,y))))),min(0.54436255,x))))))),aul(add(x,sin(0.76311207)),x))),0.3232813))"
          }
        },
        {
          "fitness": 0,
          "expressions": {
            "r": "add(y,y)",
            "b": "add(x,y)",
            "g": "add(x,x)"
          }
        },
        {
          "fitness": 0,
          "expressions": {
            "r": "add(y,div(aud(y,min(sub(aud(0.90194154,mul(y,x)),min(y,mul(x,sin(mul(y,min(pow(x,auh(0.7553916,x)),min(x,0.4962089))))))),aul(sub(0.65068555,min(x,cos(y))),0.20276332))),x))",
            "b": "add(0.49740005,div(aud(x,min(sub(aud(y,mul(x,x)),min(x,mul(0.24527049,sin(mul(0.34468317,min(pow(y,auh(0.9816611,x)),min(y,0.41337347))))))),aul(sub(y,min(x,cos(0.050232887))),x))),0.15876436))",
            "g": "add(0.847157,div(aud(y,min(sub(aud(y,mul(x,1.0)),min(x,mul(x,sin(mul(0.506783,min(pow(x,auh(x,x)),min(0.54436255,x))))))),aul(sub(x,min(x,cos(0.76221776))),x))),0.3232813))"
          }
        },
        {
          "fitness": 0,
          "expressions": {
            "r": "aul(aud(min(0.1542921,0.82559013),x),x)",
            "b": "aul(aud(min(y,y),y),x)",
            "g": "aul(aud(min(0.4790771,x),y),0.21274137)"
          }
        },
        {
          "fitness": 0,
          "expressions": {
            "r": "add(y,div(auh(0.24584174,pow(add(aud(0.90194154,mul(y,x)),min(y,sub(x,sin(mul(y,pow(min(x,aul(1.0,0.7938607)),min(x,0.5528281))))))),aud(mul(0.65068555,max(x,tan(y))),0.20276332))),x))",
            "b": "add(0.67972755,div(auh(x,pow(add(aud(y,mul(x,x)),min(x,sub(0.24527049,sin(mul(0.34468317,pow(min(y,aul(0.9816611,0.21868825)),min(y,0.661386))))))),aud(mul(y,max(x,tan(0.050232887))),x))),0.15876436))",
            "g": "add(0.847157,div(auh(y,pow(add(aud(y,mul(x,0.83002377)),min(x,sub(x,sin(mul(0.506783,pow(min(x,aul(x,x)),min(0.54436255,x))))))),aud(mul(x,max(x,tan(0.76221776))),x))),0.3232813))"
          }
        }
      ],
      "timestamp": "23h:48m:9s"
    }
  ],
  "timestamp": "2024-07-25-23-46-39"
}