{
  "id": "7bp6x559-9t03-f6ju-7iu0-odvelmwwjdse",
  "parameters": {
    "crossoverRate": 0.30000001192092896,
    "eliteSize": 2,
    "tournamentSize": 3,
    "mutationRate": 0.8999999761581421,
    "populationSize": 10
  },
  "populations": [
    {
      "generation": 0,
      "id": "sauvhuco-pwvd-988t-f5bc-msduawzxuzb1",
      "individuals": [
        {
          "fitness": 0,
          "expressions": {
            "r": "add(x,0.88327503)",
            "b": "add(y,x)",
            "g": "add(y,0.6868998)"
          }
        },
        {
          "fitness": 0,
          "expressions": {
            "r": "aul(aul(0.0790354,0.24465144),y)",
            "b": "aul(aul(x,x),0.48698044)",
            "g": "aul(aul(0.9245117,y),x)"
          }
        },
        {
          "fitness": 0,
          "expressions": {
            "r": "aud(sin(0.92299694),0.80691826)",
            "b": "aud(sin(x),x)",
            "g": "aud(sin(y),0.115324974)"
          }
        },
        {
          "fitness": 0,
          "expressions": {
            "r": "aud(y,y)",
            "b": "aud(y,0.49756032)",
            "g": "aud(0.5791159,0.7291893)"
          }
        },
        {
          "fitness": 0,
          "expressions": {
            "r": "add(x,y)",
            "b": "add(y,x)",
            "g": "add(y,y)"
          }
        },
        {
          "fitness": 0,
          "expressions": {
            "r": "add(x,y)",
            "b": "add(y,0.37301892)",
            "g": "add(0.9244226,0.79212874)"
          }
        },
        {
          "fitness": 0,
          "expressions": {
            "r": "cos(var(y))",
            "b": "cos(var(0.73591393))",
            "g": "cos(var(y))"
          }
        },
        {
          "fitness": 0,
          "expressions": {
            "r": "div(aul(y,auh(var(sin(tan(tan(min(x,x))))),y)),sin(x))",
            "b": "div(aul(x,auh(var(sin(tan(tan(min(0.074150026,x))))),x)),sin(0.9667316))",
            "g": "div(aul(x,auh(var(sin(tan(tan(min(x,y))))),0.5365357)),sin(y))"
          }
        },
        {
          "fitness": 0,
          "expressions": {
            "r": "div(y,sin(pow(pow(auh(x,add(x,0.114946246)),aul(x,auh(0.58638793,div(x,sin(x))))),tan(sub(0.6082973,min(0.7710591,0.5817976))))))",
            "b": "div(x,sin(pow(pow(auh(x,add(0.39201415,x)),aul(y,auh(y,div(y,sin(x))))),tan(sub(x,min(x,x))))))",
            "g": "div(0.8155943,sin(pow(pow(auh(y,add(x,y)),aul(0.42171478,auh(x,div(x,sin(y))))),tan(sub(y,min(y,0.85045266))))))"
          }
        },
        {
          "fitness": 0,
          "expressions": {
            "r": "sin(auh(x,0.18506241))",
            "b": "sin(auh(y,y))",
            "g": "sin(auh(x,0.08635461))"
          }
        },
        {
          "fitness": 0,
          "expressions": {
            "r": "add(x,x)",
            "b": "add(y,y)",
            "g": "add(x,x)"
          }
        },
        {
          "fitness": 0,
          "expressions": {
            "r": "pow(x,sub(0.048741996,aul(y,y)))",
            "b": "pow(y,sub(y,aul(y,0.86982393)))",
            "g": "pow(0.06622517,sub(y,aul(x,y)))"
          }
        },
        {
          "fitness": 0,
          "expressions": {
            "r": "max(sub(y,x),x)",
            "b": "max(sub(y,0.7055474),x)",
            "g": "max(sub(x,0.49870974),y)"
          }
        },
        {
          "fitness": 0,
          "expressions": {
            "r": "max(mul(x,x),div(min(var(tan(aud(pow(y,max(cos(y),cos(0.86567223))),x))),0.4791425),sub(0.70546997,auh(x,sin(max(sub(sub(cos(min(div(sub(var(y),cos(y)),var(div(add(y,0.7981798),x))),var(0.5311344))),max(0.09776008,var(cos(y)))),x),aud(0.5483306,cos(x))))))))",
            "b": "max(mul(y,x),div(min(var(tan(aud(pow(y,max(cos(x),cos(x))),x))),0.20135128),sub(0.91479975,auh(0.16464686,sin(max(sub(sub(cos(min(div(sub(var(y),cos(0.82486063)),var(div(add(y,y),x))),var(0.7072077))),max(x,var(cos(y)))),y),aud(y,cos(x))))))))",
            "g": "max(mul(x,0.8006376),div(min(var(tan(aud(pow(0.034463882,max(cos(0.1338265),cos(y))),0.46509022))),y),sub(0.54469764,auh(0.9052044,sin(max(sub(sub(cos(min(div(sub(var(x),cos(y)),var(div(add(y,0.45839238),0.4934308))),var(x))),max(0.8614885,var(cos(y)))),0.62251353),aud(0.9674835,cos(y))))))))"
          }
        },
        {
          "fitness": 0,
          "expressions": {
            "r": "div(y,div(sub(cos(y),cos(tan(x))),cos(y)))",
            "b": "div(0.121445775,div(sub(cos(x),cos(tan(x))),cos(x)))",
            "g": "div(y,div(sub(cos(0.53887886),cos(tan(y))),cos(0.9405699)))"
          }
        },
        {
          "fitness": 0,
          "expressions": {
            "r": "var(aud(add(aul(var(max(x,y)),mul(var(x),0.2312184)),aud(max(cos(x),y),tan(0.43444687))),sub(aud(sin(aud(aud(auh(mul(x,0.9871082),pow(tan(aul(x,auh(y,mul(x,0.6405251)))),sin(tan(max(y,cos(aul(x,x))))))),0.3877834),sin(y))),var(y)),pow(tan(pow(0.66696113,x)),sub(tan(mul(max(sin(pow(x,0.64997077)),y),y)),0.032971323)))))",
            "b": "var(aud(add(aul(var(max(0.07573789,y)),mul(var(x),0.59608036)),aud(max(cos(x),y),tan(y))),sub(aud(sin(aud(aud(auh(mul(0.7685954,0.17171717),pow(tan(aul(x,auh(y,mul(x,y)))),sin(tan(max(y,cos(aul(x,0.12914765))))))),y),sin(x))),var(y)),pow(tan(pow(y,y)),sub(tan(mul(max(sin(pow(x,y)),y),y)),y)))))",
            "g": "var(aud(add(aul(var(max(y,0.59673)),mul(var(y),0.7623251)),aud(max(cos(x),y),tan(0.0806281))),sub(aud(sin(aud(aud(auh(mul(0.18001807,0.5752253),pow(tan(aul(x,auh(y,mul(x,y)))),sin(tan(max(x,cos(aul(0.49778795,y))))))),y),sin(y))),var(y)),pow(tan(pow(0.41415685,y)),sub(tan(mul(max(sin(pow(y,0.3978669)),x),0.4381299)),x)))))"
          }
        },
        {
          "fitness": 0,
          "expressions": {
            "r": "tan(cos(tan(pow(auh(x,sin(div(0.16361672,0.79349685))),0.45056516))))",
            "b": "tan(cos(tan(pow(auh(0.20938504,sin(div(x,y))),0.47827256))))",
            "g": "tan(cos(tan(pow(auh(x,sin(div(y,0.01513356))),x))))"
          }
        },
        {
          "fitness": 0,
          "expressions": {
            "r": "add(x,y)",
            "b": "add(x,x)",
            "g": "add(0.6830186,y)"
          }
        }
      ],
      "timestamp": "23h:9m:51s"
    },
    {
      "generation": 1,
      "ascendantID": "sauvhuco-pwvd-988t-f5bc-msduawzxuzb1",
      "id": "x03tonpq-nkew-rb67-w6ci-zkzphy3neagn",
      "individuals": [
        {
          "fitness": 0,
          "expressions": {
            "r": "div(aul(y,auh(var(sin(tan(tan(min(x,x))))),y)),sin(x))",
            "b": "div(aul(x,auh(var(sin(tan(tan(min(0.074150026,x))))),x)),sin(0.9667316))",
            "g": "div(aul(x,auh(var(sin(tan(tan(min(x,y))))),0.5365357)),sin(y))"
          }
        },
        {
          "fitness": 0,
          "expressions": {
            "r": "var(aud(add(aul(var(max(x,y)),mul(var(x),0.2312184)),aud(max(cos(x),y),tan(0.43444687))),x))",
            "b": "var(aud(add(aul(var(max(0.07573789,y)),mul(var(x),0.59608036)),aud(max(cos(x),y),tan(y))),y))",
            "g": "var(aud(add(aul(var(max(y,0.59673)),mul(var(y),0.7623251)),aud(max(cos(x),y),tan(0.0806281))),0.7386622))"
          }
        },
        {
          "fitness": 0,
          "expressions": {
            "r": "add(x,y)",
            "b": "add(y,x)",
            "g": "add(y,y)"
          }
        },
        {
          "fitness": 0,
          "expressions": {
            "r": "add(x,y)",
            "b": "add(y,0.37301892)",
            "g": "add(0.9244226,0.62083507)"
          }
        },
        {
          "fitness": 0,
          "expressions": {
            "r": "div(y,sin(pow(pow(aul(x,add(x,0.114946246)),aul(x,auh(0.58638793,div(x,sin(x))))),tan(mul(0.6082973,min(0.7710591,0.5817976))))))",
            "b": "div(x,sin(pow(pow(aul(x,add(0.2966392,x)),aul(y,auh(y,div(0.9667316,sin(x))))),tan(mul(x,min(x,x))))))",
            "g": "div(0.8155943,sin(pow(pow(aul(y,add(x,y)),aul(0.42427406,auh(x,div(y,sin(y))))),tan(mul(y,min(y,0.85045266))))))"
          }
        },
        {
          "fitness": 0,
          "expressions": {
            "r": "max(mul(x,0.74475324),div(min(var(cos(aud(pow(y,max(cos(y),sin(0.86567223))),x))),0.4791425),sub(0.56823784,auh(x,sin(min(sub(sub(cos(min(div(sub(var(y),cos(y)),aud(div(add(y,0.7981798),x),x)),var(0.5311344))),max(0.07335967,var(var(y)))),x),aud(0.7781321,cos(x))))))))",
            "b": "max(mul(y,0.8082657),div(min(var(cos(aud(pow(y,max(cos(x),sin(x))),x))),0.20135128),sub(0.91479975,auh(0.16464686,sin(min(sub(sub(cos(min(div(sub(var(y),cos(0.82486063)),aud(div(add(y,y),x),y)),var(0.7072077))),max(x,var(var(y)))),y),aud(y,cos(x))))))))",
            "g": "max(mul(x,0.8006376),div(min(var(cos(aud(pow(0.034463882,max(cos(0.1338265),sin(y))),0.46509022))),y),sub(0.32723874,auh(0.9052044,sin(min(sub(sub(cos(min(div(sub(var(x),cos(y)),aud(div(add(y,0.6981055),0.4934308),0.46973813)),var(x))),max(0.59891236,var(var(y)))),0.62251353),aud(0.9674835,cos(y))))))))"
          }
        },
        {
          "fitness": 0,
          "expressions": {
            "r": "cos(pow(0.7366705,cos(0.28269178)))",
            "b": "cos(pow(x,cos(x)))",
            "g": "cos(pow(0.48849893,cos(0.39161414)))"
          }
        },
        {
          "fitness": 0,
          "expressions": {
            "r": "auh(mul(x,x),div(min(aud(cos(aud(min(y,max(cos(y),cos(x))),x)),x),0.4791425),sub(0.70546997,auh(x,sin(max(sub(sub(cos(min(mul(sub(var(y),cos(y)),var(div(add(y,0.7981798),x))),tan(0.5311344))),max(0.09776008,var(cos(y)))),x),aud(0.66424525,cos(x))))))))",
            "b": "auh(mul(y,x),div(min(aud(cos(aud(min(y,max(cos(x),cos(x))),x)),x),0.20135128),sub(0.91479975,auh(0.16464686,sin(max(sub(sub(cos(min(mul(sub(var(y),cos(0.5858973)),var(div(add(y,y),x))),tan(0.7072077))),max(x,var(cos(y)))),y),aud(y,cos(x))))))))",
            "g": "auh(mul(x,x),div(min(aud(cos(aud(min(0.034463882,max(cos(0.1338265),cos(y))),0.46509022)),y),y),sub(0.54469764,auh(0.9052044,sin(max(sub(sub(cos(min(mul(sub(var(x),cos(y)),var(div(add(y,0.45839238),0.4934308))),tan(x))),max(0.8614885,var(cos(y)))),0.62251353),aud(0.9674835,cos(y))))))))"
          }
        },
        {
          "fitness": 0,
          "expressions": {
            "r": "add(x,aud(0.0790354,0.24465144))",
            "b": "add(y,aud(x,x))",
            "g": "add(y,aud(0.9245117,y))"
          }
        },
        {
          "fitness": 0,
          "expressions": {
            "r": "auh(mul(tan(y),x),x)",
            "b": "auh(mul(tan(y),0.7546233),x)",
            "g": "auh(mul(tan(y),0.33027357),y)"
          }
        },
        {
          "fitness": 0,
          "expressions": {
            "r": "pow(x,mul(0.048741996,aul(y,y)))",
            "b": "pow(y,mul(y,aul(y,0.86982393)))",
            "g": "pow(0.06622517,mul(y,aul(x,y)))"
          }
        },
        {
          "fitness": 0,
          "expressions": {
            "r": "tan(cos(tan(pow(aul(x,sin(mul(add(y,0.7981798),x))),0.45056516))))",
            "b": "tan(cos(tan(pow(aul(0.20938504,sin(mul(add(y,y),x))),0.47827256))))",
            "g": "tan(cos(tan(pow(aul(x,sin(mul(add(y,0.45839238),0.4934308))),x))))"
          }
        },
        {
          "fitness": 0,
          "expressions": {
            "r": "max(mul(x,x),mul(pow(var(var(aud(pow(y,min(cos(y),cos(0.86567223))),x))),0.4791425),mul(0.70546997,auh(x,sin(min(sub(sub(cos(min(sin(sub(var(y),tan(y))),var(0.5311344))),max(0.09776008,var(tan(y)))),x),aul(0.5483306,tan(x))))))))",
            "b": "max(mul(y,x),mul(pow(var(var(aud(pow(y,min(cos(x),cos(x))),x))),0.20135128),mul(0.7752895,auh(0.16464686,sin(min(sub(sub(cos(min(sin(sub(var(y),tan(0.82486063))),var(0.4450022))),max(x,var(tan(y)))),y),aul(y,tan(x))))))))",
            "g": "max(mul(x,0.8006376),mul(pow(var(var(aud(pow(0.034463882,min(cos(0.1338265),cos(y))),0.46509022))),y),mul(0.54469764,auh(0.9052044,sin(min(sub(sub(cos(min(sin(sub(var(x),tan(y))),var(x))),max(0.8614885,var(tan(y)))),0.62251353),aul(0.9674835,tan(y))))))))"
          }
        },
        {
          "fitness": 0,
          "expressions": {
            "r": "sin(aul(x,0.18506241))",
            "b": "sin(aul(y,y))",
            "g": "sin(aul(x,0.08635461))"
          }
        },
        {
          "fitness": 0,
          "expressions": {
            "r": "max(mul(x,tan(y)),div(min(var(tan(aud(pow(y,max(cos(y),tan(0.86567223))),y))),0.4791425),sub(0.70546997,auh(x,cos(max(sub(add(tan(auh(div(div(aud(y,0.40602672),cos(y)),var(div(add(y,0.7981798),x))),var(0.5311344))),max(0.09776008,var(cos(y)))),x),aud(0.5483306,sin(x))))))))",
            "b": "max(mul(y,tan(0.90857565)),div(min(var(tan(aud(pow(y,max(cos(x),tan(x))),y))),0.20135128),sub(0.91479975,auh(0.16464686,cos(max(sub(add(tan(auh(div(div(aud(y,x),cos(0.9361057)),var(div(add(y,y),x))),var(0.7072077))),max(x,var(cos(y)))),y),aud(y,sin(x))))))))",
            "g": "max(mul(x,tan(y)),div(min(var(tan(aud(pow(0.034463882,max(cos(0.1338265),tan(y))),0.15799499))),y),sub(0.54469764,auh(0.9052044,cos(max(sub(add(tan(auh(div(div(aud(x,y),cos(y)),var(div(add(y,0.45839238),0.4934308))),var(x))),max(0.8614885,var(cos(y)))),0.62251353),aud(0.9674835,sin(y))))))))"
          }
        },
        {
          "fitness": 0,
          "expressions": {
            "r": "max(sub(y,x),x)",
            "b": "max(sub(y,0.7055474),x)",
            "g": "max(sub(x,0.49870974),y)"
          }
        },
        {
          "fitness": 0,
          "expressions": {
            "r": "pow(x,sub(0.048741996,aul(y,y)))",
            "b": "pow(y,sub(y,aul(y,0.9342934)))",
            "g": "pow(0.06622517,sub(y,aul(x,y)))"
          }
        },
        {
          "fitness": 0,
          "expressions": {
            "r": "sin(cos(tan(pow(0.0043076277,0.33960944))))",
            "b": "sin(cos(tan(pow(y,0.47827256))))",
            "g": "sin(cos(tan(pow(y,x))))"
          }
        }
      ],
      "timestamp": "23h:10m:34s"
    },
    {
      "generation": 2,
      "ascendantID": "x03tonpq-nkew-rb67-w6ci-zkzphy3neagn",
      "id": "e2a8uyas-be62-bgfq-8w90-gu2j8vyj4bdn",
      "individuals": [
        {
          "fitness": 0,
          "expressions": {
            "r": "div(aul(y,auh(var(sin(tan(tan(min(x,x))))),y)),sin(x))",
            "b": "div(aul(x,auh(var(sin(tan(tan(min(0.074150026,x))))),x)),sin(0.9667316))",
            "g": "div(aul(x,auh(var(sin(tan(tan(min(x,y))))),0.5365357)),sin(y))"
          }
        },
        {
          "fitness": 0,
          "expressions": {
            "r": "add(x,y)",
            "b": "add(y,0.37301892)",
            "g": "add(0.9244226,0.62083507)"
          }
        },
        {
          "fitness": 0,
          "expressions": {
            "r": "add(x,y)",
            "b": "add(y,y)",
            "g": "add(y,y)"
          }
        },
        {
          "fitness": 0,
          "expressions": {
            "r": "cos(cos(tan(pow(aul(x,tan(mul(add(y,x),x))),0.45056516))))",
            "b": "cos(cos(tan(pow(aul(0.20938504,tan(mul(add(y,y),x))),0.74468064))))",
            "g": "cos(cos(tan(pow(aul(x,tan(mul(add(y,0.45839238),0.4934308))),x))))"
          }
        },
        {
          "fitness": 0,
          "expressions": {
            "r": "sin(aul(x,auh(auh(x,x),y)))",
            "b": "sin(aul(y,auh(auh(0.36332953,y),0.21834004)))",
            "g": "sin(aul(x,auh(auh(0.8851851,x),0.534379)))"
          }
        },
        {
          "fitness": 0,
          "expressions": {
            "r": "max(mul(x,tan(y)),div(min(aud(tan(aud(pow(y,max(sin(y),cos(0.86567223))),y)),x),0.4791425),sub(0.70546997,auh(x,tan(max(sub(sub(cos(auh(div(div(aud(y,0.40602672),sin(y)),var(div(add(y,0.95211494),x))),var(0.5311344))),max(0.09776008,var(cos(y)))),x),aud(0.5483306,sin(x))))))))",
            "b": "max(mul(x,tan(0.90857565)),div(min(aud(tan(aud(pow(y,max(sin(x),cos(x))),y)),0.23255306),0.39327425),sub(0.91479975,auh(0.16464686,tan(max(sub(sub(cos(auh(div(div(aud(y,x),sin(0.9361057)),var(div(add(y,y),x))),var(0.7072077))),max(x,var(cos(y)))),y),aud(y,sin(x))))))))",
            "g": "max(mul(x,tan(y)),div(min(aud(tan(aud(pow(0.034463882,max(sin(0.24702355),cos(y))),0.15799499)),x),y),sub(0.54469764,auh(0.9052044,tan(max(sub(sub(cos(auh(div(div(aud(x,y),sin(y)),var(div(add(y,0.55823636),0.6466849))),var(x))),max(0.8614885,var(cos(y)))),0.62251353),aud(0.7038896,sin(y))))))))"
          }
        },
        {
          "fitness": 0,
          "expressions": {
            "r": "max(div(x,cos(y)),div(min(tan(cos(aul(pow(y,max(cos(y),var(0.86567223))),y))),0.4791425),sub(0.70546997,auh(x,cos(auh(sub(0.18506241,x),aul(0.5483306,sin(x))))))))",
            "b": "max(div(y,cos(0.90857565)),div(min(tan(cos(aul(pow(y,max(cos(x),var(x))),y))),0.20135128),sub(0.91479975,auh(0.16464686,cos(auh(sub(y,y),aul(y,sin(x))))))))",
            "g": "max(div(x,cos(y)),div(min(tan(cos(aul(pow(0.034463882,max(cos(0.1338265),var(y))),0.15799499))),y),sub(0.54469764,auh(0.9052044,cos(auh(sub(0.08635461,0.62251353),aul(0.9674835,sin(y))))))))"
          }
        },
        {
          "fitness": 0,
          "expressions": {
            "r": "pow(x,sub(0.048741996,aul(y,y)))",
            "b": "pow(y,sub(y,aul(y,0.6965574)))",
            "g": "pow(0.06622517,sub(y,aul(x,y)))"
          }
        },
        {
          "fitness": 0,
          "expressions": {
            "r": "div(var(y),div(x,0.18068898))",
            "b": "div(var(x),div(0.9667316,y))",
            "g": "div(var(x),div(y,y))"
          }
        },
        {
          "fitness": 0,
          "expressions": {
            "r": "mul(aud(y,max(aud(sin(x),y),y)),tan(auh(0.82120264,0.039664686)))",
            "b": "mul(aud(x,max(aud(sin(0.9667316),y),x)),tan(auh(0.067666054,0.9450461)))",
            "g": "mul(aud(x,max(aud(sin(y),0.17816609),0.5365357)),tan(auh(0.33045727,x)))"
          }
        },
        {
          "fitness": 0,
          "expressions": {
            "r": "aud(aud(add(max(tan(auh(x,y)),div(var(x),0.2312184)),var(max(cos(x),y))),x),0.99449086)",
            "b": "aud(aud(add(max(tan(auh(0.07573789,y)),div(var(x),0.59608036)),var(max(cos(x),y))),y),x)",
            "g": "aud(aud(add(max(tan(auh(y,0.59673)),div(var(y),0.7623251)),var(max(cos(x),y))),0.7386622),0.5111929)"
          }
        },
        {
          "fitness": 0,
          "expressions": {
            "r": "max(sub(x,tan(y)),div(pow(var(tan(aud(pow(y,max(cos(y),tan(0.8689193))),y))),0.4791425),sub(0.41784525,auh(x,cos(min(add(add(cos(0.26750886),max(0.09776008,tan(sin(y)))),x),aul(0.5483306,sin(x))))))))",
            "b": "max(sub(y,tan(0.90857565)),div(pow(var(tan(aud(pow(y,max(cos(x),tan(x))),y))),0.20135128),sub(0.91479975,auh(0.16464686,cos(min(add(add(cos(x),max(x,tan(sin(y)))),y),aul(y,sin(x))))))))",
            "g": "max(sub(x,tan(y)),div(pow(var(tan(aud(pow(0.034463882,max(cos(0.1338265),tan(y))),0.15799499))),y),sub(0.54469764,auh(0.9564179,cos(min(add(add(cos(0.39161414),max(0.8614885,tan(sin(y)))),0.62251353),aul(0.9674835,sin(y))))))))"
          }
        },
        {
          "fitness": 0,
          "expressions": {
            "r": "add(max(cos(y),var(0.86567223)),y)",
            "b": "add(max(cos(x),var(x)),x)",
            "g": "add(max(cos(0.1338265),var(y)),y)"
          }
        },
        {
          "fitness": 0,
          "expressions": {
            "r": "auh(mul(x,0.6191304),div(min(var(cos(aul(pow(y,min(cos(y),sin(0.86567223))),x))),0.4791425),sub(0.55252945,aul(x,sin(min(sub(sub(cos(0.7366705),max(0.21812603,aud(var(y),y))),x),aul(0.7781321,tan(x))))))))",
            "b": "auh(mul(y,0.8082657),div(min(var(cos(aul(pow(y,min(cos(x),sin(x))),x))),0.20135128),sub(0.91479975,aul(0.16464686,sin(min(sub(sub(cos(x),max(x,aud(var(y),y))),y),aul(y,tan(x))))))))",
            "g": "auh(mul(x,0.9422709),div(min(var(cos(aul(pow(0.034463882,min(cos(0.1338265),sin(y))),0.46509022))),y),sub(0.32723874,aul(0.9052044,sin(min(sub(sub(cos(0.38589147),max(0.59891236,aud(var(y),0.4115771))),0.3287115),aul(0.9674835,tan(y))))))))"
          }
        },
        {
          "fitness": 0,
          "expressions": {
            "r": "div(aul(y,aul(var(sin(tan(tan(tan(x))))),y)),sin(x))",
            "b": "div(aul(x,aul(var(sin(tan(tan(tan(y))))),x)),sin(0.9667316))",
            "g": "div(aul(x,aul(var(sin(tan(tan(tan(y))))),0.5365357)),sin(y))"
          }
        },
        {
          "fitness": 0,
          "expressions": {
            "r": "max(mul(x,tan(y)),div(max(var(cos(aud(pow(y,auh(cos(y),cos(0.86567223))),y))),0.4791425),sub(0.70546997,auh(x,cos(max(sub(add(cos(max(div(div(aud(y,0.5080463),cos(y)),var(div(add(y,0.7981798),x))),var(0.5311344))),max(0.09776008,var(cos(y)))),x),aud(0.66074634,sin(x))))))))",
            "b": "max(mul(y,tan(0.90857565)),div(max(var(cos(aud(pow(y,auh(cos(x),cos(x))),y))),0.20135128),sub(0.91479975,auh(0.16464686,cos(max(sub(add(cos(max(div(div(aud(y,x),cos(0.9361057)),var(div(add(y,y),x))),var(0.7072077))),max(x,var(cos(y)))),y),aud(y,sin(x))))))))",
            "g": "max(mul(x,tan(y)),div(max(var(cos(aud(pow(0.08296819,auh(cos(0.1338265),cos(y))),0.15799499))),y),sub(0.54469764,auh(0.9052044,cos(max(sub(add(cos(max(div(div(aud(x,y),cos(y)),var(div(add(y,0.45839238),0.4934308))),var(x))),max(0.8614885,var(cos(y)))),0.79033005),aud(x,sin(y))))))))"
          }
        },
        {
          "fitness": 0,
          "expressions": {
            "r": "max(mul(x,cos(y)),div(min(aud(cos(aul(pow(y,max(cos(y),cos(0.86567223))),y)),0.1400814),0.4791425),add(0.9136219,auh(x,sin(auh(sub(add(tan(auh(mul(sin(aud(y,0.40602672)),aud(div(add(y,0.7981798),x),0.36099833)),var(0.5311344))),max(0.0,var(cos(y)))),x),aud(0.5483306,x)))))))",
            "b": "max(mul(y,cos(0.90857565)),div(min(aud(cos(aul(pow(y,max(cos(x),cos(x))),y)),y),0.20135128),add(0.91479975,auh(0.16464686,sin(auh(sub(add(tan(auh(mul(sin(aud(y,x)),aud(div(add(y,y),x),y)),var(0.7072077))),max(x,var(cos(y)))),y),aud(y,y)))))))",
            "g": "max(mul(x,cos(y)),div(min(aud(cos(aul(pow(0.2792714,max(cos(0.1338265),cos(y))),0.15799499)),0.71920466),y),add(0.36264706,auh(0.9052044,sin(auh(sub(add(tan(auh(mul(sin(aud(x,y)),aud(div(add(y,0.45839238),0.4934308),0.9628637)),var(x))),max(x,var(cos(y)))),0.62251353),aud(0.9674835,0.9244226)))))))"
          }
        },
        {
          "fitness": 0,
          "expressions": {
            "r": "div(aul(y,auh(var(sin(tan(tan(pow(x,x))))),y)),sin(x))",
            "b": "div(aul(x,auh(var(sin(tan(tan(pow(0.074150026,x))))),x)),sin(0.9667316))",
            "g": "div(aul(x,auh(var(sin(tan(tan(pow(x,y))))),0.2539616)),sin(y))"
          }
        }
      ],
      "timestamp": "23h:10m:46s"
    },
    {
      "generation": 3,
      "ascendantID": "e2a8uyas-be62-bgfq-8w90-gu2j8vyj4bdn",
      "id": "8cwvz483-ufa6-omue-xmft-yfh6istbrix6",
      "individuals": [
        {
          "fitness": 0,
          "expressions": {
            "r": "max(sub(x,tan(y)),div(pow(var(tan(aud(pow(y,max(cos(y),tan(0.8689193))),y))),0.4791425),sub(0.41784525,auh(x,cos(min(add(add(cos(0.26750886),max(0.09776008,tan(sin(y)))),x),aul(0.5483306,sin(x))))))))",
            "b": "max(sub(y,tan(0.90857565)),div(pow(var(tan(aud(pow(y,max(cos(x),tan(x))),y))),0.20135128),sub(0.91479975,auh(0.16464686,cos(min(add(add(cos(x),max(x,tan(sin(y)))),y),aul(y,sin(x))))))))",
            "g": "max(sub(x,tan(y)),div(pow(var(tan(aud(pow(0.034463882,max(cos(0.1338265),tan(y))),0.15799499))),y),sub(0.54469764,auh(0.9564179,cos(min(add(add(cos(0.39161414),max(0.8614885,tan(sin(y)))),0.62251353),aul(0.9674835,sin(y))))))))"
          }
        },
        {
          "fitness": 0,
          "expressions": {
            "r": "max(div(div(mul(x,0.41268575),0.9718884),cos(y)),sin(min(tan(cos(aud(pow(y,min(cos(y),var(0.86567223))),y))),0.4791425)))",
            "b": "max(div(div(mul(y,0.18427241),x),cos(0.90857565)),sin(min(tan(cos(aud(pow(y,min(cos(x),var(x))),y))),0.20135128)))",
            "g": "max(div(div(mul(x,0.22049475),y),cos(x)),sin(min(tan(cos(aud(pow(0.034463882,min(cos(0.1338265),var(y))),0.15799499))),y)))"
          }
        },
        {
          "fitness": 0,
          "expressions": {
            "r": "max(sub(x,var(y)),div(pow(var(tan(aud(pow(y,max(sin(y),tan(0.8689193))),y))),0.68011785),add(0.41784525,auh(x,cos(min(sub(add(cos(0.26750886),max(0.8763417,tan(cos(y)))),x),auh(0.5483306,sin(x))))))))",
            "b": "max(sub(y,var(0.90857565)),div(pow(var(tan(aud(pow(y,max(sin(x),tan(x))),x))),0.0),add(0.91479975,auh(0.047386475,cos(min(sub(add(cos(x),max(y,tan(cos(y)))),y),auh(y,sin(x))))))))",
            "g": "max(sub(x,var(y)),div(pow(var(tan(aud(pow(0.034463882,max(sin(0.1338265),tan(y))),0.15799499))),y),add(0.54469764,auh(0.9564179,cos(min(sub(add(cos(0.39161414),max(x,tan(cos(y)))),0.62251353),auh(0.9674835,sin(y))))))))"
          }
        },
        {
          "fitness": 0,
          "expressions": {
            "r": "sin(aul(max(x,mul(pow(y,aul(0.77864367,auh(cos(min(y,y)),y))),y)),aul(tan(sin(var(var(min(x,x))))),y)))",
            "b": "sin(aul(max(y,mul(pow(y,aul(0.9189829,auh(cos(min(y,y)),x))),y)),aul(tan(sin(var(var(min(0.074150026,x))))),x)))",
            "g": "sin(aul(max(y,mul(pow(y,aul(x,auh(cos(min(x,0.5872346)),x))),y)),aul(tan(sin(var(var(min(x,y))))),0.5365357)))"
          }
        },
        {
          "fitness": 0,
          "expressions": {
            "r": "max(div(x,cos(y)),div(min(var(cos(aud(pow(y,max(cos(y),sin(0.86567223))),y))),0.4791425),sub(0.70546997,max(x,sin(max(mul(add(cos(max(mul(div(aud(y,0.5080463),tan(y)),tan(div(add(y,0.7981798),x))),var(0.5311344))),min(0.0,tan(tan(y)))),x),auh(0.66074634,sin(min(sub(x,sub(min(sin(y),y),x)),sin(tan(tan(var(tan(y))))))))))))))",
            "b": "max(div(y,cos(0.90857565)),div(min(var(cos(aud(pow(y,max(cos(x),sin(x))),y))),0.20135128),sub(0.91479975,max(0.16464686,sin(max(mul(add(cos(max(mul(div(aud(y,x),tan(0.7226484)),tan(div(add(y,y),0.94635))),var(0.7072077))),min(x,tan(tan(y)))),y),auh(y,sin(min(sub(x,sub(min(sin(x),0.44149804),0.5422706)),sin(tan(tan(var(tan(x))))))))))))))",
            "g": "max(div(x,cos(y)),div(min(var(cos(aud(pow(0.08296819,max(cos(0.1338265),sin(y))),0.15799499))),y),sub(0.54469764,max(x,sin(max(mul(add(cos(max(mul(div(aud(x,y),tan(y)),tan(div(add(y,0.45839238),0.4934308))),var(x))),min(0.8614885,tan(tan(y)))),0.6609813),auh(x,sin(min(sub(y,sub(min(sin(y),y),0.80863863)),sin(tan(tan(var(tan(x))))))))))))))"
          }
        },
        {
          "fitness": 0,
          "expressions": {
            "r": "auh(add(x,var(y)),div(pow(var(tan(aud(pow(y,max(cos(y),tan(0.8689193))),y))),0.73423505),sub(0.41784525,auh(x,mul(0.319582,x)))))",
            "b": "auh(add(y,var(0.90857565)),div(pow(var(tan(aud(pow(y,max(cos(x),tan(x))),y))),0.20135128),sub(0.7618375,auh(0.16464686,mul(x,x)))))",
            "g": "auh(add(x,var(y)),div(pow(var(tan(aud(pow(0.034463882,max(cos(0.1338265),tan(y))),0.15799499))),y),sub(0.8288673,auh(0.9564179,mul(x,0.41596627)))))"
          }
        },
        {
          "fitness": 0,
          "expressions": {
            "r": "pow(pow(mul(0.26182097,0.5710838),0.6526948),sub(0.048741996,aud(y,y)))",
            "b": "pow(pow(mul(x,y),x),sub(y,aud(y,0.6965574)))",
            "g": "pow(pow(mul(x,y),y),sub(y,aud(x,y)))"
          }
        },
        {
          "fitness": 0,
          "expressions": {
            "r": "max(sub(x,cos(y)),sin(pow(var(tan(x)),0.4791425)))",
            "b": "max(sub(y,cos(0.90857565)),sin(pow(var(tan(x)),0.20135128)))",
            "g": "max(sub(x,cos(y)),sin(pow(var(tan(y)),y)))"
          }
        },
        {
          "fitness": 0,
          "expressions": {
            "r": "add(x,y)",
            "b": "add(y,y)",
            "g": "add(y,y)"
          }
        },
        {
          "fitness": 0,
          "expressions": {
            "r": "div(aul(y,auh(aud(sin(tan(sin(min(x,x)))),y),y)),sin(x))",
            "b": "div(aul(x,auh(aud(sin(tan(sin(min(0.074150026,x)))),x),x)),sin(0.9667316))",
            "g": "div(aul(x,auh(aud(sin(tan(sin(min(x,y)))),x),0.5365357)),sin(y))"
          }
        },
        {
          "fitness": 0,
          "expressions": {
            "r": "div(aul(y,aul(mul(sin(aud(x,min(y,aul(x,0.39755344)))),sub(y,cos(max(0.22355461,y)))),y)),sin(x))",
            "b": "div(aul(x,aul(mul(sin(aud(y,min(x,aul(x,y)))),sub(x,cos(max(0.22672659,y)))),x)),sin(0.93186784))",
            "g": "div(aul(x,aul(mul(sin(aud(y,min(x,aul(x,0.1239928)))),sub(0.32118326,cos(max(y,0.16109866)))),0.5365357)),sin(y))"
          }
        },
        {
          "fitness": 0,
          "expressions": {
            "r": "div(auh(y,aul(var(sin(aud(tan(tan(x)),x))),y)),sin(tan(tan(x))))",
            "b": "div(auh(x,aul(var(sin(aud(tan(tan(y)),0.8988844))),x)),sin(tan(tan(y))))",
            "g": "div(auh(x,aul(var(sin(aud(tan(tan(y)),0.15458179))),0.5365357)),sin(tan(tan(y))))"
          }
        },
        {
          "fitness": 0,
          "expressions": {
            "r": "div(aul(y,max(var(div(var(sin(min(x,pow(0.30707932,tan(0.51612407))))),x)),y)),sin(x))",
            "b": "div(aul(x,max(var(div(var(sin(min(0.074150026,pow(0.39837044,tan(y))))),y)),x)),sin(0.84050643))",
            "g": "div(aul(x,max(var(div(var(sin(min(x,pow(0.63279533,tan(0.36021477))))),0.54509264)),0.71396023)),sin(y))"
          }
        },
        {
          "fitness": 0,
          "expressions": {
            "r": "div(aul(y,aul(tan(sin(tan(cos(tan(x))))),y)),sin(0.050547123))",
            "b": "div(aul(x,aul(tan(sin(tan(cos(tan(y))))),x)),sin(y))",
            "g": "div(aul(x,aul(tan(sin(tan(cos(tan(y))))),0.59558713)),sin(0.5036466))"
          }
        },
        {
          "fitness": 0,
          "expressions": {
            "r": "sin(aud(x,auh(auh(x,x),var(pow(auh(x,tan(mul(add(y,x),x))),0.38893265)))))",
            "b": "sin(aud(y,auh(auh(0.36332953,y),var(pow(auh(0.20938504,tan(mul(add(y,y),x))),0.74468064)))))",
            "g": "sin(aud(x,auh(auh(0.8851851,x),var(pow(auh(x,tan(mul(add(y,0.45839238),0.4934308))),x)))))"
          }
        },
        {
          "fitness": 0,
          "expressions": {
            "r": "min(sub(x,cos(y)),div(min(aud(sin(aud(pow(y,auh(cos(y),0.19924468)),y)),0.1400814),0.4791425),add(0.9136219,aul(x,div(max(sub(add(tan(aul(mul(sin(aud(y,0.40602672)),aud(div(add(y,0.5521182),x),0.36099833)),aud(0.3284754,x))),max(0.0,var(0.86567223))),x),aul(0.5483306,x)),y)))))",
            "b": "min(sub(y,cos(0.90857565)),div(min(aud(sin(aud(pow(y,auh(cos(x),x)),x)),y),0.20135128),add(0.91479975,aul(0.16464686,div(max(sub(add(tan(aul(mul(sin(aud(y,x)),aud(div(add(y,y),x),y)),aud(0.6843108,0.69291294))),max(x,var(x))),y),aul(y,y)),y)))))",
            "g": "min(sub(x,cos(y)),div(min(aud(sin(aud(pow(0.5748761,auh(cos(0.1338265),y)),0.030578144)),0.71920466),y),add(0.36264706,aul(0.9052044,div(max(sub(add(tan(aul(mul(sin(aud(x,y)),aud(div(add(y,0.45839238),0.4934308),0.9628637)),aud(x,x))),max(x,var(y))),0.62251353),aul(0.9674835,0.9244226)),0.88408935)))))"
          }
        },
        {
          "fitness": 0,
          "expressions": {
            "r": "mul(aul(y,aul(tan(x),y)),sin(x))",
            "b": "mul(aul(x,aul(tan(0.034413993),x)),sin(0.9667316))",
            "g": "mul(aul(x,aul(tan(0.81813705),0.5365357)),sin(y))"
          }
        },
        {
          "fitness": 0,
          "expressions": {
            "r": "div(aud(y,aul(var(sin(var(tan(cos(x))))),y)),sin(x))",
            "b": "div(aud(x,aul(var(sin(var(tan(cos(y))))),x)),sin(x))",
            "g": "div(aud(x,aul(var(sin(var(tan(cos(y))))),0.5365357)),sin(y))"
          }
        }
      ],
      "timestamp": "23h:11m:16s"
    }
  ],
  "timestamp": "2024-07-25-23-09-02"
}