{
  "id": "7oib0jzx-ilwe-eusm-9vx5-zbgleqfons15",
  "parameters": {
    "crossoverRate": 0,
    "eliteSize": 0,
    "tournamentSize": 0,
    "mutationRate": 0,
    "populationSize": 0
  },
  "populations": [
    {
      "generation": 0,
      "id": "i7uzchoa-qvce-7u8v-pcst-p7kirs5hq2da",
      "individuals": [
        {
          "fitness": 0,
          "expressions": {
            "r": "add(0.3926258,y)",
            "b": "add(x,x)",
            "g": "add(x,0.77806497)"
          }
        },
        {
          "fitness": 0,
          "expressions": {
            "r": "add(0.3803656,0.16595793)",
            "b": "add(x,0.8511238)",
            "g": "add(0.48252726,y)"
          }
        },
        {
          "fitness": 0,
          "expressions": {
            "r": "min(div(sub(y,y),mul(x,pow(y,0.34521365))),div(x,0.43889952))",
            "b": "min(div(sub(x,x),mul(0.6599748,pow(0.22280502,y))),div(y,x))",
            "g": "min(div(sub(0.03599453,0.6604135),mul(y,pow(y,0.35324645))),div(y,y))"
          }
        },
        {
          "fitness": 0,
          "expressions": {
            "r": "add(y,x)",
            "b": "add(0.4158783,0.26365805)",
            "g": "add(0.80389786,y)"
          }
        },
        {
          "fitness": 0,
          "expressions": {
            "r": "pow(0.5552199,min(sub(div(0.64418554,y),y),cos(0.07227516)))",
            "b": "pow(0.16570878,min(sub(div(x,x),0.9064765),cos(y)))",
            "g": "pow(x,min(sub(div(0.90851045,0.35015607),x),cos(0.9044454)))"
          }
        },
        {
          "fitness": 0,
          "expressions": {
            "r": "max(y,sub(x,y))",
            "b": "max(0.8097682,sub(y,x))",
            "g": "max(0.50392556,sub(0.49004984,0.22851968))"
          }
        },
        {
          "fitness": 0,
          "expressions": {
            "r": "mul(sub(mul(tan(0.4331305),y),div(pow(0.94076014,x),sin(y))),x)",
            "b": "mul(sub(mul(tan(x),0.79094815),div(pow(y,0.8087716),sin(y))),0.5363617)",
            "g": "mul(sub(mul(tan(x),y),div(pow(9.889603E-4,x),sin(x))),0.5675678)"
          }
        },
        {
          "fitness": 0,
          "expressions": {
            "r": "sin(sin(pow(add(y,y),tan(x))))",
            "b": "sin(sin(pow(add(y,y),tan(0.49311924))))",
            "g": "sin(sin(pow(add(0.54859066,y),tan(x))))"
          }
        },
        {
          "fitness": 0,
          "expressions": {
            "r": "tan(min(0.03853917,min(x,y)))",
            "b": "tan(min(y,min(x,x)))",
            "g": "tan(min(y,min(y,0.91740394)))"
          }
        },
        {
          "fitness": 0,
          "expressions": {
            "r": "add(x,y)",
            "b": "add(x,0.40629792)",
            "g": "add(0.28596067,0.3196721)"
          }
        },
        {
          "fitness": 0,
          "expressions": {
            "r": "add(x,x)",
            "b": "add(0.25807452,x)",
            "g": "add(y,x)"
          }
        },
        {
          "fitness": 0,
          "expressions": {
            "r": "add(y,x)",
            "b": "add(y,y)",
            "g": "add(y,0.19440413)"
          }
        },
        {
          "fitness": 0,
          "expressions": {
            "r": "add(y,y)",
            "b": "add(0.30763865,y)",
            "g": "add(y,0.7306912)"
          }
        },
        {
          "fitness": 0,
          "expressions": {
            "r": "add(0.7233317,y)",
            "b": "add(0.26949716,x)",
            "g": "add(y,x)"
          }
        },
        {
          "fitness": 0,
          "expressions": {
            "r": "add(y,y)",
            "b": "add(x,0.30749178)",
            "g": "add(0.9221227,y)"
          }
        },
        {
          "fitness": 0,
          "expressions": {
            "r": "mul(pow(y,y),0.86220765)",
            "b": "mul(pow(x,y),y)",
            "g": "mul(pow(y,0.10991168),0.7519026)"
          }
        },
        {
          "fitness": 0,
          "expressions": {
            "r": "add(0.01763153,0.5747044)",
            "b": "add(y,y)",
            "g": "add(y,y)"
          }
        },
        {
          "fitness": 0,
          "expressions": {
            "r": "add(x,0.538049)",
            "b": "add(y,0.3656683)",
            "g": "add(0.6176503,0.37591028)"
          }
        }
      ],
      "timestamp": "18h:41m:12s"
    },
    {
      "generation": 1,
      "ascendantID": "i7uzchoa-qvce-7u8v-pcst-p7kirs5hq2da",
      "id": "cc1k6use-ohvg-0wjv-3b82-ewp2usmqajve",
      "individuals": [
        {
          "fitness": 0,
          "expressions": {
            "r": "tan(min(0.03853917,min(x,y)))",
            "b": "tan(min(y,min(x,x)))",
            "g": "tan(min(y,min(y,0.91740394)))"
          }
        },
        {
          "fitness": 0,
          "expressions": {
            "r": "add(0.7233317,y)",
            "b": "add(0.26949716,x)",
            "g": "add(y,x)"
          }
        },
        {
          "fitness": 0,
          "expressions": {
            "r": "pow(0.5552199,pow(sub(div(0.64418554,y),y),cos(y)))",
            "b": "pow(0.16570878,pow(sub(div(x,x),0.9064765),cos(y)))",
            "g": "pow(x,pow(sub(div(0.66698694,0.35015607),x),cos(0.906013)))"
          }
        },
        {
          "fitness": 0,
          "expressions": {
            "r": "add(y,x)",
            "b": "add(x,0.30749178)",
            "g": "add(0.9221227,y)"
          }
        },
        {
          "fitness": 0,
          "expressions": {
            "r": "pow(0.5552199,min(y,cos(0.07227516)))",
            "b": "pow(y,min(0.30763865,cos(y)))",
            "g": "pow(x,min(y,cos(0.9044454)))"
          }
        },
        {
          "fitness": 0,
          "expressions": {
            "r": "add(x,tan(x))",
            "b": "add(x,tan(0.09866834))",
            "g": "add(0.28596067,tan(y))"
          }
        },
        {
          "fitness": 0,
          "expressions": {
            "r": "mul(pow(y,y),sub(mul(pow(0.6142018,max(0.33311725,y)),mul(x,sin(0.07395744))),add(min(x,x),0.16351104)))",
            "b": "mul(pow(x,y),sub(mul(pow(0.3208766,max(0.7972224,y)),mul(y,sin(0.10221195))),add(min(y,0.36354113),y)))",
            "g": "mul(pow(y,0.38796616),sub(mul(pow(x,max(0.28644037,x)),mul(x,sin(x))),add(min(0.8518815,x),0.5737238)))"
          }
        },
        {
          "fitness": 0,
          "expressions": {
            "r": "tan(min(0.26065063,min(x,y)))",
            "b": "tan(min(y,min(x,x)))",
            "g": "tan(min(y,min(y,0.91740394)))"
          }
        },
        {
          "fitness": 0,
          "expressions": {
            "r": "add(0.048837185,min(0.36119223,mul(x,mul(x,sin(y)))))",
            "b": "add(y,min(y,mul(x,mul(x,sin(0.8763182)))))",
            "g": "add(y,min(y,mul(x,mul(0.25548887,sin(0.103695154)))))"
          }
        },
        {
          "fitness": 0,
          "expressions": {
            "r": "add(y,y)",
            "b": "add(x,0.09804487)",
            "g": "add(0.9221227,y)"
          }
        },
        {
          "fitness": 0,
          "expressions": {
            "r": "add(x,x)",
            "b": "add(0.25807452,x)",
            "g": "add(y,x)"
          }
        },
        {
          "fitness": 0,
          "expressions": {
            "r": "max(y,sub(x,y))",
            "b": "max(0.8097682,sub(y,x))",
            "g": "max(0.50392556,sub(0.49004984,0.22851968))"
          }
        },
        {
          "fitness": 0,
          "expressions": {
            "r": "add(0.01763153,0.69839597)",
            "b": "add(y,y)",
            "g": "add(y,y)"
          }
        },
        {
          "fitness": 0,
          "expressions": {
            "r": "div(sin(pow(tan(y),tan(x))),x)",
            "b": "div(sin(pow(tan(0.12966204),tan(0.49311924))),0.069074154)",
            "g": "div(sin(pow(tan(0.53859377),tan(x))),0.58716655)"
          }
        },
        {
          "fitness": 0,
          "expressions": {
            "r": "add(mul(x,x),0.538049)",
            "b": "add(mul(x,x),0.3656683)",
            "g": "add(mul(x,0.64259744),0.37591028)"
          }
        },
        {
          "fitness": 0,
          "expressions": {
            "r": "add(y,x)",
            "b": "add(0.4158783,0.26365805)",
            "g": "add(0.80389786,y)"
          }
        },
        {
          "fitness": 0,
          "expressions": {
            "r": "add(y,0.16595793)",
            "b": "add(0.30763865,0.8511238)",
            "g": "add(y,y)"
          }
        },
        {
          "fitness": 0,
          "expressions": {
            "r": "add(0.4347012,x)",
            "b": "add(y,x)",
            "g": "add(y,x)"
          }
        }
      ],
      "timestamp": "18h:41m:27s"
    },
    {
      "generation": 2,
      "ascendantID": "cc1k6use-ohvg-0wjv-3b82-ewp2usmqajve",
      "id": "ewwvkx59-f5tp-g9g4-v2f0-hkzq0fkdwwk6",
      "individuals": [
        {
          "fitness": 0,
          "expressions": {
            "r": "tan(min(0.03853917,min(x,y)))",
            "b": "tan(min(y,min(x,x)))",
            "g": "tan(min(y,min(y,0.91740394)))"
          }
        },
        {
          "fitness": 0,
          "expressions": {
            "r": "add(0.01763153,0.69839597)",
            "b": "add(y,y)",
            "g": "add(y,y)"
          }
        },
        {
          "fitness": 0,
          "expressions": {
            "r": "add(sub(mul(x,min(div(y,x),0.16172338)),cos(sin(max(y,y)))),0.538049)",
            "b": "add(sub(mul(x,min(div(x,0.011783838),0.78692055)),cos(sin(max(y,x)))),0.6395347)",
            "g": "add(sub(mul(x,min(div(y,y),0.5268893)),cos(sin(max(x,y)))),0.37591028)"
          }
        },
        {
          "fitness": 0,
          "expressions": {
            "r": "div(sin(pow(cos(y),tan(x))),x)",
            "b": "div(sin(pow(cos(0.12966204),tan(0.45725107))),0.06626201)",
            "g": "div(sin(pow(cos(0.27265787),tan(x))),0.58716655)"
          }
        },
        {
          "fitness": 0,
          "expressions": {
            "r": "add(0.048837185,min(0.36119223,mul(x,mul(x,sin(0.19278431)))))",
            "b": "add(y,min(y,mul(x,mul(x,sin(0.61801386)))))",
            "g": "add(y,min(y,mul(x,mul(0.25548887,sin(0.103695154)))))"
          }
        },
        {
          "fitness": 0,
          "expressions": {
            "r": "tan(y)",
            "b": "tan(0.8097682)",
            "g": "tan(0.50392556)"
          }
        },
        {
          "fitness": 0,
          "expressions": {
            "r": "add(0.048837185,pow(0.36119223,div(x,mul(y,sin(y)))))",
            "b": "add(y,pow(y,div(x,mul(0.30763865,sin(0.8763182)))))",
            "g": "add(y,pow(y,div(x,mul(y,sin(0.103695154)))))"
          }
        },
        {
          "fitness": 0,
          "expressions": {
            "r": "add(x,tan(x))",
            "b": "add(x,tan(0.26365805))",
            "g": "add(0.016929626,tan(y))"
          }
        },
        {
          "fitness": 0,
          "expressions": {
            "r": "add(0.048837185,min(0.36119223,mul(x,mul(x,sin(y)))))",
            "b": "add(y,min(y,mul(x,mul(x,sin(0.6680143)))))",
            "g": "add(y,min(y,mul(x,mul(0.25548887,sin(0.011343956)))))"
          }
        },
        {
          "fitness": 0,
          "expressions": {
            "r": "add(mul(x,x),0.538049)",
            "b": "add(mul(x,x),0.3656683)",
            "g": "add(mul(x,0.64259744),0.37591028)"
          }
        },
        {
          "fitness": 0,
          "expressions": {
            "r": "tan(max(0.03853917,min(x,y)))",
            "b": "tan(max(y,min(x,x)))",
            "g": "tan(max(y,min(y,0.91740394)))"
          }
        },
        {
          "fitness": 0,
          "expressions": {
            "r": "tan(min(0.03853917,min(0.5552199,y)))",
            "b": "tan(min(y,min(y,x)))",
            "g": "tan(min(y,min(x,0.91740394)))"
          }
        },
        {
          "fitness": 0,
          "expressions": {
            "r": "tan(min(y,min(x,y)))",
            "b": "tan(min(y,min(x,x)))",
            "g": "tan(min(x,min(y,0.91740394)))"
          }
        },
        {
          "fitness": 0,
          "expressions": {
            "r": "div(sin(pow(tan(y),tan(x))),x)",
            "b": "div(sin(pow(tan(0.061462402),tan(0.49311924))),0.069074154)",
            "g": "div(sin(pow(tan(0.53859377),tan(x))),0.58716655)"
          }
        },
        {
          "fitness": 0,
          "expressions": {
            "r": "tan(min(0.03853917,min(x,y)))",
            "b": "tan(min(x,min(x,x)))",
            "g": "tan(min(y,min(y,0.91740394)))"
          }
        },
        {
          "fitness": 0,
          "expressions": {
            "r": "mul(pow(y,y),sub(mul(pow(0.6142018,tan(0.208951)),mul(x,sin(y))),add(min(x,x),0.16351104)))",
            "b": "mul(pow(x,y),sub(mul(pow(0.3208766,tan(0.87117624)),mul(y,sin(0.10221195))),add(min(y,0.36354113),y)))",
            "g": "mul(pow(y,0.38796616),sub(mul(pow(x,tan(y)),mul(x,sin(x))),add(min(0.8518815,x),0.5737238)))"
          }
        },
        {
          "fitness": 0,
          "expressions": {
            "r": "tan(min(0.26065063,0.16595793))",
            "b": "tan(min(y,0.8511238))",
            "g": "tan(min(y,y))"
          }
        },
        {
          "fitness": 0,
          "expressions": {
            "r": "div(sin(pow(cos(y),tan(x))),x)",
            "b": "div(sin(pow(cos(0.12966204),tan(0.49311924))),0.069074154)",
            "g": "div(sin(pow(cos(0.53859377),tan(x))),0.36998892)"
          }
        }
      ],
      "timestamp": "18h:41m:41s"
    }
  ],
  "timestamp": "2024-07-28-18-41-03"
}