{
  "id": "8hidxtjd-8mup-sjsw-nyk8-0vqds0yxmwby",
  "parameters": {
    "crossoverRate": 0.30000001192092896,
    "eliteSize": 2,
    "tournamentSize": 3,
    "mutationRate": 0.8999999761581421,
    "populationSize": 10
  },
  "populations": [
    {
      "generation": 0,
      "id": "ucq6af1g-okhr-vuot-12rq-am1123gi81li",
      "individuals": [
        {
          "fitness": 0,
          "expressions": {
            "r": "mul(0.43481648,0.64418775)",
            "b": "mul(y,y)",
            "g": "mul(y,y)"
          }
        },
        {
          "fitness": 0,
          "expressions": {
            "r": "aud(aud(x,y),var(0.6291411))",
            "b": "aud(aud(y,0.08379042),var(y))",
            "g": "aud(aud(y,0.8817365),var(x))"
          }
        },
        {
          "fitness": 0,
          "expressions": {
            "r": "min(pow(0.5711163,tan(0.42722583)),y)",
            "b": "min(pow(y,tan(y)),0.59881014)",
            "g": "min(pow(0.2947163,tan(y)),y)"
          }
        },
        {
          "fitness": 0,
          "expressions": {
            "r": "mul(0.96701306,pow(auh(x,y),x))",
            "b": "mul(0.4325822,pow(auh(x,x),0.61849505))",
            "g": "mul(x,pow(auh(x,0.4731905),x))"
          }
        },
        {
          "fitness": 0,
          "expressions": {
            "r": "min(0.8466348,cos(0.93760765))",
            "b": "min(y,cos(0.13815898))",
            "g": "min(y,cos(0.6073115))"
          }
        },
        {
          "fitness": 0,
          "expressions": {
            "r": "mul(0.6326941,sub(aud(y,0.44304818),max(0.16991562,0.46716356)))",
            "b": "mul(x,sub(aud(x,x),max(y,x)))",
            "g": "mul(x,sub(aud(0.19362688,0.5853587),max(x,0.43381155)))"
          }
        },
        {
          "fitness": 0,
          "expressions": {
            "r": "add(x,y)",
            "b": "add(0.39088744,x)",
            "g": "add(0.11712885,x)"
          }
        },
        {
          "fitness": 0,
          "expressions": {
            "r": "var(sub(y,var(0.24782825)))",
            "b": "var(sub(x,var(x)))",
            "g": "var(sub(y,var(y)))"
          }
        },
        {
          "fitness": 0,
          "expressions": {
            "r": "add(y,y)",
            "b": "add(0.86198616,0.8952427)",
            "g": "add(y,0.75558794)"
          }
        },
        {
          "fitness": 0,
          "expressions": {
            "r": "add(y,y)",
            "b": "add(0.30866325,x)",
            "g": "add(0.62588775,y)"
          }
        },
        {
          "fitness": 0,
          "expressions": {
            "r": "add(0.30083746,y)",
            "b": "add(0.7712406,y)",
            "g": "add(0.8114385,0.22749192)"
          }
        },
        {
          "fitness": 0,
          "expressions": {
            "r": "add(0.62363845,x)",
            "b": "add(0.5431888,0.5165811)",
            "g": "add(y,y)"
          }
        },
        {
          "fitness": 0,
          "expressions": {
            "r": "div(x,x)",
            "b": "div(0.3161323,0.5465922)",
            "g": "div(y,0.87228477)"
          }
        },
        {
          "fitness": 0,
          "expressions": {
            "r": "var(min(sin(y),0.04803425))",
            "b": "var(min(sin(x),y))",
            "g": "var(min(sin(y),x))"
          }
        },
        {
          "fitness": 0,
          "expressions": {
            "r": "add(x,y)",
            "b": "add(0.23402953,0.42101544)",
            "g": "add(y,0.9377255)"
          }
        },
        {
          "fitness": 0,
          "expressions": {
            "r": "max(div(x,y),add(min(y,0.809429),div(0.99210066,x)))",
            "b": "max(div(x,x),add(min(0.6423615,0.061196566),div(y,y)))",
            "g": "max(div(0.6928654,y),add(min(x,0.83982253),div(y,x)))"
          }
        },
        {
          "fitness": 0,
          "expressions": {
            "r": "mul(aul(y,sub(y,x)),y)",
            "b": "mul(aul(y,sub(0.9412227,y)),0.7973442)",
            "g": "mul(aul(0.6976499,sub(y,x)),0.8157942)"
          }
        },
        {
          "fitness": 0,
          "expressions": {
            "r": "min(y,sin(cos(x)))",
            "b": "min(x,sin(cos(y)))",
            "g": "min(y,sin(cos(0.54806167)))"
          }
        }
      ],
      "timestamp": "0h:1m:37s"
    },
    {
      "generation": 0,
      "ascendantID": "ucq6af1g-okhr-vuot-12rq-am1123gi81li",
      "id": "4u7h02cz-b2hc-0ehh-932f-9uf1ic3l0o6l",
      "individuals": [
        {
          "fitness": 0,
          "expressions": {
            "r": "add(y,x)",
            "b": "add(y,y)",
            "g": "add(y,y)"
          }
        },
        {
          "fitness": 0,
          "expressions": {
            "r": "div(aud(aud(y,x),x),x)",
            "b": "div(aud(aud(x,x),y),0.47071606)",
            "g": "div(aud(aud(x,0.23047167),0.37781435),y)"
          }
        },
        {
          "fitness": 0,
          "expressions": {
            "r": "mul(0.18037105,y)",
            "b": "mul(0.442827,y)",
            "g": "mul(0.792194,0.22550476)"
          }
        },
        {
          "fitness": 0,
          "expressions": {
            "r": "add(0.6323072,y)",
            "b": "add(x,0.87741387)",
            "g": "add(x,y)"
          }
        },
        {
          "fitness": 0,
          "expressions": {
            "r": "pow(x,cos(y))",
            "b": "pow(y,cos(x))",
            "g": "pow(0.31850767,cos(y))"
          }
        },
        {
          "fitness": 0,
          "expressions": {
            "r": "add(x,0.016685843)",
            "b": "add(y,y)",
            "g": "add(y,x)"
          }
        },
        {
          "fitness": 0,
          "expressions": {
            "r": "add(x,y)",
            "b": "add(0.39048547,y)",
            "g": "add(0.13695091,0.054677725)"
          }
        },
        {
          "fitness": 0,
          "expressions": {
            "r": "add(x,x)",
            "b": "add(x,0.027546108)",
            "g": "add(y,y)"
          }
        },
        {
          "fitness": 0,
          "expressions": {
            "r": "add(x,x)",
            "b": "add(x,x)",
            "g": "add(0.30415285,0.5418345)"
          }
        },
        {
          "fitness": 0,
          "expressions": {
            "r": "max(sub(mul(sin(0.29776776),y),0.62512064),cos(y))",
            "b": "max(sub(mul(sin(y),y),x),cos(y))",
            "g": "max(sub(mul(sin(0.8692712),x),y),cos(0.9499376))"
          }
        },
        {
          "fitness": 0,
          "expressions": {
            "r": "add(x,y)",
            "b": "add(x,y)",
            "g": "add(y,0.52222574)"
          }
        },
        {
          "fitness": 0,
          "expressions": {
            "r": "add(0.009158492,x)",
            "b": "add(y,y)",
            "g": "add(0.57889456,x)"
          }
        },
        {
          "fitness": 0,
          "expressions": {
            "r": "add(0.27236223,0.5987)",
            "b": "add(y,0.339011)",
            "g": "add(y,0.47107476)"
          }
        },
        {
          "fitness": 0,
          "expressions": {
            "r": "sub(x,x)",
            "b": "sub(0.16651136,0.017508924)",
            "g": "sub(x,x)"
          }
        },
        {
          "fitness": 0,
          "expressions": {
            "r": "add(div(y,x),min(pow(0.56668264,x),x))",
            "b": "add(div(0.11482644,y),min(pow(0.25798416,x),x))",
            "g": "add(div(0.290141,0.50800896),min(pow(x,0.7265219),x))"
          }
        },
        {
          "fitness": 0,
          "expressions": {
            "r": "add(x,y)",
            "b": "add(x,x)",
            "g": "add(0.22384,x)"
          }
        },
        {
          "fitness": 0,
          "expressions": {
            "r": "add(y,0.63967377)",
            "b": "add(0.18075693,x)",
            "g": "add(x,x)"
          }
        },
        {
          "fitness": 0,
          "expressions": {
            "r": "auh(y,y)",
            "b": "auh(x,y)",
            "g": "auh(0.7416791,0.3433773)"
          }
        }
      ],
      "timestamp": "0h:1m:44s"
    },
    {
      "generation": 1,
      "ascendantID": "4u7h02cz-b2hc-0ehh-932f-9uf1ic3l0o6l",
      "id": "trc5brm1-dm5c-cccr-f8bs-rd08sn62bbko",
      "individuals": [
        {
          "fitness": 0,
          "expressions": {
            "r": "add(y,x)",
            "b": "add(y,y)",
            "g": "add(y,y)"
          }
        },
        {
          "fitness": 0,
          "expressions": {
            "r": "add(x,0.40384465)",
            "b": "add(0.39048547,y)",
            "g": "add(0.13695091,0.75847507)"
          }
        },
        {
          "fitness": 0,
          "expressions": {
            "r": "sub(x,x)",
            "b": "sub(0.16651136,0.017508924)",
            "g": "sub(x,x)"
          }
        },
        {
          "fitness": 0,
          "expressions": {
            "r": "add(min(pow(0.33638656,x),y),y)",
            "b": "add(min(pow(x,x),0.067539275),y)",
            "g": "add(min(pow(0.7938309,0.5941057),0.97050834),0.52222574)"
          }
        },
        {
          "fitness": 0,
          "expressions": {
            "r": "add(x,x)",
            "b": "add(x,0.0)",
            "g": "add(y,y)"
          }
        },
        {
          "fitness": 0,
          "expressions": {
            "r": "max(sub(mul(sin(0.29776776),y),0.62512064),tan(y))",
            "b": "max(sub(mul(sin(y),y),x),tan(y))",
            "g": "max(sub(mul(sin(0.8692712),x),y),tan(0.9499376))"
          }
        },
        {
          "fitness": 0,
          "expressions": {
            "r": "div(aud(aud(y,x),x),x)",
            "b": "div(aud(aud(x,x),y),0.47071606)",
            "g": "div(aud(aud(x,0.23047167),0.37781435),y)"
          }
        },
        {
          "fitness": 0,
          "expressions": {
            "r": "add(x,x)",
            "b": "add(x,x)",
            "g": "add(0.30415285,0.5418345)"
          }
        },
        {
          "fitness": 0,
          "expressions": {
            "r": "pow(x,cos(y))",
            "b": "pow(0.027546108,cos(x))",
            "g": "pow(y,cos(y))"
          }
        },
        {
          "fitness": 0,
          "expressions": {
            "r": "add(cos(y),pow(pow(0.56668264,add(sin(var(y)),x)),x))",
            "b": "add(cos(0.11482644),pow(pow(0.25798416,add(sin(var(0.32078522)),0.08304155)),x))",
            "g": "add(cos(0.290141),pow(pow(x,add(sin(var(y)),x)),0.993942))"
          }
        },
        {
          "fitness": 0,
          "expressions": {
            "r": "add(y,y)",
            "b": "add(x,y)",
            "g": "add(0.10616505,0.054677725)"
          }
        },
        {
          "fitness": 0,
          "expressions": {
            "r": "add(aul(add(var(pow(auh(x,var(x)),tan(x))),div(0.6598719,y)),auh(aud(aul(y,pow(y,0.27340007)),tan(tan(0.42613578))),div(x,0.9239132))),y)",
            "b": "add(aul(add(var(pow(auh(x,var(0.80425733)),tan(x))),div(y,y)),auh(aud(aul(0.78075564,pow(0.35761857,x)),tan(tan(y))),div(y,y))),0.87741387)",
            "g": "add(aul(add(var(pow(auh(x,var(y)),tan(x))),div(0.83569926,y)),auh(aud(aul(y,pow(x,0.09683132)),tan(tan(y))),div(x,y))),y)"
          }
        },
        {
          "fitness": 0,
          "expressions": {
            "r": "add(tan(aul(max(x,0.42638487),var(sin(pow(add(add(x,auh(tan(div(0.44697744,max(x,min(max(max(auh(y,0.9778549),x),var(mul(cos(x),y))),tan(sin(y)))))),add(cos(x),cos(div(var(y),x))))),x),y))))),y)",
            "b": "add(tan(aul(max(x,y),var(sin(pow(add(add(x,auh(tan(div(y,max(y,min(max(max(auh(0.8449005,x),y),var(mul(cos(x),x))),tan(sin(y)))))),add(cos(x),cos(div(var(0.075985014),y))))),x),x))))),x)",
            "g": "add(tan(aul(max(x,y),var(sin(pow(add(add(0.2901923,auh(tan(div(0.31117737,max(y,min(max(max(auh(y,0.8279357),y),var(mul(cos(x),y))),tan(sin(x)))))),add(cos(0.7251427),cos(div(var(0.4481948),x))))),y),0.07681078))))),x)"
          }
        },
        {
          "fitness": 0,
          "expressions": {
            "r": "auh(y,y)",
            "b": "auh(x,y)",
            "g": "auh(0.7416791,0.3433773)"
          }
        },
        {
          "fitness": 0,
          "expressions": {
            "r": "add(0.6323072,y)",
            "b": "add(x,0.87741387)",
            "g": "add(x,y)"
          }
        },
        {
          "fitness": 0,
          "expressions": {
            "r": "mul(tan(aud(y,x)),x)",
            "b": "mul(tan(aud(x,x)),0.47071606)",
            "g": "mul(tan(aud(x,0.23047167)),y)"
          }
        },
        {
          "fitness": 0,
          "expressions": {
            "r": "add(y,0.63967377)",
            "b": "add(0.2600294,x)",
            "g": "add(x,x)"
          }
        },
        {
          "fitness": 0,
          "expressions": {
            "r": "add(x,x)",
            "b": "add(x,0.23079768)",
            "g": "add(y,y)"
          }
        }
      ],
      "timestamp": "0h:1m:46s"
    },
    {
      "generation": 2,
      "ascendantID": "trc5brm1-dm5c-cccr-f8bs-rd08sn62bbko",
      "id": "r44cm5v0-j2ld-l7is-a7ig-yxy2y8cyh144",
      "individuals": [
        {
          "fitness": 0,
          "expressions": {
            "r": "add(y,x)",
            "b": "add(y,y)",
            "g": "add(y,y)"
          }
        },
        {
          "fitness": 0,
          "expressions": {
            "r": "add(x,y)",
            "b": "add(0.0,y)",
            "g": "add(y,0.8655385)"
          }
        },
        {
          "fitness": 0,
          "expressions": {
            "r": "add(y,0.63967377)",
            "b": "add(0.2600294,x)",
            "g": "add(x,x)"
          }
        },
        {
          "fitness": 0,
          "expressions": {
            "r": "auh(y,y)",
            "b": "auh(x,y)",
            "g": "auh(0.7416791,x)"
          }
        },
        {
          "fitness": 0,
          "expressions": {
            "r": "auh(sub(sub(sin(0.29776776),y),x),tan(y))",
            "b": "auh(sub(sub(sin(y),y),0.39048547),tan(y))",
            "g": "auh(sub(sub(sin(0.8692712),x),0.13695091),tan(0.9499376))"
          }
        },
        {
          "fitness": 0,
          "expressions": {
            "r": "add(add(y,y),x)",
            "b": "add(add(x,y),0.6479661)",
            "g": "add(add(0.10616505,0.054677725),0.30867165)"
          }
        },
        {
          "fitness": 0,
          "expressions": {
            "r": "add(x,x)",
            "b": "add(x,x)",
            "g": "add(0.30415285,0.5418345)"
          }
        },
        {
          "fitness": 0,
          "expressions": {
            "r": "add(y,x)",
            "b": "add(x,0.0)",
            "g": "add(0.10616505,y)"
          }
        },
        {
          "fitness": 0,
          "expressions": {
            "r": "add(x,x)",
            "b": "add(0.16651136,0.0)",
            "g": "add(x,x)"
          }
        },
        {
          "fitness": 0,
          "expressions": {
            "r": "mul(tan(y),x)",
            "b": "mul(tan(y),0.47071606)",
            "g": "mul(tan(0.11739868),y)"
          }
        },
        {
          "fitness": 0,
          "expressions": {
            "r": "add(x,max(x,0.42638487))",
            "b": "add(x,max(x,y))",
            "g": "add(0.30415285,max(x,y))"
          }
        },
        {
          "fitness": 0,
          "expressions": {
            "r": "auh(sub(mul(sin(0.29776776),y),0.62512064),tan(y))",
            "b": "auh(sub(mul(sin(y),y),x),tan(y))",
            "g": "auh(sub(mul(sin(0.8692712),y),y),tan(0.9499376))"
          }
        },
        {
          "fitness": 0,
          "expressions": {
            "r": "add(min(min(0.33638656,x),y),y)",
            "b": "add(min(min(x,x),0.067539275),y)",
            "g": "add(min(min(0.7938309,0.5941057),0.97050834),0.52222574)"
          }
        },
        {
          "fitness": 0,
          "expressions": {
            "r": "add(0.6323072,y)",
            "b": "add(x,0.87741387)",
            "g": "add(x,y)"
          }
        },
        {
          "fitness": 0,
          "expressions": {
            "r": "sub(x,x)",
            "b": "sub(y,0.017508924)",
            "g": "sub(y,x)"
          }
        },
        {
          "fitness": 0,
          "expressions": {
            "r": "mul(aud(var(y),x),x)",
            "b": "mul(aud(var(x),y),0.47071606)",
            "g": "mul(aud(var(x),0.37781435),y)"
          }
        },
        {
          "fitness": 0,
          "expressions": {
            "r": "auh(y,y)",
            "b": "auh(x,x)",
            "g": "auh(0.7416791,x)"
          }
        },
        {
          "fitness": 0,
          "expressions": {
            "r": "sub(y,y)",
            "b": "sub(x,y)",
            "g": "sub(0.10616505,0.054677725)"
          }
        }
      ],
      "timestamp": "0h:1m:47s"
    },
    {
      "generation": 3,
      "ascendantID": "r44cm5v0-j2ld-l7is-a7ig-yxy2y8cyh144",
      "id": "o4jpsoyw-8o88-f01l-1oku-bj0pq0meoex8",
      "individuals": [
        {
          "fitness": 0,
          "expressions": {
            "r": "add(y,x)",
            "b": "add(y,y)",
            "g": "add(y,y)"
          }
        },
        {
          "fitness": 0,
          "expressions": {
            "r": "add(y,x)",
            "b": "add(y,y)",
            "g": "add(y,y)"
          }
        },
        {
          "fitness": 0,
          "expressions": {
            "r": "mul(aud(var(y),x),y)",
            "b": "mul(aud(var(x),y),x)",
            "g": "mul(aud(var(x),0.37781435),x)"
          }
        },
        {
          "fitness": 0,
          "expressions": {
            "r": "add(x,max(x,0.42638487))",
            "b": "add(x,max(x,y))",
            "g": "add(0.30415285,max(x,y))"
          }
        },
        {
          "fitness": 0,
          "expressions": {
            "r": "auh(mul(add(div(0.29776776,y),0.6828527),x),cos(y))",
            "b": "auh(mul(add(div(y,0.056145787),y),0.39048547),cos(y))",
            "g": "auh(mul(add(div(0.8692712,0.17131072),x),0.13695091),cos(0.9499376))"
          }
        },
        {
          "fitness": 0,
          "expressions": {
            "r": "add(add(y,aul(y,auh(auh(pow(0.12154788,pow(aud(0.59919584,tan(mul(auh(min(x,y),aud(max(y,y),cos(tan(tan(cos(sub(max(max(x,cos(y)),div(0.5231336,0.26909423)),add(min(mul(aud(x,tan(0.0)),x),aud(0.2145837,tan(aul(0.0,0.0)))),aul(var(div(x,max(y,0.0))),sin(min(y,cos(0.0)))))))))))),mul(x,0.0059192777)))),auh(x,var(var(pow(add(y,0.7819902),aud(x,aul(sub(y,y),cos(tan(x)))))))))),add(sin(tan(x)),y)),0.91622293))),x)",
            "b": "add(add(y,aul(x,auh(auh(pow(x,pow(aud(0.091454744,tan(mul(auh(min(y,0.654177),aud(max(x,0.36057168),cos(tan(tan(cos(sub(max(max(0.71569955,cos(0.64013815)),div(x,x)),add(min(mul(aud(y,tan(0.0)),0.36317915),aud(x,tan(aul(0.0,0.0)))),aul(var(div(0.40668654,max(x,0.0))),sin(min(x,cos(0.0)))))))))))),mul(0.6623706,y)))),auh(y,var(var(pow(add(0.36248606,x),aud(x,aul(sub(y,0.23770112),cos(tan(0.9752911)))))))))),add(sin(tan(0.5750563)),0.18801963)),x))),y)",
            "g": "add(add(y,aul(y,auh(auh(pow(x,pow(aud(x,tan(mul(auh(min(y,0.09097803),aud(max(y,x),cos(tan(tan(cos(sub(max(max(0.53184897,cos(0.90486467)),div(x,x)),add(min(mul(aud(0.92676526,tan(0.0)),y),aud(x,tan(aul(0.0,0.0)))),aul(var(div(0.37633985,max(x,0.0))),sin(min(x,cos(0.0)))))))))))),mul(x,x)))),auh(0.34900582,var(var(pow(add(0.09591168,0.4767925),aud(y,aul(sub(y,x),cos(tan(0.46849787)))))))))),add(sin(tan(y)),x)),0.83862627))),y)"
          }
        },
        {
          "fitness": 0,
          "expressions": {
            "r": "add(x,y)",
            "b": "add(x,y)",
            "g": "add(y,0.054677725)"
          }
        },
        {
          "fitness": 0,
          "expressions": {
            "r": "sub(y,y)",
            "b": "sub(x,y)",
            "g": "sub(0.30029058,0.054677725)"
          }
        },
        {
          "fitness": 0,
          "expressions": {
            "r": "max(y,y)",
            "b": "max(x,y)",
            "g": "max(0.91736895,x)"
          }
        },
        {
          "fitness": 0,
          "expressions": {
            "r": "mul(aud(var(y),x),x)",
            "b": "mul(aud(var(y),y),0.6058252)",
            "g": "mul(aud(var(x),0.37781435),y)"
          }
        },
        {
          "fitness": 0,
          "expressions": {
            "r": "mul(tan(y),x)",
            "b": "mul(tan(y),0.47071606)",
            "g": "mul(tan(0.11739868),y)"
          }
        },
        {
          "fitness": 0,
          "expressions": {
            "r": "auh(y,y)",
            "b": "auh(x,x)",
            "g": "auh(0.7416791,x)"
          }
        },
        {
          "fitness": 0,
          "expressions": {
            "r": "add(y,x)",
            "b": "add(x,0.0)",
            "g": "add(0.10616505,y)"
          }
        },
        {
          "fitness": 0,
          "expressions": {
            "r": "max(sub(add(div(0.16096608,x),0.0608595),x),tan(y))",
            "b": "max(sub(add(div(y,0.6464392),0.9074707),0.39048547),tan(y))",
            "g": "max(sub(add(div(0.6481247,y),0.85523075),0.13695091),tan(0.9499376))"
          }
        },
        {
          "fitness": 0,
          "expressions": {
            "r": "add(0.33491904,y)",
            "b": "add(x,y)",
            "g": "add(y,0.8655385)"
          }
        },
        {
          "fitness": 0,
          "expressions": {
            "r": "add(pow(var(mul(0.070216835,sub(min(sin(auh(min(0.8544858,y),x)),pow(pow(sub(0.57930154,y),tan(max(y,mul(pow(y,0.044878006),0.21525908)))),tan(cos(div(pow(var(0.23762262),aul(x,cos(min(y,max(sin(tan(y)),y))))),div(sub(add(div(auh(y,x),y),mul(y,x)),pow(max(x,0.35825014),0.58556986)),x)))))),y))),min(0.24876952,aul(tan(sub(cos(y),var(tan(cos(0.056197464))))),y))),y)",
            "b": "add(pow(var(mul(y,sub(min(sin(auh(min(0.2704432,x),y)),pow(pow(sub(x,y),tan(max(0.64340043,mul(pow(0.15167677,y),y)))),tan(cos(div(pow(var(x),aul(x,cos(min(y,max(sin(tan(0.2682513)),0.20206904))))),div(sub(add(div(auh(y,y),y),mul(x,y)),pow(max(y,y),y)),x)))))),0.09398264))),min(0.48830009,aul(tan(sub(cos(x),var(tan(cos(y))))),0.82157135))),y)",
            "g": "add(pow(var(mul(0.28889322,sub(min(sin(auh(min(x,x),y)),pow(pow(sub(0.45984632,y),tan(max(x,mul(pow(x,0.3021605),0.2175706)))),tan(cos(div(pow(var(y),aul(y,cos(min(x,max(sin(tan(x)),0.02894622))))),div(sub(add(div(auh(x,y),x),mul(y,y)),pow(max(y,y),x)),x)))))),0.75188845))),min(y,aul(tan(sub(cos(y),var(tan(cos(x))))),0.8363133))),0.8655385)"
          }
        },
        {
          "fitness": 0,
          "expressions": {
            "r": "add(y,y)",
            "b": "add(x,0.87741387)",
            "g": "add(0.10616505,y)"
          }
        },
        {
          "fitness": 0,
          "expressions": {
            "r": "sub(x,y)",
            "b": "sub(y,y)",
            "g": "sub(y,y)"
          }
        }
      ],
      "timestamp": "0h:1m:47s"
    },
    {
      "generation": 4,
      "ascendantID": "o4jpsoyw-8o88-f01l-1oku-bj0pq0meoex8",
      "id": "mwtcr6pn-otk9-sbrk-y5n1-901ycdnkjhck",
      "individuals": [
        {
          "fitness": 0,
          "expressions": {
            "r": "add(y,x)",
            "b": "add(y,y)",
            "g": "add(y,y)"
          }
        },
        {
          "fitness": 0,
          "expressions": {
            "r": "add(x,x)",
            "b": "add(x,y)",
            "g": "add(0.30415285,x)"
          }
        },
        {
          "fitness": 0,
          "expressions": {
            "r": "add(y,y)",
            "b": "add(y,x)",
            "g": "add(y,y)"
          }
        },
        {
          "fitness": 0,
          "expressions": {
            "r": "add(y,auh(sub(aul(div(aul(sub(y,0.4133842),0.12535161),add(pow(y,y),y)),div(y,sub(min(tan(x),auh(sub(auh(aul(mul(y,pow(sub(pow(x,aud(0.9215829,y)),div(0.7067567,x)),pow(y,x))),mul(min(sub(y,aud(tan(auh(sin(tan(sin(y))),tan(y))),0.4452442)),x),sin(0.5850826))),aul(aud(max(y,pow(0.61607426,x)),pow(min(add(0.54151404,x),0.38239127),pow(aul(aul(min(pow(0.52700686,div(y,pow(aud(sin(0.40066355),div(y,x)),0.5099838))),y),max(tan(cos(sin(cos(0.5214808)))),cos(cos(x)))),y),0.3011493))),x)),x),min(y,x))),x))),div(y,y)),y))",
            "b": "add(y,auh(sub(aul(div(aul(sub(x,y),x),add(pow(y,0.769436),x)),div(y,sub(min(tan(0.475713),auh(sub(auh(aul(mul(y,pow(sub(pow(x,aud(x,x)),div(y,x)),pow(x,x))),mul(min(sub(y,aud(tan(auh(sin(tan(sin(x))),tan(x))),x)),x),sin(x))),aul(aud(max(y,pow(x,0.32494032)),pow(min(add(y,x),x),pow(aul(aul(min(pow(y,div(x,pow(aud(sin(y),div(x,y)),x))),0.85980356),max(tan(cos(sin(cos(0.36808062)))),cos(cos(y)))),y),0.3553478))),y)),y),min(0.38050604,x))),y))),div(0.49137676,y)),x))",
            "g": "add(y,auh(sub(aul(div(aul(sub(y,0.22703362),x),add(pow(x,y),y)),div(y,sub(min(tan(0.065380454),auh(sub(auh(aul(mul(x,pow(sub(pow(0.3001535,aud(0.8735125,x)),div(y,y)),pow(x,y))),mul(min(sub(x,aud(tan(auh(sin(tan(sin(y))),tan(0.016975164))),0.64332676)),0.74138635),sin(0.15523016))),aul(aud(max(x,pow(y,x)),pow(min(add(0.09421724,y),y),pow(aul(aul(min(pow(y,div(y,pow(aud(sin(y),div(0.82240874,y)),x))),0.0053186417),max(tan(cos(sin(cos(y)))),cos(cos(y)))),y),0.18890852))),x)),y),min(x,0.5079199))),0.31125605))),div(y,y)),y))"
          }
        },
        {
          "fitness": 0,
          "expressions": {
            "r": "add(y,div(x,pow(auh(x,y),x)))",
            "b": "add(x,div(0.6534362,pow(auh(y,x),0.45275116)))",
            "g": "add(0.10616505,div(0.43822986,pow(auh(0.4401396,y),0.9324696)))"
          }
        },
        {
          "fitness": 0,
          "expressions": {
            "r": "add(pow(tan(mul(0.070216835,sub(x,y))),max(0.11972898,auh(tan(mul(cos(y),var(tan(cos(0.056197464))))),y))),y)",
            "b": "add(pow(tan(mul(y,sub(x,0.09398264))),max(0.48830009,auh(tan(mul(cos(x),var(tan(cos(y))))),0.729096))),y)",
            "g": "add(pow(tan(mul(0.28889322,sub(x,0.75188845))),max(y,auh(tan(mul(cos(y),var(tan(cos(x))))),0.8363133))),0.8655385)"
          }
        },
        {
          "fitness": 0,
          "expressions": {
            "r": "add(y,x)",
            "b": "add(y,y)",
            "g": "add(y,y)"
          }
        },
        {
          "fitness": 0,
          "expressions": {
            "r": "sub(tan(y),x)",
            "b": "sub(tan(y),0.47071606)",
            "g": "sub(tan(0.11739868),y)"
          }
        },
        {
          "fitness": 0,
          "expressions": {
            "r": "add(0.33491904,y)",
            "b": "add(x,y)",
            "g": "add(y,0.8655385)"
          }
        },
        {
          "fitness": 0,
          "expressions": {
            "r": "mul(mul(aud(sub(0.31046623,min(0.25245523,pow(tan(0.7120194),sin(x)))),0.3596161),cos(0.4241658)),x)",
            "b": "mul(mul(aud(sub(x,min(y,pow(tan(y),sin(x)))),x),cos(x)),0.47071606)",
            "g": "mul(mul(aud(sub(x,min(y,pow(tan(y),sin(x)))),0.03787726),cos(y)),y)"
          }
        },
        {
          "fitness": 0,
          "expressions": {
            "r": "add(y,y)",
            "b": "add(x,0.87741387)",
            "g": "add(0.10616505,y)"
          }
        },
        {
          "fitness": 0,
          "expressions": {
            "r": "add(auh(mul(add(mul(0.29776776,y),0.6828527),x),cos(y)),x)",
            "b": "add(auh(mul(add(mul(y,0.056145787),y),0.39048547),cos(y)),0.0)",
            "g": "add(auh(mul(add(mul(0.8692712,0.17131072),x),0.13695091),cos(0.9499376)),y)"
          }
        },
        {
          "fitness": 0,
          "expressions": {
            "r": "mul(x,x)",
            "b": "mul(x,0.6058252)",
            "g": "mul(y,y)"
          }
        },
        {
          "fitness": 0,
          "expressions": {
            "r": "add(y,y)",
            "b": "add(x,0.87741387)",
            "g": "add(0.10616505,y)"
          }
        },
        {
          "fitness": 0,
          "expressions": {
            "r": "add(y,y)",
            "b": "add(x,y)",
            "g": "add(0.30029058,0.054677725)"
          }
        },
        {
          "fitness": 0,
          "expressions": {
            "r": "mul(aud(var(y),x),y)",
            "b": "mul(aud(var(x),y),y)",
            "g": "mul(aud(var(x),0.37781435),x)"
          }
        },
        {
          "fitness": 0,
          "expressions": {
            "r": "max(sub(add(y,x),x),var(y))",
            "b": "max(sub(add(y,y),0.39048547),var(y))",
            "g": "max(sub(add(y,y),0.22586134),var(0.9499376))"
          }
        },
        {
          "fitness": 0,
          "expressions": {
            "r": "auh(aul(aud(max(y,0.46898335),x),y),y)",
            "b": "auh(aul(aud(max(0.66472507,x),y),x),x)",
            "g": "auh(aul(aud(max(y,0.6289353),y),y),x)"
          }
        }
      ],
      "timestamp": "0h:1m:48s"
    },
    {
      "generation": 5,
      "ascendantID": "mwtcr6pn-otk9-sbrk-y5n1-901ycdnkjhck",
      "id": "2ns3qmcn-vhre-lu71-3vad-3rhctwy0i2i1",
      "individuals": [
        {
          "fitness": 0,
          "expressions": {
            "r": "add(y,x)",
            "b": "add(y,y)",
            "g": "add(y,y)"
          }
        },
        {
          "fitness": 0,
          "expressions": {
            "r": "add(y,x)",
            "b": "add(y,y)",
            "g": "add(y,y)"
          }
        },
        {
          "fitness": 0,
          "expressions": {
            "r": "mul(aud(var(y),x),y)",
            "b": "mul(aud(var(x),y),y)",
            "g": "mul(aud(var(x),0.37781435),x)"
          }
        },
        {
          "fitness": 0,
          "expressions": {
            "r": "add(y,y)",
            "b": "add(x,0.87741387)",
            "g": "add(0.10616505,y)"
          }
        },
        {
          "fitness": 0,
          "expressions": {
            "r": "sub(tan(y),x)",
            "b": "sub(tan(y),0.47071606)",
            "g": "sub(tan(0.11739868),y)"
          }
        },
        {
          "fitness": 0,
          "expressions": {
            "r": "add(x,y)",
            "b": "add(y,0.87741387)",
            "g": "add(x,y)"
          }
        },
        {
          "fitness": 0,
          "expressions": {
            "r": "add(y,auh(add(aud(sin(auh(sub(y,0.4133842),0.12535161)),div(y,sub(min(tan(x),auh(sub(auh(aul(mul(y,pow(sub(pow(x,aud(x,y)),sin(0.7067567)),pow(y,x))),mul(pow(sub(y,aud(tan(auh(cos(tan(sin(y))),tan(y))),0.4452442)),x),sin(0.5850826))),aud(aul(max(y,pow(0.61607426,x)),pow(min(add(0.54151404,x),0.38239127),pow(auh(aul(pow(pow(0.52700686,sin(y)),y),max(tan(cos(sin(cos(0.73222077)))),cos(cos(x)))),y),0.3011493))),x)),x),max(y,x))),x))),sin(x)),y))",
            "b": "add(y,auh(add(aud(sin(auh(sub(x,y),x)),div(y,sub(min(tan(0.475713),auh(sub(auh(aul(mul(y,pow(sub(pow(x,aud(x,x)),sin(y)),pow(x,x))),mul(pow(sub(y,aud(tan(auh(cos(tan(sin(x))),tan(x))),x)),x),sin(x))),aud(aul(max(y,pow(x,0.32494032)),pow(min(add(y,x),x),pow(auh(aul(pow(pow(y,sin(x)),0.85980356),max(tan(cos(sin(cos(0.47626984)))),cos(cos(y)))),x),0.3553478))),y)),y),max(0.38050604,x))),y))),sin(0.47720975)),x))",
            "g": "add(y,auh(add(aud(sin(auh(sub(y,0.22703362),x)),div(y,sub(min(tan(0.065380454),auh(sub(auh(aul(mul(x,pow(sub(pow(0.5675949,aud(0.6111202,x)),sin(y)),pow(x,y))),mul(pow(sub(0.7770437,aud(tan(auh(cos(tan(sin(y))),tan(0.016975164))),0.64332676)),0.82177037),sin(0.15523016))),aud(aul(max(x,pow(y,x)),pow(min(add(0.09421724,y),y),pow(auh(aul(pow(pow(y,sin(y)),0.0053186417),max(tan(cos(sin(cos(y)))),cos(cos(y)))),y),0.18890852))),x)),y),max(x,0.5079199))),0.31125605))),sin(y)),y))"
          }
        },
        {
          "fitness": 0,
          "expressions": {
            "r": "sub(mul(aud(0.92812103,0.3596161),sin(0.4241658)),x)",
            "b": "sub(mul(aud(x,x),sin(x)),0.47071606)",
            "g": "sub(mul(aud(x,0.03787726),sin(y)),y)"
          }
        },
        {
          "fitness": 0,
          "expressions": {
            "r": "sub(y,y)",
            "b": "sub(y,y)",
            "g": "sub(0.78613365,0.054677725)"
          }
        },
        {
          "fitness": 0,
          "expressions": {
            "r": "sub(tan(y),x)",
            "b": "sub(tan(y),0.47071606)",
            "g": "sub(tan(0.11739868),y)"
          }
        },
        {
          "fitness": 0,
          "expressions": {
            "r": "add(y,aud(sub(aul(div(aul(add(y,0.4133842),0.12051612),add(pow(y,y),y)),sin(y)),mul(y,y)),y))",
            "b": "add(y,aud(sub(aul(div(aul(add(x,y),x),add(pow(y,0.769436),x)),sin(y)),mul(0.58933425,y)),x))",
            "g": "add(y,aud(sub(aul(div(aul(add(y,0.22703362),x),add(pow(x,y),y)),sin(y)),mul(y,y)),y))"
          }
        },
        {
          "fitness": 0,
          "expressions": {
            "r": "add(y,mul(auh(aul(x,aud(div(auh(tan(var(div(min(x,aud(mul(x,mul(y,aud(aud(tan(div(tan(x),y)),min(y,y)),y))),mul(cos(pow(pow(y,var(y)),auh(var(0.97940576),sin(add(x,y))))),tan(sub(x,cos(min(sub(x,mul(var(tan(sub(x,y))),var(max(x,aul(x,x))))),0.2560122))))))),0.40804714))),min(pow(x,x),cos(x))),0.77107376),aud(x,y))),mul(0.023471117,0.2509305)),0.38615727))",
            "b": "add(x,mul(auh(aul(x,aud(div(auh(tan(var(div(min(y,aud(mul(0.21125811,mul(x,aud(aud(tan(div(tan(0.5950477),x)),min(x,0.035038948)),0.21210784))),mul(cos(pow(pow(x,var(y)),auh(var(y),sin(add(0.7179676,0.20239931))))),tan(sub(0.29300916,cos(min(sub(x,mul(var(tan(sub(0.8176319,0.30846065))),var(max(0.8178089,aul(0.7786104,y))))),y))))))),x))),min(pow(0.23936534,y),cos(y))),x),aud(0.31967032,y))),mul(x,x)),y))",
            "g": "add(0.30029058,mul(auh(aul(x,aud(div(auh(tan(var(div(min(x,aud(mul(y,mul(0.53503096,aud(aud(tan(div(tan(0.07724154),0.6294172)),min(y,0.15669554)),y))),mul(cos(pow(pow(0.30588537,var(0.7393019)),auh(var(y),sin(add(y,y))))),tan(sub(y,cos(min(sub(0.15712345,mul(var(tan(sub(y,y))),var(max(0.36377227,aul(x,0.74460804))))),y))))))),x))),min(pow(y,x),cos(0.582029))),0.9360207),aud(0.48159492,y))),mul(y,0.4527644)),0.96443045))"
          }
        },
        {
          "fitness": 0,
          "expressions": {
            "r": "mul(div(var(mul(0.5611169,min(0.25245523,pow(tan(0.7120194),sin(x))))),cos(0.4241658)),x)",
            "b": "mul(div(var(mul(x,min(y,pow(tan(y),sin(y))))),cos(x)),0.3503404)",
            "g": "mul(div(var(mul(0.98474586,min(y,pow(tan(y),sin(x))))),cos(y)),y)"
          }
        },
        {
          "fitness": 0,
          "expressions": {
            "r": "add(y,aul(sub(var(sin(auh(sub(y,0.4133842),0.110440314))),div(sin(max(y,x)),y)),y))",
            "b": "add(y,aul(sub(var(sin(auh(sub(x,y),x))),div(sin(max(x,y)),y)),x))",
            "g": "add(y,aul(sub(var(sin(auh(sub(y,0.22703362),x))),div(sin(max(y,0.23085612)),y)),y))"
          }
        },
        {
          "fitness": 0,
          "expressions": {
            "r": "add(y,y)",
            "b": "add(x,y)",
            "g": "add(0.30029058,0.054677725)"
          }
        },
        {
          "fitness": 0,
          "expressions": {
            "r": "add(y,y)",
            "b": "add(x,0.87741387)",
            "g": "add(0.10616505,y)"
          }
        },
        {
          "fitness": 0,
          "expressions": {
            "r": "sub(tan(y),0.4241658)",
            "b": "sub(tan(y),x)",
            "g": "sub(tan(0.11739868),y)"
          }
        },
        {
          "fitness": 0,
          "expressions": {
            "r": "add(y,y)",
            "b": "add(x,0.87741387)",
            "g": "add(0.10616505,y)"
          }
        }
      ],
      "timestamp": "0h:1m:48s"
    },
    {
      "generation": 6,
      "ascendantID": "2ns3qmcn-vhre-lu71-3vad-3rhctwy0i2i1",
      "id": "g77ksjho-y05n-hewi-mvmd-gifl4z3heprs",
      "individuals": [
        {
          "fitness": 0,
          "expressions": {
            "r": "add(y,x)",
            "b": "add(y,y)",
            "g": "add(y,y)"
          }
        },
        {
          "fitness": 0,
          "expressions": {
            "r": "add(auh(var(y),var(y)),y)",
            "b": "add(auh(var(0.0747444),var(x)),0.87741387)",
            "g": "add(auh(var(0.25700516),var(y)),y)"
          }
        },
        {
          "fitness": 0,
          "expressions": {
            "r": "add(y,sub(aul(aul(x,aud(div(auh(tan(var(div(max(x,aud(mul(x,mul(y,aud(aud(tan(sin(cos(x))),min(y,y)),y))),x)),0.40804714))),min(pow(x,x),cos(x))),0.77107376),aud(x,y))),mul(0.023471117,0.2509305)),0.38615727))",
            "b": "add(x,sub(aul(aul(x,aud(div(auh(tan(var(div(max(y,aud(mul(0.34881178,mul(x,aud(aud(tan(sin(cos(0.5950477))),min(x,0.035038948)),0.21210784))),0.6483466)),x))),min(pow(0.23936534,y),cos(y))),x),aud(0.2772557,y))),mul(x,x)),y))",
            "g": "add(0.30029058,sub(aul(aul(x,aud(div(auh(tan(var(div(max(x,aud(mul(y,mul(0.53503096,aud(aud(tan(sin(cos(0.07724154))),min(y,0.15669554)),y))),0.9211326)),x))),min(pow(y,x),cos(0.582029))),0.9360207),aud(0.48159492,y))),mul(y,0.4527644)),0.7846142))"
          }
        },
        {
          "fitness": 0,
          "expressions": {
            "r": "sub(tan(y),0.4241658)",
            "b": "sub(tan(y),x)",
            "g": "sub(tan(0.11739868),y)"
          }
        },
        {
          "fitness": 0,
          "expressions": {
            "r": "add(y,aud(sub(aud(div(auh(sub(y,0.4133842),0.12535161),y),div(y,sub(min(var(x),auh(sub(auh(auh(mul(y,pow(add(pow(x,aul(x,y)),sin(0.7067567)),max(y,x))),mul(pow(sub(y,aud(aud(auh(cos(tan(cos(y))),var(y)),y),0.4452442)),x),sin(0.5850826))),aud(aul(max(y,pow(0.61607426,x)),pow(pow(add(0.54151404,x),0.38239127),pow(auh(aul(pow(pow(0.52700686,sin(y)),y),auh(cos(cos(sin(sin(0.73222077)))),cos(cos(0.8333553)))),y),0.3011493))),x)),x),max(y,x))),x))),sin(x)),y))",
            "b": "add(y,aud(sub(aud(div(auh(sub(x,y),x),y),div(y,sub(min(var(0.475713),auh(sub(auh(auh(mul(y,pow(add(pow(x,aul(x,x)),sin(y)),max(x,x))),mul(pow(sub(y,aud(aud(auh(cos(tan(cos(x))),var(x)),x),x)),x),sin(x))),aud(aul(max(y,pow(x,0.32494032)),pow(pow(add(y,x),x),pow(auh(aul(pow(pow(y,sin(x)),0.97168887),auh(cos(cos(sin(sin(0.47626984)))),cos(cos(y)))),x),0.3553478))),y)),y),max(0.38050604,x))),y))),sin(0.47720975)),x))",
            "g": "add(y,aud(sub(aud(div(auh(sub(y,0.22703362),x),0.2771607),div(y,sub(min(var(0.065380454),auh(sub(auh(auh(mul(x,pow(add(pow(0.5675949,aul(0.45688927,x)),sin(y)),max(x,y))),mul(pow(sub(0.56859434,aud(aud(auh(cos(tan(cos(y))),var(0.016975164)),x),0.64332676)),0.82177037),sin(0.15523016))),aud(aul(max(x,pow(y,x)),pow(pow(add(0.09421724,y),y),pow(auh(aul(pow(pow(y,sin(y)),0.0),auh(cos(cos(sin(sin(y)))),cos(cos(y)))),y),0.18890852))),x)),y),max(x,0.5079199))),0.51984537))),sin(y)),y))"
          }
        },
        {
          "fitness": 0,
          "expressions": {
            "r": "sub(mul(aud(0.92812103,0.3596161),sin(0.4241658)),x)",
            "b": "sub(mul(aud(x,x),sin(x)),y)",
            "g": "sub(mul(aud(x,0.03787726),sin(y)),y)"
          }
        },
        {
          "fitness": 0,
          "expressions": {
            "r": "sub(tan(y),x)",
            "b": "sub(tan(x),0.47071606)",
            "g": "sub(tan(y),y)"
          }
        },
        {
          "fitness": 0,
          "expressions": {
            "r": "sub(cos(y),x)",
            "b": "sub(cos(y),0.47071606)",
            "g": "sub(cos(0.11739868),y)"
          }
        },
        {
          "fitness": 0,
          "expressions": {
            "r": "add(y,aul(sub(var(sin(auh(sub(y,0.4133842),0.110440314))),div(cos(min(y,x)),y)),y))",
            "b": "add(y,aul(sub(var(sin(auh(sub(x,y),x))),div(cos(min(x,y)),y)),x))",
            "g": "add(y,aul(sub(var(sin(auh(sub(x,0.22703362),x))),div(cos(min(y,0.23085612)),y)),y))"
          }
        },
        {
          "fitness": 0,
          "expressions": {
            "r": "add(y,mul(auh(aul(x,aul(sin(auh(tan(var(div(min(x,aud(aud(sub(x,pow(mul(min(div(0.7391948,0.70450115),auh(y,sub(min(mul(y,0.5567309),pow(0.90960467,y)),var(0.3753782)))),pow(var(y),var(aud(y,sin(0.5963731))))),var(x))),x),mul(div(pow(pow(y,tan(y)),auh(aud(0.97940576,y),sin(add(x,y)))),0.60428864),tan(sub(x,cos(min(sub(x,sub(var(tan(sub(x,y))),var(max(x,aul(x,x))))),0.2560122))))))),0.40804714))),min(pow(x,x),cos(x)))),aud(x,y))),mul(0.023471117,0.2509305)),0.38615727))",
            "b": "add(x,mul(auh(aul(x,aul(sin(auh(tan(var(div(min(y,aud(aud(sub(y,pow(mul(min(div(0.30364984,y),auh(x,sub(min(mul(x,y),pow(x,x)),var(0.1924029)))),pow(var(x),var(aud(y,sin(y))))),var(x))),0.15356022),mul(div(pow(pow(x,tan(y)),auh(aud(y,0.21351993),sin(add(0.7179676,0.20239931)))),x),tan(sub(0.29300916,cos(min(sub(x,sub(var(tan(sub(0.8176319,0.60735595))),var(max(0.85153615,aul(0.7786104,y))))),y))))))),x))),min(pow(0.23936534,y),cos(y)))),aud(0.31967032,y))),mul(x,x)),y))",
            "g": "add(0.30029058,mul(auh(aul(x,aul(sin(auh(tan(var(div(min(x,aud(aud(sub(y,pow(mul(min(div(x,x),auh(x,sub(min(mul(0.24889469,0.46904683),pow(x,y)),var(0.39411503)))),pow(var(x),var(aud(y,sin(0.64676625))))),var(x))),x),mul(div(pow(pow(0.30588537,tan(0.7393019)),auh(aud(y,0.3125233),sin(add(y,y)))),0.75716543),tan(sub(y,cos(min(sub(0.15712345,sub(var(tan(sub(y,y))),var(max(0.6357155,aul(x,0.74460804))))),y))))))),x))),min(pow(y,x),cos(0.582029)))),aud(0.6658852,y))),mul(y,0.4527644)),0.80998796))"
          }
        },
        {
          "fitness": 0,
          "expressions": {
            "r": "add(y,aud(x,add(aul(0.0931533,0.7637084),max(x,x))))",
            "b": "add(y,aud(y,add(aul(0.21688396,x),max(x,0.06780249))))",
            "g": "add(y,aud(x,add(aul(x,y),max(x,0.81992966))))"
          }
        },
        {
          "fitness": 0,
          "expressions": {
            "r": "add(y,y)",
            "b": "add(x,0.87741387)",
            "g": "add(0.049530566,y)"
          }
        },
        {
          "fitness": 0,
          "expressions": {
            "r": "add(y,aul(sub(var(sin(auh(mul(y,0.4133842),0.110440314))),sin(cos(max(y,x)))),y))",
            "b": "add(y,aul(sub(var(sin(auh(mul(x,y),x))),sin(cos(max(x,y)))),x))",
            "g": "add(y,aul(sub(var(sin(auh(mul(y,0.22703362),x))),sin(cos(max(y,0.23085612)))),y))"
          }
        },
        {
          "fitness": 0,
          "expressions": {
            "r": "add(y,sub(y,y))",
            "b": "add(y,sub(y,y))",
            "g": "add(y,sub(0.78613365,0.12214393))"
          }
        },
        {
          "fitness": 0,
          "expressions": {
            "r": "sub(tan(var(0.16904247)),x)",
            "b": "sub(tan(var(x)),0.47071606)",
            "g": "sub(tan(var(0.541619)),y)"
          }
        },
        {
          "fitness": 0,
          "expressions": {
            "r": "sub(x,0.67927015)",
            "b": "sub(0.6046981,x)",
            "g": "sub(0.94707584,y)"
          }
        },
        {
          "fitness": 0,
          "expressions": {
            "r": "add(y,x)",
            "b": "add(y,y)",
            "g": "add(y,y)"
          }
        },
        {
          "fitness": 0,
          "expressions": {
            "r": "add(y,y)",
            "b": "add(x,0.87741387)",
            "g": "add(0.10616505,y)"
          }
        }
      ],
      "timestamp": "0h:1m:49s"
    },
    {
      "generation": 7,
      "ascendantID": "g77ksjho-y05n-hewi-mvmd-gifl4z3heprs",
      "id": "nn8j25th-onhn-e9g7-yecd-ghci2adbxnla",
      "individuals": [
        {
          "fitness": 0,
          "expressions": {
            "r": "add(y,x)",
            "b": "add(y,y)",
            "g": "add(y,y)"
          }
        },
        {
          "fitness": 0,
          "expressions": {
            "r": "add(tan(y),y)",
            "b": "add(tan(x),0.87741387)",
            "g": "add(tan(y),y)"
          }
        },
        {
          "fitness": 0,
          "expressions": {
            "r": "add(y,aud(sub(aud(sin(pow(pow(aud(add(pow(div(add(max(pow(cos(min(min(div(add(0.92667496,x),y),x),div(x,0.97156334))),aul(0.07010418,min(y,0.0513584))),y),max(var(y),x)),sub(x,var(div(cos(min(sub(x,mul(0.18776965,y)),x)),auh(y,y))))),0.7713366),y),sin(0.0032322407)),div(sub(min(aul(x,tan(0.57080036)),aud(tan(aul(x,aud(x,mul(mul(sub(sin(cos(y)),pow(x,sub(x,0.74757457))),y),0.87699974)))),auh(min(0.1010828,pow(pow(sub(x,aud(y,y)),0.1286577),div(pow(auh(var(auh(0.660575,y)),sub(div(pow(x,add(max(0.0,0.44069266),0.8294819)),0.6371834),sub(div(min(x,auh(y,0.0)),cos(x)),x))),0.8145969),x))),pow(0.30798984,0.45027405)))),y),y)),x)),y),sin(cos(max(y,x)))),y))",
            "b": "add(y,aud(sub(aud(sin(pow(pow(aud(add(pow(div(add(max(pow(cos(min(min(div(add(0.4979689,y),0.45410442),0.18450755),div(y,0.26200515))),aul(y,min(x,x))),x),max(var(y),0.9213095)),sub(y,var(div(cos(min(sub(x,mul(y,0.13578522)),0.46269733)),auh(0.28736043,x))))),0.07430202),y),sin(x)),div(sub(min(aul(0.97488785,tan(0.2620418)),aud(tan(aul(0.26754785,aud(x,mul(mul(sub(sin(cos(y)),pow(y,sub(x,y))),x),y)))),auh(min(0.8510912,pow(pow(sub(x,aud(y,0.91838443)),0.35894644),div(pow(auh(var(auh(x,x)),sub(div(pow(y,add(max(0.0,0.40954292),y)),y),sub(div(min(0.23711139,auh(x,0.0)),cos(x)),y))),y),x))),pow(0.54195964,0.9051465)))),y),x)),y)),y),sin(cos(max(x,y)))),x))",
            "g": "add(y,aud(sub(aud(sin(pow(pow(aud(add(pow(div(add(max(pow(cos(min(min(div(add(x,0.7195401),y),x),div(x,0.789723))),aul(y,min(0.24669796,y))),y),max(var(0.9994052),x)),sub(0.35672843,var(div(cos(min(sub(y,mul(x,0.50272626)),x)),auh(y,x))))),0.90848744),x),sin(0.12265223)),div(sub(min(aul(0.31332886,tan(x)),aud(tan(aul(0.7479193,aud(x,mul(mul(sub(sin(cos(x)),pow(x,sub(0.018413544,y))),0.96288353),0.72096634)))),auh(min(0.625381,pow(pow(sub(0.2105602,aud(0.794458,0.1637966)),y),div(pow(auh(var(auh(y,0.44247025)),sub(div(pow(y,add(max(0.0,x),0.7553614)),x),sub(div(min(y,auh(0.60500246,0.0)),cos(x)),0.37962288))),0.05797273),0.81508344))),pow(x,0.14334637)))),0.35601193),x)),0.042690754)),x),sin(cos(max(y,0.23085612)))),y))"
          }
        },
        {
          "fitness": 0,
          "expressions": {
            "r": "add(y,x)",
            "b": "add(y,y)",
            "g": "add(y,y)"
          }
        },
        {
          "fitness": 0,
          "expressions": {
            "r": "add(y,mul(min(aul(x,aud(sin(auh(var(aud(div(min(x,var(aud(sub(x,pow(mul(aud(pow(y,pow(y,x)),sin(y)),pow(var(y),var(aul(y,div(0.79988605,0.042813063))))),var(x))),x))),0.40804714),x)),min(pow(x,x),cos(x)))),aud(x,y))),mul(0.023471117,0.2509305)),0.38615727))",
            "b": "add(x,mul(min(aul(x,aud(sin(auh(var(aud(div(min(y,var(aud(sub(y,pow(mul(aud(pow(0.3798979,pow(x,0.27387482)),sin(x)),pow(var(x),var(aul(y,div(y,y))))),var(x))),0.15356022))),x),0.20104444)),min(pow(0.23936534,y),cos(y)))),aud(0.31967032,y))),mul(x,x)),y))",
            "g": "add(0.30029058,mul(min(aul(x,aud(sin(auh(var(aud(div(min(x,var(aud(sub(y,pow(mul(aud(pow(x,pow(0.09719199,x)),sin(x)),pow(var(x),var(aul(y,div(0.92417216,0.044730306))))),var(x))),x))),x),y)),min(pow(y,x),cos(0.582029)))),aud(0.5141349,y))),mul(y,0.4527644)),0.80998796))"
          }
        },
        {
          "fitness": 0,
          "expressions": {
            "r": "sub(tan(y),0.4241658)",
            "b": "sub(tan(y),x)",
            "g": "sub(tan(0.11739868),y)"
          }
        },
        {
          "fitness": 0,
          "expressions": {
            "r": "add(mul(aud(0.92812103,0.3596161),sin(0.4241658)),x)",
            "b": "add(mul(aud(x,x),sin(x)),y)",
            "g": "add(mul(aud(x,0.03787726),sin(y)),y)"
          }
        },
        {
          "fitness": 0,
          "expressions": {
            "r": "add(y,add(y,x))",
            "b": "add(y,add(y,y))",
            "g": "add(y,add(y,y))"
          }
        },
        {
          "fitness": 0,
          "expressions": {
            "r": "sub(x,0.67927015)",
            "b": "sub(0.4511543,x)",
            "g": "sub(x,y)"
          }
        },
        {
          "fitness": 0,
          "expressions": {
            "r": "add(auh(aud(y,x),var(auh(mul(y,0.1675689),0.10314249))),y)",
            "b": "add(auh(aud(0.0747444,x),var(auh(mul(x,y),x))),0.87741387)",
            "g": "add(auh(aud(0.10223443,0.22447836),var(auh(mul(y,0.22703362),x))),y)"
          }
        },
        {
          "fitness": 0,
          "expressions": {
            "r": "sub(tan(var(0.16904247)),x)",
            "b": "sub(tan(var(x)),0.47071606)",
            "g": "sub(tan(var(0.541619)),y)"
          }
        },
        {
          "fitness": 0,
          "expressions": {
            "r": "sub(sub(y,sin(min(pow(min(mul(sub(max(y,tan(add(auh(0.3537907,y),y))),0.5945456),max(y,aul(sub(var(y),0.8179956),max(sub(mul(x,x),cos(x)),y)))),div(div(cos(x),add(add(x,y),0.61665666)),x)),max(cos(x),y)),div(pow(y,0.5515539),y)))),y)",
            "b": "sub(sub(y,sin(min(pow(min(mul(sub(max(y,tan(add(auh(y,x),0.14914584))),y),max(y,aul(sub(var(y),0.1259948),max(sub(mul(0.43126273,y),cos(y)),y)))),div(div(cos(y),add(add(x,y),y)),x)),max(cos(y),x)),div(pow(y,0.52514255),0.37696642)))),0.47071606)",
            "g": "sub(sub(0.78613365,sin(min(pow(min(mul(sub(max(y,tan(add(auh(y,y),x))),0.62538815),max(y,aul(sub(var(x),x),max(sub(mul(x,x),cos(y)),y)))),div(div(cos(x),add(add(0.5618389,x),x)),x)),max(cos(0.38216454),0.4716847)),div(pow(0.2359938,x),0.62236744)))),y)"
          }
        },
        {
          "fitness": 0,
          "expressions": {
            "r": "add(y,0.32476652)",
            "b": "add(x,0.8534394)",
            "g": "add(0.0,y)"
          }
        },
        {
          "fitness": 0,
          "expressions": {
            "r": "add(y,y)",
            "b": "add(x,0.87569404)",
            "g": "add(0.049530566,y)"
          }
        },
        {
          "fitness": 0,
          "expressions": {
            "r": "add(y,x)",
            "b": "add(0.87741387,y)",
            "g": "add(y,y)"
          }
        },
        {
          "fitness": 0,
          "expressions": {
            "r": "add(y,aud(y,add(aul(0.0931533,0.7637084),max(x,x))))",
            "b": "add(y,aud(y,add(aul(0.21688396,x),max(x,0.06780249))))",
            "g": "add(y,aud(x,add(aul(x,y),max(x,0.9537896))))"
          }
        },
        {
          "fitness": 0,
          "expressions": {
            "r": "add(y,sub(aul(aul(x,aul(tan(y),auh(x,y))),mul(0.023471117,0.5200938)),0.38615727))",
            "b": "add(x,sub(aul(aul(x,aul(tan(y),auh(0.2772557,y))),mul(x,x)),y))",
            "g": "add(0.30029058,sub(aul(aul(x,aul(tan(0.11739868),auh(0.48159492,y))),mul(y,0.4527644)),0.7846142))"
          }
        },
        {
          "fitness": 0,
          "expressions": {
            "r": "add(y,x)",
            "b": "add(y,y)",
            "g": "add(y,y)"
          }
        }
      ],
      "timestamp": "0h:1m:51s"
    }
  ],
  "timestamp": "2024-07-25-00-01-35"
}