{
  "id": "8hu6b6ob-v26x-6biy-kl97-f65mmk9jdtg4",
  "parameters": {
    "crossoverRate": 0.30000001192092896,
    "eliteSize": 2,
    "tournamentSize": 3,
    "mutationRate": 0.8999999761581421,
    "populationSize": 10
  },
  "populations": [
    {
      "generation": 0,
      "id": "96id9y60-nneh-yf5j-3qt8-wylh23vt71nv",
      "individuals": [
        {
          "fitness": 0,
          "expressions": {
            "r": "pow(0.2580557,var(aul(0.15395486,0.85458523)))",
            "b": "pow(y,var(aul(0.8785617,x)))",
            "g": "pow(0.92373884,var(aul(y,x)))"
          }
        },
        {
          "fitness": 0,
          "expressions": {
            "r": "(x+y)",
            "b": "(0.033123136+0.73008066)",
            "g": "(y+x)"
          }
        },
        {
          "fitness": 0,
          "expressions": {
            "r": "(x+0.5890655)",
            "b": "(0.8215272+y)",
            "g": "(x+x)"
          }
        },
        {
          "fitness": 0,
          "expressions": {
            "r": "cos(x)",
            "b": "cos(x)",
            "g": "cos(0.6290084)"
          }
        },
        {
          "fitness": 0,
          "expressions": {
            "r": "min(aud(x,min(0.7835553,x)),pow((x+x),0.5129544))",
            "b": "min(aud(x,min(y,0.6869842)),pow((x+0.20261264),0.30308247))",
            "g": "min(aud(y,min(x,0.29361355)),pow((y+y),x))"
          }
        },
        {
          "fitness": 0,
          "expressions": {
            "r": "(y*(y*(x-y)))",
            "b": "(0.018612564*(0.51728046*(y-x)))",
            "g": "(0.30050576*(x*(0.064560056-y)))"
          }
        },
        {
          "fitness": 0,
          "expressions": {
            "r": "(y+0.6740343)",
            "b": "(y+x)",
            "g": "(0.36600477+x)"
          }
        },
        {
          "fitness": 0,
          "expressions": {
            "r": "(x+y)",
            "b": "(0.59326386+x)",
            "g": "(y+x)"
          }
        },
        {
          "fitness": 0,
          "expressions": {
            "r": "cos(sin(aul(0.0198825,x)))",
            "b": "cos(sin(aul(0.01034385,y)))",
            "g": "cos(sin(aul(y,x)))"
          }
        },
        {
          "fitness": 0,
          "expressions": {
            "r": "(y+y)",
            "b": "(x+x)",
            "g": "(y+x)"
          }
        },
        {
          "fitness": 0,
          "expressions": {
            "r": "(y+0.6574053)",
            "b": "(y+0.8130067)",
            "g": "(y+x)"
          }
        },
        {
          "fitness": 0,
          "expressions": {
            "r": "sin(((0.4129275*y)+cos(y)))",
            "b": "sin(((y*0.38446248)+cos(0.9682238)))",
            "g": "sin(((0.8253105*y)+cos(0.44461852)))"
          }
        },
        {
          "fitness": 0,
          "expressions": {
            "r": "tan(x)",
            "b": "tan(0.7865803)",
            "g": "tan(x)"
          }
        },
        {
          "fitness": 0,
          "expressions": {
            "r": "(y+x)",
            "b": "(x+y)",
            "g": "(0.11092508+y)"
          }
        },
        {
          "fitness": 0,
          "expressions": {
            "r": "(x+y)",
            "b": "(0.86414766+y)",
            "g": "(0.86035895+x)"
          }
        },
        {
          "fitness": 0,
          "expressions": {
            "r": "(0.5613073+0.040154815)",
            "b": "(0.73639995+y)",
            "g": "(0.6795552+0.15939778)"
          }
        },
        {
          "fitness": 0,
          "expressions": {
            "r": "(y/pow(y,tan(0.31030387)))",
            "b": "(0.1010229/pow(x,tan(0.5860412)))",
            "g": "(x/pow(0.36652815,tan(0.4923758)))"
          }
        },
        {
          "fitness": 0,
          "expressions": {
            "r": "(0.6015183+x)",
            "b": "(0.8727493+y)",
            "g": "(0.6329634+x)"
          }
        }
      ],
      "timestamp": "0h:4m:48s"
    },
    {
      "generation": 1,
      "ascendantID": "96id9y60-nneh-yf5j-3qt8-wylh23vt71nv",
      "id": "6f504hys-lqja-ivlh-ume4-kw1so2lwttf0",
      "individuals": [
        {
          "fitness": 0,
          "expressions": {
            "r": "cos(sin(aul(0.0198825,x)))",
            "b": "cos(sin(aul(0.01034385,y)))",
            "g": "cos(sin(aul(y,x)))"
          }
        },
        {
          "fitness": 0,
          "expressions": {
            "r": "(y*pow(y,tan(0.31030387)))",
            "b": "(0.1010229*pow(x,tan(0.5860412)))",
            "g": "(x*pow(0.36652815,tan(0.4923758)))"
          }
        },
        {
          "fitness": 0,
          "expressions": {
            "r": "cos(sin(aul(0.0198825,x)))",
            "b": "cos(sin(aul(0.01034385,y)))",
            "g": "cos(sin(aul(y,x)))"
          }
        },
        {
          "fitness": 0,
          "expressions": {
            "r": "cos(sin(aul(0.0198825,x)))",
            "b": "cos(sin(aul(0.01034385,y)))",
            "g": "cos(sin(aul(y,x)))"
          }
        },
        {
          "fitness": 0,
          "expressions": {
            "r": "cos(sin(sin(0.03320217)))",
            "b": "cos(sin(sin(x)))",
            "g": "cos(sin(sin(0.38195854)))"
          }
        },
        {
          "fitness": 0,
          "expressions": {
            "r": "(y*(y*(x+y)))",
            "b": "(0.018612564*(0.51728046*(y+x)))",
            "g": "(0.30050576*(x*(0.064560056+y)))"
          }
        },
        {
          "fitness": 0,
          "expressions": {
            "r": "pow(0.2580557,var(aul(0.15395486,0.85458523)))",
            "b": "pow(y,var(aul(0.8785617,x)))",
            "g": "pow(0.92373884,var(aul(y,x)))"
          }
        },
        {
          "fitness": 0,
          "expressions": {
            "r": "max(0.2580557,aud(aul(0.15395486,(0.05374521+0.0)),x))",
            "b": "max(y,aud(aul(0.8785617,(y+0.0)),0.5192213))",
            "g": "max(0.92373884,aud(aul(y,(y+0.0)),0.76777))"
          }
        },
        {
          "fitness": 0,
          "expressions": {
            "r": "(((0.4129275-y)+tan(y))/x)",
            "b": "(((y-0.38043052)+tan(0.9682238))/x)",
            "g": "(((0.8253105-y)+tan(0.44461852))/y)"
          }
        },
        {
          "fitness": 0,
          "expressions": {
            "r": "(min(x,y)/pow(y,tan(0.60288906)))",
            "b": "(min(0.8605106,y)/pow(x,tan(0.38361883)))",
            "g": "(min(0.5178945,0.6902799)/pow(0.36652815,tan(0.2426514)))"
          }
        },
        {
          "fitness": 0,
          "expressions": {
            "r": "(x+y)",
            "b": "(0.86414766+y)",
            "g": "(0.9138435+x)"
          }
        },
        {
          "fitness": 0,
          "expressions": {
            "r": "(x+0.5890655)",
            "b": "(x+y)",
            "g": "(x+x)"
          }
        },
        {
          "fitness": 0,
          "expressions": {
            "r": "(0.5613073+0.040154815)",
            "b": "(0.73639995+y)",
            "g": "(0.6795552+0.19752896)"
          }
        },
        {
          "fitness": 0,
          "expressions": {
            "r": "(y/pow(y,tan(0.1588467)))",
            "b": "(0.0/pow(x,tan(y)))",
            "g": "(x/pow(0.36652815,tan(0.15939778)))"
          }
        },
        {
          "fitness": 0,
          "expressions": {
            "r": "(y+aul(sin(y),(y-x)))",
            "b": "(y+aul(sin(0.2729423),(x-x)))",
            "g": "(y+aul(sin(x),(0.96113527-0.2202959)))"
          }
        },
        {
          "fitness": 0,
          "expressions": {
            "r": "(y*pow(y,tan(0.20017862)))",
            "b": "(0.1010229*pow(x,tan(0.5860412)))",
            "g": "(x*pow(0.28094667,tan(0.4923758)))"
          }
        },
        {
          "fitness": 0,
          "expressions": {
            "r": "(y*pow(y,tan(0.31030387)))",
            "b": "(0.0*pow(x,tan(0.5860412)))",
            "g": "(x*pow(0.36652815,tan(0.4923758)))"
          }
        },
        {
          "fitness": 0,
          "expressions": {
            "r": "cos(sin(aul(0.0198825,pow(0.0,y))))",
            "b": "cos(sin(aul(0.01034385,pow(0.0,x))))",
            "g": "cos(sin(aul(y,pow(0.0,y))))"
          }
        }
      ],
      "timestamp": "0h:4m:55s"
    },
    {
      "generation": 2,
      "ascendantID": "6f504hys-lqja-ivlh-ume4-kw1so2lwttf0",
      "id": "4gsc7j22-kupv-vgtr-5yy7-yjcgsygzrodf",
      "individuals": [
        {
          "fitness": 0,
          "expressions": {
            "r": "(y+aul(sin(y),(y-x)))",
            "b": "(y+aul(sin(0.2729423),(x-x)))",
            "g": "(y+aul(sin(x),(0.96113527-0.2202959)))"
          }
        },
        {
          "fitness": 0,
          "expressions": {
            "r": "max(0.2580557,var(aul(0.065825835,(0.05374521+0.0))))",
            "b": "max(y,var(aul(0.8785617,(y+0.0))))",
            "g": "max(0.92373884,var(aul(y,(y+0.0))))"
          }
        },
        {
          "fitness": 0,
          "expressions": {
            "r": "cos(sin(cos(aud(0.15395486,0.85458523))))",
            "b": "cos(sin(cos(aud(0.8785617,x))))",
            "g": "cos(sin(cos(aud(y,x))))"
          }
        },
        {
          "fitness": 0,
          "expressions": {
            "r": "(y*(y-x))",
            "b": "(0.018612564*(0.51728046-y))",
            "g": "(0.30050576*(x-x))"
          }
        },
        {
          "fitness": 0,
          "expressions": {
            "r": "(x+y)",
            "b": "(0.86414766+y)",
            "g": "(0.9138435+x)"
          }
        },
        {
          "fitness": 0,
          "expressions": {
            "r": "(x+0.5890655)",
            "b": "(x+y)",
            "g": "(x+x)"
          }
        },
        {
          "fitness": 0,
          "expressions": {
            "r": "(x+y)",
            "b": "(x+y)",
            "g": "(x+0.15280277)"
          }
        },
        {
          "fitness": 0,
          "expressions": {
            "r": "max(0.2580557,aud(aul(0.15395486,(0.05374521+0.0)),x))",
            "b": "max(y,aud(aul(0.8785617,(y+0.0)),0.5192213))",
            "g": "max(0.9869044,aud(aul(y,(y+0.0)),0.76777))"
          }
        },
        {
          "fitness": 0,
          "expressions": {
            "r": "min(0.15601552,aud(aul(0.15395486,0.63643074),0.85281605))",
            "b": "min(y,aud(aul(0.8785617,x),0.117910445))",
            "g": "min(0.92373884,aud(aul(y,x),x))"
          }
        },
        {
          "fitness": 0,
          "expressions": {
            "r": "sin(y)",
            "b": "sin(0.1010229)",
            "g": "sin(x)"
          }
        },
        {
          "fitness": 0,
          "expressions": {
            "r": "(sin(aul(0.0198825,x))/pow(y,min(y,x)))",
            "b": "(sin(aul(0.01034385,y))/pow(x,min(y,y)))",
            "g": "(sin(aul(y,x))/pow(0.36652815,min(y,y)))"
          }
        },
        {
          "fitness": 0,
          "expressions": {
            "r": "(y+aul((y/0.07271719),(y+x)))",
            "b": "(y+aul((0.40215996/y),(x+x)))",
            "g": "(y+aul((x/0.93023336),(0.80504537+0.2202959)))"
          }
        },
        {
          "fitness": 0,
          "expressions": {
            "r": "(y+min((0.9702428/auh(x,y)),((x*x)/y)))",
            "b": "(y+min((y/auh(x,x)),((x*x)/0.5047313)))",
            "g": "(y+min((x/auh(0.12712812,y)),((y*y)/x)))"
          }
        },
        {
          "fitness": 0,
          "expressions": {
            "r": "(y/pow(x,min(aud(0.0,x),(y-y))))",
            "b": "(0.0/pow(x,min(aud(0.0,x),(y-y))))",
            "g": "(x/pow(0.3516327,min(aud(0.0,y),(x-0.5722207))))"
          }
        },
        {
          "fitness": 0,
          "expressions": {
            "r": "(y*pow(y,sin(0.20017862)))",
            "b": "(0.1010229*pow(x,sin(0.5860412)))",
            "g": "(x*pow(0.28094667,sin(0.4923758)))"
          }
        },
        {
          "fitness": 0,
          "expressions": {
            "r": "max(y,aud(aul(0.15395486,(0.25036+0.0)),x))",
            "b": "max(0.48695987,aud(aul(0.8785617,(y+0.0)),0.5192213))",
            "g": "max(y,aud(aul(y,(y+0.0)),0.76777))"
          }
        },
        {
          "fitness": 0,
          "expressions": {
            "r": "((x/0.6100756)+aul(sin(y),(y-x)))",
            "b": "((x/y)+aul(sin(0.2729423),(x-x)))",
            "g": "((x/x)+aul(sin(x),(0.96113527-0.2202959)))"
          }
        },
        {
          "fitness": 0,
          "expressions": {
            "r": "(y+aul(sin(y),(y-x)))",
            "b": "(y+aul(sin(0.2729423),(x-x)))",
            "g": "(y+aul(sin(x),(0.96113527-0.2202959)))"
          }
        }
      ],
      "timestamp": "0h:4m:58s"
    },
    {
      "generation": 3,
      "ascendantID": "4gsc7j22-kupv-vgtr-5yy7-yjcgsygzrodf",
      "id": "bi62exub-4dpd-6pbo-js5o-k1dboltu0up2",
      "individuals": [
        {
          "fitness": 0,
          "expressions": {
            "r": "(y+aul(sin(y),(y-x)))",
            "b": "(y+aul(sin(0.2729423),(x-x)))",
            "g": "(y+aul(sin(x),(0.96113527-0.2202959)))"
          }
        },
        {
          "fitness": 0,
          "expressions": {
            "r": "max(0.2580557,aud(aul(0.15395486,(0.05374521+0.0)),x))",
            "b": "max(y,aud(aul(0.8785617,(y+0.0)),0.5192213))",
            "g": "max(0.9869044,aud(aul(y,(y+0.0)),0.76777))"
          }
        },
        {
          "fitness": 0,
          "expressions": {
            "r": "(y-(y-y))",
            "b": "(0.018612564-(0.51728046-0.6257397))",
            "g": "(0.4117747-(x-x))"
          }
        },
        {
          "fitness": 0,
          "expressions": {
            "r": "((y*0.6100756)+auh(sin(y),(y-y)))",
            "b": "((x*y)+auh(sin(0.2729423),(x-x)))",
            "g": "((0.98370034*x)+auh(sin(x),(0.96113527-0.2202959)))"
          }
        },
        {
          "fitness": 0,
          "expressions": {
            "r": "(x+0.5890655)",
            "b": "(x+y)",
            "g": "(x+x)"
          }
        },
        {
          "fitness": 0,
          "expressions": {
            "r": "(y-pow(x,max(aud(0.0,x),(y+y))))",
            "b": "(0.0-pow(x,max(aud(0.0,x),(y+y))))",
            "g": "(x-pow(0.3516327,max(aud(0.0,y),(x+0.3614753))))"
          }
        },
        {
          "fitness": 0,
          "expressions": {
            "r": "min(0.2580557,aud(aul(0.15395486,(0.05374521+0.0)),x))",
            "b": "min(y,aud(aul(0.8785617,(y+0.0)),0.5192213))",
            "g": "min(0.7475358,aud(aul(y,(y+0.0)),0.76777))"
          }
        },
        {
          "fitness": 0,
          "expressions": {
            "r": "min(0.15601552,aud(aud(0.15395486,max(0.64881957,y)),0.85281605))",
            "b": "min(y,aud(aud(0.8785617,max(x,y)),0.117910445))",
            "g": "min(0.92373884,aud(aud(y,max(0.4764837,x)),x))"
          }
        },
        {
          "fitness": 0,
          "expressions": {
            "r": "((aul(0.0198825,x)*y)*pow(y,min(y,x)))",
            "b": "((aul(0.0,y)*y)*pow(x,min(y,y)))",
            "g": "((aul(y,x)*x)*pow(0.36652815,min(y,y)))"
          }
        },
        {
          "fitness": 0,
          "expressions": {
            "r": "(y-pow((0.71966076/auh(x,x)),((x*x)/y)))",
            "b": "(y-pow((y/auh(x,x)),((x*x)/0.5047313)))",
            "g": "(y-pow((x/auh(0.12712812,y)),((x*y)/x)))"
          }
        },
        {
          "fitness": 0,
          "expressions": {
            "r": "(y*pow(y,y))",
            "b": "(0.12293963*pow(x,0.2729423))",
            "g": "(x*pow(0.28094667,0.9169412))"
          }
        },
        {
          "fitness": 0,
          "expressions": {
            "r": "(y+aul(sin(y),(y*x)))",
            "b": "(y+aul(sin(0.2729423),(x*x)))",
            "g": "(y+aul(sin(x),(0.96113527*0.2202959)))"
          }
        },
        {
          "fitness": 0,
          "expressions": {
            "r": "(y*y)",
            "b": "(0.1010229*y)",
            "g": "(x*y)"
          }
        },
        {
          "fitness": 0,
          "expressions": {
            "r": "(y+auh(x,(y+x)))",
            "b": "(y+auh(y,(x+x)))",
            "g": "(y+auh(0.7212115,(0.96113527+0.2202959)))"
          }
        },
        {
          "fitness": 0,
          "expressions": {
            "r": "(sin(aul(0.023795307,x))/pow(y,min(y,x)))",
            "b": "(sin(aul(0.01034385,y))/pow(0.9407824,min(y,y)))",
            "g": "(sin(aul(y,x))/pow(0.36652815,min(y,y)))"
          }
        },
        {
          "fitness": 0,
          "expressions": {
            "r": "(x+0.5890655)",
            "b": "(x+y)",
            "g": "(x+x)"
          }
        },
        {
          "fitness": 0,
          "expressions": {
            "r": "((x*0.6100756)-aul((y/y),(y-x)))",
            "b": "((x*y)-aul((0.0/y),(x-0.6186769)))",
            "g": "((x*x)-aul((x/x),(0.96113527-0.9350615)))"
          }
        },
        {
          "fitness": 0,
          "expressions": {
            "r": "(y+aul((y/0.8832296),x))",
            "b": "(y+aul((0.06866605/y),y))",
            "g": "(y+aul((0.89360857/x),x))"
          }
        }
      ],
      "timestamp": "0h:4m:59s"
    },
    {
      "generation": 4,
      "ascendantID": "bi62exub-4dpd-6pbo-js5o-k1dboltu0up2",
      "id": "uj8dh00l-ts6n-z5dx-sirc-hbp586yrin09",
      "individuals": [
        {
          "fitness": 0,
          "expressions": {
            "r": "(y+aul(sin(y),(y-x)))",
            "b": "(y+aul(sin(0.2729423),(x-x)))",
            "g": "(y+aul(sin(x),(0.96113527-0.2202959)))"
          }
        },
        {
          "fitness": 0,
          "expressions": {
            "r": "auh(0.2580557,aud(auh(0.15395486,(0.05374521+0.0)),x))",
            "b": "auh(y,aud(auh(0.6216469,(y+0.0)),0.5192213))",
            "g": "auh(0.9869044,aud(auh(y,(y+0.0)),0.76777))"
          }
        },
        {
          "fitness": 0,
          "expressions": {
            "r": "max(0.2580557,(y+0.9739698))",
            "b": "max(y,(y+y))",
            "g": "max(0.9869044,(0.90249074+y))"
          }
        },
        {
          "fitness": 0,
          "expressions": {
            "r": "min(0.15601552,aud(aud(0.15395486,max(0.64881957,y)),0.85281605))",
            "b": "min(y,aud(aud(0.8785617,max(x,y)),0.117910445))",
            "g": "min(0.92373884,aud(aud(y,max(0.58589655,x)),x))"
          }
        },
        {
          "fitness": 0,
          "expressions": {
            "r": "(y+auh(x,(y+x)))",
            "b": "(y+auh(y,(x+x)))",
            "g": "(y+auh(0.8229643,(0.96113527+0.2202959)))"
          }
        },
        {
          "fitness": 0,
          "expressions": {
            "r": "((aul(0.0198825,x)*y)/pow(y,min(y,x)))",
            "b": "((aul(0.0,y)*y)/pow(x,min(0.3019032,y)))",
            "g": "((aul(y,x)*x)/pow(0.36652815,min(0.6969908,y)))"
          }
        },
        {
          "fitness": 0,
          "expressions": {
            "r": "(y/pow(x,max(aul(0.1126608,x),(y+y))))",
            "b": "(0.0/pow(x,max(aul(0.29008293,0.82494736),(y+y))))",
            "g": "(x/pow(0.3516327,max(aul(0.0,y),(x+0.3614753))))"
          }
        },
        {
          "fitness": 0,
          "expressions": {
            "r": "(y-pow((0.71966076*auh(x,y)),((x*x)/y)))",
            "b": "(y-pow((y*auh(x,x)),((x*x)/0.5047313)))",
            "g": "(y-pow((x*auh(0.12712812,y)),((x*y)/x)))"
          }
        },
        {
          "fitness": 0,
          "expressions": {
            "r": "(y+aul(sin(y),(y+x)))",
            "b": "(y+aul(sin(0.2729423),(x+x)))",
            "g": "(y+aul(sin(x),(0.96113527+0.2202959)))"
          }
        },
        {
          "fitness": 0,
          "expressions": {
            "r": "sin(sin(auh(0.023795307,x)))",
            "b": "sin(sin(auh(0.01034385,y)))",
            "g": "sin(sin(auh(y,x)))"
          }
        },
        {
          "fitness": 0,
          "expressions": {
            "r": "sin((aul(0.023795307,var(0.3881902))/0.124721825))",
            "b": "sin((aul(0.01034385,var(x))/x))",
            "g": "sin((aul(y,var(y))/0.9283199))"
          }
        },
        {
          "fitness": 0,
          "expressions": {
            "r": "((y-0.6100756)+aul(sin(y),(y-y)))",
            "b": "((x-y)+aul(sin(0.2729423),(x-x)))",
            "g": "((0.98370034-x)+aul(sin(x),(0.96113527-0.2202959)))"
          }
        },
        {
          "fitness": 0,
          "expressions": {
            "r": "(y*min(y,y))",
            "b": "(0.12293963*min(x,0.2729423))",
            "g": "(x*min(0.28094667,0.9169412))"
          }
        },
        {
          "fitness": 0,
          "expressions": {
            "r": "(y+aul((y/0.71034086),(x-x)))",
            "b": "(y+aul((0.2729423/y),(x-x)))",
            "g": "(y+aul((x/y),(x-0.2202959)))"
          }
        },
        {
          "fitness": 0,
          "expressions": {
            "r": "(x+x)",
            "b": "(x+0.5592286)",
            "g": "(x+y)"
          }
        },
        {
          "fitness": 0,
          "expressions": {
            "r": "(x+y)",
            "b": "(x+0.51728046)",
            "g": "(x+x)"
          }
        },
        {
          "fitness": 0,
          "expressions": {
            "r": "((y*0.6100756)+aul((y/y),y))",
            "b": "((x*y)+aul((0.2729423/x),0.3946867))",
            "g": "((0.98370034*x)+aul((x/x),0.52589303))"
          }
        },
        {
          "fitness": 0,
          "expressions": {
            "r": "(y+aul((y/0.8832296),x))",
            "b": "(y+aul((0.06866605/y),y))",
            "g": "(y+aul((0.89360857/x),x))"
          }
        }
      ],
      "timestamp": "0h:5m:0s"
    },
    {
      "generation": 5,
      "ascendantID": "uj8dh00l-ts6n-z5dx-sirc-hbp586yrin09",
      "id": "a7msukus-fhd2-v89b-kuon-a94ecavj98w8",
      "individuals": [
        {
          "fitness": 0,
          "expressions": {
            "r": "(y+aul(sin(y),(y-x)))",
            "b": "(y+aul(sin(0.2729423),(x-x)))",
            "g": "(y+aul(sin(x),(0.96113527-0.2202959)))"
          }
        },
        {
          "fitness": 0,
          "expressions": {
            "r": "(y+aul(sin(y),(x-x)))",
            "b": "(y+aul(sin(0.079578996),(x-x)))",
            "g": "(y+aul(sin(y),(x-0.30917916)))"
          }
        },
        {
          "fitness": 0,
          "expressions": {
            "r": "(y/min(x,max(aud(0.1126608,x),(y+y))))",
            "b": "(0.0/min(x,max(aud(0.29008293,0.82494736),(y+y))))",
            "g": "(x/min(0.3516327,max(aud(0.0,y),(x+0.3614753))))"
          }
        },
        {
          "fitness": 0,
          "expressions": {
            "r": "sin(sin(x))",
            "b": "sin(sin(x))",
            "g": "sin(sin(0.3516327))"
          }
        },
        {
          "fitness": 0,
          "expressions": {
            "r": "(y*y)",
            "b": "(0.12293963*x)",
            "g": "(x*x)"
          }
        },
        {
          "fitness": 0,
          "expressions": {
            "r": "(y+aul((sin(0.0)/0.8832296),x))",
            "b": "(y+aul((sin(0.0)/y),y))",
            "g": "(y+aul((sin(0.0)/x),x))"
          }
        },
        {
          "fitness": 0,
          "expressions": {
            "r": "(y+auh(x,(y+x)))",
            "b": "(y+auh(y,(x+x)))",
            "g": "(y+auh(0.90910184,(0.96113527+0.2202959)))"
          }
        },
        {
          "fitness": 0,
          "expressions": {
            "r": "auh(0.19340461,aud(max(0.15395486,(0.2126613-x)),x))",
            "b": "auh(y,aud(max(0.7680328,(y-x)),0.33930328))",
            "g": "auh(0.9869044,aud(max(y,(y-y)),0.76777))"
          }
        },
        {
          "fitness": 0,
          "expressions": {
            "r": "max(0.2580557,(y+0.9739698))",
            "b": "max(y,(y+y))",
            "g": "max(0.9869044,(0.90249074+y))"
          }
        },
        {
          "fitness": 0,
          "expressions": {
            "r": "(y+auh(x,(y+y)))",
            "b": "(y+auh(y,(x+x)))",
            "g": "(y+auh(0.8229643,(0.96113527+0.2202959)))"
          }
        },
        {
          "fitness": 0,
          "expressions": {
            "r": "(min(max(y,0.14174598),x)*pow(y,y))",
            "b": "(min(max(x,y),x)*pow(x,0.2729423))",
            "g": "(min(max(x,0.15302485),0.69015956)*pow(0.28094667,0.9169412))"
          }
        },
        {
          "fitness": 0,
          "expressions": {
            "r": "(y+aul(y,(x-x)))",
            "b": "(y+aul(x,(x-x)))",
            "g": "(y+aul(0.41559845,(x-0.2202959)))"
          }
        },
        {
          "fitness": 0,
          "expressions": {
            "r": "(y*min(y,y))",
            "b": "(0.12293963*min(x,0.2729423))",
            "g": "(x*min(0.28094667,0.9169412))"
          }
        },
        {
          "fitness": 0,
          "expressions": {
            "r": "max(0.2580557,(y+0.9739698))",
            "b": "max(y,(y+y))",
            "g": "max(0.9869044,(0.90249074+y))"
          }
        },
        {
          "fitness": 0,
          "expressions": {
            "r": "sin(sin(auh(y,x)))",
            "b": "sin(sin(auh(y,y)))",
            "g": "sin(sin(auh(y,x)))"
          }
        },
        {
          "fitness": 0,
          "expressions": {
            "r": "min(0.16089968,aud(0.06873983,0.85281605))",
            "b": "min(y,aud(y,0.117910445))",
            "g": "min(0.7685983,aud(x,y))"
          }
        },
        {
          "fitness": 0,
          "expressions": {
            "r": "(y/pow(x,min(aul(0.1126608,x),(y+y))))",
            "b": "(0.0/pow(x,min(aul(0.29008293,0.82494736),(y+y))))",
            "g": "(x/pow(0.3516327,min(aul(0.0,y),(x+0.51113415))))"
          }
        },
        {
          "fitness": 0,
          "expressions": {
            "r": "(y+aul(x,y))",
            "b": "(y+aul(y,0.1819691))",
            "g": "(y+aul(0.8229643,y))"
          }
        }
      ],
      "timestamp": "0h:5m:0s"
    },
    {
      "generation": 6,
      "ascendantID": "a7msukus-fhd2-v89b-kuon-a94ecavj98w8",
      "id": "6sypakub-5ejm-8goc-68xv-0tz6bhvavxyk",
      "individuals": [
        {
          "fitness": 0,
          "expressions": {
            "r": "(y+aul(sin(y),(y-x)))",
            "b": "(y+aul(sin(0.2729423),(x-x)))",
            "g": "(y+aul(sin(x),(0.96113527-0.2202959)))"
          }
        },
        {
          "fitness": 0,
          "expressions": {
            "r": "(min(max(y,0.14174598),x)*pow(y,y))",
            "b": "(min(max(x,y),x)*pow(x,0.2729423))",
            "g": "(min(max(x,0.15302485),0.69015956)*pow(0.28094667,0.9169412))"
          }
        },
        {
          "fitness": 0,
          "expressions": {
            "r": "(y+max(x,y))",
            "b": "(y+max(y,0.1819691))",
            "g": "(y+max(0.8229643,y))"
          }
        },
        {
          "fitness": 0,
          "expressions": {
            "r": "(y-aud(y,(x-x)))",
            "b": "(y-aud(x,(x-x)))",
            "g": "(y-aud(0.41559845,(x-0.2202959)))"
          }
        },
        {
          "fitness": 0,
          "expressions": {
            "r": "(y+auh(x,(y*y)))",
            "b": "(y+auh(y,(0.12293963*x)))",
            "g": "(y+auh(0.8229643,(x*x)))"
          }
        },
        {
          "fitness": 0,
          "expressions": {
            "r": "(y+aul((sin(0.0)/0.8832296),x))",
            "b": "(y+aul((sin(0.0)/y),y))",
            "g": "(y+aul((sin(0.0)/x),x))"
          }
        },
        {
          "fitness": 0,
          "expressions": {
            "r": "(y/min(x,max(aud(0.1126608,x),(y+y))))",
            "b": "(0.0/min(x,max(aud(0.29008293,0.85541975),(x+y))))",
            "g": "(x/min(0.3516327,max(aud(0.0,y),(x+0.3614753))))"
          }
        },
        {
          "fitness": 0,
          "expressions": {
            "r": "(y+(sin(0.0)/0.8832296))",
            "b": "(y+(sin(0.0)/y))",
            "g": "(y+(sin(0.0)/x))"
          }
        },
        {
          "fitness": 0,
          "expressions": {
            "r": "max(0.41911197,(y+0.9739698))",
            "b": "max(y,(y+y))",
            "g": "max(0.951223,(0.90249074+y))"
          }
        },
        {
          "fitness": 0,
          "expressions": {
            "r": "(y/min(x,max(var(0.1126608),(y+x))))",
            "b": "(0.0/min(x,max(var(0.0045242608),(y+y))))",
            "g": "(x/min(0.3516327,max(var(0.0),(x+0.3614753))))"
          }
        },
        {
          "fitness": 0,
          "expressions": {
            "r": "max(0.2580557,x)",
            "b": "max(y,0.5063129)",
            "g": "max(0.9869044,0.042022347)"
          }
        },
        {
          "fitness": 0,
          "expressions": {
            "r": "auh(0.2580557,(y+y))",
            "b": "auh(y,(y+x))",
            "g": "auh(0.7353532,(0.8309489+0.35868126))"
          }
        },
        {
          "fitness": 0,
          "expressions": {
            "r": "(min(min(y,0.14174598),y)*pow(y,y))",
            "b": "(min(min(x,y),x)*pow(0.8806831,0.2729423))",
            "g": "(min(min(x,0.15302485),0.69015956)*pow(0.4441181,0.9169412))"
          }
        },
        {
          "fitness": 0,
          "expressions": {
            "r": "(y+var(sin(y)))",
            "b": "(y+var(sin(0.2729423)))",
            "g": "(y+var(sin(x)))"
          }
        },
        {
          "fitness": 0,
          "expressions": {
            "r": "(y+aul(x,x))",
            "b": "(y+aul(x,y))",
            "g": "(y+aul(0.21190788,x))"
          }
        },
        {
          "fitness": 0,
          "expressions": {
            "r": "cos(((x+0.8330523)*0.837842))",
            "b": "cos(((y+x)*x))",
            "g": "cos(((x+0.79074615)*y))"
          }
        },
        {
          "fitness": 0,
          "expressions": {
            "r": "(y+max(x,(y+aul(x,y))))",
            "b": "(y+max(y,(y+aul(y,0.17827897))))",
            "g": "(y+max(0.90910184,(y+aul(0.8229643,y))))"
          }
        },
        {
          "fitness": 0,
          "expressions": {
            "r": "(y+auh(x,(y+x)))",
            "b": "(y+auh(y,(x+x)))",
            "g": "(y+auh(0.90910184,(0.96113527+0.2202959)))"
          }
        }
      ],
      "timestamp": "0h:5m:1s"
    }
  ],
  "timestamp": "2024-07-23-00-04-45"
}