{
  "id": "94unbbvd-oebj-m0yz-o9bt-i1fsqvfj7rf0",
  "parameters": {
    "crossoverRate": 0.30000001192092896,
    "eliteSize": 2,
    "tournamentSize": 3,
    "mutationRate": 0.8999999761581421,
    "populationSize": 10
  },
  "populations": [{
    "generation": 0,
    "id": "mal9f1uf-gtvz-fa1o-iazs-d903xt2qzcnt",
    "individuals": [
      {
        "fitness": 0,
        "expressions": {
          "r": "(y+x)",
          "b": "(x+x)",
          "g": "(y+x)"
        }
      },
      {
        "fitness": 0,
        "expressions": {
          "r": "cos((x*aul(y,x)))",
          "b": "cos((x*aul(0.03865832,y)))",
          "g": "cos((y*aul(y,0.9650697)))"
        }
      },
      {
        "fitness": 0,
        "expressions": {
          "r": "min((y/0.47867417),y)",
          "b": "min((0.8543086/x),y)",
          "g": "min((0.14794725/x),y)"
        }
      },
      {
        "fitness": 0,
        "expressions": {
          "r": "(y+0.7181137)",
          "b": "(y+x)",
          "g": "(y+0.5648498)"
        }
      },
      {
        "fitness": 0,
        "expressions": {
          "r": "max(auh(x,aul(0.5099121,y)),aul(aul(0.5993723,y),0.41066533))",
          "b": "max(auh(x,aul(0.4930619,y)),aul(aul(0.17393035,y),x))",
          "g": "max(auh(x,aul(x,y)),aul(aul(0.21779734,0.47514564),0.3913198))"
        }
      },
      {
        "fitness": 0,
        "expressions": {
          "r": "aud(x,y)",
          "b": "aud(0.15570939,y)",
          "g": "aud(y,0.47808856)"
        }
      },
      {
        "fitness": 0,
        "expressions": {
          "r": "pow(var((x*y)),auh((0.17609042*0.10832977),y))",
          "b": "pow(var((0.06980538*0.5821291)),auh((y*x),0.6535608))",
          "g": "pow(var((x*x)),auh((x*y),0.53677887))"
        }
      },
      {
        "fitness": 0,
        "expressions": {
          "r": "min(y,((0.48159474/y)/y))",
          "b": "min(0.23303014,((0.5181132/y)/y))",
          "g": "min(y,((y/x)/0.10998702))"
        }
      },
      {
        "fitness": 0,
        "expressions": {
          "r": "aud(y,pow(y,(x-y)))",
          "b": "aud(y,pow(y,(y-x)))",
          "g": "aud(0.80269915,pow(0.27138877,(0.7179369-y)))"
        }
      },
      {
        "fitness": 0,
        "expressions": {
          "r": "(0.35577625+y)",
          "b": "(x+x)",
          "g": "(x+x)"
        }
      },
      {
        "fitness": 0,
        "expressions": {
          "r": "(0.66679037+x)",
          "b": "(x+y)",
          "g": "(x+x)"
        }
      },
      {
        "fitness": 0,
        "expressions": {
          "r": "(x+0.8941174)",
          "b": "(0.0018492937+x)",
          "g": "(y+x)"
        }
      },
      {
        "fitness": 0,
        "expressions": {
          "r": "sin(max(aud(y,0.34363264),tan(x)))",
          "b": "sin(max(aud(y,y),tan(0.036351442)))",
          "g": "sin(max(aud(0.60038763,0.57112116),tan(y)))"
        }
      },
      {
        "fitness": 0,
        "expressions": {
          "r": "(0.18616498+y)",
          "b": "(y+y)",
          "g": "(0.12708324+0.7574417)"
        }
      },
      {
        "fitness": 0,
        "expressions": {
          "r": "max(aud(var(y),y),((y*0.6284244)*0.5533485))",
          "b": "max(aud(var(0.028609335),x),((0.49100465*y)*x))",
          "g": "max(aud(var(0.052642286),0.09933847),((x*0.2536742)*x))"
        }
      },
      {
        "fitness": 0,
        "expressions": {
          "r": "aud(x,y)",
          "b": "aud(y,y)",
          "g": "aud(y,y)"
        }
      },
      {
        "fitness": 0,
        "expressions": {
          "r": "(y+y)",
          "b": "(0.39015234+x)",
          "g": "(y+y)"
        }
      },
      {
        "fitness": 0,
        "expressions": {
          "r": "(x+x)",
          "b": "(x+x)",
          "g": "(y+x)"
        }
      }
    ],
    "timestamp": "22h:41m:7s"
  }],
  "timestamp": "2024-07-24-22-41-05"
}