{
  "id": "9av45dku-b9ox-w1wq-d9qt-0askollsljz7",
  "parameters": {
    "crossoverRate": 0,
    "eliteSize": 0,
    "tournamentSize": 0,
    "mutationRate": 0,
    "populationSize": 0
  },
  "populations": [{
    "generation": 0,
    "id": "aujjre9g-9ws1-3ayj-7vle-uwlf2rzz71hz",
    "individuals": [
      {
        "fitness": 0,
        "expressions": {
          "r": "0.54571915",
          "b": "0.42188",
          "g": "0.365124"
        }
      },
      {
        "fitness": 0,
        "expressions": {
          "r": "y",
          "b": "y",
          "g": "x"
        }
      },
      {
        "fitness": 0,
        "expressions": {
          "r": "x",
          "b": "0.9157028",
          "g": "x"
        }
      },
      {
        "fitness": 0,
        "expressions": {
          "r": "0.26394773",
          "b": "y",
          "g": "y"
        }
      },
      {
        "fitness": 0,
        "expressions": {
          "r": "x",
          "b": "y",
          "g": "x"
        }
      },
      {
        "fitness": 0,
        "expressions": {
          "r": "y",
          "b": "y",
          "g": "y"
        }
      },
      {
        "fitness": 0,
        "expressions": {
          "r": "0.36487508",
          "b": "x",
          "g": "x"
        }
      },
      {
        "fitness": 0,
        "expressions": {
          "r": "x",
          "b": "x",
          "g": "0.35488176"
        }
      },
      {
        "fitness": 0,
        "expressions": {
          "r": "x",
          "b": "x",
          "g": "x"
        }
      },
      {
        "fitness": 0,
        "expressions": {
          "r": "0.8866098",
          "b": "0.1915114",
          "g": "y"
        }
      },
      {
        "fitness": 0,
        "expressions": {
          "r": "0.9536524",
          "b": "y",
          "g": "0.46309614"
        }
      },
      {
        "fitness": 0,
        "expressions": {
          "r": "0.08820963",
          "b": "x",
          "g": "0.86554694"
        }
      },
      {
        "fitness": 0,
        "expressions": {
          "r": "x",
          "b": "0.070798635",
          "g": "y"
        }
      },
      {
        "fitness": 0,
        "expressions": {
          "r": "y",
          "b": "y",
          "g": "0.97577024"
        }
      },
      {
        "fitness": 0,
        "expressions": {
          "r": "y",
          "b": "0.0010941029",
          "g": "x"
        }
      },
      {
        "fitness": 0,
        "expressions": {
          "r": "0.7912502",
          "b": "x",
          "g": "y"
        }
      },
      {
        "fitness": 0,
        "expressions": {
          "r": "0.32672453",
          "b": "x",
          "g": "y"
        }
      },
      {
        "fitness": 0,
        "expressions": {
          "r": "0.37648225",
          "b": "y",
          "g": "x"
        }
      }
    ],
    "timestamp": "0h:25m:0s"
  }],
  "timestamp": "2024-07-27-00-24-57"
}