{
  "id": "9nbtyb2k-icp5-3zqo-s5xu-5n5n3ofbsuok",
  "parameters": {
    "crossoverRate": 0.30000001192092896,
    "eliteSize": 2,
    "tournamentSize": 3,
    "mutationRate": 0.8999999761581421,
    "populationSize": 10
  },
  "populations": [{
    "generation": 0,
    "id": "9mdl2ktc-x971-p08e-bc1v-0ts7aa8frs41",
    "individuals": [
      {
        "fitness": 0,
        "expressions": {
          "r": "tan(pow((y+0.23756951),0.61239123))",
          "b": "tan(pow((0.91665834+0.847609),0.11710578))",
          "g": "tan(pow((y+0.96536386),x))"
        }
      },
      {
        "fitness": 0,
        "expressions": {
          "r": "(y+0.8070232)",
          "b": "(0.7074176+0.17564785)",
          "g": "(0.4711792+x)"
        }
      },
      {
        "fitness": 0,
        "expressions": {
          "r": "(y+0.8482806)",
          "b": "(x+0.73868)",
          "g": "(x+0.1686219)"
        }
      },
      {
        "fitness": 0,
        "expressions": {
          "r": "auh(max(cos(y),auh(y,0.23141259)),tan(0.6375146))",
          "b": "auh(max(cos(0.27557516),auh(x,x)),tan(0.40811563))",
          "g": "auh(max(cos(0.79061186),auh(x,y)),tan(x))"
        }
      },
      {
        "fitness": 0,
        "expressions": {
          "r": "(0.7691501+x)",
          "b": "(x+x)",
          "g": "(0.7709679+x)"
        }
      },
      {
        "fitness": 0,
        "expressions": {
          "r": "(0.79717755+x)",
          "b": "(y+y)",
          "g": "(x+0.42716128)"
        }
      },
      {
        "fitness": 0,
        "expressions": {
          "r": "aud(0.13488472,aul(auh(0.7212866,y),x))",
          "b": "aud(x,aul(auh(x,0.31303525),x))",
          "g": "aud(x,aul(auh(0.5497704,y),x))"
        }
      },
      {
        "fitness": 0,
        "expressions": {
          "r": "(0.49704534+y)",
          "b": "(0.47064632+0.90609384)",
          "g": "(0.8588047+0.2614705)"
        }
      },
      {
        "fitness": 0,
        "expressions": {
          "r": "pow(0.99174196,(var(y)-0.5102513))",
          "b": "pow(x,(var(x)-0.69119793))",
          "g": "pow(0.9823276,(var(0.25060952)-0.88028383))"
        }
      },
      {
        "fitness": 0,
        "expressions": {
          "r": "aul((x/min(x,0.2770264)),y)",
          "b": "aul((y/min(x,x)),y)",
          "g": "aul((y/min(0.102250814,0.69070065)),x)"
        }
      },
      {
        "fitness": 0,
        "expressions": {
          "r": "(y+x)",
          "b": "(0.3007933+0.7696438)",
          "g": "(x+y)"
        }
      },
      {
        "fitness": 0,
        "expressions": {
          "r": "auh(sin(0.5317828),0.81562114)",
          "b": "auh(sin(y),y)",
          "g": "auh(sin(x),y)"
        }
      },
      {
        "fitness": 0,
        "expressions": {
          "r": "(y+y)",
          "b": "(x+0.4697129)",
          "g": "(x+x)"
        }
      },
      {
        "fitness": 0,
        "expressions": {
          "r": "(x+0.70647794)",
          "b": "(y+0.31976706)",
          "g": "(y+0.32333368)"
        }
      },
      {
        "fitness": 0,
        "expressions": {
          "r": "(x+0.26145923)",
          "b": "(0.33827198+x)",
          "g": "(x+x)"
        }
      },
      {
        "fitness": 0,
        "expressions": {
          "r": "aud((aul(0.95359415,0.63185674)/cos(x)),0.082935154)",
          "b": "aud((aul(y,y)/cos(x)),x)",
          "g": "aud((aul(0.11550236,0.097237766)/cos(y)),0.26916754)"
        }
      },
      {
        "fitness": 0,
        "expressions": {
          "r": "(0.6616144/y)",
          "b": "(0.95712733/x)",
          "g": "(y/0.062918186)"
        }
      },
      {
        "fitness": 0,
        "expressions": {
          "r": "aud(cos(auh(0.32952923,y)),tan(0.74378425))",
          "b": "aud(cos(auh(y,0.95393103)),tan(y))",
          "g": "aud(cos(auh(y,y)),tan(0.81394315))"
        }
      }
    ],
    "timestamp": "17h:20m:2s"
  }],
  "timestamp": "2024-07-04-17-20-00"
}