{
  "id": "9noqstci-u6o3-z8nq-cfrp-gxf0a26tzs2r",
  "parameters": {
    "crossoverRate": 0.30000001192092896,
    "eliteSize": 2,
    "tournamentSize": 3,
    "mutationRate": 0.8999999761581421,
    "populationSize": 10
  },
  "populations": [{
    "generation": 0,
    "id": "ch5welpb-fvyj-kojg-utjd-jrh4sl9sh3u9",
    "individuals": [
      {
        "fitness": 0,
        "expressions": {
          "r": "min((var(0.8402912)+var(x)),x)",
          "b": "min((var(y)+var(x)),0.019659698)",
          "g": "min((var(0.524494)+var(y)),0.88877106)"
        }
      },
      {
        "fitness": 0,
        "expressions": {
          "r": "(y+x)",
          "b": "(y+x)",
          "g": "(y+0.267133)"
        }
      },
      {
        "fitness": 0,
        "expressions": {
          "r": "(x+y)",
          "b": "(0.3680327+x)",
          "g": "(y+y)"
        }
      },
      {
        "fitness": 0,
        "expressions": {
          "r": "(sin((x*0.028692126))+0.28847247)",
          "b": "(sin((x*x))+0.3863477)",
          "g": "(sin((0.4202367*0.9579733))+0.66649354)"
        }
      },
      {
        "fitness": 0,
        "expressions": {
          "r": "(y+0.49179214)",
          "b": "(y+x)",
          "g": "(0.3451041+0.195422)"
        }
      },
      {
        "fitness": 0,
        "expressions": {
          "r": "cos(aud(min(x,0.13375336),min(0.056285262,x)))",
          "b": "cos(aud(min(0.28065008,y),min(x,y)))",
          "g": "cos(aud(min(x,0.08511686),min(x,y)))"
        }
      },
      {
        "fitness": 0,
        "expressions": {
          "r": "(x+y)",
          "b": "(0.20539105+y)",
          "g": "(0.7109476+x)"
        }
      },
      {
        "fitness": 0,
        "expressions": {
          "r": "(x+y)",
          "b": "(0.95768327+0.6377435)",
          "g": "(y+0.88649136)"
        }
      },
      {
        "fitness": 0,
        "expressions": {
          "r": "(x+y)",
          "b": "(x+y)",
          "g": "(y+x)"
        }
      },
      {
        "fitness": 0,
        "expressions": {
          "r": "(tan(x)+max(tan(x),pow(y,y)))",
          "b": "(tan(y)+max(tan(0.9466567),pow(x,x)))",
          "g": "(tan(y)+max(tan(y),pow(y,0.024628043)))"
        }
      },
      {
        "fitness": 0,
        "expressions": {
          "r": "(y+0.97130334)",
          "b": "(x+x)",
          "g": "(0.34921056+0.7721216)"
        }
      },
      {
        "fitness": 0,
        "expressions": {
          "r": "(0.5930697+0.77118874)",
          "b": "(0.2767943+y)",
          "g": "(y+y)"
        }
      },
      {
        "fitness": 0,
        "expressions": {
          "r": "auh(max((0.69131845*y),sin(0.549416)),min((x+y),(0.49381256/y)))",
          "b": "auh(max((x*0.5905076),sin(y)),min((x+y),(0.7900915/y)))",
          "g": "auh(max((x*x),sin(y)),min((x+x),(x/y)))"
        }
      },
      {
        "fitness": 0,
        "expressions": {
          "r": "pow(min(y,aud(x,y)),(sin(y)+y))",
          "b": "pow(min(y,aud(y,y)),(sin(x)+x))",
          "g": "pow(min(y,aud(x,0.15674025)),(sin(0.98808235)+0.63223904))"
        }
      },
      {
        "fitness": 0,
        "expressions": {
          "r": "auh((0.32623816+max(0.09316027,x)),0.6529289)",
          "b": "auh((y+max(y,y)),y)",
          "g": "auh((y+max(y,x)),0.25991374)"
        }
      },
      {
        "fitness": 0,
        "expressions": {
          "r": "(x+x)",
          "b": "(x+y)",
          "g": "(y+y)"
        }
      },
      {
        "fitness": 0,
        "expressions": {
          "r": "(y+y)",
          "b": "(y+0.38256294)",
          "g": "(y+x)"
        }
      },
      {
        "fitness": 0,
        "expressions": {
          "r": "pow(sin(aud(y,x)),min(0.7629483,y))",
          "b": "pow(sin(aud(y,x)),min(y,x))",
          "g": "pow(sin(aud(x,y)),min(y,x))"
        }
      }
    ],
    "timestamp": "17h:23m:17s"
  }],
  "timestamp": "2024-07-04-17-23-15"
}