{
  "id": "9yckdjjg-2w3z-c2n1-hc4c-urr3vkcl4gwn",
  "parameters": {
    "crossoverRate": 0,
    "eliteSize": 0,
    "tournamentSize": 0,
    "mutationRate": 0,
    "populationSize": 0
  },
  "populations": [{
    "generation": 0,
    "id": "dswsg18s-rwn1-tlzm-xo0y-xvqo93hzbnxc",
    "individuals": [
      {
        "fitness": 0,
        "expressions": {
          "r": "x",
          "b": "0.019186258",
          "g": "0.9865029"
        }
      },
      {
        "fitness": 0,
        "expressions": {
          "r": "x",
          "b": "0.599257",
          "g": "0.65321517"
        }
      },
      {
        "fitness": 0,
        "expressions": {
          "r": "y",
          "b": "y",
          "g": "0.92497134"
        }
      },
      {
        "fitness": 0,
        "expressions": {
          "r": "x",
          "b": "0.067151785",
          "g": "x"
        }
      },
      {
        "fitness": 0,
        "expressions": {
          "r": "y",
          "b": "0.35626578",
          "g": "x"
        }
      },
      {
        "fitness": 0,
        "expressions": {
          "r": "0.34713507",
          "b": "y",
          "g": "0.17426968"
        }
      },
      {
        "fitness": 0,
        "expressions": {
          "r": "0.36568904",
          "b": "y",
          "g": "x"
        }
      },
      {
        "fitness": 0,
        "expressions": {
          "r": "0.124385834",
          "b": "0.45883942",
          "g": "x"
        }
      },
      {
        "fitness": 0,
        "expressions": {
          "r": "y",
          "b": "0.7828307",
          "g": "y"
        }
      },
      {
        "fitness": 0,
        "expressions": {
          "r": "y",
          "b": "y",
          "g": "y"
        }
      },
      {
        "fitness": 0,
        "expressions": {
          "r": "0.27692842",
          "b": "x",
          "g": "x"
        }
      },
      {
        "fitness": 0,
        "expressions": {
          "r": "x",
          "b": "x",
          "g": "0.023860931"
        }
      },
      {
        "fitness": 0,
        "expressions": {
          "r": "x",
          "b": "0.830708",
          "g": "x"
        }
      },
      {
        "fitness": 0,
        "expressions": {
          "r": "y",
          "b": "y",
          "g": "0.2587142"
        }
      },
      {
        "fitness": 0,
        "expressions": {
          "r": "x",
          "b": "x",
          "g": "0.34673667"
        }
      },
      {
        "fitness": 0,
        "expressions": {
          "r": "x",
          "b": "0.57141685",
          "g": "y"
        }
      },
      {
        "fitness": 0,
        "expressions": {
          "r": "y",
          "b": "x",
          "g": "0.7963197"
        }
      },
      {
        "fitness": 0,
        "expressions": {
          "r": "0.5234461",
          "b": "0.45916986",
          "g": "y"
        }
      }
    ],
    "timestamp": "0h:17m:18s"
  }],
  "timestamp": "2024-07-27-00-17-16"
}