{
  "id": "a5iufv4c-xv5h-w4v6-97cw-l0wiacw4bgd6",
  "parameters": {
    "crossoverRate": 0.30000001192092896,
    "eliteSize": 2,
    "tournamentSize": 3,
    "mutationRate": 0.8999999761581421,
    "populationSize": 10
  },
  "populations": [{
    "generation": 0,
    "id": "5xeur2p1-q3w8-mpct-nziv-6aev0ns3ze39",
    "individuals": [
      {
        "fitness": 0,
        "expressions": {
          "r": "cos(y)",
          "b": "cos(0.8961212)",
          "g": "cos(x)"
        }
      },
      {
        "fitness": 0,
        "expressions": {
          "r": "(0.4148789+x)",
          "b": "(x+y)",
          "g": "(x+x)"
        }
      },
      {
        "fitness": 0,
        "expressions": {
          "r": "min(max((x+0.6417591),0.58884627),0.4899829)",
          "b": "min(max((x+y),x),0.27993947)",
          "g": "min(max((y+x),x),y)"
        }
      },
      {
        "fitness": 0,
        "expressions": {
          "r": "(x+0.35470122)",
          "b": "(y+0.6036869)",
          "g": "(x+0.19901365)"
        }
      },
      {
        "fitness": 0,
        "expressions": {
          "r": "(x+y)",
          "b": "(x+0.46489906)",
          "g": "(y+0.9819592)"
        }
      },
      {
        "fitness": 0,
        "expressions": {
          "r": "(x+y)",
          "b": "(x+x)",
          "g": "(0.20536298+0.47121513)"
        }
      },
      {
        "fitness": 0,
        "expressions": {
          "r": "(y+0.0010365844)",
          "b": "(y+x)",
          "g": "(y+y)"
        }
      },
      {
        "fitness": 0,
        "expressions": {
          "r": "aud(x,(x*x))",
          "b": "aud(0.08685976,(0.72936004*0.14819133))",
          "g": "aud(y,(y*0.3451243))"
        }
      },
      {
        "fitness": 0,
        "expressions": {
          "r": "(0.95568806+x)",
          "b": "(0.9169178+0.528643)",
          "g": "(y+0.29747647)"
        }
      },
      {
        "fitness": 0,
        "expressions": {
          "r": "auh(cos(aul(x,0.18655282)),0.9900611)",
          "b": "auh(cos(aul(x,x)),y)",
          "g": "auh(cos(aul(x,y)),x)"
        }
      },
      {
        "fitness": 0,
        "expressions": {
          "r": "(0.007203698+x)",
          "b": "(y+y)",
          "g": "(x+x)"
        }
      },
      {
        "fitness": 0,
        "expressions": {
          "r": "aud(y,x)",
          "b": "aud(y,x)",
          "g": "aud(0.27010953,x)"
        }
      },
      {
        "fitness": 0,
        "expressions": {
          "r": "(y+y)",
          "b": "(x+x)",
          "g": "(x+y)"
        }
      },
      {
        "fitness": 0,
        "expressions": {
          "r": "(0.70666784+x)",
          "b": "(x+x)",
          "g": "(x+x)"
        }
      },
      {
        "fitness": 0,
        "expressions": {
          "r": "(y+x)",
          "b": "(0.87460434+x)",
          "g": "(x+0.15578341)"
        }
      },
      {
        "fitness": 0,
        "expressions": {
          "r": "(y+0.43035436)",
          "b": "(0.3678825+y)",
          "g": "(x+0.94839585)"
        }
      },
      {
        "fitness": 0,
        "expressions": {
          "r": "cos((0.7631421*var(0.09273291)))",
          "b": "cos((y*var(x)))",
          "g": "cos((y*var(x)))"
        }
      },
      {
        "fitness": 0,
        "expressions": {
          "r": "(0.74375045+0.8856422)",
          "b": "(0.44143832+y)",
          "g": "(0.749701+0.7189275)"
        }
      }
    ],
    "timestamp": "19h:14m:39s"
  }],
  "timestamp": "2024-07-14-19-14-36"
}