{
  "id": "a7nyehn1-6d5p-vtbd-x3iz-4n5wf36xagwa",
  "parameters": {
    "crossoverRate": 0.30000001192092896,
    "eliteSize": 2,
    "tournamentSize": 3,
    "mutationRate": 0.8999999761581421,
    "populationSize": 10
  },
  "populations": [{
    "generation": 0,
    "id": "vltm4p0p-mrft-vwnk-4u2s-vj2jqg5ck7lq",
    "individuals": [
      {
        "fitness": 0,
        "expressions": {
          "r": "(y+x)",
          "b": "(x+x)",
          "g": "(0.6829237+x)"
        }
      },
      {
        "fitness": 0,
        "expressions": {
          "r": "(0.25008363-(x+cos(0.22617012)))",
          "b": "(0.59374076-(0.5617903+cos(0.89359456)))",
          "g": "(y-(0.46940356+cos(x)))"
        }
      },
      {
        "fitness": 0,
        "expressions": {
          "r": "(0.14720714+y)",
          "b": "(0.14882433+0.90738326)",
          "g": "(x+x)"
        }
      },
      {
        "fitness": 0,
        "expressions": {
          "r": "(aul((y*y),0.30062467)*auh(y,0.7080025))",
          "b": "(aul((x*y),y)*auh(y,x))",
          "g": "(aul((x*0.21447265),x)*auh(x,x))"
        }
      },
      {
        "fitness": 0,
        "expressions": {
          "r": "(y+y)",
          "b": "(y+x)",
          "g": "(x+x)"
        }
      },
      {
        "fitness": 0,
        "expressions": {
          "r": "aud(x,(x-0.685713))",
          "b": "aud(0.11133903,(0.63130224-y))",
          "g": "aud(0.30370224,(x-0.20999247))"
        }
      },
      {
        "fitness": 0,
        "expressions": {
          "r": "(0.4533856+0.15068632)",
          "b": "(y+x)",
          "g": "(x+x)"
        }
      },
      {
        "fitness": 0,
        "expressions": {
          "r": "max(0.01846397,pow(y,(x/x)))",
          "b": "max(x,pow(0.5347034,(0.18317413/0.84585124)))",
          "g": "max(y,pow(0.92436415,(0.73794276/x)))"
        }
      },
      {
        "fitness": 0,
        "expressions": {
          "r": "max(var(cos(0.3246367)),x)",
          "b": "max(var(cos(0.97300994)),y)",
          "g": "max(var(cos(x)),x)"
        }
      },
      {
        "fitness": 0,
        "expressions": {
          "r": "tan(aul(0.9046122,y))",
          "b": "tan(aul(y,y))",
          "g": "tan(aul(0.76336706,x))"
        }
      },
      {
        "fitness": 0,
        "expressions": {
          "r": "(x-(0.6763074-y))",
          "b": "(x-(x-y))",
          "g": "(y-(0.55900794-0.6262536))"
        }
      },
      {
        "fitness": 0,
        "expressions": {
          "r": "(x+y)",
          "b": "(0.38000876+x)",
          "g": "(y+x)"
        }
      },
      {
        "fitness": 0,
        "expressions": {
          "r": "(x+y)",
          "b": "(y+x)",
          "g": "(0.84981877+x)"
        }
      },
      {
        "fitness": 0,
        "expressions": {
          "r": "(y+x)",
          "b": "(0.94824886+y)",
          "g": "(y+x)"
        }
      },
      {
        "fitness": 0,
        "expressions": {
          "r": "min(y,var(0.34147024))",
          "b": "min(x,var(x))",
          "g": "min(y,var(x))"
        }
      },
      {
        "fitness": 0,
        "expressions": {
          "r": "((aul(y,x)+aul(y,0.19685054))*x)",
          "b": "((aul(x,y)+aul(0.0028560162,0.97524387))*0.84275365)",
          "g": "((aul(x,0.32027972)+aul(0.15517008,x))*x)"
        }
      },
      {
        "fitness": 0,
        "expressions": {
          "r": "(0.3070584+x)",
          "b": "(x+0.30370456)",
          "g": "(x+x)"
        }
      },
      {
        "fitness": 0,
        "expressions": {
          "r": "tan(aul(y,aud(y,0.40429223)))",
          "b": "tan(aul(0.01394695,aud(y,x)))",
          "g": "tan(aul(x,aud(x,x)))"
        }
      }
    ],
    "timestamp": "22h:59m:1s"
  }],
  "timestamp": "2024-07-03-22-58-58"
}