{
  "id": "ac6ed17c-5hqj-0174-uyvc-j3kbf8pyfscp",
  "parameters": {
    "crossoverRate": 0.30000001192092896,
    "eliteSize": 2,
    "tournamentSize": 3,
    "mutationRate": 0.8999999761581421,
    "populationSize": 10
  },
  "populations": [
    {
      "generation": 0,
      "id": "skai3f27-fuhv-tj9p-lg1r-e0u0abem6j3f",
      "individuals": [
        {
          "fitness": 0,
          "expressions": {
            "r": "(auh((y*0.06848127),sin(y))*min((0.821677/x),min(x,y)))",
            "b": "(auh((0.3575458*0.0061710477),sin(0.7173511))*min((x/y),min(0.82660353,y)))",
            "g": "(auh((y*0.8338169),sin(y))*min((0.025330424/x),min(0.58147734,0.36500823)))"
          }
        },
        {
          "fitness": 0,
          "expressions": {
            "r": "max(x,x)",
            "b": "max(x,x)",
            "g": "max(0.8854925,x)"
          }
        },
        {
          "fitness": 0,
          "expressions": {
            "r": "(cos(0.5785151)-tan(x))",
            "b": "(cos(y)-tan(y))",
            "g": "(cos(x)-tan(0.06263924))"
          }
        },
        {
          "fitness": 0,
          "expressions": {
            "r": "(x+0.8576156)",
            "b": "(x+x)",
            "g": "(0.5984005+x)"
          }
        },
        {
          "fitness": 0,
          "expressions": {
            "r": "(0.20978934+x)",
            "b": "(0.069627106+y)",
            "g": "(y+x)"
          }
        },
        {
          "fitness": 0,
          "expressions": {
            "r": "(y+y)",
            "b": "(0.017748892+0.54506993)",
            "g": "(0.054643214+x)"
          }
        },
        {
          "fitness": 0,
          "expressions": {
            "r": "(y*x)",
            "b": "(y*0.4065991)",
            "g": "(0.10851592*0.72679174)"
          }
        },
        {
          "fitness": 0,
          "expressions": {
            "r": "aul(0.12729532,aud(auh(y,0.23774332),y))",
            "b": "aul(0.28256893,aud(auh(x,0.71869665),x))",
            "g": "aul(y,aud(auh(0.62201804,0.16771263),y))"
          }
        },
        {
          "fitness": 0,
          "expressions": {
            "r": "auh(y,y)",
            "b": "auh(x,y)",
            "g": "auh(x,0.07415861)"
          }
        },
        {
          "fitness": 0,
          "expressions": {
            "r": "min(max(x,(x+0.7747473)),aud(cos(x),pow(x,0.5497754)))",
            "b": "min(max(x,(y+0.6729453)),aud(cos(x),pow(y,0.29841238)))",
            "g": "min(max(0.34838104,(y+0.4289934)),aud(cos(x),pow(x,y)))"
          }
        },
        {
          "fitness": 0,
          "expressions": {
            "r": "min(cos(0.5166008),max(x,aul(x,x)))",
            "b": "min(cos(0.5997838),max(x,aul(0.49842954,0.48597997)))",
            "g": "min(cos(y),max(0.06550741,aul(0.83723617,y)))"
          }
        },
        {
          "fitness": 0,
          "expressions": {
            "r": "(y+y)",
            "b": "(0.07357085+x)",
            "g": "(0.04741788+y)"
          }
        },
        {
          "fitness": 0,
          "expressions": {
            "r": "(x+aud(x,min(0.7365178,y)))",
            "b": "(x+aud(0.1280542,min(0.7513865,0.061513424)))",
            "g": "(0.6013815+aud(0.52314234,min(y,0.493841)))"
          }
        },
        {
          "fitness": 0,
          "expressions": {
            "r": "(x-((y+0.4673615)*(y+y)))",
            "b": "(0.9753222-((x+0.32411402)*(0.43907547+x)))",
            "g": "(0.52195287-((y+0.6838925)*(x+0.5680627)))"
          }
        },
        {
          "fitness": 0,
          "expressions": {
            "r": "aul(cos(0.93212736),x)",
            "b": "aul(cos(x),y)",
            "g": "aul(cos(x),y)"
          }
        },
        {
          "fitness": 0,
          "expressions": {
            "r": "(0.40948784+x)",
            "b": "(y+y)",
            "g": "(x+0.5796245)"
          }
        },
        {
          "fitness": 0,
          "expressions": {
            "r": "pow(0.45272237,y)",
            "b": "pow(y,y)",
            "g": "pow(x,0.5454721)"
          }
        },
        {
          "fitness": 0,
          "expressions": {
            "r": "(y+y)",
            "b": "(y+x)",
            "g": "(0.5238789+x)"
          }
        }
      ],
      "timestamp": "17h:14m:29s"
    },
    {
      "generation": 1,
      "ascendantID": "skai3f27-fuhv-tj9p-lg1r-e0u0abem6j3f",
      "id": "nunh2olq-ghx3-ofk7-ncts-h4j6o6pgx4j4",
      "individuals": [
        {
          "fitness": 0,
          "expressions": {
            "r": "min(max(x,(x+0.7747473)),aud(cos(x),pow(x,0.5497754)))",
            "b": "min(max(x,(y+0.6729453)),aud(cos(x),pow(y,0.29841238)))",
            "g": "min(max(0.34838104,(y+0.4289934)),aud(cos(x),pow(x,y)))"
          }
        },
        {
          "fitness": 0,
          "expressions": {
            "r": "(y+x)",
            "b": "(y+y)",
            "g": "(0.5238789+y)"
          }
        },
        {
          "fitness": 0,
          "expressions": {
            "r": "auh(x,(x+y))",
            "b": "auh(x,(x+0.9067408))",
            "g": "auh(0.8854925,(y+x))"
          }
        },
        {
          "fitness": 0,
          "expressions": {
            "r": "auh(min(max(pow(y,x),max(0.36768436,y)),(cos(x)*x)),y)",
            "b": "auh(min(max(pow(x,x),max(0.68974525,x)),(cos(0.48956805)*0.85773253)),y)",
            "g": "auh(min(max(pow(0.6394202,x),max(0.807773,y)),(cos(0.3023048)*y)),0.07415861)"
          }
        },
        {
          "fitness": 0,
          "expressions": {
            "r": "auh(y,y)",
            "b": "auh(x,y)",
            "g": "auh(x,0.07415861)"
          }
        },
        {
          "fitness": 0,
          "expressions": {
            "r": "aul(0.12729532,aud(max((y+y),(x+y)),(x+x)))",
            "b": "aul(0.28256893,aud(max((0.065714836+0.71796066),(y+x)),(y+x)))",
            "g": "aul(y,aud(max((y+y),(x+0.032522142)),(0.9046313+x)))"
          }
        },
        {
          "fitness": 0,
          "expressions": {
            "r": "(auh(((0.101493716+0.4359818)*(0.8023254+0.046853364)),sin(y))*min(((0.05546236+x)/x),max((y+0.3246045),y)))",
            "b": "(auh(((0.1123606+0.17226827)*(x+0.44668078)),sin(0.7173511))*min(((x+y)/y),max((y+0.30233663),y)))",
            "g": "(auh(((y+0.33788306)*(y+0.44053334)),sin(y))*min(((0.38719976+0.8062057)/x),max((y+y),0.36500823)))"
          }
        },
        {
          "fitness": 0,
          "expressions": {
            "r": "(auh((y*(x+0.28964925)),sin(y))*pow((0.821677/x),min(x,y)))",
            "b": "(auh((0.3575458*(x+y)),sin(0.7173511))*pow((x/y),min(0.82660353,y)))",
            "g": "(auh((y*(y+0.41730756)),sin(y))*pow((0.025330424/x),min(0.58147734,0.36500823)))"
          }
        },
        {
          "fitness": 0,
          "expressions": {
            "r": "min(pow(x,(cos(0.0)+0.7747473)),aud(0.20978934,pow((y+y),0.5497754)))",
            "b": "min(pow(x,(cos(0.0)+0.6729453)),aud(0.069627106,pow((x+0.4523574),0.29841238)))",
            "g": "min(pow(0.34838104,(cos(0.0)+0.4289934)),aud(y,pow((x+0.18422663),y)))"
          }
        },
        {
          "fitness": 0,
          "expressions": {
            "r": "aud(cos((x+0.09080458)),x)",
            "b": "aud(cos((x+0.7760866)),y)",
            "g": "aud(cos((y+x)),y)"
          }
        },
        {
          "fitness": 0,
          "expressions": {
            "r": "aud((y+0.829967),aud(max((0.43971062+x),0.23774332),y))",
            "b": "aud((0.12783086+x),aud(max((0.21237373+x),0.71869665),x))",
            "g": "aud((0.68248075+x),aud(max((y+y),0.16771263),y))"
          }
        },
        {
          "fitness": 0,
          "expressions": {
            "r": "(x+(x+x))",
            "b": "(x+(y+x))",
            "g": "(0.5984005+(0.52654445+y))"
          }
        },
        {
          "fitness": 0,
          "expressions": {
            "r": "pow(0.45272237,y)",
            "b": "pow(y,y)",
            "g": "pow(x,0.5454721)"
          }
        },
        {
          "fitness": 0,
          "expressions": {
            "r": "aul(0.12729532,aud(auh((y+0.2664714),0.23774332),y))",
            "b": "aul(0.28256893,aud(auh((x+0.4748599),0.71869665),x))",
            "g": "aul(y,aud(auh((0.19440454+0.8691484),0.16771263),y))"
          }
        },
        {
          "fitness": 0,
          "expressions": {
            "r": "(x+(0.8736443+x))",
            "b": "(x+(y+x))",
            "g": "(0.5984005+(y+x))"
          }
        },
        {
          "fitness": 0,
          "expressions": {
            "r": "auh((0.70151657+0.29279673),y)",
            "b": "auh((0.5419473+0.7801659),y)",
            "g": "auh((x+y),0.07415861)"
          }
        },
        {
          "fitness": 0,
          "expressions": {
            "r": "(auh((y*0.06848127),sin(0.20978934))-min((0.821677/x),min((x+0.72305363),(y+x))))",
            "b": "(auh((0.3575458*0.0061710477),sin(0.069627106))-min((x/y),min((0.32066667+0.54780453),(y+0.84538615))))",
            "g": "(auh((y*0.8338169),sin(y))-min((0.025330424/x),min((0.5650808+y),(x+y))))"
          }
        },
        {
          "fitness": 0,
          "expressions": {
            "r": "(x*max(0.30053705,y))",
            "b": "(0.4065991*max(x,y))",
            "g": "(0.72679174*max(0.4024036,x))"
          }
        }
      ],
      "timestamp": "17h:14m:38s"
    },
    {
      "generation": 2,
      "ascendantID": "nunh2olq-ghx3-ofk7-ncts-h4j6o6pgx4j4",
      "id": "j8tw7798-ht0k-6cij-s5sw-87j0gt6sfaji",
      "individuals": [
        {
          "fitness": 0,
          "expressions": {
            "r": "min(max(x,(x+0.7747473)),aud(cos(x),pow(x,0.5497754)))",
            "b": "min(max(x,(y+0.6729453)),aud(cos(x),pow(y,0.29841238)))",
            "g": "min(max(0.34838104,(y+0.4289934)),aud(cos(x),pow(x,y)))"
          }
        },
        {
          "fitness": 0,
          "expressions": {
            "r": "(auh((y/0.06848127),sin(0.20978934))-min((0.821677/(y+y)),min((x+0.72305363),(y+x))))",
            "b": "(auh((0.3575458/0.0061710477),sin(0.069627106))-min((x/(x+x)),min((0.32066667+0.54780453),(x+0.84538615))))",
            "g": "(auh((y/0.8338169),sin(y))-min((0.025330424/(0.9087235+y)),min((0.5650808+y),(y+y))))"
          }
        },
        {
          "fitness": 0,
          "expressions": {
            "r": "aud(cos((x+(y+x))),(x+x))",
            "b": "aud(cos((x+(x+y))),(x+y))",
            "g": "aud(cos((y+(0.1929794+y))),(0.34386545+y))"
          }
        },
        {
          "fitness": 0,
          "expressions": {
            "r": "aud(cos((x+(0.95065963+0.61349773))),x)",
            "b": "aud(cos((x+(y+0.0020322204))),y)",
            "g": "aud(cos((y+(y+y))),y)"
          }
        },
        {
          "fitness": 0,
          "expressions": {
            "r": "((0.16773677+0.4682969)+max(0.30053705,y))",
            "b": "((y+y)+max(x,y))",
            "g": "((x+y)+max(0.4024036,x))"
          }
        },
        {
          "fitness": 0,
          "expressions": {
            "r": "min(max(auh(x,cos(0.16274196)),((0.5134683+y)+(0.069132686+x))),aud(cos((y+y)),pow(x,(0.5905017+y))))",
            "b": "min(max(auh(y,cos(x)),((x+y)+(0.3617962+x))),aud(cos((y+0.5611816)),pow(y,(x+y))))",
            "g": "min(max(auh(y,cos(x)),((y+0.6233352)+(0.6939892+x))),aud(cos((y+y)),pow(x,(y+y))))"
          }
        },
        {
          "fitness": 0,
          "expressions": {
            "r": "min(max(x,((x+x)+0.7747473)),aud(cos((x+y)),((0.6652295+y)+(0.98745507+x))))",
            "b": "min(max(x,((y+y)+0.6729453)),aud(cos((x+0.7050113)),((y+x)+(y+x))))",
            "g": "min(max(0.34838104,((y+0.1296013)+0.4289934)),aud(cos((x+y)),((y+x)+(0.52654445+y))))"
          }
        },
        {
          "fitness": 0,
          "expressions": {
            "r": "pow(max(x,(x+(x+x))),aud(cos(x),pow(x,0.5497754)))",
            "b": "pow(max(x,(y+(y+x))),aud(cos(x),pow(y,0.29841238)))",
            "g": "pow(max(0.34838104,(y+(0.7108537+0.88750184))),aud(cos(x),pow(x,y)))"
          }
        },
        {
          "fitness": 0,
          "expressions": {
            "r": "pow((0.5493901+0.5572849),aud(cos(x),pow(x,0.5497754)))",
            "b": "pow((0.603774+0.3721969),aud(cos(x),pow(y,0.29841238)))",
            "g": "pow((y+y),aud(cos(x),pow(x,y)))"
          }
        },
        {
          "fitness": 0,
          "expressions": {
            "r": "(x*max(0.30053705,y))",
            "b": "(0.4065991*max(x,y))",
            "g": "(0.72679174*max(0.4024036,x))"
          }
        },
        {
          "fitness": 0,
          "expressions": {
            "r": "aul(aul(y,aul(y,aul(x,0.6328363))),aud(auh((y+0.2664714),0.23774332),y))",
            "b": "aul(aul(0.269,aul(0.023868442,aul(y,0.6489458))),aud(auh((x+0.4748599),0.71869665),x))",
            "g": "aul(aul(y,aul(0.5660137,aul(0.1066407,y))),aud(auh((0.19440454+0.8691484),0.16771263),y))"
          }
        },
        {
          "fitness": 0,
          "expressions": {
            "r": "auh(x,(x+y))",
            "b": "auh(x,(x+0.9067408))",
            "g": "auh(0.8854925,(y+x))"
          }
        },
        {
          "fitness": 0,
          "expressions": {
            "r": "pow(aul(tan(aud(0.9326842,0.0)),y),y)",
            "b": "pow(aul(tan(aud(0.9745032,0.0)),y),y)",
            "g": "pow(aul(tan(aud(y,0.0)),0.07415861),0.5454721)"
          }
        },
        {
          "fitness": 0,
          "expressions": {
            "r": "pow(0.45272237,(0.9623063+x))",
            "b": "pow(y,(x+x))",
            "g": "pow(x,(x+0.6564456))"
          }
        },
        {
          "fitness": 0,
          "expressions": {
            "r": "(max((x+0.12254226),((0.27302063+0.12400353)*(x+y)))+x)",
            "b": "(max((x+y),((y+y)*(y+y)))+y)",
            "g": "(max((x+x),((y+0.18161148)*(x+x)))+y)"
          }
        },
        {
          "fitness": 0,
          "expressions": {
            "r": "pow(max(x,(x+(x+0.26639378))),aud(cos(y),pow((y+y),0.5497754)))",
            "b": "pow(max(x,(y+(0.9306264+x))),aud(cos(y),pow((0.066743374+0.06855333),0.29841238)))",
            "g": "pow(max(0.34838104,(y+(y+0.108769655))),aud(cos(x),pow((x+x),y)))"
          }
        },
        {
          "fitness": 0,
          "expressions": {
            "r": "min(min(x,(x+(y+x))),aud(cos(x),pow((x+0.8911314),max(0.0,y))))",
            "b": "min(min(x,(y+(y+y))),aud(cos(x),pow((0.51435274+y),max(0.0,0.22665703))))",
            "g": "min(min(0.34838104,(y+(x+y))),aud(cos(x),pow((0.3496508+x),max(0.0,x))))"
          }
        },
        {
          "fitness": 0,
          "expressions": {
            "r": "aul(((x+0.054172218)+0.829967),aud(max((0.61844265+x),(y+0.2199753)),(y+y)))",
            "b": "aul(((x+x)+x),aud(max((0.21237373+x),(y+x)),(x+y)))",
            "g": "aul(((0.61481524+0.6392802)+x),aud(max((y+y),(x+y)),(y+0.4275475)))"
          }
        }
      ],
      "timestamp": "17h:14m:43s"
    }
  ],
  "timestamp": "2024-07-04-17-14-17"
}