{
  "id": "ac9kdct2-xatg-9g1d-lhl9-isc86pdgixse",
  "parameters": {
    "crossoverRate": 0,
    "eliteSize": 0,
    "tournamentSize": 0,
    "mutationRate": 0,
    "populationSize": 0
  },
  "populations": [{
    "generation": 0,
    "id": "r37k482d-11fh-wrvi-6q23-sni344k46qqc",
    "individuals": [
      {
        "fitness": 0,
        "expressions": {
          "r": "add(add(y,auh(aul(add(sin(sub(x,div(div(0.764091,y),add(0.68812704,y)))),min(x,sin(0.25421762))),max(div(0.87906814,x),aul(0.5544741,mul(aud(0.0643332,auh(x,y)),aul(pow(y,x),div(0.16177034,y)))))),sub(tan(sin(0.12172413)),x))),max(y,div(mul(min(min(x,x),var(0.47929335)),div(0.27945948,x)),min(min(div(aul(max(x,x),y),x),max(tan(auh(y,0.47293758)),x)),min(0.62500525,auh(var(y),add(pow(auh(x,x),0.3450756),sub(y,add(y,y)))))))))",
          "b": "add(add(0.8662591,auh(aul(add(sin(sub(0.32994747,div(div(0.68560123,x),add(y,x)))),min(x,sin(y))),max(div(x,y),aul(x,mul(aud(y,auh(x,x)),aul(pow(0.6692152,0.3850205),div(0.54780865,y)))))),sub(tan(sin(x)),0.5449083))),max(0.39224482,div(mul(min(min(y,y),var(y)),div(y,y)),min(min(div(aul(max(x,x),x),x),max(tan(auh(0.2756536,y)),x)),min(0.27569866,auh(var(x),add(pow(auh(x,x),x),sub(x,add(y,0.4324863)))))))))",
          "g": "add(add(x,auh(aul(add(sin(sub(x,div(div(0.6630044,x),add(0.3044324,0.643245)))),min(x,sin(y))),max(div(y,0.0015892982),aul(x,mul(aud(0.91412926,auh(y,y)),aul(pow(0.1344459,x),div(y,y)))))),sub(tan(sin(0.7346318)),x))),max(y,div(mul(min(min(0.7971153,0.46606946),var(x)),div(x,x)),min(min(div(aul(max(y,0.092906),0.85494137),0.38845515),max(tan(auh(y,y)),y)),min(x,auh(var(x),add(pow(auh(x,0.6224685),0.50341177),sub(x,add(x,y)))))))))"
        }
      },
      {
        "fitness": 0,
        "expressions": {
          "r": "auh(min(sub(x,aul(x,x)),tan(0.90381145)),mul(y,x))",
          "b": "auh(min(sub(y,aul(y,0.44389272)),tan(x)),mul(y,0.67271566))",
          "g": "auh(min(sub(0.011870623,aul(x,y)),tan(y)),mul(0.9375572,x))"
        }
      },
      {
        "fitness": 0,
        "expressions": {
          "r": "add(x,y)",
          "b": "add(y,y)",
          "g": "add(0.39480376,0.292521)"
        }
      },
      {
        "fitness": 0,
        "expressions": {
          "r": "div(sub(cos(sub(y,y)),sin(div(mul(sub(0.5524812,div(0.74336195,0.70951366)),y),min(auh(sub(sub(0.32850313,var(x)),aul(0.66328263,min(0.4526472,0.02600646))),sub(x,min(max(x,0.65832853),x))),0.5727346)))),sub(sub(y,0.68518615),var(0.8294182)))",
          "b": "div(sub(cos(sub(y,y)),sin(div(mul(sub(0.8764005,div(x,0.77004695)),y),min(auh(sub(sub(0.68232775,var(0.71657205)),aul(0.07795882,min(y,y))),sub(y,min(max(x,x),x))),x)))),sub(sub(y,0.96367884),var(x)))",
          "g": "div(sub(cos(sub(0.35337043,0.8209462)),sin(div(mul(sub(x,div(0.9919958,x)),x),min(auh(sub(sub(y,var(y)),aul(y,min(0.9481387,0.21467972))),sub(0.60170746,min(max(0.1614964,y),y))),0.46897697)))),sub(sub(y,y),var(y)))"
        }
      },
      {
        "fitness": 0,
        "expressions": {
          "r": "max(sub(0.43922758,div(div(add(auh(x,0.37351537),tan(cos(y))),auh(add(0.04864931,min(min(auh(0.82874894,y),0.7588682),auh(x,aul(x,y)))),div(0.034721613,pow(y,aul(sub(x,y),pow(x,x)))))),min(sub(aud(var(pow(tan(y),mul(x,x))),max(max(x,tan(0.86038065)),0.7483449)),tan(0.29945374)),tan(aud(y,tan(0.55578375)))))),pow(cos(x),mul(0.2029469,aud(aud(0.97209406,x),y))))",
          "b": "max(sub(x,div(div(add(auh(x,0.73118997),tan(cos(0.74360085))),auh(add(x,min(min(auh(y,y),x),auh(y,aul(y,0.097964525)))),div(0.22197914,pow(0.81226444,aul(sub(x,0.8873682),pow(0.62036276,0.76691914)))))),min(sub(aud(var(pow(tan(x),mul(x,0.40527272))),max(max(x,tan(0.4257605)),x)),tan(0.88342094)),tan(aud(y,tan(0.06504536)))))),pow(cos(x),mul(0.86954117,aud(aud(0.03224516,y),x))))",
          "g": "max(sub(x,div(div(add(auh(0.7576325,y),tan(cos(0.76278687))),auh(add(x,min(min(auh(x,x),0.21735215),auh(5.5933E-4,aul(x,0.2843187)))),div(y,pow(y,aul(sub(y,x),pow(0.09348965,0.17193508)))))),min(sub(aud(var(pow(tan(0.75949144),mul(x,x))),max(max(0.6073518,tan(x)),x)),tan(0.67157054)),tan(aud(0.1425817,tan(0.8973131)))))),pow(cos(y),mul(x,aud(aud(x,y),x))))"
        }
      },
      {
        "fitness": 0,
        "expressions": {
          "r": "pow(aul(0.3890431,0.14014173),x)",
          "b": "pow(aul(y,y),0.019586563)",
          "g": "pow(aul(y,y),x)"
        }
      },
      {
        "fitness": 0,
        "expressions": {
          "r": "aud(var(x),0.71994185)",
          "b": "aud(var(0.30160165),x)",
          "g": "aud(var(x),y)"
        }
      },
      {
        "fitness": 0,
        "expressions": {
          "r": "auh(aul(0.17759418,y),aul(aud(x,cos(add(y,0.36025786))),var(cos(0.30910468))))",
          "b": "auh(aul(x,x),aul(aud(y,cos(add(y,x))),var(cos(x))))",
          "g": "auh(aul(x,0.5956049),aul(aud(y,cos(add(x,x))),var(cos(y))))"
        }
      },
      {
        "fitness": 0,
        "expressions": {
          "r": "add(y,x)",
          "b": "add(x,0.5872965)",
          "g": "add(y,0.9533179)"
        }
      },
      {
        "fitness": 0,
        "expressions": {
          "r": "add(x,x)",
          "b": "add(0.09395456,0.75765467)",
          "g": "add(0.6709428,0.120470524)"
        }
      },
      {
        "fitness": 0,
        "expressions": {
          "r": "add(y,x)",
          "b": "add(x,x)",
          "g": "add(0.53264046,y)"
        }
      },
      {
        "fitness": 0,
        "expressions": {
          "r": "pow(x,min(cos(sin(0.61993504)),0.017267466))",
          "b": "pow(x,min(cos(sin(x)),0.6661053))",
          "g": "pow(y,min(cos(sin(x)),0.9673712))"
        }
      },
      {
        "fitness": 0,
        "expressions": {
          "r": "tan(max(add(sin(aud(aud(cos(aud(div(y,x),max(0.98123956,y))),0.6902571),auh(cos(0.78207326),x))),x),min(x,aud(y,auh(auh(y,add(tan(x),sub(sub(x,0.94123197),tan(y)))),sub(pow(add(x,sub(0.13315511,x)),y),y))))))",
          "b": "tan(max(add(sin(aud(aud(cos(aud(div(x,y),max(0.019368172,0.7099297))),x),auh(cos(0.112492085),y))),x),min(y,aud(y,auh(auh(x,add(tan(y),sub(sub(y,0.62074375),tan(y)))),sub(pow(add(x,sub(x,x)),y),y))))))",
          "g": "tan(max(add(sin(aud(aud(cos(aud(div(y,y),max(0.57116294,x))),x),auh(cos(x),y))),0.7268493),min(y,aud(x,auh(auh(x,add(tan(x),sub(sub(y,x),tan(y)))),sub(pow(add(y,sub(0.3629384,y)),y),0.54326344))))))"
        }
      },
      {
        "fitness": 0,
        "expressions": {
          "r": "add(0.970171,x)",
          "b": "add(0.016520977,x)",
          "g": "add(y,x)"
        }
      },
      {
        "fitness": 0,
        "expressions": {
          "r": "add(0.3549199,x)",
          "b": "add(0.53806734,0.8633292)",
          "g": "add(y,y)"
        }
      },
      {
        "fitness": 0,
        "expressions": {
          "r": "max(x,x)",
          "b": "max(0.8760328,y)",
          "g": "max(x,x)"
        }
      },
      {
        "fitness": 0,
        "expressions": {
          "r": "add(0.73544073,y)",
          "b": "add(y,x)",
          "g": "add(y,0.5785341)"
        }
      },
      {
        "fitness": 0,
        "expressions": {
          "r": "auh(div(x,aud(x,0.8537662)),0.22726512)",
          "b": "auh(div(x,aud(y,y)),x)",
          "g": "auh(div(y,aud(0.85013294,0.5728903)),x)"
        }
      }
    ],
    "timestamp": "19h:38m:45s"
  }],
  "timestamp": "2024-07-31-19-38-42"
}