{
  "id": "av7pjaq9-nv72-gl7n-ta5n-5e8pdg4kz2px",
  "parameters": {
    "crossoverRate": 0.30000001192092896,
    "eliteSize": 2,
    "tournamentSize": 3,
    "mutationRate": 0.8999999761581421,
    "populationSize": 10
  },
  "populations": [{
    "generation": 0,
    "id": "n0youdkg-76cn-g4xy-99nv-hnr7pf66ndl7",
    "individuals": [
      {
        "fitness": 0,
        "expressions": {
          "r": "(y+y)",
          "b": "(0.79452825+0.995972)",
          "g": "(y+y)"
        }
      },
      {
        "fitness": 0,
        "expressions": {
          "r": "(x+x)",
          "b": "(y+x)",
          "g": "(0.503319+y)"
        }
      },
      {
        "fitness": 0,
        "expressions": {
          "r": "min(sin(0.032505155),((y/0.41322201)/var(0.24401736)))",
          "b": "min(sin(x),((y/0.7819138)/var(x)))",
          "g": "min(sin(x),((x/y)/var(x)))"
        }
      },
      {
        "fitness": 0,
        "expressions": {
          "r": "(sin(min(y,y))/y)",
          "b": "(sin(min(y,x))/0.8213192)",
          "g": "(sin(min(y,x))/y)"
        }
      },
      {
        "fitness": 0,
        "expressions": {
          "r": "(0.25416327+0.8690849)",
          "b": "(y+0.1382212)",
          "g": "(0.66723204+0.4652567)"
        }
      },
      {
        "fitness": 0,
        "expressions": {
          "r": "min(0.5602564,auh(x,max(y,y)))",
          "b": "min(0.6003619,auh(y,max(y,0.33752418)))",
          "g": "min(y,auh(0.28422636,max(0.69162244,0.19836241)))"
        }
      },
      {
        "fitness": 0,
        "expressions": {
          "r": "cos(var(0.5632986))",
          "b": "cos(var(y))",
          "g": "cos(var(x))"
        }
      },
      {
        "fitness": 0,
        "expressions": {
          "r": "aul(var(0.79550797),aul((x*y),pow(y,0.19522709)))",
          "b": "aul(var(x),aul((x*x),pow(y,0.44230306)))",
          "g": "aul(var(0.3267179),aul((y*0.81609124),pow(x,0.28860426)))"
        }
      },
      {
        "fitness": 0,
        "expressions": {
          "r": "(x+y)",
          "b": "(y+0.69119596)",
          "g": "(x+x)"
        }
      },
      {
        "fitness": 0,
        "expressions": {
          "r": "(0.70152247+0.9930809)",
          "b": "(x+x)",
          "g": "(0.004904866+x)"
        }
      },
      {
        "fitness": 0,
        "expressions": {
          "r": "auh(tan(x),0.056619287)",
          "b": "auh(tan(x),0.1866492)",
          "g": "auh(tan(0.9990424),0.13553077)"
        }
      },
      {
        "fitness": 0,
        "expressions": {
          "r": "tan(max(min(x,0.5921089),0.36304665))",
          "b": "tan(max(min(y,y),y))",
          "g": "tan(max(min(x,0.9183351),x))"
        }
      },
      {
        "fitness": 0,
        "expressions": {
          "r": "auh(y,x)",
          "b": "auh(x,x)",
          "g": "auh(y,y)"
        }
      },
      {
        "fitness": 0,
        "expressions": {
          "r": "(min(pow(x,x),y)/cos(sin(0.46615916)))",
          "b": "(min(pow(0.117854476,x),x)/cos(sin(x)))",
          "g": "(min(pow(0.0013722181,0.18108022),0.51273733)/cos(sin(x)))"
        }
      },
      {
        "fitness": 0,
        "expressions": {
          "r": "aul(var(x),sin(var(0.64745396)))",
          "b": "aul(var(y),sin(var(y)))",
          "g": "aul(var(0.5613304),sin(var(0.80362254)))"
        }
      },
      {
        "fitness": 0,
        "expressions": {
          "r": "((0.68880665*y)*pow(sin(0.9606187),x))",
          "b": "((x*x)*pow(sin(x),y))",
          "g": "((x*0.8184684)*pow(sin(x),0.33459842))"
        }
      },
      {
        "fitness": 0,
        "expressions": {
          "r": "sin(0.7158324)",
          "b": "sin(0.47326684)",
          "g": "sin(y)"
        }
      },
      {
        "fitness": 0,
        "expressions": {
          "r": "(y+x)",
          "b": "(0.80832803+x)",
          "g": "(x+x)"
        }
      }
    ],
    "timestamp": "17h:27m:26s"
  }],
  "timestamp": "2024-07-04-17-27-24"
}