{
  "id": "b3fg5pd3-q2md-4jhw-6p3w-f6esqz4gopd4",
  "parameters": {
    "crossoverRate": 0.30000001192092896,
    "eliteSize": 2,
    "tournamentSize": 3,
    "mutationRate": 0.8999999761581421,
    "populationSize": 10
  },
  "populations": [{
    "generation": 0,
    "id": "zapp23v0-3ab8-k010-s88f-obyu3nqbv84f",
    "individuals": [
      {
        "fitness": 0,
        "expressions": {
          "r": "min(x,min((x-x),y))",
          "b": "min(x,min((0.61796325-y),x))",
          "g": "min(x,min((x-y),x))"
        }
      },
      {
        "fitness": 0,
        "expressions": {
          "r": "max(min(y,(x/x)),sin((x+y)))",
          "b": "max(min(0.22068018,(x/x)),sin((y+x)))",
          "g": "max(min(x,(0.050516903/x)),sin((x+0.6579616)))"
        }
      },
      {
        "fitness": 0,
        "expressions": {
          "r": "min(tan(y),x)",
          "b": "min(tan(0.61669135),x)",
          "g": "min(tan(0.8243762),y)"
        }
      },
      {
        "fitness": 0,
        "expressions": {
          "r": "(0.19374222+y)",
          "b": "(y+x)",
          "g": "(0.8345661+0.34904963)"
        }
      },
      {
        "fitness": 0,
        "expressions": {
          "r": "(aul(0.79288995,x)/(x/max(0.13539684,0.6664102)))",
          "b": "(aul(0.41810614,0.979601)/(0.43930185/max(y,0.653144)))",
          "g": "(aul(0.2519914,x)/(x/max(y,0.09638804)))"
        }
      },
      {
        "fitness": 0,
        "expressions": {
          "r": "sin(aud(0.78009474,y))",
          "b": "sin(aud(y,x))",
          "g": "sin(aud(x,y))"
        }
      },
      {
        "fitness": 0,
        "expressions": {
          "r": "aud(tan(x),x)",
          "b": "aud(tan(0.5730713),y)",
          "g": "aud(tan(y),0.5074927)"
        }
      },
      {
        "fitness": 0,
        "expressions": {
          "r": "aul(sin(aud(y,0.24955362)),(pow(0.52556366,x)+auh(0.80821466,y)))",
          "b": "aul(sin(aud(y,x)),(pow(x,x)+auh(y,y)))",
          "g": "aul(sin(aud(y,0.84990746)),(pow(x,x)+auh(y,x)))"
        }
      },
      {
        "fitness": 0,
        "expressions": {
          "r": "(aul(x,(x/x))-(0.42443776+(y-x)))",
          "b": "(aul(x,(0.20878369/y))-(y+(0.91808474-0.59297454)))",
          "g": "(aul(y,(0.9639557/y))-(0.76938665+(0.276915-0.76691616)))"
        }
      },
      {
        "fitness": 0,
        "expressions": {
          "r": "(y+0.75201416)",
          "b": "(y+x)",
          "g": "(y+0.6655866)"
        }
      },
      {
        "fitness": 0,
        "expressions": {
          "r": "aud(max(aul(0.62042195,y),sin(x)),(tan(0.79503214)*tan(0.60085595)))",
          "b": "aud(max(aul(x,y),sin(0.6461919)),(tan(y)*tan(y)))",
          "g": "aud(max(aul(y,x),sin(x)),(tan(y)*tan(x)))"
        }
      },
      {
        "fitness": 0,
        "expressions": {
          "r": "(0.24879724*0.778224)",
          "b": "(y*0.5238937)",
          "g": "(x*x)"
        }
      },
      {
        "fitness": 0,
        "expressions": {
          "r": "(y+0.6424681)",
          "b": "(y+0.03899753)",
          "g": "(x+y)"
        }
      },
      {
        "fitness": 0,
        "expressions": {
          "r": "aul(auh(y,x),0.6711441)",
          "b": "aul(auh(y,y),y)",
          "g": "aul(auh(0.15347242,y),y)"
        }
      },
      {
        "fitness": 0,
        "expressions": {
          "r": "max(y,x)",
          "b": "max(x,x)",
          "g": "max(y,0.50852466)"
        }
      },
      {
        "fitness": 0,
        "expressions": {
          "r": "(x+y)",
          "b": "(y+y)",
          "g": "(y+x)"
        }
      },
      {
        "fitness": 0,
        "expressions": {
          "r": "(sin(pow(0.9807399,0.5413821))+x)",
          "b": "(sin(pow(0.60789657,y))+y)",
          "g": "(sin(pow(y,x))+0.17161345)"
        }
      },
      {
        "fitness": 0,
        "expressions": {
          "r": "pow(var((x/0.27506804)),tan(y))",
          "b": "pow(var((x/x)),tan(0.39833683))",
          "g": "pow(var((0.36729723/0.9097218)),tan(y))"
        }
      }
    ],
    "timestamp": "17h:22m:31s"
  }],
  "timestamp": "2024-07-04-17-22-29"
}