{
  "id": "b8z296oc-etxv-kpdh-holj-jm5gyedrhg15",
  "parameters": {
    "crossoverRate": 0.30000001192092896,
    "eliteSize": 2,
    "tournamentSize": 3,
    "mutationRate": 0.8999999761581421,
    "populationSize": 10
  },
  "populations": [{
    "generation": 0,
    "id": "ge79l9m5-ey7t-vw05-hpqv-ohzb2f7yx925",
    "individuals": [
      {
        "fitness": 0,
        "expressions": {
          "r": "(0.29416966+0.65938157)",
          "b": "(x+x)",
          "g": "(y+y)"
        }
      },
      {
        "fitness": 0,
        "expressions": {
          "r": "(0.87238044+y)",
          "b": "(0.32974505+0.15931267)",
          "g": "(y+0.55096596)"
        }
      },
      {
        "fitness": 0,
        "expressions": {
          "r": "max(sin(y),x)",
          "b": "max(sin(x),0.83192915)",
          "g": "max(sin(x),0.3070246)"
        }
      },
      {
        "fitness": 0,
        "expressions": {
          "r": "aud(x,x)",
          "b": "aud(y,x)",
          "g": "aud(y,0.84124285)"
        }
      },
      {
        "fitness": 0,
        "expressions": {
          "r": "auh(max(aud(y,0.45666736),aud(y,y)),x)",
          "b": "auh(max(aud(x,y),aud(y,0.7116004)),y)",
          "g": "auh(max(aud(0.7197316,x),aud(y,x)),0.2849713)"
        }
      },
      {
        "fitness": 0,
        "expressions": {
          "r": "(0.3854547+y)",
          "b": "(y+0.51915747)",
          "g": "(y+0.5140028)"
        }
      },
      {
        "fitness": 0,
        "expressions": {
          "r": "(y+0.74898595)",
          "b": "(0.35268974+x)",
          "g": "(x+x)"
        }
      },
      {
        "fitness": 0,
        "expressions": {
          "r": "(y+y)",
          "b": "(x+x)",
          "g": "(x+x)"
        }
      },
      {
        "fitness": 0,
        "expressions": {
          "r": "(0.40679955+y)",
          "b": "(y+x)",
          "g": "(0.17012644+y)"
        }
      },
      {
        "fitness": 0,
        "expressions": {
          "r": "aud(pow(x,min(0.07667023,0.49620867)),0.28919417)",
          "b": "aud(pow(y,min(x,0.117414415)),0.015898347)",
          "g": "aud(pow(x,min(y,y)),y)"
        }
      },
      {
        "fitness": 0,
        "expressions": {
          "r": "cos((max(0.10383904,y)-auh(0.39704525,0.35779202)))",
          "b": "cos((max(0.99877524,y)-auh(x,x)))",
          "g": "cos((max(x,x)-auh(y,y)))"
        }
      },
      {
        "fitness": 0,
        "expressions": {
          "r": "(y+y)",
          "b": "(x+y)",
          "g": "(0.48153+x)"
        }
      },
      {
        "fitness": 0,
        "expressions": {
          "r": "sin((pow(x,x)+aud(0.06112826,y)))",
          "b": "sin((pow(x,x)+aud(x,0.5450288)))",
          "g": "sin((pow(0.13139266,0.68937135)+aud(0.794149,y)))"
        }
      },
      {
        "fitness": 0,
        "expressions": {
          "r": "min(0.1293447,y)",
          "b": "min(y,0.78926057)",
          "g": "min(y,y)"
        }
      },
      {
        "fitness": 0,
        "expressions": {
          "r": "(y+0.5258353)",
          "b": "(x+x)",
          "g": "(0.6642868+0.15501595)"
        }
      },
      {
        "fitness": 0,
        "expressions": {
          "r": "(y+0.68016976)",
          "b": "(0.96826404+y)",
          "g": "(x+0.47684366)"
        }
      },
      {
        "fitness": 0,
        "expressions": {
          "r": "(y+x)",
          "b": "(x+y)",
          "g": "(x+x)"
        }
      },
      {
        "fitness": 0,
        "expressions": {
          "r": "auh(min(0.394637,sin(0.2008313)),(pow(0.70830184,y)/tan(x)))",
          "b": "auh(min(y,sin(x)),(pow(0.7175587,x)/tan(0.19290286)))",
          "g": "auh(min(x,sin(y)),(pow(y,x)/tan(y)))"
        }
      }
    ],
    "timestamp": "22h:25m:38s"
  }],
  "timestamp": "2024-07-03-22-25-32"
}