{
  "id": "blox0xhk-o6md-24zq-w7np-6x0rinu02vwf",
  "parameters": {
    "crossoverRate": 0.30000001192092896,
    "eliteSize": 2,
    "tournamentSize": 3,
    "mutationRate": 0.8999999761581421,
    "populationSize": 10
  },
  "populations": [{
    "generation": 0,
    "id": "xw1igvvt-dc75-o8f5-ivyi-944kzlq1dg6f",
    "individuals": [
      {
        "fitness": 0,
        "expressions": {
          "r": "(0.22429365+y)",
          "b": "(x+y)",
          "g": "(0.015693784+x)"
        }
      },
      {
        "fitness": 0,
        "expressions": {
          "r": "tan(x)",
          "b": "tan(0.9067835)",
          "g": "tan(x)"
        }
      },
      {
        "fitness": 0,
        "expressions": {
          "r": "tan(y)",
          "b": "tan(0.8129568)",
          "g": "tan(0.019993186)"
        }
      },
      {
        "fitness": 0,
        "expressions": {
          "r": "aud(y,(cos(y)*auh(x,x)))",
          "b": "aud(0.41221887,(cos(x)*auh(x,0.16288644)))",
          "g": "aud(0.7494702,(cos(y)*auh(x,x)))"
        }
      },
      {
        "fitness": 0,
        "expressions": {
          "r": "aud(((y/y)+min(x,x)),auh(y,(0.4835134+0.5238531)))",
          "b": "aud(((x/x)+min(x,0.008802831)),auh(0.6127104,(x+0.47576523)))",
          "g": "aud(((x/x)+min(x,x)),auh(0.66772413,(x+x)))"
        }
      },
      {
        "fitness": 0,
        "expressions": {
          "r": "(0.56571203+0.49904913)",
          "b": "(x+y)",
          "g": "(0.61211586+x)"
        }
      },
      {
        "fitness": 0,
        "expressions": {
          "r": "(0.4682039+0.21711445)",
          "b": "(0.39010423+y)",
          "g": "(0.92342824+x)"
        }
      },
      {
        "fitness": 0,
        "expressions": {
          "r": "pow(var((x/x)),tan(0.54517007))",
          "b": "pow(var((y/0.03913772)),tan(y))",
          "g": "pow(var((x/0.22355998)),tan(x))"
        }
      },
      {
        "fitness": 0,
        "expressions": {
          "r": "auh((0.42240697*x),y)",
          "b": "auh((x*x),y)",
          "g": "auh((0.38191777*y),y)"
        }
      },
      {
        "fitness": 0,
        "expressions": {
          "r": "pow(0.09501743,aud(sin(x),min(x,x)))",
          "b": "pow(0.1829381,aud(sin(x),min(y,x)))",
          "g": "pow(y,aud(sin(x),min(x,x)))"
        }
      },
      {
        "fitness": 0,
        "expressions": {
          "r": "max(max(pow(y,y),(x/y)),(tan(y)*0.42510885))",
          "b": "max(max(pow(0.031215906,x),(y/y)),(tan(y)*0.26079404))",
          "g": "max(max(pow(y,y),(0.28648943/y)),(tan(y)*x))"
        }
      },
      {
        "fitness": 0,
        "expressions": {
          "r": "(y+0.14568937)",
          "b": "(0.9323423+x)",
          "g": "(y+0.99214303)"
        }
      },
      {
        "fitness": 0,
        "expressions": {
          "r": "cos(y)",
          "b": "cos(0.10472381)",
          "g": "cos(y)"
        }
      },
      {
        "fitness": 0,
        "expressions": {
          "r": "auh(x,y)",
          "b": "auh(0.32389802,0.2078467)",
          "g": "auh(y,y)"
        }
      },
      {
        "fitness": 0,
        "expressions": {
          "r": "(x+x)",
          "b": "(0.28307408+y)",
          "g": "(0.20856571+0.31688565)"
        }
      },
      {
        "fitness": 0,
        "expressions": {
          "r": "(min(x,min(x,y))-aud(0.86194074,0.6144828))",
          "b": "(min(y,min(0.6758183,x))-aud(0.7582839,x))",
          "g": "(min(y,min(x,y))-aud(x,x))"
        }
      },
      {
        "fitness": 0,
        "expressions": {
          "r": "(y+0.1232872)",
          "b": "(y+y)",
          "g": "(y+0.1422438)"
        }
      },
      {
        "fitness": 0,
        "expressions": {
          "r": "(0.010658205+y)",
          "b": "(x+0.52910113)",
          "g": "(x+x)"
        }
      }
    ],
    "timestamp": "17h:34m:48s"
  }],
  "timestamp": "2024-07-04-17-34-45"
}