{
  "id": "bn8ybhb8-9z4l-pb5e-fnq4-aluj0xspmxy7",
  "parameters": {
    "crossoverRate": 0,
    "eliteSize": 0,
    "tournamentSize": 0,
    "mutationRate": 0,
    "populationSize": 0
  },
  "populations": [{
    "generation": 0,
    "id": "o07akxz1-fu46-cnaw-bgph-ua9yrjnicl5k",
    "individuals": [
      {
        "fitness": 0,
        "expressions": {
          "r": "add(sub(aud(var(min(0.014935017,add(y,mul(0.57897854,y)))),var(add(pow(x,auh(0.021847486,0.07089496)),0.28806186))),mul(y,sub(x,0.030678988))),tan(add(0.69517946,max(y,x))))",
          "b": "add(sub(aud(var(min(0.037495613,add(0.27102232,mul(x,y)))),var(add(pow(0.9562733,auh(0.11091757,x)),x))),mul(0.869406,sub(x,0.85988474))),tan(add(0.96292186,max(y,0.6157577))))",
          "g": "add(sub(aud(var(min(x,add(0.47652793,mul(0.16857338,x)))),var(add(pow(0.8387244,auh(x,0.27817345)),0.23578167))),mul(x,sub(y,x))),tan(add(0.3191681,max(x,0.57248354))))"
        }
      },
      {
        "fitness": 0,
        "expressions": {
          "r": "div(0.46733236,cos(sin(y)))",
          "b": "div(x,cos(sin(0.2418356)))",
          "g": "div(0.8076744,cos(sin(y)))"
        }
      },
      {
        "fitness": 0,
        "expressions": {
          "r": "add(0.8542247,x)",
          "b": "add(0.13740945,0.29874206)",
          "g": "add(0.35242558,x)"
        }
      },
      {
        "fitness": 0,
        "expressions": {
          "r": "add(x,y)",
          "b": "add(x,y)",
          "g": "add(y,x)"
        }
      },
      {
        "fitness": 0,
        "expressions": {
          "r": "add(x,0.823112)",
          "b": "add(0.04913807,x)",
          "g": "add(y,0.5651264)"
        }
      },
      {
        "fitness": 0,
        "expressions": {
          "r": "min(x,aul(sub(div(x,0.09977746),var(min(mul(x,var(y)),aud(0.9075823,tan(aul(y,cos(0.8153019))))))),sin(aul(y,add(y,y)))))",
          "b": "min(0.6913452,aul(sub(div(0.49171734,y),var(min(mul(y,var(y)),aud(x,tan(aul(0.9746008,cos(x))))))),sin(aul(x,add(0.3645823,x)))))",
          "g": "min(y,aul(sub(div(0.86930466,0.24229002),var(min(mul(x,var(x)),aud(0.6902015,tan(aul(y,cos(x))))))),sin(aul(x,add(0.91420937,0.18064928)))))"
        }
      },
      {
        "fitness": 0,
        "expressions": {
          "r": "add(0.83851194,x)",
          "b": "add(x,0.91305876)",
          "g": "add(x,y)"
        }
      },
      {
        "fitness": 0,
        "expressions": {
          "r": "add(y,0.05263567)",
          "b": "add(0.5483413,0.7176037)",
          "g": "add(x,0.8577509)"
        }
      },
      {
        "fitness": 0,
        "expressions": {
          "r": "tan(y)",
          "b": "tan(x)",
          "g": "tan(x)"
        }
      },
      {
        "fitness": 0,
        "expressions": {
          "r": "add(x,0.47645235)",
          "b": "add(0.7608926,x)",
          "g": "add(x,y)"
        }
      },
      {
        "fitness": 0,
        "expressions": {
          "r": "pow(x,aul(y,var(x)))",
          "b": "pow(y,aul(0.95872355,var(x)))",
          "g": "pow(x,aul(x,var(x)))"
        }
      },
      {
        "fitness": 0,
        "expressions": {
          "r": "add(y,y)",
          "b": "add(y,0.9821415)",
          "g": "add(y,x)"
        }
      },
      {
        "fitness": 0,
        "expressions": {
          "r": "add(x,0.082399845)",
          "b": "add(0.009350777,0.7312441)",
          "g": "add(y,0.22571301)"
        }
      },
      {
        "fitness": 0,
        "expressions": {
          "r": "add(x,y)",
          "b": "add(y,0.477139)",
          "g": "add(x,x)"
        }
      },
      {
        "fitness": 0,
        "expressions": {
          "r": "mul(cos(sub(0.12767577,sub(y,x))),x)",
          "b": "mul(cos(sub(y,sub(y,y))),0.11033559)",
          "g": "mul(cos(sub(0.33026457,sub(y,x))),x)"
        }
      },
      {
        "fitness": 0,
        "expressions": {
          "r": "add(y,0.08147454)",
          "b": "add(y,0.17075586)",
          "g": "add(x,0.16432047)"
        }
      },
      {
        "fitness": 0,
        "expressions": {
          "r": "mul(0.13584661,aul(0.76275015,min(add(aul(x,0.13238525),div(div(var(var(0.63209486)),x),tan(mul(aud(cos(y),x),sin(sin(0.29441476)))))),sin(add(0.6129153,x)))))",
          "b": "mul(x,aul(0.26643777,min(add(aul(x,x),div(div(var(var(y)),y),tan(mul(aud(cos(y),y),sin(sin(y)))))),sin(add(x,0.30772853)))))",
          "g": "mul(0.49873686,aul(0.27204084,min(add(aul(y,x),div(div(var(var(x)),x),tan(mul(aud(cos(0.028437138),0.7366953),sin(sin(y)))))),sin(add(x,0.014551163)))))"
        }
      },
      {
        "fitness": 0,
        "expressions": {
          "r": "aul(max(aud(add(sub(cos(0.9405141),cos(0.36692476)),tan(y)),0.8897383),aud(aud(mul(max(var(tan(aul(x,y))),y),0.5256195),pow(0.70805335,aud(x,tan(aul(auh(0.27875495,x),0.86543393))))),0.31736183)),0.8624468)",
          "b": "aul(max(aud(add(sub(cos(0.15434265),cos(x)),tan(x)),x),aud(aud(mul(max(var(tan(aul(y,y))),0.6405997),y),pow(y,aud(0.65748024,tan(aul(auh(0.8700743,y),0.20917797))))),x)),x)",
          "g": "aul(max(aud(add(sub(cos(x),cos(0.33461666)),tan(y)),x),aud(aud(mul(max(var(tan(aul(y,y))),0.81452894),y),pow(0.16275835,aud(0.6930132,tan(aul(auh(x,y),0.3315766))))),x)),0.6688216)"
        }
      }
    ],
    "timestamp": "19h:30m:34s"
  }],
  "timestamp": "2024-07-31-19-30-32"
}