{
  "id": "bpqyq0pd-3t07-kq3p-hivb-na1n4lz5zdf1",
  "parameters": {
    "crossoverRate": 0.30000001192092896,
    "eliteSize": 2,
    "tournamentSize": 3,
    "mutationRate": 0.8999999761581421,
    "populationSize": 10
  },
  "populations": [
    {
      "generation": 0,
      "id": "7llqqlmm-kvm8-6zk8-4h8y-314euelizit6",
      "individuals": [
        {
          "fitness": 0,
          "expressions": {
            "r": "auh(auh((0.23474157-y),x),aud(y,min(y,x)))",
            "b": "auh(auh((0.3823371-y),y),aud(y,min(0.8669393,x)))",
            "g": "auh(auh((x-x),x),aud(x,min(y,x)))"
          }
        },
        {
          "fitness": 0,
          "expressions": {
            "r": "(0.48431844*aud(0.5039531,x))",
            "b": "(0.13618559*aud(y,0.8399965))",
            "g": "(0.72034013*aud(y,x))"
          }
        },
        {
          "fitness": 0,
          "expressions": {
            "r": "(0.59232616+x)",
            "b": "(y+x)",
            "g": "(y+y)"
          }
        },
        {
          "fitness": 0,
          "expressions": {
            "r": "(tan(0.17048872)/y)",
            "b": "(tan(0.20456547)/y)",
            "g": "(tan(0.077605605)/y)"
          }
        },
        {
          "fitness": 0,
          "expressions": {
            "r": "(0.57330465*cos(aud(x,y)))",
            "b": "(0.81249315*cos(aud(0.6220486,0.49500257)))",
            "g": "(x*cos(aud(x,y)))"
          }
        },
        {
          "fitness": 0,
          "expressions": {
            "r": "(x+0.48956126)",
            "b": "(y+x)",
            "g": "(x+0.82903326)"
          }
        },
        {
          "fitness": 0,
          "expressions": {
            "r": "(y+0.3886392)",
            "b": "(y+y)",
            "g": "(x+y)"
          }
        },
        {
          "fitness": 0,
          "expressions": {
            "r": "cos(var((y+0.84031355)))",
            "b": "cos(var((x+y)))",
            "g": "cos(var((y+0.39842802)))"
          }
        },
        {
          "fitness": 0,
          "expressions": {
            "r": "cos(aud(y,x))",
            "b": "cos(aud(y,0.4433205))",
            "g": "cos(aud(x,x))"
          }
        },
        {
          "fitness": 0,
          "expressions": {
            "r": "(auh((y*y),tan(0.90786767))+(y*y))",
            "b": "(auh((0.63374966*x),tan(0.20051944))+(y*y))",
            "g": "(auh((0.7510441*0.5307192),tan(x))+(0.27649856*y))"
          }
        },
        {
          "fitness": 0,
          "expressions": {
            "r": "(0.81612664+x)",
            "b": "(0.8563015+x)",
            "g": "(0.40223873+y)"
          }
        },
        {
          "fitness": 0,
          "expressions": {
            "r": "(x+0.43793678)",
            "b": "(y+y)",
            "g": "(y+y)"
          }
        },
        {
          "fitness": 0,
          "expressions": {
            "r": "tan(y)",
            "b": "tan(0.029007018)",
            "g": "tan(x)"
          }
        },
        {
          "fitness": 0,
          "expressions": {
            "r": "(y+0.4014811)",
            "b": "(y+y)",
            "g": "(x+0.8298871)"
          }
        },
        {
          "fitness": 0,
          "expressions": {
            "r": "(x+x)",
            "b": "(x+x)",
            "g": "(x+y)"
          }
        },
        {
          "fitness": 0,
          "expressions": {
            "r": "max(auh(aud(y,y),0.15906554),y)",
            "b": "max(auh(aud(x,x),x),0.75395447)",
            "g": "max(auh(aud(y,x),0.5562097),x)"
          }
        },
        {
          "fitness": 0,
          "expressions": {
            "r": "(y+y)",
            "b": "(x+x)",
            "g": "(x+y)"
          }
        },
        {
          "fitness": 0,
          "expressions": {
            "r": "(0.71760446+x)",
            "b": "(0.47758198+x)",
            "g": "(0.29204+0.62443775)"
          }
        }
      ],
      "timestamp": "23h:23m:16s"
    },
    {
      "generation": 1,
      "ascendantID": "7llqqlmm-kvm8-6zk8-4h8y-314euelizit6",
      "id": "mzgm5h6n-rfxe-5zn0-yz9v-ghytvfiixm87",
      "individuals": [
        {
          "fitness": 0,
          "expressions": {
            "r": "auh(auh((0.23474157-y),x),aud(y,min(y,x)))",
            "b": "auh(auh((0.3823371-y),y),aud(y,min(0.8669393,x)))",
            "g": "auh(auh((x-x),x),aud(x,min(y,x)))"
          }
        },
        {
          "fitness": 0,
          "expressions": {
            "r": "(0.57330465*sin(aud(x,y)))",
            "b": "(0.81249315*sin(aud(0.6220486,0.49500257)))",
            "g": "(x*sin(aud(x,y)))"
          }
        },
        {
          "fitness": 0,
          "expressions": {
            "r": "cos(y)",
            "b": "cos(0.029007018)",
            "g": "cos(x)"
          }
        },
        {
          "fitness": 0,
          "expressions": {
            "r": "(0.10593438*sin(aud(x,y)))",
            "b": "(x*sin(aud(0.6220486,0.41082174)))",
            "g": "(x*sin(aud(x,y)))"
          }
        },
        {
          "fitness": 0,
          "expressions": {
            "r": "(0.48431844*0.60840136)",
            "b": "(0.13618559*x)",
            "g": "(0.72034013*y)"
          }
        },
        {
          "fitness": 0,
          "expressions": {
            "r": "(y+y)",
            "b": "(y+y)",
            "g": "(x+y)"
          }
        },
        {
          "fitness": 0,
          "expressions": {
            "r": "(tan(0.17048872)/y)",
            "b": "(tan(0.20456547)/y)",
            "g": "(tan(0.077605605)/y)"
          }
        },
        {
          "fitness": 0,
          "expressions": {
            "r": "(0.3328911*aud(0.5039531,x))",
            "b": "(0.1660623*aud(y,0.8399965))",
            "g": "(0.72034013*aud(y,x))"
          }
        },
        {
          "fitness": 0,
          "expressions": {
            "r": "(aud(y,y)+(0.0867396-(x+y)))",
            "b": "(aud(x,x)+(x-(0.94311655+x)))",
            "g": "(aud(y,x)+(y-(0.22671998+y)))"
          }
        },
        {
          "fitness": 0,
          "expressions": {
            "r": "(x+aul(max((y*0.8382173),aul(x,x)),(tan(x)*max(0.89612925,y))))",
            "b": "(x+aul(max((x*y),aul(0.6438489,y)),(tan(0.045400143)*max(0.14834565,y))))",
            "g": "(x+aul(max((x*x),aul(x,0.56323385)),(tan(y)*max(y,0.061384857))))"
          }
        },
        {
          "fitness": 0,
          "expressions": {
            "r": "cos(cos((pow(0.0,x)+x)))",
            "b": "cos(cos((pow(0.0,x)+0.54209805)))",
            "g": "cos(cos((pow(0.0,x)+y)))"
          }
        },
        {
          "fitness": 0,
          "expressions": {
            "r": "(0.81612664+x)",
            "b": "(0.8563015+x)",
            "g": "(0.40223873+x)"
          }
        },
        {
          "fitness": 0,
          "expressions": {
            "r": "(x+x)",
            "b": "(x+x)",
            "g": "(x+y)"
          }
        },
        {
          "fitness": 0,
          "expressions": {
            "r": "cos(var((y+0.84031355)))",
            "b": "cos(var((x+y)))",
            "g": "cos(var((y+0.27161652)))"
          }
        },
        {
          "fitness": 0,
          "expressions": {
            "r": "(x+0.3886392)",
            "b": "(0.3636117+y)",
            "g": "(0.15306938+y)"
          }
        },
        {
          "fitness": 0,
          "expressions": {
            "r": "((x+0.48956126)/y)",
            "b": "((y+x)/y)",
            "g": "((x+0.82903326)/y)"
          }
        },
        {
          "fitness": 0,
          "expressions": {
            "r": "(0.57330465*cos(aud(x,y)))",
            "b": "(0.81249315*cos(aud(0.6220486,0.49500257)))",
            "g": "(x*cos(aud(x,y)))"
          }
        },
        {
          "fitness": 0,
          "expressions": {
            "r": "(y+(x+0.27271253))",
            "b": "(y+(x+y))",
            "g": "(x+(x+y))"
          }
        }
      ],
      "timestamp": "23h:23m:17s"
    }
  ],
  "timestamp": "2024-07-24-23-23-13"
}