{
  "id": "cp298sro-jsp0-meyx-45pe-1ywupthjrasi",
  "parameters": {
    "crossoverRate": 0.30000001192092896,
    "eliteSize": 2,
    "tournamentSize": 3,
    "mutationRate": 0.8999999761581421,
    "populationSize": 10
  },
  "populations": [{
    "generation": 0,
    "id": "l1acx5em-8i3e-rpsl-rwij-7v4i8j2aeouy",
    "individuals": [
      {
        "fitness": 0,
        "expressions": {
          "r": "auh(min(0.77455026,(0.8442013*x)),0.11610693)",
          "b": "auh(min(x,(x*x)),0.4128989)",
          "g": "auh(min(x,(0.27667236*x)),0.35812336)"
        }
      },
      {
        "fitness": 0,
        "expressions": {
          "r": "aud(0.9684085,y)",
          "b": "aud(x,y)",
          "g": "aud(y,x)"
        }
      },
      {
        "fitness": 0,
        "expressions": {
          "r": "cos(x)",
          "b": "cos(y)",
          "g": "cos(y)"
        }
      },
      {
        "fitness": 0,
        "expressions": {
          "r": "(y+x)",
          "b": "(0.38826352+x)",
          "g": "(0.4944175+0.7462798)"
        }
      },
      {
        "fitness": 0,
        "expressions": {
          "r": "(tan(min(0.23909926,0.26272202))*0.55591464)",
          "b": "(tan(min(y,0.9412839))*y)",
          "g": "(tan(min(x,0.5395283))*x)"
        }
      },
      {
        "fitness": 0,
        "expressions": {
          "r": "(y+0.7087371)",
          "b": "(y+y)",
          "g": "(0.65610015+0.73990756)"
        }
      },
      {
        "fitness": 0,
        "expressions": {
          "r": "min(aul(var(y),aul(y,x)),0.40795952)",
          "b": "min(aul(var(0.73327214),aul(0.77277267,0.39850205)),y)",
          "g": "min(aul(var(0.9123092),aul(0.35567683,0.09572017)),x)"
        }
      },
      {
        "fitness": 0,
        "expressions": {
          "r": "pow(0.1653691,min(max(y,y),y))",
          "b": "pow(y,min(max(x,x),y))",
          "g": "pow(x,min(max(x,x),x))"
        }
      },
      {
        "fitness": 0,
        "expressions": {
          "r": "(y+0.20242757)",
          "b": "(0.8979721+y)",
          "g": "(y+y)"
        }
      },
      {
        "fitness": 0,
        "expressions": {
          "r": "max(tan(tan(x)),min(y,min(x,x)))",
          "b": "max(tan(tan(0.13170862)),min(y,min(0.51008517,x)))",
          "g": "max(tan(tan(x)),min(x,min(y,y)))"
        }
      },
      {
        "fitness": 0,
        "expressions": {
          "r": "(y+x)",
          "b": "(y+y)",
          "g": "(0.77379423+x)"
        }
      },
      {
        "fitness": 0,
        "expressions": {
          "r": "(y+y)",
          "b": "(0.1654517+0.35941494)",
          "g": "(x+y)"
        }
      },
      {
        "fitness": 0,
        "expressions": {
          "r": "(y+x)",
          "b": "(0.23362452+y)",
          "g": "(y+x)"
        }
      },
      {
        "fitness": 0,
        "expressions": {
          "r": "min(0.66166055,auh(auh(y,x),(0.23896569+0.7364774)))",
          "b": "min(x,auh(auh(y,0.08329868),(0.3183244+0.6594867)))",
          "g": "min(x,auh(auh(y,0.26204056),(x+x)))"
        }
      },
      {
        "fitness": 0,
        "expressions": {
          "r": "(cos(y)/y)",
          "b": "(cos(0.8084237)/0.7885321)",
          "g": "(cos(x)/0.6931915)"
        }
      },
      {
        "fitness": 0,
        "expressions": {
          "r": "aul(((0.95636594/0.06468308)/x),cos(x))",
          "b": "aul(((x/x)/y),cos(x))",
          "g": "aul(((0.1124804/y)/x),cos(0.017608702))"
        }
      },
      {
        "fitness": 0,
        "expressions": {
          "r": "(0.6887795+0.3592472)",
          "b": "(y+0.70966065)",
          "g": "(0.4375983+x)"
        }
      },
      {
        "fitness": 0,
        "expressions": {
          "r": "(y+x)",
          "b": "(0.49464458+x)",
          "g": "(0.24258399+y)"
        }
      }
    ],
    "timestamp": "22h:22m:57s"
  }],
  "timestamp": "2024-07-03-22-22-55"
}