{
  "id": "crj5i9ks-fs9g-wnao-w08n-pwrxllkb96wh",
  "parameters": {
    "crossoverRate": 0,
    "eliteSize": 0,
    "tournamentSize": 0,
    "mutationRate": 0,
    "populationSize": 0
  },
  "populations": [{
    "generation": 0,
    "id": "je05dnjd-fxgy-c5dx-jfwz-o127trvwmq2h",
    "individuals": [
      {
        "fitness": 0,
        "expressions": {
          "r": "x",
          "b": "0.4889965",
          "g": "0.6965852"
        }
      },
      {
        "fitness": 0,
        "expressions": {
          "r": "0.85211134",
          "b": "0.9108422",
          "g": "0.0010588169"
        }
      },
      {
        "fitness": 0,
        "expressions": {
          "r": "x",
          "b": "y",
          "g": "0.19168472"
        }
      },
      {
        "fitness": 0,
        "expressions": {
          "r": "y",
          "b": "x",
          "g": "y"
        }
      },
      {
        "fitness": 0,
        "expressions": {
          "r": "0.89554167",
          "b": "0.77486944",
          "g": "x"
        }
      },
      {
        "fitness": 0,
        "expressions": {
          "r": "y",
          "b": "y",
          "g": "y"
        }
      },
      {
        "fitness": 0,
        "expressions": {
          "r": "y",
          "b": "0.27717853",
          "g": "0.9823799"
        }
      },
      {
        "fitness": 0,
        "expressions": {
          "r": "x",
          "b": "0.06842899",
          "g": "y"
        }
      },
      {
        "fitness": 0,
        "expressions": {
          "r": "x",
          "b": "y",
          "g": "x"
        }
      },
      {
        "fitness": 0,
        "expressions": {
          "r": "0.17436695",
          "b": "x",
          "g": "y"
        }
      },
      {
        "fitness": 0,
        "expressions": {
          "r": "y",
          "b": "y",
          "g": "y"
        }
      },
      {
        "fitness": 0,
        "expressions": {
          "r": "x",
          "b": "y",
          "g": "x"
        }
      },
      {
        "fitness": 0,
        "expressions": {
          "r": "y",
          "b": "y",
          "g": "x"
        }
      },
      {
        "fitness": 0,
        "expressions": {
          "r": "x",
          "b": "x",
          "g": "x"
        }
      },
      {
        "fitness": 0,
        "expressions": {
          "r": "0.09557152",
          "b": "x",
          "g": "0.21909451"
        }
      },
      {
        "fitness": 0,
        "expressions": {
          "r": "0.10460043",
          "b": "y",
          "g": "0.33410883"
        }
      },
      {
        "fitness": 0,
        "expressions": {
          "r": "0.40823245",
          "b": "y",
          "g": "x"
        }
      },
      {
        "fitness": 0,
        "expressions": {
          "r": "y",
          "b": "0.8288708",
          "g": "x"
        }
      }
    ],
    "timestamp": "0h:30m:24s"
  }],
  "timestamp": "2024-07-27-00-30-21"
}