{
  "id": "cu2dyqy4-bflo-0avs-alm5-amp5uixrsvrr",
  "parameters": {
    "crossoverRate": 0,
    "eliteSize": 0,
    "tournamentSize": 0,
    "mutationRate": 0,
    "populationSize": 0
  },
  "populations": [{
    "generation": 0,
    "id": "8ltittmz-wjgd-jsft-p3ye-vbz1wfwlk6sg",
    "individuals": [
      {
        "fitness": 0,
        "expressions": {
          "r": "x",
          "b": "x",
          "g": "y"
        }
      },
      {
        "fitness": 0,
        "expressions": {
          "r": "x",
          "b": "x",
          "g": "0.33556247"
        }
      },
      {
        "fitness": 0,
        "expressions": {
          "r": "x",
          "b": "0.044241667",
          "g": "0.88450694"
        }
      },
      {
        "fitness": 0,
        "expressions": {
          "r": "0.11237383",
          "b": "x",
          "g": "0.11445022"
        }
      },
      {
        "fitness": 0,
        "expressions": {
          "r": "y",
          "b": "y",
          "g": "0.6998491"
        }
      },
      {
        "fitness": 0,
        "expressions": {
          "r": "y",
          "b": "0.6923866",
          "g": "y"
        }
      },
      {
        "fitness": 0,
        "expressions": {
          "r": "0.5251384",
          "b": "0.95390916",
          "g": "x"
        }
      },
      {
        "fitness": 0,
        "expressions": {
          "r": "y",
          "b": "0.016191006",
          "g": "x"
        }
      },
      {
        "fitness": 0,
        "expressions": {
          "r": "x",
          "b": "0.3446083",
          "g": "y"
        }
      },
      {
        "fitness": 0,
        "expressions": {
          "r": "y",
          "b": "y",
          "g": "0.2531402"
        }
      },
      {
        "fitness": 0,
        "expressions": {
          "r": "y",
          "b": "0.8514831",
          "g": "x"
        }
      },
      {
        "fitness": 0,
        "expressions": {
          "r": "x",
          "b": "0.30420804",
          "g": "0.6997254"
        }
      },
      {
        "fitness": 0,
        "expressions": {
          "r": "x",
          "b": "y",
          "g": "x"
        }
      },
      {
        "fitness": 0,
        "expressions": {
          "r": "0.38324165",
          "b": "0.3857968",
          "g": "x"
        }
      },
      {
        "fitness": 0,
        "expressions": {
          "r": "y",
          "b": "y",
          "g": "x"
        }
      },
      {
        "fitness": 0,
        "expressions": {
          "r": "y",
          "b": "0.350039",
          "g": "x"
        }
      },
      {
        "fitness": 0,
        "expressions": {
          "r": "x",
          "b": "y",
          "g": "x"
        }
      },
      {
        "fitness": 0,
        "expressions": {
          "r": "0.3466308",
          "b": "y",
          "g": "x"
        }
      }
    ],
    "timestamp": "18h:38m:9s"
  }],
  "timestamp": "2024-07-28-18-38-06"
}