{
  "id": "cvno6opg-vpsp-5n5r-o8g7-sescge5u45u2",
  "parameters": {
    "crossoverRate": 0.30000001192092896,
    "eliteSize": 2,
    "tournamentSize": 3,
    "mutationRate": 0.8999999761581421,
    "populationSize": 10
  },
  "populations": [{
    "generation": 0,
    "id": "3ty0bez3-6q0x-y6za-gjhy-j3xnzyskyl35",
    "individuals": [
      {
        "fitness": 0,
        "expressions": {
          "r": "(y+x)",
          "b": "(x+y)",
          "g": "(y+0.7720415)"
        }
      },
      {
        "fitness": 0,
        "expressions": {
          "r": "aul(aul(cos(0.35777843),min(y,x)),0.8979517)",
          "b": "aul(aul(cos(y),min(x,0.19134289)),y)",
          "g": "aul(aul(cos(0.05759293),min(x,x)),0.12406951)"
        }
      },
      {
        "fitness": 0,
        "expressions": {
          "r": "(0.6703584+y)",
          "b": "(x+x)",
          "g": "(x+0.094376564)"
        }
      },
      {
        "fitness": 0,
        "expressions": {
          "r": "(x-aud(0.36093897,0.9510074))",
          "b": "(y-aud(y,0.99299294))",
          "g": "(y-aud(x,0.22543877))"
        }
      },
      {
        "fitness": 0,
        "expressions": {
          "r": "aud(cos(x),(auh(x,0.6475981)/(0.7192315+0.18738002)))",
          "b": "aud(cos(0.3385799),(auh(0.060020506,y)/(y+0.34622204)))",
          "g": "aud(cos(0.919367),(auh(y,x)/(0.24645889+y)))"
        }
      },
      {
        "fitness": 0,
        "expressions": {
          "r": "auh(cos((x/y)),0.41113704)",
          "b": "auh(cos((0.26149732/x)),0.41698533)",
          "g": "auh(cos((x/y)),y)"
        }
      },
      {
        "fitness": 0,
        "expressions": {
          "r": "(0.38293165+y)",
          "b": "(x+0.08356476)",
          "g": "(x+0.25691825)"
        }
      },
      {
        "fitness": 0,
        "expressions": {
          "r": "var(0.4283164)",
          "b": "var(x)",
          "g": "var(x)"
        }
      },
      {
        "fitness": 0,
        "expressions": {
          "r": "(0.42941326+x)",
          "b": "(x+0.43162626)",
          "g": "(0.22091335+x)"
        }
      },
      {
        "fitness": 0,
        "expressions": {
          "r": "max(0.715682,y)",
          "b": "max(x,0.4749291)",
          "g": "max(0.6438219,x)"
        }
      },
      {
        "fitness": 0,
        "expressions": {
          "r": "(x+y)",
          "b": "(0.3760695+x)",
          "g": "(x+y)"
        }
      },
      {
        "fitness": 0,
        "expressions": {
          "r": "tan(aud(tan(y),x))",
          "b": "tan(aud(tan(y),x))",
          "g": "tan(aud(tan(0.69122636),y))"
        }
      },
      {
        "fitness": 0,
        "expressions": {
          "r": "auh((aul(y,y)*auh(0.82991856,y)),0.35625547)",
          "b": "auh((aul(y,x)*auh(0.8634766,x)),0.20232815)",
          "g": "auh((aul(y,y)*auh(x,0.7721463)),x)"
        }
      },
      {
        "fitness": 0,
        "expressions": {
          "r": "(x+y)",
          "b": "(x+0.6510662)",
          "g": "(y+y)"
        }
      },
      {
        "fitness": 0,
        "expressions": {
          "r": "(y+y)",
          "b": "(x+x)",
          "g": "(x+x)"
        }
      },
      {
        "fitness": 0,
        "expressions": {
          "r": "(0.123984575/0.6368496)",
          "b": "(0.7500567/x)",
          "g": "(x/x)"
        }
      },
      {
        "fitness": 0,
        "expressions": {
          "r": "(x+0.22394925)",
          "b": "(0.5190913+0.56316537)",
          "g": "(x+y)"
        }
      },
      {
        "fitness": 0,
        "expressions": {
          "r": "(x+x)",
          "b": "(0.557625+x)",
          "g": "(x+x)"
        }
      }
    ],
    "timestamp": "22h:59m:31s"
  }],
  "timestamp": "2024-07-24-22-59-29"
}