{
  "id": "cz0t9b71-yb4h-xu7c-5jab-u33lzq1nh89k",
  "parameters": {
    "crossoverRate": 0.30000001192092896,
    "eliteSize": 2,
    "tournamentSize": 3,
    "mutationRate": 0.8999999761581421,
    "populationSize": 10
  },
  "populations": [
    {
      "generation": 0,
      "id": "nukdu1jg-fdnm-u8qm-5tgc-wb80vrfdin9u",
      "individuals": [
        {
          "fitness": 0,
          "expressions": {
            "r": "sin(mul(sub(sin(cos(cos(mul(0.16016793,div(tan(add(sin(0.65350986),x)),sub(y,x)))))),x),sub(sin(y),y)))",
            "b": "sin(mul(sub(sin(cos(cos(mul(0.7459971,div(tan(add(sin(y),0.3563735)),sub(0.7519008,y)))))),x),sub(sin(x),x)))",
            "g": "sin(mul(sub(sin(cos(cos(mul(x,div(tan(add(sin(0.9433297),x)),sub(y,0.6620604)))))),x),sub(sin(y),0.523542)))"
          }
        },
        {
          "fitness": 0,
          "expressions": {
            "r": "div(y,y)",
            "b": "div(0.16785586,0.6609015)",
            "g": "div(x,0.21204937)"
          }
        },
        {
          "fitness": 0,
          "expressions": {
            "r": "add(y,y)",
            "b": "add(x,y)",
            "g": "add(x,0.46516263)"
          }
        },
        {
          "fitness": 0,
          "expressions": {
            "r": "add(0.07690787,0.26431668)",
            "b": "add(0.52207196,0.58609396)",
            "g": "add(0.031882882,0.06793034)"
          }
        },
        {
          "fitness": 0,
          "expressions": {
            "r": "add(x,0.5167401)",
            "b": "add(x,x)",
            "g": "add(0.11032605,0.6661699)"
          }
        },
        {
          "fitness": 0,
          "expressions": {
            "r": "mul(div(div(x,x),x),sin(cos(add(0.8168671,y))))",
            "b": "mul(div(div(0.05394745,0.7277139),y),sin(cos(add(y,x))))",
            "g": "mul(div(div(x,y),x),sin(cos(add(x,y))))"
          }
        },
        {
          "fitness": 0,
          "expressions": {
            "r": "add(0.5632301,0.42360413)",
            "b": "add(0.5654456,x)",
            "g": "add(0.8232613,x)"
          }
        },
        {
          "fitness": 0,
          "expressions": {
            "r": "tan(tan(y))",
            "b": "tan(tan(0.31200975))",
            "g": "tan(tan(x))"
          }
        },
        {
          "fitness": 0,
          "expressions": {
            "r": "add(y,x)",
            "b": "add(x,y)",
            "g": "add(0.3536167,y)"
          }
        },
        {
          "fitness": 0,
          "expressions": {
            "r": "tan(sin(sub(div(mul(div(div(x,mul(sin(y),add(cos(x),0.5219275))),mul(mul(y,cos(sub(y,0.10559428))),0.29220396)),0.2940513),mul(tan(x),y)),add(0.9431913,sub(x,add(y,y))))))",
            "b": "tan(sin(sub(div(mul(div(div(0.6583564,mul(sin(0.26696813),add(cos(x),y))),mul(mul(y,cos(sub(0.479106,y))),x)),0.24289852),mul(tan(0.73232603),0.6646226)),add(y,sub(y,add(x,y))))))",
            "g": "tan(sin(sub(div(mul(div(div(y,mul(sin(x),add(cos(0.1431663),x))),mul(mul(x,cos(sub(x,0.95417494))),y)),y),mul(tan(x),0.024431884)),add(y,sub(0.61482954,add(x,0.704342))))))"
          }
        },
        {
          "fitness": 0,
          "expressions": {
            "r": "add(x,div(add(add(x,mul(0.26124144,sin(sub(x,y)))),div(0.6378093,sub(sin(x),tan(sub(0.5608295,add(0.29768246,add(sub(0.6868243,x),tan(x)))))))),x))",
            "b": "add(y,div(add(add(y,mul(y,sin(sub(x,y)))),div(x,sub(sin(y),tan(sub(0.3422107,add(0.46819943,add(sub(y,0.23246276),tan(x)))))))),0.56657535))",
            "g": "add(0.48052186,div(add(add(x,mul(y,sin(sub(x,x)))),div(0.29172993,sub(sin(y),tan(sub(0.870279,add(x,add(sub(0.2933557,0.26585966),tan(x)))))))),0.13517886))"
          }
        },
        {
          "fitness": 0,
          "expressions": {
            "r": "mul(cos(0.561536),cos(cos(div(y,x))))",
            "b": "mul(cos(y),cos(cos(div(x,x))))",
            "g": "mul(cos(y),cos(cos(div(y,x))))"
          }
        },
        {
          "fitness": 0,
          "expressions": {
            "r": "sin(tan(div(cos(x),y)))",
            "b": "sin(tan(div(cos(x),x)))",
            "g": "sin(tan(div(cos(y),x)))"
          }
        },
        {
          "fitness": 0,
          "expressions": {
            "r": "div(mul(y,mul(y,tan(tan(sin(y))))),tan(tan(0.72036713)))",
            "b": "div(mul(y,mul(y,tan(tan(sin(x))))),tan(tan(x)))",
            "g": "div(mul(0.16264987,mul(0.6252301,tan(tan(sin(0.21433908))))),tan(tan(x)))"
          }
        },
        {
          "fitness": 0,
          "expressions": {
            "r": "add(x,0.2974763)",
            "b": "add(x,y)",
            "g": "add(x,y)"
          }
        },
        {
          "fitness": 0,
          "expressions": {
            "r": "add(x,0.6350008)",
            "b": "add(y,x)",
            "g": "add(y,x)"
          }
        },
        {
          "fitness": 0,
          "expressions": {
            "r": "add(0.60638005,y)",
            "b": "add(0.9568949,0.13075858)",
            "g": "add(y,y)"
          }
        },
        {
          "fitness": 0,
          "expressions": {
            "r": "sin(x)",
            "b": "sin(0.02544415)",
            "g": "sin(x)"
          }
        }
      ],
      "timestamp": "22h:31m:45s"
    },
    {
      "generation": 1,
      "ascendantID": "nukdu1jg-fdnm-u8qm-5tgc-wb80vrfdin9u",
      "id": "c3mlrq7a-hb8v-1mqe-gwch-4j56dok6zkwp",
      "individuals": [
        {
          "fitness": 0,
          "expressions": {
            "r": "mul(div(div(x,x),x),sin(cos(add(0.8168671,y))))",
            "b": "mul(div(div(0.05394745,0.7277139),y),sin(cos(add(y,x))))",
            "g": "mul(div(div(x,y),x),sin(cos(add(x,y))))"
          }
        },
        {
          "fitness": 0,
          "expressions": {
            "r": "div(y,y)",
            "b": "div(0.16785586,0.6609015)",
            "g": "div(x,0.21204937)"
          }
        },
        {
          "fitness": 0,
          "expressions": {
            "r": "add(mul(div(div(x,x),x),sin(cos(add(0.6302381,y)))),0.6350008)",
            "b": "add(mul(div(div(0.05394745,0.7277139),y),sin(cos(add(y,x)))),x)",
            "g": "add(mul(div(div(x,y),x),sin(cos(add(x,y)))),x)"
          }
        },
        {
          "fitness": 0,
          "expressions": {
            "r": "add(sin(mul(tan(sin(x)),x)),0.1390922)",
            "b": "add(sin(mul(tan(sin(x)),y)),y)",
            "g": "add(sin(mul(tan(sin(x)),x)),y)"
          }
        },
        {
          "fitness": 0,
          "expressions": {
            "r": "add(x,div(add(add(y,mul(0.26124144,sin(sub(x,y)))),div(0.6378093,sub(sin(0.8014451),tan(sub(0.5608295,add(0.29768246,add(sub(0.6868243,x),tan(x)))))))),x))",
            "b": "add(y,div(add(add(y,mul(y,sin(sub(x,y)))),div(x,sub(sin(y),tan(sub(0.3422107,add(0.46819943,add(sub(y,0.23246276),tan(x)))))))),0.56657535))",
            "g": "add(0.48052186,div(add(add(x,mul(y,sin(sub(x,x)))),div(0.29172993,sub(sin(y),tan(sub(x,add(x,add(sub(0.2933557,0.26585966),tan(x)))))))),0.13517886))"
          }
        },
        {
          "fitness": 0,
          "expressions": {
            "r": "add(x,div(add(add(x,mul(0.26124144,sin(add(x,y)))),div(0.6378093,sub(sin(x),cos(sub(add(0.87527955,div(sub(tan(tan(cos(0.5059962))),cos(x)),x)),add(0.29768246,add(sub(0.85764456,x),tan(x)))))))),x))",
            "b": "add(y,div(add(add(y,mul(y,sin(add(x,y)))),div(x,sub(sin(y),cos(sub(add(x,div(sub(tan(tan(cos(0.619321))),cos(y)),y)),add(0.46819943,add(sub(y,0.23246276),tan(x)))))))),0.56657535))",
            "g": "add(0.48052186,div(add(add(x,mul(y,sin(add(x,x)))),div(0.29172993,sub(sin(y),cos(sub(add(x,div(sub(tan(tan(cos(y))),cos(x)),y)),add(x,add(sub(0.2933557,0.26585966),tan(x)))))))),0.13517886))"
          }
        },
        {
          "fitness": 0,
          "expressions": {
            "r": "add(add(y,0.7840038),0.2974763)",
            "b": "add(add(x,x),y)",
            "g": "add(add(x,y),y)"
          }
        },
        {
          "fitness": 0,
          "expressions": {
            "r": "div(mul(sub(sin(tan(cos(mul(0.16016793,div(tan(add(sin(0.40883026),x)),sub(sin(cos(mul(x,mul(add(mul(0.009372175,y),add(0.0,0.0)),add(y,y))))),mul(0.59288085,y))))))),x),sub(sin(y),y)),x)",
            "b": "div(mul(sub(sin(tan(cos(mul(0.7459971,div(tan(add(sin(y),0.3563735)),sub(sin(cos(mul(x,mul(add(mul(0.87345815,0.82274294),add(0.0,0.0)),add(y,0.0093224645))))),mul(x,x))))))),x),sub(sin(x),x)),0.35944694)",
            "g": "div(mul(sub(sin(tan(cos(mul(x,div(tan(add(sin(x),x)),sub(sin(cos(mul(0.35866892,mul(add(mul(0.12068313,x),add(0.0,0.0)),add(0.8241711,x))))),mul(y,0.54578984))))))),x),sub(sin(y),0.523542)),x)"
          }
        },
        {
          "fitness": 0,
          "expressions": {
            "r": "mul(cos(0.561536),cos(cos(div(y,x))))",
            "b": "mul(cos(y),cos(cos(div(x,x))))",
            "g": "mul(cos(y),cos(cos(div(y,x))))"
          }
        },
        {
          "fitness": 0,
          "expressions": {
            "r": "div(mul(mul(cos(0.561536),cos(sin(div(y,x)))),mul(y,tan(tan(div(tan(y),y))))),tan(cos(0.72036713)))",
            "b": "div(mul(mul(cos(y),cos(sin(div(x,x)))),mul(y,tan(tan(div(tan(y),0.8772429))))),tan(cos(x)))",
            "g": "div(mul(mul(cos(y),cos(sin(div(y,x)))),mul(0.6252301,tan(tan(div(tan(0.6642085),x))))),tan(cos(x)))"
          }
        },
        {
          "fitness": 0,
          "expressions": {
            "r": "add(x,div(add(add(x,div(0.26124144,sin(sub(x,y)))),div(0.6378093,sub(sin(x),tan(mul(0.5608295,add(cos(mul(0.16016793,div(tan(add(div(0.65350986,0.3560865),x)),sub(y,x)))),add(mul(0.6868243,x),tan(x)))))))),x))",
            "b": "add(y,div(add(add(y,div(y,sin(sub(x,y)))),div(x,sub(sin(y),tan(mul(0.3422107,add(cos(mul(0.7459971,div(tan(add(div(x,x),0.3563735)),sub(0.49447757,y)))),add(mul(y,0.23246276),tan(x)))))))),0.8572608))",
            "g": "add(0.4422235,div(add(add(x,div(y,sin(sub(0.9815266,x)))),div(0.29172993,sub(sin(y),tan(mul(0.6522581,add(cos(mul(x,div(tan(add(div(0.9433297,x),x)),sub(y,0.6620604)))),add(mul(0.18688948,0.26585966),tan(x)))))))),0.13517886))"
          }
        },
        {
          "fitness": 0,
          "expressions": {
            "r": "sin(y)",
            "b": "sin(0.16785586)",
            "g": "sin(x)"
          }
        },
        {
          "fitness": 0,
          "expressions": {
            "r": "add(sub(sin(y),y),y)",
            "b": "add(sub(sin(x),x),y)",
            "g": "add(sub(sin(y),0.523542),0.46516263)"
          }
        },
        {
          "fitness": 0,
          "expressions": {
            "r": "mul(cos(0.47065794),cos(cos(mul(x,sin(x)))))",
            "b": "mul(cos(y),cos(cos(mul(y,sin(y)))))",
            "g": "mul(cos(y),cos(cos(mul(y,sin(y)))))"
          }
        },
        {
          "fitness": 0,
          "expressions": {
            "r": "add(0.5632301,0.5105333)",
            "b": "add(0.5654456,x)",
            "g": "add(0.8232613,x)"
          }
        },
        {
          "fitness": 0,
          "expressions": {
            "r": "mul(div(div(x,x),x),sin(cos(add(0.8168671,y))))",
            "b": "mul(div(div(0.13356563,0.7277139),y),sin(cos(add(y,x))))",
            "g": "mul(div(div(x,y),x),sin(cos(add(x,y))))"
          }
        },
        {
          "fitness": 0,
          "expressions": {
            "r": "sin(x)",
            "b": "sin(0.02544415)",
            "g": "sin(x)"
          }
        },
        {
          "fitness": 0,
          "expressions": {
            "r": "add(0.8397966,0.42360413)",
            "b": "add(0.5654456,x)",
            "g": "add(0.72157156,x)"
          }
        }
      ],
      "timestamp": "22h:31m:52s"
    },
    {
      "generation": 2,
      "ascendantID": "c3mlrq7a-hb8v-1mqe-gwch-4j56dok6zkwp",
      "id": "1yw5s3v4-fga6-yoex-lu88-kfe9d54vz39z",
      "individuals": [
        {
          "fitness": 0,
          "expressions": {
            "r": "add(x,div(add(add(x,div(0.26124144,sin(sub(x,y)))),div(0.6378093,sub(sin(x),tan(mul(0.5608295,add(cos(mul(0.16016793,div(tan(add(div(0.65350986,0.3560865),x)),sub(y,x)))),add(mul(0.6868243,x),tan(x)))))))),x))",
            "b": "add(y,div(add(add(y,div(y,sin(sub(x,y)))),div(x,sub(sin(y),tan(mul(0.3422107,add(cos(mul(0.7459971,div(tan(add(div(x,x),0.3563735)),sub(0.49447757,y)))),add(mul(y,0.23246276),tan(x)))))))),0.8572608))",
            "g": "add(0.4422235,div(add(add(x,div(y,sin(sub(0.9815266,x)))),div(0.29172993,sub(sin(y),tan(mul(0.6522581,add(cos(mul(x,div(tan(add(div(0.9433297,x),x)),sub(y,0.6620604)))),add(mul(0.18688948,0.26585966),tan(x)))))))),0.13517886))"
          }
        },
        {
          "fitness": 0,
          "expressions": {
            "r": "add(x,div(add(add(x,div(0.26124144,sin(sub(x,y)))),mul(0.6378093,sub(sin(add(tan(sub(x,mul(cos(div(add(x,cos(0.74480724)),0.6282014)),x))),tan(div(add(0.7522588,x),mul(sin(add(div(tan(sub(y,0.0)),x),x)),y))))),tan(mul(0.5608295,add(cos(mul(0.16016793,div(tan(add(div(0.65350986,0.3560865),x)),sub(y,x)))),add(mul(0.6868243,x),tan(x)))))))),x))",
            "b": "add(y,div(add(add(y,div(y,sin(sub(x,y)))),mul(x,sub(sin(add(tan(sub(y,mul(cos(div(add(x,cos(y)),y)),x))),tan(div(add(0.4489755,0.36179745),mul(sin(add(div(tan(sub(y,0.0)),x),y)),x))))),tan(mul(0.3422107,add(cos(mul(0.8974241,div(tan(add(div(x,x),0.3563735)),sub(0.49447757,y)))),add(mul(y,0.23246276),tan(x)))))))),0.8572608))",
            "g": "add(0.4422235,div(add(add(x,div(y,sin(sub(0.9815266,x)))),mul(0.29172993,sub(sin(add(tan(sub(y,mul(cos(div(add(0.49991155,cos(0.10663444)),x)),y))),tan(div(add(y,y),mul(sin(add(div(tan(sub(0.13851035,0.0)),0.3781262),0.21377295)),y))))),tan(mul(0.6522581,add(cos(mul(x,div(tan(add(div(0.9433297,x),x)),sub(y,0.6620604)))),add(mul(0.18688948,0.26585966),tan(x)))))))),0.13517886))"
          }
        },
        {
          "fitness": 0,
          "expressions": {
            "r": "add(div(mul(tan(div(x,x)),x),x),0.1390922)",
            "b": "add(div(mul(tan(div(x,0.8122224)),y),0.22265446),y)",
            "g": "add(div(mul(tan(div(x,x)),x),x),y)"
          }
        },
        {
          "fitness": 0,
          "expressions": {
            "r": "mul(sin(0.47065794),cos(cos(mul(x,sin(x)))))",
            "b": "mul(sin(y),cos(cos(mul(y,sin(y)))))",
            "g": "mul(sin(y),cos(cos(mul(y,sin(y)))))"
          }
        },
        {
          "fitness": 0,
          "expressions": {
            "r": "add(sin(mul(tan(sin(x)),x)),0.1390922)",
            "b": "add(sin(mul(tan(sin(x)),y)),y)",
            "g": "add(sin(mul(tan(sin(x)),x)),y)"
          }
        },
        {
          "fitness": 0,
          "expressions": {
            "r": "add(sin(div(tan(sin(sin(mul(tan(mul(y,mul(add(mul(y,y),x),cos(cos(mul(x,y)))))),x)))),x)),0.1390922)",
            "b": "add(sin(div(tan(sin(sin(mul(tan(mul(x,mul(add(mul(0.8196661,y),x),cos(cos(mul(y,0.50017995)))))),y)))),y)),y)",
            "g": "add(sin(div(tan(sin(sin(mul(tan(mul(y,mul(add(mul(x,y),x),cos(cos(mul(x,x)))))),x)))),x)),y)"
          }
        },
        {
          "fitness": 0,
          "expressions": {
            "r": "add(x,div(add(add(x,div(0.26124144,sin(sub(x,y)))),div(0.6378093,sub(sin(x),tan(mul(0.5608295,add(cos(mul(0.16016793,div(tan(add(sin(0.65350986),x)),sub(y,x)))),add(cos(mul(y,x)),tan(0.9375288)))))))),x))",
            "b": "add(y,div(add(add(y,div(y,sin(sub(x,y)))),div(x,sub(sin(y),tan(mul(0.3422107,add(cos(mul(0.7459971,div(tan(add(sin(x),0.3563735)),sub(0.49447757,y)))),add(cos(mul(x,x)),tan(x)))))))),0.8572608))",
            "g": "add(0.4422235,div(add(add(x,div(y,sin(sub(0.9815266,x)))),div(0.29172993,sub(sin(y),tan(mul(0.6522581,add(cos(mul(x,div(tan(add(sin(0.9433297),x)),sub(y,0.6620604)))),add(cos(mul(y,x)),tan(x)))))))),0.13517886))"
          }
        },
        {
          "fitness": 0,
          "expressions": {
            "r": "add(0.9149958,0.42360413)",
            "b": "add(0.32911092,x)",
            "g": "add(0.72157156,x)"
          }
        },
        {
          "fitness": 0,
          "expressions": {
            "r": "mul(div(div(x,x),x),sin(cos(sub(0.9492663,y))))",
            "b": "mul(div(div(0.05394745,0.7277139),y),sin(cos(sub(y,x))))",
            "g": "mul(div(div(x,y),x),sin(cos(sub(x,y))))"
          }
        },
        {
          "fitness": 0,
          "expressions": {
            "r": "div(mul(mul(cos(0.561536),cos(sin(div(y,x)))),mul(y,tan(tan(div(tan(0.8014451),y))))),tan(cos(0.72036713)))",
            "b": "div(mul(mul(cos(y),cos(sin(div(x,x)))),mul(y,tan(tan(div(tan(y),0.8772429))))),tan(cos(x)))",
            "g": "div(mul(mul(cos(y),cos(sin(div(y,x)))),mul(0.6252301,tan(tan(div(tan(y),x))))),tan(cos(x)))"
          }
        },
        {
          "fitness": 0,
          "expressions": {
            "r": "div(mul(mul(cos(0.561536),cos(cos(div(y,x)))),mul(y,cos(tan(div(tan(y),y))))),tan(cos(0.72036713)))",
            "b": "div(mul(mul(cos(y),cos(cos(div(x,x)))),mul(y,cos(tan(div(tan(y),0.8772429))))),tan(cos(x)))",
            "g": "div(mul(mul(cos(y),cos(cos(div(y,x)))),mul(0.6252301,cos(tan(div(tan(0.58980393),x))))),tan(cos(x)))"
          }
        },
        {
          "fitness": 0,
          "expressions": {
            "r": "sin(x)",
            "b": "sin(0.02544415)",
            "g": "sin(x)"
          }
        },
        {
          "fitness": 0,
          "expressions": {
            "r": "div(mul(sub(sin(tan(cos(mul(0.16016793,div(tan(sub(sin(0.40883026),x)),sub(sin(cos(mul(x,mul(add(mul(0.009372175,y),add(0.0,0.0)),add(y,y))))),div(0.59288085,y))))))),x),sub(div(y,y),y)),x)",
            "b": "div(mul(sub(sin(tan(cos(mul(0.7459971,div(tan(sub(sin(y),0.3563735)),sub(sin(cos(mul(x,mul(add(mul(0.87345815,0.82274294),add(0.14125401,0.0)),add(y,0.0093224645))))),div(x,x))))))),x),sub(div(x,y),x)),0.21578217)",
            "g": "div(mul(sub(sin(tan(cos(mul(x,div(tan(sub(sin(x),x)),sub(sin(cos(mul(0.59033656,mul(add(mul(0.12068313,x),add(0.0,0.0)),add(0.8241711,x))))),div(y,0.54578984))))))),x),sub(div(y,0.4733482),0.523542)),x)"
          }
        },
        {
          "fitness": 0,
          "expressions": {
            "r": "add(mul(div(div(x,x),x),div(sub(sin(cos(mul(x,mul(add(mul(0.009372175,y),add(0.0,0.0)),add(y,y))))),mul(0.59288085,y)),y)),0.6350008)",
            "b": "add(mul(div(div(0.05394745,0.7277139),y),div(sub(sin(cos(mul(x,mul(add(mul(0.87345815,0.82274294),add(0.0,0.0)),add(y,0.0093224645))))),mul(x,x)),x)),x)",
            "g": "add(mul(div(div(x,y),x),div(sub(sin(cos(mul(0.5661483,mul(add(mul(0.12068313,x),add(0.0,0.0)),add(0.8241711,x))))),mul(y,0.54578984)),x)),x)"
          }
        },
        {
          "fitness": 0,
          "expressions": {
            "r": "mul(div(div(x,x),x),div(tan(y),x))",
            "b": "mul(div(div(0.33212215,0.7277139),y),div(tan(0.82274294),0.9931174))",
            "g": "mul(div(div(x,y),x),div(tan(x),y))"
          }
        },
        {
          "fitness": 0,
          "expressions": {
            "r": "div(y,y)",
            "b": "div(0.0,0.6609015)",
            "g": "div(x,0.21204937)"
          }
        },
        {
          "fitness": 0,
          "expressions": {
            "r": "add(0.8397966,0.42360413)",
            "b": "add(0.5654456,x)",
            "g": "add(0.724311,x)"
          }
        },
        {
          "fitness": 0,
          "expressions": {
            "r": "add(x,div(sin(tan(y)),x))",
            "b": "add(y,div(sin(tan(0.66365254)),0.8572608))",
            "g": "add(0.3539651,div(sin(tan(x)),0.13517886))"
          }
        }
      ],
      "timestamp": "22h:31m:55s"
    },
    {
      "generation": 3,
      "ascendantID": "1yw5s3v4-fga6-yoex-lu88-kfe9d54vz39z",
      "id": "z5c98lgk-bzsb-pl9k-lvjk-x2y9scyyp2up",
      "individuals": [
        {
          "fitness": 0,
          "expressions": {
            "r": "mul(div(div(x,x),x),div(tan(y),x))",
            "b": "mul(div(div(0.33212215,0.7277139),y),div(tan(0.82274294),0.9931174))",
            "g": "mul(div(div(x,y),x),div(tan(x),y))"
          }
        },
        {
          "fitness": 0,
          "expressions": {
            "r": "add(x,div(add(add(x,div(0.26124144,sin(sub(x,y)))),mul(0.6378093,sub(sin(add(tan(sub(x,mul(sin(div(add(x,cos(0.74480724)),0.6282014)),x))),tan(div(add(0.7522588,x),mul(cos(add(div(tan(sub(y,0.0)),x),x)),y))))),tan(mul(0.5608295,add(cos(mul(0.19904901,div(tan(add(div(0.65350986,0.3560865),x)),sub(y,x)))),add(mul(0.6868243,x),tan(x)))))))),x))",
            "b": "add(y,div(add(add(y,div(y,sin(sub(x,y)))),mul(x,sub(sin(add(tan(sub(y,mul(sin(div(add(x,cos(y)),y)),x))),tan(div(add(0.4489755,0.36179745),mul(cos(add(div(tan(sub(y,0.0)),x),y)),x))))),tan(mul(0.3422107,add(cos(mul(0.8974241,div(tan(add(div(x,x),0.3563735)),sub(0.49447757,x)))),add(mul(y,0.5309431),tan(x)))))))),0.8572608))",
            "g": "add(0.4422235,div(add(add(x,div(y,sin(sub(0.9815266,x)))),mul(0.29172993,sub(sin(add(tan(sub(y,mul(sin(div(add(0.49991155,cos(0.10663444)),x)),y))),tan(div(add(y,y),mul(cos(add(div(tan(sub(0.13851035,0.0)),0.30823326),0.21377295)),y))))),tan(mul(0.5582228,add(cos(mul(x,div(tan(add(div(x,x),x)),sub(y,0.829417)))),add(mul(0.18688948,0.26585966),tan(x)))))))),0.13517886))"
          }
        },
        {
          "fitness": 0,
          "expressions": {
            "r": "div(y,y)",
            "b": "div(0.18917957,0.6609015)",
            "g": "div(x,0.21204937)"
          }
        },
        {
          "fitness": 0,
          "expressions": {
            "r": "add(div(div(tan(div(x,x)),x),x),0.1390922)",
            "b": "add(div(div(tan(div(0.9483857,0.8122224)),y),y),y)",
            "g": "add(div(div(tan(div(x,x)),x),x),y)"
          }
        },
        {
          "fitness": 0,
          "expressions": {
            "r": "add(div(mul(tan(div(x,x)),x),x),0.1390922)",
            "b": "add(div(mul(tan(div(x,0.8122224)),y),0.22265446),y)",
            "g": "add(div(mul(tan(div(x,x)),x),x),y)"
          }
        },
        {
          "fitness": 0,
          "expressions": {
            "r": "mul(div(div(x,x),x),div(tan(x),y))",
            "b": "mul(div(div(0.33212215,0.7277139),y),div(tan(0.82274294),x))",
            "g": "mul(div(div(x,y),x),div(tan(x),y))"
          }
        },
        {
          "fitness": 0,
          "expressions": {
            "r": "add(x,add(div(cos(tan(0.11559856)),0.6457012),div(y,add(x,y))))",
            "b": "add(y,add(div(cos(tan(0.38619554)),y),div(0.78946674,add(0.9503546,y))))",
            "g": "add(0.52501166,add(div(cos(tan(y)),x),div(0.88767815,add(0.89190173,0.24142921))))"
          }
        },
        {
          "fitness": 0,
          "expressions": {
            "r": "add(x,div(add(add(x,div(0.26124144,sin(mul(x,y)))),div(0.6378093,sub(sin(x),tan(mul(0.5608295,sub(cos(sub(0.3456834,div(tan(add(sin(0.65350986),x)),sub(y,0.9189222)))),add(cos(div(y,x)),tan(0.9375288)))))))),x))",
            "b": "add(y,div(add(add(y,div(y,sin(mul(x,y)))),div(x,sub(sin(y),tan(mul(0.3422107,sub(cos(sub(0.7459971,div(tan(add(sin(x),0.3563735)),sub(0.49447757,y)))),add(cos(div(x,x)),tan(x)))))))),0.8572608))",
            "g": "add(0.4422235,div(add(add(x,div(y,sin(mul(0.9815266,x)))),div(0.29172993,sub(sin(y),tan(mul(0.6522581,sub(cos(sub(x,div(tan(add(sin(0.9433297),x)),sub(y,0.78811616)))),add(cos(div(y,x)),tan(x)))))))),0.13517886))"
          }
        },
        {
          "fitness": 0,
          "expressions": {
            "r": "mul(sin(0.6164015),sin(cos(mul(x,sin(x)))))",
            "b": "mul(sin(y),sin(cos(mul(0.82596946,sin(y)))))",
            "g": "mul(sin(y),sin(cos(mul(x,sin(y)))))"
          }
        },
        {
          "fitness": 0,
          "expressions": {
            "r": "add(x,div(div(tan(y),y),x))",
            "b": "add(y,div(div(tan(0.5180588),x),0.8572608))",
            "g": "add(0.3539651,div(div(tan(x),0.749821),0.13517886))"
          }
        },
        {
          "fitness": 0,
          "expressions": {
            "r": "add(x,div(0.65350986,0.3560865))",
            "b": "add(y,div(x,x))",
            "g": "add(0.3539651,div(0.9433297,x))"
          }
        },
        {
          "fitness": 0,
          "expressions": {
            "r": "sin(cos(mul(sub(tan(tan(tan(cos(cos(cos(add(mul(cos(0.6815622),sin(0.024941683)),mul(cos(mul(0.83779067,div(0.9491442,y))),cos(mul(add(x,y),x)))))))))),y),div(mul(sin(x),y),add(tan(mul(sin(y),sin(add(y,0.55120665)))),y)))))",
            "b": "sin(cos(mul(sub(tan(tan(tan(cos(cos(cos(add(mul(cos(y),sin(x)),mul(cos(mul(x,div(0.6917678,x))),cos(mul(add(0.9155372,x),0.738849)))))))))),x),div(mul(sin(x),0.3031395),add(tan(mul(sin(y),sin(add(x,x)))),y)))))",
            "g": "sin(cos(mul(sub(tan(tan(tan(cos(cos(cos(add(mul(cos(y),sin(0.33009088)),mul(cos(mul(x,div(y,x))),cos(mul(add(x,y),x)))))))))),y),div(mul(sin(x),0.97651935),add(tan(mul(sin(x),sin(add(x,x)))),y)))))"
          }
        },
        {
          "fitness": 0,
          "expressions": {
            "r": "add(sin(div(div(div(x,x),x),sin(tan(sub(0.9492663,y))))),0.1390922)",
            "b": "add(sin(div(div(div(0.05394745,0.7277139),y),sin(tan(sub(y,x))))),y)",
            "g": "add(sin(div(div(div(x,y),x),sin(tan(sub(x,y))))),y)"
          }
        },
        {
          "fitness": 0,
          "expressions": {
            "r": "mul(div(div(x,x),x),div(tan(y),x))",
            "b": "mul(div(div(0.40055242,0.7277139),y),div(tan(0.82274294),0.9931174))",
            "g": "mul(div(div(0.9840256,y),x),div(tan(x),y))"
          }
        },
        {
          "fitness": 0,
          "expressions": {
            "r": "add(div(mul(tan(sin(x)),x),sin(x)),0.1390922)",
            "b": "add(div(mul(tan(sin(x)),y),sin(y)),y)",
            "g": "add(div(mul(tan(sin(x)),x),sin(y)),y)"
          }
        },
        {
          "fitness": 0,
          "expressions": {
            "r": "div(y,y)",
            "b": "div(0.0,0.6609015)",
            "g": "div(x,0.21204937)"
          }
        },
        {
          "fitness": 0,
          "expressions": {
            "r": "div(y,tan(sin(tan(div(x,x)))))",
            "b": "div(0.0,tan(sin(tan(div(y,0.26283717)))))",
            "g": "div(x,tan(sin(tan(div(y,x)))))"
          }
        },
        {
          "fitness": 0,
          "expressions": {
            "r": "add(0.8397966,sin(add(y,0.009952962)))",
            "b": "add(0.5654456,sin(add(y,y)))",
            "g": "add(0.724311,sin(add(0.27423978,0.22169477)))"
          }
        }
      ],
      "timestamp": "22h:32m:0s"
    },
    {
      "generation": 4,
      "ascendantID": "z5c98lgk-bzsb-pl9k-lvjk-x2y9scyyp2up",
      "id": "ls2g0oo7-sniy-av8a-cf5d-jnyn31z5y1cm",
      "individuals": [
        {
          "fitness": 0,
          "expressions": {
            "r": "add(x,div(add(add(x,div(0.26124144,sin(mul(x,y)))),div(0.6378093,sub(sin(x),tan(mul(0.5608295,sub(cos(sub(0.3456834,div(tan(add(sin(0.65350986),x)),sub(y,0.9189222)))),add(cos(div(y,x)),tan(0.9375288)))))))),x))",
            "b": "add(y,div(add(add(y,div(y,sin(mul(x,y)))),div(x,sub(sin(y),tan(mul(0.3422107,sub(cos(sub(0.7459971,div(tan(add(sin(x),0.3563735)),sub(0.49447757,y)))),add(cos(div(x,x)),tan(x)))))))),0.8572608))",
            "g": "add(0.4422235,div(add(add(x,div(y,sin(mul(0.9815266,x)))),div(0.29172993,sub(sin(y),tan(mul(0.6522581,sub(cos(sub(x,div(tan(add(sin(0.9433297),x)),sub(y,0.78811616)))),add(cos(div(y,x)),tan(x)))))))),0.13517886))"
          }
        },
        {
          "fitness": 0,
          "expressions": {
            "r": "mul(div(div(x,x),x),div(tan(y),x))",
            "b": "mul(div(div(0.40055242,0.7277139),y),div(tan(0.82274294),0.9931174))",
            "g": "mul(div(div(0.70054877,y),x),div(tan(x),y))"
          }
        },
        {
          "fitness": 0,
          "expressions": {
            "r": "add(sin(div(div(div(x,x),x),sin(tan(sub(0.9492663,y))))),0.1390922)",
            "b": "add(sin(div(div(div(0.0,0.7277139),y),sin(tan(sub(y,x))))),y)",
            "g": "add(sin(div(div(div(x,y),x),sin(tan(sub(x,y))))),y)"
          }
        },
        {
          "fitness": 0,
          "expressions": {
            "r": "add(tan(cos(tan(y))),0.1390922)",
            "b": "add(tan(cos(tan(x))),y)",
            "g": "add(tan(cos(tan(y))),y)"
          }
        },
        {
          "fitness": 0,
          "expressions": {
            "r": "add(x,div(add(add(x,div(0.26124144,sin(mul(x,y)))),div(0.86597264,sub(sin(x),tan(mul(0.7990199,add(cos(sub(0.3456834,div(tan(add(sin(0.7103015),x)),sub(y,0.9189222)))),add(cos(div(y,x)),tan(0.9375288)))))))),x))",
            "b": "add(y,div(add(add(y,div(y,sin(mul(x,y)))),div(x,sub(sin(y),tan(mul(0.57408845,add(cos(sub(0.7459971,div(tan(add(sin(x),0.3563735)),sub(0.2082361,y)))),add(cos(div(x,x)),tan(x)))))))),0.8572608))",
            "g": "add(0.4422235,div(add(add(x,div(y,sin(mul(0.8237897,x)))),div(0.29172993,sub(sin(y),tan(mul(0.6522581,add(cos(sub(x,div(tan(add(sin(x),x)),sub(y,0.78811616)))),add(cos(div(y,x)),tan(x)))))))),0.13517886))"
          }
        },
        {
          "fitness": 0,
          "expressions": {
            "r": "add(x,div(div(tan(y),y),x))",
            "b": "add(y,div(div(tan(0.5180588),x),0.8572608))",
            "g": "add(0.3539651,div(div(tan(x),0.749821),0.13517886))"
          }
        },
        {
          "fitness": 0,
          "expressions": {
            "r": "add(div(mul(tan(sin(x)),0.9898401),sin(x)),0.1390922)",
            "b": "add(div(mul(tan(sin(x)),y),sin(y)),y)",
            "g": "add(div(mul(tan(sin(x)),x),sin(y)),y)"
          }
        },
        {
          "fitness": 0,
          "expressions": {
            "r": "div(y,y)",
            "b": "div(0.0,y)",
            "g": "div(x,y)"
          }
        },
        {
          "fitness": 0,
          "expressions": {
            "r": "add(div(y,x),0.1390922)",
            "b": "add(div(x,x),y)",
            "g": "add(div(y,x),y)"
          }
        },
        {
          "fitness": 0,
          "expressions": {
            "r": "add(div(mul(tan(sin(0.1390922)),x),sin(x)),0.1390922)",
            "b": "add(div(mul(tan(sin(y)),y),sin(y)),y)",
            "g": "add(div(mul(tan(sin(y)),x),sin(y)),y)"
          }
        },
        {
          "fitness": 0,
          "expressions": {
            "r": "add(x,div(add(add(x,div(0.06423211,sin(sub(x,y)))),mul(0.6793386,sub(sin(add(tan(sub(x,mul(div(mul(add(x,cos(mul(0.0,x))),0.6282014),x),x))),tan(div(add(0.7522588,x),mul(cos(add(div(tan(sub(y,0.0)),x),x)),y))))),tan(mul(0.5608295,add(cos(mul(0.018320158,div(tan(add(sin(0.65350986),x)),sub(y,x)))),add(mul(0.6868243,x),tan(x)))))))),x))",
            "b": "add(y,div(add(add(y,div(y,sin(sub(x,y)))),mul(y,sub(sin(add(tan(sub(y,mul(div(mul(add(x,cos(mul(0.0,0.8572608))),y),0.28375608),x))),tan(div(add(0.4489755,0.36179745),mul(cos(add(div(tan(sub(y,0.0)),x),y)),x))))),tan(mul(0.3422107,add(cos(mul(0.8974241,div(tan(add(sin(x),0.3563735)),sub(0.60727596,x)))),add(mul(y,0.5309431),tan(x)))))))),0.8572608))",
            "g": "add(0.57699394,div(add(add(x,div(y,sin(sub(0.816859,x)))),mul(0.5088804,sub(sin(add(tan(sub(y,mul(div(mul(add(0.49991155,cos(mul(0.0,0.13517886))),x),0.3551227),y))),tan(div(add(y,y),mul(cos(add(div(tan(sub(0.13851035,0.0)),0.30823326),0.21377295)),y))))),tan(mul(0.5582228,add(cos(mul(x,div(tan(add(sin(x),x)),sub(y,0.6468299)))),add(mul(0.096248835,0.26585966),tan(x)))))))),0.17451073))"
          }
        },
        {
          "fitness": 0,
          "expressions": {
            "r": "div(y,x)",
            "b": "div(0.18917957,0.33212215)",
            "g": "div(x,0.9741204)"
          }
        },
        {
          "fitness": 0,
          "expressions": {
            "r": "add(x,div(add(add(x,div(0.26124144,sin(sub(x,y)))),x),x))",
            "b": "add(y,div(add(add(y,div(y,sin(sub(x,y)))),y),0.8572608))",
            "g": "add(0.4422235,div(add(add(x,div(y,sin(sub(0.9815266,x)))),0.1489901),0.13517886))"
          }
        },
        {
          "fitness": 0,
          "expressions": {
            "r": "add(sin(div(div(sin(x),div(cos(tan(0.2893861)),0.6457012)),sin(tan(sub(0.9492663,y))))),0.1390922)",
            "b": "add(sin(div(div(sin(0.05394745),div(cos(tan(0.38619554)),y)),sin(tan(sub(y,x))))),y)",
            "g": "add(sin(div(div(sin(x),div(cos(tan(y)),x)),sin(tan(sub(x,y))))),y)"
          }
        },
        {
          "fitness": 0,
          "expressions": {
            "r": "mul(div(div(x,y),x),div(tan(x),y))",
            "b": "mul(div(div(0.33212215,x),y),div(tan(0.82274294),x))",
            "g": "mul(div(div(x,x),x),div(tan(x),y))"
          }
        },
        {
          "fitness": 0,
          "expressions": {
            "r": "add(x,div(add(add(x,div(0.26124144,sin(mul(x,y)))),div(0.6378093,add(sin(x),tan(mul(0.5608295,add(cos(sub(0.3456834,div(tan(add(sin(0.65350986),x)),sub(y,0.9189222)))),add(cos(div(y,x)),tan(0.9375288)))))))),x))",
            "b": "add(x,div(add(add(y,div(y,sin(mul(x,y)))),div(x,add(sin(y),tan(mul(0.3422107,add(cos(sub(0.7459971,div(tan(add(sin(x),0.3563735)),sub(0.49447757,y)))),add(cos(div(x,x)),tan(x)))))))),0.8572608))",
            "g": "add(0.4422235,div(add(add(x,div(y,sin(mul(0.9815266,x)))),div(0.29172993,add(sin(y),tan(mul(0.6522581,add(cos(sub(x,div(tan(add(sin(0.9433297),x)),sub(y,0.78811616)))),add(cos(div(y,x)),tan(x)))))))),0.13517886))"
          }
        },
        {
          "fitness": 0,
          "expressions": {
            "r": "add(x,div(add(add(x,div(0.01362627,cos(sub(x,y)))),mul(0.6378093,mul(sin(add(cos(sub(x,mul(sin(div(add(x,tan(0.4469558)),0.6282014)),x))),tan(0.15165639))),tan(mul(0.5608295,add(cos(mul(0.19904901,mul(tan(add(div(0.65350986,0.3560865),x)),sub(y,x)))),add(mul(0.6868243,x),tan(x)))))))),x))",
            "b": "add(y,div(add(add(y,div(y,cos(sub(x,y)))),mul(x,mul(sin(add(cos(sub(y,mul(sin(div(add(x,tan(y)),y)),x))),tan(y))),tan(mul(0.3251329,add(cos(mul(0.8974241,mul(tan(add(div(x,x),0.3563735)),sub(0.49447757,x)))),add(mul(y,0.5309431),tan(x)))))))),0.8572608))",
            "g": "add(0.4422235,div(add(add(x,div(y,cos(sub(0.7018049,x)))),mul(0.29172993,mul(sin(add(cos(sub(y,mul(sin(div(add(0.49991155,tan(0.10663444)),x)),y))),tan(0.9244487))),tan(mul(0.3491248,add(cos(mul(x,mul(tan(add(div(x,x),x)),sub(y,0.829417)))),add(mul(0.18688948,0.26585966),tan(x)))))))),0.13517886))"
          }
        },
        {
          "fitness": 0,
          "expressions": {
            "r": "sin(x)",
            "b": "sin(0.22265446)",
            "g": "sin(x)"
          }
        }
      ],
      "timestamp": "22h:32m:6s"
    },
    {
      "generation": 5,
      "ascendantID": "ls2g0oo7-sniy-av8a-cf5d-jnyn31z5y1cm",
      "id": "t3gu1vir-bddp-p1m9-q9gj-a8kl1z37evvx",
      "individuals": [
        {
          "fitness": 0,
          "expressions": {
            "r": "add(x,div(add(add(x,div(0.26124144,sin(mul(x,y)))),div(0.86597264,sub(sin(x),tan(mul(0.7990199,add(cos(sub(0.3456834,div(tan(add(sin(0.7103015),x)),sub(y,0.9189222)))),add(cos(div(y,x)),tan(0.9375288)))))))),x))",
            "b": "add(y,div(add(add(y,div(y,sin(mul(x,y)))),div(x,sub(sin(y),tan(mul(0.57408845,add(cos(sub(0.7459971,div(tan(add(sin(x),0.3563735)),sub(0.2082361,y)))),add(cos(div(x,x)),tan(x)))))))),0.8572608))",
            "g": "add(0.4422235,div(add(add(x,div(y,sin(mul(0.8237897,x)))),div(0.29172993,sub(sin(y),tan(mul(0.6522581,add(cos(sub(x,div(tan(add(sin(x),x)),sub(y,0.78811616)))),add(cos(div(y,x)),tan(x)))))))),0.13517886))"
          }
        },
        {
          "fitness": 0,
          "expressions": {
            "r": "add(tan(cos(tan(y))),0.0)",
            "b": "add(tan(cos(tan(x))),y)",
            "g": "add(tan(cos(tan(y))),y)"
          }
        },
        {
          "fitness": 0,
          "expressions": {
            "r": "add(div(div(div(sin(x),div(tan(tan(0.2893861)),0.6457012)),sin(tan(sub(0.9492663,y)))),y),0.1390922)",
            "b": "add(div(div(div(sin(0.05394745),div(tan(tan(0.38619554)),y)),sin(tan(sub(y,x)))),x),x)",
            "g": "add(div(div(div(sin(x),div(tan(tan(y)),x)),sin(tan(sub(x,y)))),x),y)"
          }
        },
        {
          "fitness": 0,
          "expressions": {
            "r": "add(x,div(add(add(x,div(0.26124144,sin(mul(x,y)))),div(0.86597264,sub(sin(x),tan(sub(0.7990199,add(cos(sub(0.3456834,div(cos(add(sin(0.7103015),x)),sub(y,0.9189222)))),add(cos(div(y,x)),tan(0.9375288)))))))),x))",
            "b": "add(y,div(add(add(y,div(y,sin(mul(x,y)))),div(x,sub(sin(y),tan(sub(0.57408845,add(cos(sub(0.65885204,div(cos(add(sin(x),0.3563735)),sub(0.2082361,y)))),add(cos(div(x,x)),tan(x)))))))),0.8572608))",
            "g": "add(0.4422235,div(add(add(x,div(y,sin(mul(0.8237897,x)))),div(0.36937252,sub(sin(x),tan(sub(0.6522581,add(cos(sub(x,div(cos(add(sin(0.7983497),x)),sub(y,0.79502404)))),add(cos(div(y,x)),tan(x)))))))),0.13517886))"
          }
        },
        {
          "fitness": 0,
          "expressions": {
            "r": "add(x,div(add(0.9492663,div(0.6378093,add(sin(x),tan(mul(0.5608295,sub(cos(mul(0.3456834,div(tan(add(sin(0.65350986),x)),sub(y,0.9189222)))),add(cos(div(y,x)),tan(0.9375288)))))))),x))",
            "b": "add(y,div(add(y,div(x,add(sin(y),tan(mul(0.3422107,sub(cos(mul(0.7459971,div(tan(add(sin(x),0.413255)),sub(0.49447757,y)))),add(cos(div(x,0.96953356)),tan(x)))))))),0.9153831))",
            "g": "add(0.4422235,div(add(x,div(0.29172993,add(sin(y),tan(mul(0.6522581,sub(cos(mul(x,div(tan(add(sin(0.9433297),x)),sub(y,0.78811616)))),add(cos(div(y,x)),tan(x)))))))),0.13517886))"
          }
        },
        {
          "fitness": 0,
          "expressions": {
            "r": "div(y,div(0.6378093,add(sin(x),tan(mul(0.5608295,add(cos(sub(0.3456834,div(tan(add(cos(0.65350986),x)),sub(y,0.9189222)))),add(cos(div(y,x)),tan(0.68545043))))))))",
            "b": "div(0.0,div(x,add(sin(y),tan(mul(0.3422107,add(cos(sub(0.7459971,div(tan(add(cos(x),0.3563735)),sub(0.49447757,y)))),add(cos(div(x,x)),tan(x))))))))",
            "g": "div(x,div(0.29172993,add(sin(y),tan(mul(0.6522581,add(cos(sub(x,div(tan(add(cos(0.9433297),x)),sub(y,0.78811616)))),add(cos(div(y,x)),tan(y))))))))"
          }
        },
        {
          "fitness": 0,
          "expressions": {
            "r": "div(y,x)",
            "b": "div(0.18917957,0.33212215)",
            "g": "div(x,0.9741204)"
          }
        },
        {
          "fitness": 0,
          "expressions": {
            "r": "add(div(y,x),0.1390922)",
            "b": "add(div(x,x),y)",
            "g": "add(div(y,x),y)"
          }
        },
        {
          "fitness": 0,
          "expressions": {
            "r": "add(sin(div(div(div(0.92854625,x),x),div(tan(add(0.9492663,y)),0.29993355))),0.302626)",
            "b": "add(sin(div(div(div(0.0,0.7277139),y),div(tan(add(y,x)),0.80280876))),y)",
            "g": "add(sin(div(div(div(0.96081036,y),x),div(tan(add(x,y)),0.18980384))),y)"
          }
        },
        {
          "fitness": 0,
          "expressions": {
            "r": "mul(y,div(tan(x),y))",
            "b": "mul(y,div(tan(0.61723685),x))",
            "g": "mul(x,div(tan(x),y))"
          }
        },
        {
          "fitness": 0,
          "expressions": {
            "r": "add(tan(cos(tan(y))),0.1390922)",
            "b": "add(tan(cos(tan(x))),y)",
            "g": "add(tan(cos(tan(y))),y)"
          }
        },
        {
          "fitness": 0,
          "expressions": {
            "r": "add(sin(sin(div(sin(x),div(cos(tan(0.2893861)),0.6457012)))),0.1390922)",
            "b": "add(sin(sin(div(sin(0.05394745),div(cos(tan(0.38619554)),y)))),y)",
            "g": "add(sin(sin(div(sin(x),div(cos(tan(y)),x)))),y)"
          }
        },
        {
          "fitness": 0,
          "expressions": {
            "r": "mul(div(sin(x),x),div(tan(x),y))",
            "b": "mul(div(sin(0.33212215),y),div(tan(0.64234805),x))",
            "g": "mul(div(sin(x),x),div(tan(x),y))"
          }
        },
        {
          "fitness": 0,
          "expressions": {
            "r": "add(x,div(sub(add(x,div(0.015832946,sin(sub(x,y)))),div(0.9390023,x)),x))",
            "b": "add(y,div(sub(add(y,div(y,sin(sub(x,y)))),div(x,y)),0.8572608))",
            "g": "add(0.4422235,div(sub(add(x,div(y,sin(sub(0.7321116,x)))),div(0.29172993,x)),0.13517886))"
          }
        },
        {
          "fitness": 0,
          "expressions": {
            "r": "mul(cos(div(0.9771066,y)),div(tan(y),x))",
            "b": "mul(cos(div(x,x)),div(tan(0.82274294),0.9931174))",
            "g": "mul(cos(div(x,x)),div(tan(x),y))"
          }
        },
        {
          "fitness": 0,
          "expressions": {
            "r": "div(y,y)",
            "b": "div(0.0,y)",
            "g": "div(x,y)"
          }
        },
        {
          "fitness": 0,
          "expressions": {
            "r": "add(x,div(add(add(x,div(0.01362627,cos(sub(x,y)))),div(0.6378093,mul(sin(add(cos(add(x,mul(sin(div(add(x,tan(0.4469558)),0.6282014)),x))),tan(0.15165639))),tan(div(0.5608295,add(cos(mul(0.19904901,mul(tan(add(div(0.65350986,0.3560865),x)),sub(y,x)))),add(mul(0.6868243,x),tan(x)))))))),0.1390922))",
            "b": "add(y,div(add(add(y,div(y,cos(sub(x,y)))),div(x,mul(sin(add(cos(add(y,mul(sin(div(add(x,tan(y)),y)),x))),tan(y))),tan(div(0.3251329,add(cos(mul(0.8974241,mul(tan(add(div(x,x),0.3563735)),sub(0.49447757,y)))),add(mul(y,0.4133845),tan(x)))))))),y))",
            "g": "add(0.4422235,div(add(add(x,div(y,cos(sub(0.7018049,x)))),div(0.29172993,mul(sin(add(cos(add(y,mul(sin(div(add(0.49991155,tan(0.10663444)),x)),y))),tan(0.9244487))),tan(div(0.3491248,add(cos(mul(x,mul(tan(add(div(x,x),x)),sub(y,0.829417)))),add(mul(0.18688948,0.26585966),tan(x)))))))),y))"
          }
        },
        {
          "fitness": 0,
          "expressions": {
            "r": "add(x,div(sub(add(x,div(0.07240257,sin(mul(x,y)))),div(0.86597264,sub(sin(x),tan(sub(0.7990199,add(cos(sub(0.3456834,div(tan(add(sin(0.7103015),x)),sub(y,0.9189222)))),add(cos(div(y,x)),tan(0.9375288)))))))),x))",
            "b": "add(y,div(sub(add(y,div(y,sin(mul(x,y)))),div(x,sub(sin(y),tan(sub(0.57408845,add(cos(sub(0.7459971,div(tan(add(sin(x),0.3563735)),sub(0.0,y)))),add(cos(div(x,x)),tan(x)))))))),0.8572608))",
            "g": "add(0.4422235,div(sub(add(x,div(y,sin(mul(0.8237897,x)))),div(0.29172993,sub(sin(y),tan(sub(0.6522581,add(cos(sub(x,div(tan(add(sin(x),x)),sub(y,0.78811616)))),add(cos(div(y,x)),tan(x)))))))),0.13517886))"
          }
        }
      ],
      "timestamp": "22h:32m:10s"
    }
  ],
  "timestamp": "2024-07-25-22-31-31"
}