{
  "id": "dbwug9ly-ri5l-25cc-4pfh-eerhfpq5tw3u",
  "parameters": {
    "crossoverRate": 0.30000001192092896,
    "eliteSize": 2,
    "tournamentSize": 3,
    "mutationRate": 0.8999999761581421,
    "populationSize": 10
  },
  "populations": [{
    "generation": 0,
    "id": "ahbg2syk-74iv-kz1i-k3h6-ncfnfw1hp72k",
    "individuals": [
      {
        "fitness": 0,
        "expressions": {
          "r": "(y+y)",
          "b": "(0.33624583+y)",
          "g": "(x+x)"
        }
      },
      {
        "fitness": 0,
        "expressions": {
          "r": "(var(y)+x)",
          "b": "(var(x)+y)",
          "g": "(var(0.13489401)+x)"
        }
      },
      {
        "fitness": 0,
        "expressions": {
          "r": "(y+x)",
          "b": "(x+x)",
          "g": "(y+x)"
        }
      },
      {
        "fitness": 0,
        "expressions": {
          "r": "((var(x)-0.43716288)-((y-y)-x))",
          "b": "((var(y)-0.59719026)-((0.83720165-0.16254991)-x))",
          "g": "((var(0.6854564)-x)-((0.34245354-x)-x))"
        }
      },
      {
        "fitness": 0,
        "expressions": {
          "r": "aud(x,(0.55707854-var(x)))",
          "b": "aud(0.0219571,(y-var(y)))",
          "g": "aud(x,(y-var(0.88714474)))"
        }
      },
      {
        "fitness": 0,
        "expressions": {
          "r": "(y+x)",
          "b": "(x+y)",
          "g": "(0.6884689+y)"
        }
      },
      {
        "fitness": 0,
        "expressions": {
          "r": "var(x)",
          "b": "var(0.3040765)",
          "g": "var(0.504531)"
        }
      },
      {
        "fitness": 0,
        "expressions": {
          "r": "(x+x)",
          "b": "(y+y)",
          "g": "(0.8636123+x)"
        }
      },
      {
        "fitness": 0,
        "expressions": {
          "r": "(var(y)-(aud(x,0.7374666)-var(x)))",
          "b": "(var(x)-(aud(0.746568,y)-var(0.8134471)))",
          "g": "(var(0.45826703)-(aud(x,0.85367185)-var(y)))"
        }
      },
      {
        "fitness": 0,
        "expressions": {
          "r": "(x+y)",
          "b": "(0.48365146+y)",
          "g": "(y+y)"
        }
      },
      {
        "fitness": 0,
        "expressions": {
          "r": "(x+y)",
          "b": "(y+x)",
          "g": "(y+x)"
        }
      },
      {
        "fitness": 0,
        "expressions": {
          "r": "(y+0.06430292)",
          "b": "(x+y)",
          "g": "(0.515272+x)"
        }
      },
      {
        "fitness": 0,
        "expressions": {
          "r": "(x+y)",
          "b": "(y+0.71572137)",
          "g": "(x+x)"
        }
      },
      {
        "fitness": 0,
        "expressions": {
          "r": "(aud(x,x)-((y+0.7840862)-var(0.17134666)))",
          "b": "(aud(x,y)-((x+0.0970391)-var(0.16780508)))",
          "g": "(aud(x,0.49762112)-((y+x)-var(x)))"
        }
      },
      {
        "fitness": 0,
        "expressions": {
          "r": "(((0.20016307+y)+(x+y))+(0.30740082-y))",
          "b": "(((0.14953423+y)+(x+0.5307625))+(0.35066968-0.18261194))",
          "g": "(((x+y)+(0.33803165+0.9418502))+(0.48226637-y))"
        }
      },
      {
        "fitness": 0,
        "expressions": {
          "r": "var(x)",
          "b": "var(0.2730739)",
          "g": "var(x)"
        }
      },
      {
        "fitness": 0,
        "expressions": {
          "r": "(y+y)",
          "b": "(x+x)",
          "g": "(x+y)"
        }
      },
      {
        "fitness": 0,
        "expressions": {
          "r": "aud(x,((0.20401311-x)-x))",
          "b": "aud(y,((y-0.11045784)-y))",
          "g": "aud(x,((x-x)-y))"
        }
      }
    ],
    "timestamp": "22h:50m:2s"
  }],
  "timestamp": "2024-07-24-22-49-48"
}