{
  "id": "dojr9qdb-t1vz-gufo-yxmy-rgw6blcn028x",
  "parameters": {
    "crossoverRate": 0.30000001192092896,
    "eliteSize": 2,
    "tournamentSize": 3,
    "mutationRate": 0.8999999761581421,
    "populationSize": 10
  },
  "populations": [{
    "generation": 0,
    "id": "6gyqz4zr-cc4i-b6ow-wyvj-mzx1vxv634rs",
    "individuals": [
      {
        "fitness": 0,
        "expressions": {
          "r": "(x+x)",
          "b": "(0.8923209+0.5553233)",
          "g": "(0.13215923+0.28570193)"
        }
      },
      {
        "fitness": 0,
        "expressions": {
          "r": "min(auh(min(y,x),0.78562546),min(y,aul(0.37303573,0.40322453)))",
          "b": "min(auh(min(y,0.21858037),0.328434),min(x,aul(x,x)))",
          "g": "min(auh(min(0.68994445,y),x),min(x,aul(x,x)))"
        }
      },
      {
        "fitness": 0,
        "expressions": {
          "r": "(0.9018892+y)",
          "b": "(x+0.9170505)",
          "g": "(x+0.6536361)"
        }
      },
      {
        "fitness": 0,
        "expressions": {
          "r": "(x+0.3863908)",
          "b": "(x+x)",
          "g": "(y+x)"
        }
      },
      {
        "fitness": 0,
        "expressions": {
          "r": "(0.89953476+y)",
          "b": "(0.47796518+0.63959205)",
          "g": "(0.16783261+0.16790289)"
        }
      },
      {
        "fitness": 0,
        "expressions": {
          "r": "min((0.74411863+max(x,y)),pow(sin(y),y))",
          "b": "min((0.021960855+max(0.6411765,y)),pow(sin(y),x))",
          "g": "min((x+max(0.803195,0.38352227)),pow(sin(x),0.19522548))"
        }
      },
      {
        "fitness": 0,
        "expressions": {
          "r": "(min(pow(x,x),max(y,0.11139375))*x)",
          "b": "(min(pow(0.40830284,x),max(0.27091742,y))*0.083916664)",
          "g": "(min(pow(y,y),max(x,0.4034518))*0.17213577)"
        }
      },
      {
        "fitness": 0,
        "expressions": {
          "r": "(cos(cos(y))+max(0.83086056,0.15191191))",
          "b": "(cos(cos(y))+max(0.4103551,0.7043))",
          "g": "(cos(cos(y))+max(x,y))"
        }
      },
      {
        "fitness": 0,
        "expressions": {
          "r": "tan(aud(y,var(y)))",
          "b": "tan(aud(y,var(0.5230669)))",
          "g": "tan(aud(y,var(y)))"
        }
      },
      {
        "fitness": 0,
        "expressions": {
          "r": "(0.48382133+y)",
          "b": "(0.19826424+0.26157707)",
          "g": "(0.60410357+y)"
        }
      },
      {
        "fitness": 0,
        "expressions": {
          "r": "(y/aul(min(x,x),y))",
          "b": "(y/aul(min(0.355532,y),y))",
          "g": "(x/aul(min(0.8167493,x),x))"
        }
      },
      {
        "fitness": 0,
        "expressions": {
          "r": "(y+y)",
          "b": "(x+y)",
          "g": "(y+x)"
        }
      },
      {
        "fitness": 0,
        "expressions": {
          "r": "(0.7121492+x)",
          "b": "(y+0.0023800135)",
          "g": "(0.9569571+x)"
        }
      },
      {
        "fitness": 0,
        "expressions": {
          "r": "sin(x)",
          "b": "sin(y)",
          "g": "sin(x)"
        }
      },
      {
        "fitness": 0,
        "expressions": {
          "r": "(y+0.71089053)",
          "b": "(0.9496615+x)",
          "g": "(y+x)"
        }
      },
      {
        "fitness": 0,
        "expressions": {
          "r": "(0.09910047+y)",
          "b": "(y+x)",
          "g": "(x+0.8220606)"
        }
      },
      {
        "fitness": 0,
        "expressions": {
          "r": "(0.43256307+x)",
          "b": "(0.5479043+y)",
          "g": "(x+y)"
        }
      },
      {
        "fitness": 0,
        "expressions": {
          "r": "aud(y,y)",
          "b": "aud(x,0.9048745)",
          "g": "aud(x,x)"
        }
      }
    ],
    "timestamp": "22h:29m:39s"
  }],
  "timestamp": "2024-07-24-22-29-17"
}