{
  "id": "e704uu0f-175i-ckpn-ee3d-gf42t8e7zr00",
  "parameters": {
    "crossoverRate": 0.30000001192092896,
    "eliteSize": 2,
    "tournamentSize": 3,
    "mutationRate": 0.8999999761581421,
    "populationSize": 10
  },
  "populations": [{
    "generation": 0,
    "id": "p20c4bn1-xj5u-bjwl-eut8-ywkv5yqk9yxj",
    "individuals": [
      {
        "fitness": 0,
        "expressions": {
          "r": "(y+0.18354964)",
          "b": "(0.2621482+y)",
          "g": "(0.9689782+x)"
        }
      },
      {
        "fitness": 0,
        "expressions": {
          "r": "pow(0.8081821,sin(aud(x,y)))",
          "b": "pow(y,sin(aud(y,0.7507607)))",
          "g": "pow(0.7874061,sin(aud(0.08969861,x)))"
        }
      },
      {
        "fitness": 0,
        "expressions": {
          "r": "(x+0.006547451)",
          "b": "(y+x)",
          "g": "(x+x)"
        }
      },
      {
        "fitness": 0,
        "expressions": {
          "r": "(0.6137908+0.57256365)",
          "b": "(0.25009775+x)",
          "g": "(x+0.89093596)"
        }
      },
      {
        "fitness": 0,
        "expressions": {
          "r": "(x+0.4357227)",
          "b": "(y+y)",
          "g": "(0.70159596+x)"
        }
      },
      {
        "fitness": 0,
        "expressions": {
          "r": "pow(sin((y*y)),x)",
          "b": "pow(sin((x*y)),0.42854655)",
          "g": "pow(sin((y*0.81631976)),y)"
        }
      },
      {
        "fitness": 0,
        "expressions": {
          "r": "(y+x)",
          "b": "(0.543059+y)",
          "g": "(y+x)"
        }
      },
      {
        "fitness": 0,
        "expressions": {
          "r": "((aul(0.4509151,0.1211164)+(y/x))-0.6575684)",
          "b": "((aul(x,0.63242966)+(0.12273806/x))-x)",
          "g": "((aul(0.78845966,y)+(0.37096542/0.0067872405))-0.5948655)"
        }
      },
      {
        "fitness": 0,
        "expressions": {
          "r": "tan(min(max(y,y),cos(x)))",
          "b": "tan(min(max(x,0.4652483),cos(y)))",
          "g": "tan(min(max(0.030268371,x),cos(0.9594224)))"
        }
      },
      {
        "fitness": 0,
        "expressions": {
          "r": "auh(y,0.019592285)",
          "b": "auh(y,0.3331291)",
          "g": "auh(y,0.754276)"
        }
      },
      {
        "fitness": 0,
        "expressions": {
          "r": "cos((0.21106017/y))",
          "b": "cos((y/0.1282382))",
          "g": "cos((0.52519405/x))"
        }
      },
      {
        "fitness": 0,
        "expressions": {
          "r": "(x+y)",
          "b": "(0.63413984+x)",
          "g": "(x+x)"
        }
      },
      {
        "fitness": 0,
        "expressions": {
          "r": "cos((tan(x)/x))",
          "b": "cos((tan(y)/x))",
          "g": "cos((tan(y)/x))"
        }
      },
      {
        "fitness": 0,
        "expressions": {
          "r": "(0.62808233+y)",
          "b": "(y+x)",
          "g": "(0.74957085+y)"
        }
      },
      {
        "fitness": 0,
        "expressions": {
          "r": "var(y)",
          "b": "var(y)",
          "g": "var(0.27887517)"
        }
      },
      {
        "fitness": 0,
        "expressions": {
          "r": "(x+y)",
          "b": "(x+x)",
          "g": "(x+0.8760681)"
        }
      },
      {
        "fitness": 0,
        "expressions": {
          "r": "(tan(y)/x)",
          "b": "(tan(y)/x)",
          "g": "(tan(y)/0.9666787)"
        }
      },
      {
        "fitness": 0,
        "expressions": {
          "r": "auh(y,0.03960049)",
          "b": "auh(y,0.24317193)",
          "g": "auh(y,0.85318905)"
        }
      }
    ],
    "timestamp": "17h:17m:50s"
  }],
  "timestamp": "2024-07-04-17-17-45"
}