{
  "id": "ea7j1upe-pk55-k4nb-udl2-nqtkor0u7m2r",
  "parameters": {
    "crossoverRate": 0.30000001192092896,
    "eliteSize": 2,
    "tournamentSize": 3,
    "mutationRate": 0.8999999761581421,
    "populationSize": 10
  },
  "populations": [{
    "generation": 0,
    "id": "4o7r2x0n-shxt-raxk-612e-qvm4bp1jk559",
    "individuals": [
      {
        "fitness": 0,
        "expressions": {
          "r": "max(y,y)",
          "b": "max(y,x)",
          "g": "max(y,x)"
        }
      },
      {
        "fitness": 0,
        "expressions": {
          "r": "pow(y,var((0.45021325-x)))",
          "b": "pow(0.11252278,var((y-x)))",
          "g": "pow(y,var((y-x)))"
        }
      },
      {
        "fitness": 0,
        "expressions": {
          "r": "(x+y)",
          "b": "(y+y)",
          "g": "(0.27353686+0.983232)"
        }
      },
      {
        "fitness": 0,
        "expressions": {
          "r": "max((x*0.3788851),x)",
          "b": "max((y*y),y)",
          "g": "max((x*y),x)"
        }
      },
      {
        "fitness": 0,
        "expressions": {
          "r": "(x+0.77584344)",
          "b": "(y+x)",
          "g": "(y+x)"
        }
      },
      {
        "fitness": 0,
        "expressions": {
          "r": "(0.041016698+x)",
          "b": "(0.44235152+0.7444251)",
          "g": "(x+x)"
        }
      },
      {
        "fitness": 0,
        "expressions": {
          "r": "(0.7361968+0.7139098)",
          "b": "(y+0.21574384)",
          "g": "(0.4039598+0.8676662)"
        }
      },
      {
        "fitness": 0,
        "expressions": {
          "r": "auh(cos(x),x)",
          "b": "auh(cos(x),0.63535255)",
          "g": "auh(cos(x),y)"
        }
      },
      {
        "fitness": 0,
        "expressions": {
          "r": "(auh(max(x,x),max(x,y))+(aud(x,y)-0.32534015))",
          "b": "(auh(max(y,0.59694225),max(y,y))+(aud(y,y)-0.19057399))",
          "g": "(auh(max(0.18556523,0.8342405),max(x,0.14402121))+(aud(0.16242689,y)-0.33433628))"
        }
      },
      {
        "fitness": 0,
        "expressions": {
          "r": "(y+y)",
          "b": "(0.6009316+x)",
          "g": "(x+y)"
        }
      },
      {
        "fitness": 0,
        "expressions": {
          "r": "cos(var(x))",
          "b": "cos(var(x))",
          "g": "cos(var(y))"
        }
      },
      {
        "fitness": 0,
        "expressions": {
          "r": "(y+0.2529831)",
          "b": "(x+0.6322376)",
          "g": "(x+x)"
        }
      },
      {
        "fitness": 0,
        "expressions": {
          "r": "(0.28570694+x)",
          "b": "(x+0.6563278)",
          "g": "(x+y)"
        }
      },
      {
        "fitness": 0,
        "expressions": {
          "r": "(0.5703644*x)",
          "b": "(y*0.43840384)",
          "g": "(y*y)"
        }
      },
      {
        "fitness": 0,
        "expressions": {
          "r": "sin((0.14957356-x))",
          "b": "sin((0.83134997-0.9329336))",
          "g": "sin((x-x))"
        }
      },
      {
        "fitness": 0,
        "expressions": {
          "r": "(x+y)",
          "b": "(x+y)",
          "g": "(y+y)"
        }
      },
      {
        "fitness": 0,
        "expressions": {
          "r": "(min(y,y)/max(sin(y),y))",
          "b": "(min(y,x)/max(sin(0.6615561),x))",
          "g": "(min(0.18461823,y)/max(sin(x),y))"
        }
      },
      {
        "fitness": 0,
        "expressions": {
          "r": "(x*cos(x))",
          "b": "(y*cos(x))",
          "g": "(0.840872*cos(0.8815611))"
        }
      }
    ],
    "timestamp": "21h:30m:41s"
  }],
  "timestamp": "2024-06-30-21-30-36"
}