{
  "id": "eanbhva4-4uvt-zi6l-8pn2-3dd66gbfifzw",
  "parameters": {
    "crossoverRate": 0.30000001192092896,
    "eliteSize": 2,
    "tournamentSize": 3,
    "mutationRate": 0.8999999761581421,
    "populationSize": 10
  },
  "populations": [
    {
      "generation": 0,
      "id": "cf04dvfo-q0wg-jqvq-wt3g-20irp3tlzx4w",
      "individuals": [
        {
          "fitness": 0,
          "expressions": {
            "r": "add(0.8917322,y)",
            "b": "add(x,y)",
            "g": "add(y,x)"
          }
        },
        {
          "fitness": 0,
          "expressions": {
            "r": "pow(y,x)",
            "b": "pow(0.9246175,0.20999426)",
            "g": "pow(y,y)"
          }
        },
        {
          "fitness": 0,
          "expressions": {
            "r": "add(y,x)",
            "b": "add(0.41350597,x)",
            "g": "add(x,x)"
          }
        },
        {
          "fitness": 0,
          "expressions": {
            "r": "add(x,y)",
            "b": "add(0.7828093,0.567922)",
            "g": "add(0.4142475,0.7477078)"
          }
        },
        {
          "fitness": 0,
          "expressions": {
            "r": "add(0.94674003,0.43085432)",
            "b": "add(0.6237792,0.27836215)",
            "g": "add(0.7177105,y)"
          }
        },
        {
          "fitness": 0,
          "expressions": {
            "r": "sin(x)",
            "b": "sin(x)",
            "g": "sin(0.49412942)"
          }
        },
        {
          "fitness": 0,
          "expressions": {
            "r": "add(x,y)",
            "b": "add(y,x)",
            "g": "add(0.9603921,0.43589026)"
          }
        },
        {
          "fitness": 0,
          "expressions": {
            "r": "add(y,y)",
            "b": "add(x,y)",
            "g": "add(0.6049018,y)"
          }
        },
        {
          "fitness": 0,
          "expressions": {
            "r": "aud(sub(mul(x,0.5725456),x),aul(mul(x,x),tan(0.23355192)))",
            "b": "aud(sub(mul(x,y),x),aul(mul(y,0.52198917),tan(y)))",
            "g": "aud(sub(mul(x,0.37867212),y),aul(mul(y,0.5627979),tan(y)))"
          }
        },
        {
          "fitness": 0,
          "expressions": {
            "r": "add(x,0.9479669)",
            "b": "add(0.3416419,y)",
            "g": "add(y,y)"
          }
        },
        {
          "fitness": 0,
          "expressions": {
            "r": "add(x,y)",
            "b": "add(0.6600101,y)",
            "g": "add(0.70355326,y)"
          }
        },
        {
          "fitness": 0,
          "expressions": {
            "r": "add(x,y)",
            "b": "add(0.68493944,x)",
            "g": "add(x,x)"
          }
        },
        {
          "fitness": 0,
          "expressions": {
            "r": "div(0.08610731,div(0.8163248,0.8922406))",
            "b": "div(x,div(y,0.2512445))",
            "g": "div(0.07531643,div(y,x))"
          }
        },
        {
          "fitness": 0,
          "expressions": {
            "r": "div(y,auh(add(y,0.5378605),div(y,x)))",
            "b": "div(y,auh(add(y,0.06253141),div(x,x)))",
            "g": "div(x,auh(add(y,y),div(0.3819133,y)))"
          }
        },
        {
          "fitness": 0,
          "expressions": {
            "r": "sin(y)",
            "b": "sin(x)",
            "g": "sin(y)"
          }
        },
        {
          "fitness": 0,
          "expressions": {
            "r": "add(0.31559855,0.6819792)",
            "b": "add(y,x)",
            "g": "add(0.013718605,0.8942363)"
          }
        },
        {
          "fitness": 0,
          "expressions": {
            "r": "add(y,x)",
            "b": "add(x,x)",
            "g": "add(0.05545664,0.7987048)"
          }
        },
        {
          "fitness": 0,
          "expressions": {
            "r": "add(x,aul(max(0.88491404,x),y))",
            "b": "add(0.22984082,aul(max(y,0.27113307),x))",
            "g": "add(y,aul(max(x,0.9705493),0.26047325))"
          }
        }
      ],
      "timestamp": "23h:49m:40s"
    },
    {
      "generation": 1,
      "ascendantID": "cf04dvfo-q0wg-jqvq-wt3g-20irp3tlzx4w",
      "id": "zc2i81cg-l0lw-40rt-hqjs-mdi6birqxsle",
      "individuals": [
        {
          "fitness": 0,
          "expressions": {
            "r": "add(0.8917322,y)",
            "b": "add(x,y)",
            "g": "add(y,x)"
          }
        },
        {
          "fitness": 0,
          "expressions": {
            "r": "add(0.78685087,y)",
            "b": "add(x,y)",
            "g": "add(y,x)"
          }
        },
        {
          "fitness": 0,
          "expressions": {
            "r": "aud(sub(mul(x,0.5725456),x),add(0.7666801,div(x,0.92319775)))",
            "b": "aud(sub(mul(x,y),0.68493944),add(x,div(x,0.46251118)))",
            "g": "aud(sub(mul(x,0.37867212),x),add(x,div(y,0.77958566)))"
          }
        },
        {
          "fitness": 0,
          "expressions": {
            "r": "add(x,y)",
            "b": "add(0.7828093,0.567922)",
            "g": "add(0.4142475,0.7477078)"
          }
        },
        {
          "fitness": 0,
          "expressions": {
            "r": "add(add(y,y),y)",
            "b": "add(add(x,y),x)",
            "g": "add(add(0.6049018,y),x)"
          }
        },
        {
          "fitness": 0,
          "expressions": {
            "r": "add(x,y)",
            "b": "add(y,0.18194282)",
            "g": "add(0.9603921,x)"
          }
        },
        {
          "fitness": 0,
          "expressions": {
            "r": "div(y,max(add(y,0.5378605),sin(y)))",
            "b": "div(y,max(add(y,0.06253141),sin(x)))",
            "g": "div(x,max(add(y,y),sin(0.32084912)))"
          }
        },
        {
          "fitness": 0,
          "expressions": {
            "r": "add(y,x)",
            "b": "add(0.90337944,x)",
            "g": "add(0.39289498,x)"
          }
        },
        {
          "fitness": 0,
          "expressions": {
            "r": "pow(aud(auh(div(x,0.7090203),0.009325147),x),x)",
            "b": "pow(aud(auh(div(0.7476749,0.039662182),0.33708715),y),0.20999426)",
            "g": "pow(aud(auh(div(y,x),x),x),y)"
          }
        },
        {
          "fitness": 0,
          "expressions": {
            "r": "add(x,aud(0.747056,pow(x,auh(y,y))))",
            "b": "add(0.6600101,aud(y,pow(y,auh(x,y))))",
            "g": "add(0.70355326,aud(y,pow(y,auh(y,y))))"
          }
        },
        {
          "fitness": 0,
          "expressions": {
            "r": "add(x,y)",
            "b": "add(0.7828093,0.567922)",
            "g": "add(0.4142475,0.7477078)"
          }
        },
        {
          "fitness": 0,
          "expressions": {
            "r": "add(x,y)",
            "b": "add(0.68493944,0.85955465)",
            "g": "add(x,x)"
          }
        },
        {
          "fitness": 0,
          "expressions": {
            "r": "add(var(aul(0.8941707,pow(y,x))),y)",
            "b": "add(var(aul(x,pow(x,x))),x)",
            "g": "add(var(aul(0.8275101,pow(0.15277433,x))),y)"
          }
        },
        {
          "fitness": 0,
          "expressions": {
            "r": "sin(y)",
            "b": "sin(y)",
            "g": "sin(x)"
          }
        },
        {
          "fitness": 0,
          "expressions": {
            "r": "mul(y,auh(add(y,0.5378605),sin(y)))",
            "b": "mul(y,auh(add(y,0.06253141),sin(x)))",
            "g": "mul(x,auh(add(y,y),sin(0.3819133)))"
          }
        },
        {
          "fitness": 0,
          "expressions": {
            "r": "add(x,y)",
            "b": "add(0.6600101,y)",
            "g": "add(0.70355326,y)"
          }
        },
        {
          "fitness": 0,
          "expressions": {
            "r": "add(x,aud(max(0.88491404,0.7904792),y))",
            "b": "add(0.22984082,aud(max(y,y),x))",
            "g": "add(y,aud(max(x,0.063480735),0.26047325))"
          }
        },
        {
          "fitness": 0,
          "expressions": {
            "r": "div(0.08610731,div(0.93519294,0.8922406))",
            "b": "div(x,div(y,0.2512445))",
            "g": "div(0.07531643,div(y,x))"
          }
        }
      ],
      "timestamp": "23h:49m:43s"
    },
    {
      "generation": 2,
      "ascendantID": "zc2i81cg-l0lw-40rt-hqjs-mdi6birqxsle",
      "id": "eo9f4hpa-xeju-anns-9jnl-k85zhu0jnk1z",
      "individuals": [
        {
          "fitness": 0,
          "expressions": {
            "r": "add(0.8917322,y)",
            "b": "add(x,y)",
            "g": "add(y,x)"
          }
        },
        {
          "fitness": 0,
          "expressions": {
            "r": "div(0.08610731,x)",
            "b": "div(x,x)",
            "g": "div(0.07531643,y)"
          }
        },
        {
          "fitness": 0,
          "expressions": {
            "r": "min(aud(max(div(x,0.7090203),y),0.9931313),x)",
            "b": "min(aud(max(div(0.52771455,0.039662182),y),y),0.20999426)",
            "g": "min(aud(max(div(y,x),y),x),y)"
          }
        },
        {
          "fitness": 0,
          "expressions": {
            "r": "div(y,div(min(x,cos(x)),0.8922406))",
            "b": "div(0.85955465,div(min(x,cos(y)),0.2512445))",
            "g": "div(x,div(min(y,cos(0.2608568)),x))"
          }
        },
        {
          "fitness": 0,
          "expressions": {
            "r": "add(0.78685087,y)",
            "b": "add(x,y)",
            "g": "add(y,x)"
          }
        },
        {
          "fitness": 0,
          "expressions": {
            "r": "add(x,aud(0.747056,min(x,auh(y,y))))",
            "b": "add(0.6600101,aud(y,min(y,auh(x,y))))",
            "g": "add(0.70355326,aud(y,min(y,auh(y,y))))"
          }
        },
        {
          "fitness": 0,
          "expressions": {
            "r": "add(var(aul(0.8941707,min(y,x))),x)",
            "b": "add(var(aul(0.933685,min(x,x))),x)",
            "g": "add(var(aul(0.8275101,min(0.15277433,x))),y)"
          }
        },
        {
          "fitness": 0,
          "expressions": {
            "r": "add(aud(min(var(x),var(x)),min(aud(x,0.02475357),tan(x))),y)",
            "b": "add(aud(min(var(0.69645345),var(x)),min(aud(x,0.9767334),tan(y))),0.567922)",
            "g": "add(aud(min(var(x),var(0.3261189)),min(aud(0.88173544,y),tan(x))),0.7477078)"
          }
        },
        {
          "fitness": 0,
          "expressions": {
            "r": "div(x,sin(0.93519294))",
            "b": "div(x,sin(y))",
            "g": "div(x,sin(y))"
          }
        },
        {
          "fitness": 0,
          "expressions": {
            "r": "sin(y)",
            "b": "sin(y)",
            "g": "sin(x)"
          }
        },
        {
          "fitness": 0,
          "expressions": {
            "r": "add(x,aud(0.8821689,pow(x,0.78685087)))",
            "b": "add(0.6600101,aud(y,pow(y,x)))",
            "g": "add(0.70355326,aud(y,pow(x,y)))"
          }
        },
        {
          "fitness": 0,
          "expressions": {
            "r": "add(0.8917322,y)",
            "b": "add(x,y)",
            "g": "add(y,x)"
          }
        },
        {
          "fitness": 0,
          "expressions": {
            "r": "add(pow(x,auh(y,y)),x)",
            "b": "add(pow(y,auh(x,y)),x)",
            "g": "add(pow(y,auh(y,y)),x)"
          }
        },
        {
          "fitness": 0,
          "expressions": {
            "r": "sin(y)",
            "b": "sin(y)",
            "g": "sin(x)"
          }
        },
        {
          "fitness": 0,
          "expressions": {
            "r": "div(y,max(add(y,y),cos(y)))",
            "b": "div(y,max(add(y,y),cos(y)))",
            "g": "div(x,max(add(y,0.7512322),cos(0.32084912)))"
          }
        },
        {
          "fitness": 0,
          "expressions": {
            "r": "sin(y)",
            "b": "sin(y)",
            "g": "sin(x)"
          }
        },
        {
          "fitness": 0,
          "expressions": {
            "r": "aud(sub(mul(x,var(0.0)),x),add(0.6720462,div(x,0.7904792)))",
            "b": "aud(sub(mul(x,var(0.0)),0.68493944),add(x,div(x,y)))",
            "g": "aud(sub(mul(x,var(0.0)),x),add(x,div(y,0.063480735)))"
          }
        },
        {
          "fitness": 0,
          "expressions": {
            "r": "div(0.08610731,div(0.93519294,0.8922406))",
            "b": "div(x,div(y,0.2512445))",
            "g": "div(0.07531643,div(y,x))"
          }
        }
      ],
      "timestamp": "23h:49m:44s"
    }
  ],
  "timestamp": "2024-07-24-23-49-38"
}