{
  "id": "edh6200h-irxh-l1dc-q0hu-wpky67ex7vv7",
  "parameters": {
    "crossoverRate": 0.30000001192092896,
    "eliteSize": 2,
    "tournamentSize": 3,
    "mutationRate": 0.8999999761581421,
    "populationSize": 10
  },
  "populations": [{
    "generation": 0,
    "id": "18dtz776-gufn-dbbs-9cjk-h7qujxfhc1s5",
    "individuals": [
      {
        "fitness": 0,
        "expressions": {
          "r": "(0.61882836+y)",
          "b": "(y+y)",
          "g": "(x+0.67800146)"
        }
      },
      {
        "fitness": 0,
        "expressions": {
          "r": "(y+y)",
          "b": "(x+0.52751774)",
          "g": "(0.9245149+0.35742366)"
        }
      },
      {
        "fitness": 0,
        "expressions": {
          "r": "aud(((0.16690063/y)+x),(0.64784914-(0.57179385-x)))",
          "b": "aud(((x/x)+x),(y-(0.9201633-y)))",
          "g": "aud(((0.71842664/0.76999694)+x),(y-(x-y)))"
        }
      },
      {
        "fitness": 0,
        "expressions": {
          "r": "(x+0.0032615662)",
          "b": "(x+0.32649922)",
          "g": "(0.9657993+0.9964884)"
        }
      },
      {
        "fitness": 0,
        "expressions": {
          "r": "(x+y)",
          "b": "(y+x)",
          "g": "(x+x)"
        }
      },
      {
        "fitness": 0,
        "expressions": {
          "r": "(y+y)",
          "b": "(0.35669535+x)",
          "g": "(x+x)"
        }
      },
      {
        "fitness": 0,
        "expressions": {
          "r": "(y+0.9283839)",
          "b": "(y+y)",
          "g": "(y+y)"
        }
      },
      {
        "fitness": 0,
        "expressions": {
          "r": "((min(y,y)+y)+0.5252865)",
          "b": "((min(0.76012087,0.17073834)+x)+y)",
          "g": "((min(y,y)+0.31670398)+x)"
        }
      },
      {
        "fitness": 0,
        "expressions": {
          "r": "(0.8865595+x)",
          "b": "(y+y)",
          "g": "(y+x)"
        }
      },
      {
        "fitness": 0,
        "expressions": {
          "r": "(x+y)",
          "b": "(y+x)",
          "g": "(x+y)"
        }
      },
      {
        "fitness": 0,
        "expressions": {
          "r": "min(y,x)",
          "b": "min(0.35651672,y)",
          "g": "min(0.8758321,0.066189766)"
        }
      },
      {
        "fitness": 0,
        "expressions": {
          "r": "(x+y)",
          "b": "(x+x)",
          "g": "(x+0.19128352)"
        }
      },
      {
        "fitness": 0,
        "expressions": {
          "r": "aud(0.4632951,0.42423302)",
          "b": "aud(0.04219061,y)",
          "g": "aud(0.5335854,x)"
        }
      },
      {
        "fitness": 0,
        "expressions": {
          "r": "tan(aul(y,0.3751545))",
          "b": "tan(aul(x,y))",
          "g": "tan(aul(x,x))"
        }
      },
      {
        "fitness": 0,
        "expressions": {
          "r": "(x+x)",
          "b": "(x+0.8416264)",
          "g": "(0.13315827+0.45542943)"
        }
      },
      {
        "fitness": 0,
        "expressions": {
          "r": "(x+y)",
          "b": "(0.83064526+0.2301448)",
          "g": "(x+x)"
        }
      },
      {
        "fitness": 0,
        "expressions": {
          "r": "(y-((x/x)+cos(y)))",
          "b": "(x-((x/0.84489673)+cos(0.40849006)))",
          "g": "(y-((x/0.11793727)+cos(0.060225964)))"
        }
      },
      {
        "fitness": 0,
        "expressions": {
          "r": "auh(0.35663474,0.0451262)",
          "b": "auh(0.8927189,y)",
          "g": "auh(x,y)"
        }
      }
    ],
    "timestamp": "18h:10m:59s"
  }],
  "timestamp": "2024-07-14-18-10-52"
}