{
  "id": "eq69vnrx-hjli-wnyk-f87o-fqxssvnfjlke",
  "parameters": {
    "crossoverRate": 0.30000001192092896,
    "eliteSize": 2,
    "tournamentSize": 3,
    "mutationRate": 0.8999999761581421,
    "populationSize": 10
  },
  "populations": [{
    "generation": 0,
    "id": "6e98b3za-tna7-mf2r-6odt-s3ak75ume1mb",
    "individuals": [
      {
        "fitness": 0,
        "expressions": {
          "r": "((0.8830161*(y+y))+aul(x,auh(y,y)))",
          "b": "((x*(x+0.786985))+aul(x,auh(0.31818616,0.92616266)))",
          "g": "((0.15263075*(y+y))+aul(0.20880479,auh(0.48819548,y)))"
        }
      },
      {
        "fitness": 0,
        "expressions": {
          "r": "aud(0.545927,tan(min(y,0.8295332)))",
          "b": "aud(0.5297574,tan(min(y,0.46906346)))",
          "g": "aud(x,tan(min(y,0.46827024)))"
        }
      },
      {
        "fitness": 0,
        "expressions": {
          "r": "var(cos(0.039488733))",
          "b": "var(cos(0.8836466))",
          "g": "var(cos(y))"
        }
      },
      {
        "fitness": 0,
        "expressions": {
          "r": "pow(min(y,0.81903434),auh((0.3078053+y),y))",
          "b": "pow(min(0.931597,0.3972237),auh((x+0.70041865),0.29684955))",
          "g": "pow(min(y,x),auh((0.22855997+y),y))"
        }
      },
      {
        "fitness": 0,
        "expressions": {
          "r": "(0.62569356+y)",
          "b": "(x+x)",
          "g": "(0.3241809+0.6174667)"
        }
      },
      {
        "fitness": 0,
        "expressions": {
          "r": "(x+x)",
          "b": "(0.5562819+x)",
          "g": "(x+0.43226534)"
        }
      },
      {
        "fitness": 0,
        "expressions": {
          "r": "auh(sin(0.3131715),aud(y,(y+0.27786773)))",
          "b": "auh(sin(y),aud(0.05428952,(x+0.20628709)))",
          "g": "auh(sin(y),aud(y,(0.5113574+0.44039547)))"
        }
      },
      {
        "fitness": 0,
        "expressions": {
          "r": "(y+x)",
          "b": "(0.64587235+y)",
          "g": "(0.2544009+0.055550337)"
        }
      },
      {
        "fitness": 0,
        "expressions": {
          "r": "sin(auh((0.1060617+y),y))",
          "b": "sin(auh((x+0.12278992),0.4234661))",
          "g": "sin(auh((x+0.19422823),y))"
        }
      },
      {
        "fitness": 0,
        "expressions": {
          "r": "min(min(y,y),x)",
          "b": "min(min(y,y),0.7471311)",
          "g": "min(min(x,0.3980323),0.6127712)"
        }
      },
      {
        "fitness": 0,
        "expressions": {
          "r": "min(pow((0.4800657/x),sin(0.34426385)),(aul(0.020499766,0.01467526)+(0.25018734-x)))",
          "b": "min(pow((y/y),sin(y)),(aul(y,0.18869537)+(x-x)))",
          "g": "min(pow((y/0.019206226),sin(x)),(aul(0.54803306,x)+(y-0.6738492)))"
        }
      },
      {
        "fitness": 0,
        "expressions": {
          "r": "(0.31304312+(y+max(y,y)))",
          "b": "(y+(0.41597807+max(x,0.18148595)))",
          "g": "(0.26926517+(x+max(x,y)))"
        }
      },
      {
        "fitness": 0,
        "expressions": {
          "r": "pow(sin(y),auh(sin(x),sin(x)))",
          "b": "pow(sin(x),auh(sin(x),sin(0.45120692)))",
          "g": "pow(sin(0.9205361),auh(sin(0.7738772),sin(x)))"
        }
      },
      {
        "fitness": 0,
        "expressions": {
          "r": "cos(y)",
          "b": "cos(0.42932278)",
          "g": "cos(0.13469195)"
        }
      },
      {
        "fitness": 0,
        "expressions": {
          "r": "(y+y)",
          "b": "(x+0.32370794)",
          "g": "(y+x)"
        }
      },
      {
        "fitness": 0,
        "expressions": {
          "r": "aul((y*x),y)",
          "b": "aul((y*y),x)",
          "g": "aul((x*y),0.97379065)"
        }
      },
      {
        "fitness": 0,
        "expressions": {
          "r": "(0.8178229+y)",
          "b": "(x+0.23854637)",
          "g": "(0.1217435+x)"
        }
      },
      {
        "fitness": 0,
        "expressions": {
          "r": "(y+0.17324585)",
          "b": "(x+x)",
          "g": "(0.10937458+x)"
        }
      }
    ],
    "timestamp": "22h:21m:20s"
  }],
  "timestamp": "2024-07-03-22-21-18"
}