{
  "id": "f4891wud-jfum-2gny-g13e-r34w68xujwdg",
  "parameters": {
    "crossoverRate": 0.30000001192092896,
    "eliteSize": 2,
    "tournamentSize": 3,
    "mutationRate": 0.8999999761581421,
    "populationSize": 10
  },
  "populations": [{
    "generation": 0,
    "id": "p76uc8fo-ey94-jqqt-ng34-v0tp9v0f43js",
    "individuals": [
      {
        "fitness": 0,
        "expressions": {
          "r": "aud(x,min(tan(0.73079896),0.21331537))",
          "b": "aud(y,min(tan(x),0.2264396))",
          "g": "aud(y,min(tan(x),x))"
        }
      },
      {
        "fitness": 0,
        "expressions": {
          "r": "var(0.52429104)",
          "b": "var(0.10343295)",
          "g": "var(y)"
        }
      },
      {
        "fitness": 0,
        "expressions": {
          "r": "cos(pow((x*x),sin(y)))",
          "b": "cos(pow((0.88511556*y),sin(x)))",
          "g": "cos(pow((x*x),sin(0.64822394)))"
        }
      },
      {
        "fitness": 0,
        "expressions": {
          "r": "aud(y,max(cos(x),y))",
          "b": "aud(0.3934207,max(cos(x),0.9976099))",
          "g": "aud(x,max(cos(y),x))"
        }
      },
      {
        "fitness": 0,
        "expressions": {
          "r": "(x+y)",
          "b": "(0.92510873+x)",
          "g": "(y+y)"
        }
      },
      {
        "fitness": 0,
        "expressions": {
          "r": "(pow((x*y),sin(x))*(max(0.94492936,y)/0.49500275))",
          "b": "(pow((x*0.6971687),sin(0.9819385))*(max(y,0.81955075)/x))",
          "g": "(pow((y*y),sin(x))*(max(y,y)/0.12811393))"
        }
      },
      {
        "fitness": 0,
        "expressions": {
          "r": "(sin(sin(y))*0.15870416)",
          "b": "(sin(sin(0.8896449))*y)",
          "g": "(sin(sin(y))*y)"
        }
      },
      {
        "fitness": 0,
        "expressions": {
          "r": "max(aul(sin(0.9264545),(0.8607797+y)),sin(y))",
          "b": "max(aul(sin(x),(0.49427247+x)),sin(0.40288657))",
          "g": "max(aul(sin(y),(0.97112703+x)),sin(y))"
        }
      },
      {
        "fitness": 0,
        "expressions": {
          "r": "sin((x+(0.829574-y)))",
          "b": "sin((0.80351186+(0.008835554-x)))",
          "g": "sin((y+(y-0.7917314)))"
        }
      },
      {
        "fitness": 0,
        "expressions": {
          "r": "(y+y)",
          "b": "(y+0.5273786)",
          "g": "(y+x)"
        }
      },
      {
        "fitness": 0,
        "expressions": {
          "r": "sin(tan((0.91758835/x)))",
          "b": "sin(tan((0.52074283/x)))",
          "g": "sin(tan((0.017862976/x)))"
        }
      },
      {
        "fitness": 0,
        "expressions": {
          "r": "sin(0.06735778)",
          "b": "sin(y)",
          "g": "sin(y)"
        }
      },
      {
        "fitness": 0,
        "expressions": {
          "r": "(y+0.08792567)",
          "b": "(x+y)",
          "g": "(y+y)"
        }
      },
      {
        "fitness": 0,
        "expressions": {
          "r": "aul(x,(0.8731445*y))",
          "b": "aul(0.4714433,(x*y))",
          "g": "aul(y,(y*0.29447043))"
        }
      },
      {
        "fitness": 0,
        "expressions": {
          "r": "(min(max(0.7873133,x),auh(y,0.32072997))/x)",
          "b": "(min(max(x,x),auh(0.47295588,0.9684207))/y)",
          "g": "(min(max(x,0.42063314),auh(x,x))/x)"
        }
      },
      {
        "fitness": 0,
        "expressions": {
          "r": "(x-0.37647307)",
          "b": "(y-0.74746674)",
          "g": "(y-0.47268033)"
        }
      },
      {
        "fitness": 0,
        "expressions": {
          "r": "(min(x,0.7549199)*x)",
          "b": "(min(y,0.10470128)*y)",
          "g": "(min(0.9076733,y)*y)"
        }
      },
      {
        "fitness": 0,
        "expressions": {
          "r": "(aul(x,y)-x)",
          "b": "(aul(x,0.84243035)-0.53258514)",
          "g": "(aul(y,0.56880194)-0.6861867)"
        }
      }
    ],
    "timestamp": "17h:32m:21s"
  }],
  "timestamp": "2024-07-04-17-32-19"
}