{
  "id": "fepqbfdr-jjgi-7a6i-okjv-tgae2arsj9u8",
  "parameters": {
    "crossoverRate": 0,
    "eliteSize": 0,
    "tournamentSize": 0,
    "mutationRate": 0,
    "populationSize": 0
  },
  "populations": [
    {
      "generation": 0,
      "id": "ccsxinsv-xjma-allv-h0ic-hgbc80x0fket",
      "individuals": [
        {
          "fitness": 0,
          "expressions": {
            "r": "min(max(auh(y,max(aud(tan(y),var(var(y))),x)),x),pow(x,aud(var(y),div(y,tan(add(aud(div(y,var(x)),sub(sub(0.1261468,0.116606236),min(x,x))),y))))))",
            "b": "min(max(auh(y,max(aud(tan(x),var(var(0.50287485))),x)),0.8550265),pow(0.6826501,aud(var(0.93253756),div(0.23836398,tan(add(aud(div(y,var(y)),sub(sub(0.3058858,x),min(0.13065147,x))),y))))))",
            "g": "min(max(auh(y,max(aud(tan(0.028728008),var(var(0.34588575))),0.6924846)),x),pow(y,aud(var(y),div(y,tan(add(aud(div(0.23621082,var(x)),sub(sub(x,0.25188255),min(y,x))),y))))))"
          }
        },
        {
          "fitness": 0,
          "expressions": {
            "r": "add(x,y)",
            "b": "add(x,x)",
            "g": "add(x,x)"
          }
        },
        {
          "fitness": 0,
          "expressions": {
            "r": "sin(y)",
            "b": "sin(0.15332961)",
            "g": "sin(0.41196895)"
          }
        },
        {
          "fitness": 0,
          "expressions": {
            "r": "div(y,sin(pow(aul(0.5238466,x),y)))",
            "b": "div(0.20170283,sin(pow(aul(0.95400906,x),x)))",
            "g": "div(y,sin(pow(aul(x,x),y)))"
          }
        },
        {
          "fitness": 0,
          "expressions": {
            "r": "max(0.724318,pow(aud(pow(x,sin(min(0.34351683,x))),max(div(sub(0.40955997,auh(x,y)),auh(y,y)),0.57901955)),x))",
            "b": "max(0.38432598,pow(aud(pow(x,sin(min(y,0.5738616))),max(div(sub(x,auh(x,y)),auh(x,x)),y)),x))",
            "g": "max(x,pow(aud(pow(0.28329992,sin(min(0.4831109,x))),max(div(sub(y,auh(0.37625933,x)),auh(0.8327699,x)),x)),0.18039036))"
          }
        },
        {
          "fitness": 0,
          "expressions": {
            "r": "pow(y,0.5467856)",
            "b": "pow(x,0.2791078)",
            "g": "pow(x,0.34991145)"
          }
        },
        {
          "fitness": 0,
          "expressions": {
            "r": "max(min(add(aud(var(aul(y,add(0.3853538,0.28278208))),x),0.30347538),0.77803063),min(max(aud(x,min(0.21441388,tan(y))),var(sin(max(tan(add(cos(y),aud(y,x))),0.20985389)))),pow(aul(min(cos(aul(add(0.3495729,0.6177683),y)),y),x),sin(mul(x,sub(x,x))))))",
            "b": "max(min(add(aud(var(aul(0.76447725,add(y,x))),x),x),y),min(max(aud(y,min(x,tan(0.01974535))),var(sin(max(tan(add(cos(x),aud(y,x))),0.6089554)))),pow(aul(min(cos(aul(add(y,0.26954007),0.76427984)),y),y),sin(mul(0.6339283,sub(x,0.45077157))))))",
            "g": "max(min(add(aud(var(aul(x,add(x,0.5596564))),y),0.6036873),0.5673051),min(max(aud(y,min(0.414716,tan(y))),var(sin(max(tan(add(cos(y),aud(x,y))),y)))),pow(aul(min(cos(aul(add(x,x),y)),0.7304809),y),sin(mul(y,sub(y,y))))))"
          }
        },
        {
          "fitness": 0,
          "expressions": {
            "r": "aul(y,0.06486869)",
            "b": "aul(y,0.4497285)",
            "g": "aul(x,y)"
          }
        },
        {
          "fitness": 0,
          "expressions": {
            "r": "add(y,0.2990899)",
            "b": "add(y,y)",
            "g": "add(0.97432685,y)"
          }
        },
        {
          "fitness": 0,
          "expressions": {
            "r": "add(x,0.43831706)",
            "b": "add(0.2571988,y)",
            "g": "add(0.87440634,y)"
          }
        },
        {
          "fitness": 0,
          "expressions": {
            "r": "cos(y)",
            "b": "cos(x)",
            "g": "cos(y)"
          }
        },
        {
          "fitness": 0,
          "expressions": {
            "r": "add(mul(auh(add(0.94867516,max(x,div(sin(x),0.5907259))),x),sin(max(div(0.12838387,pow(y,min(0.7794571,auh(pow(x,y),mul(y,x))))),x))),y)",
            "b": "add(mul(auh(add(x,max(y,div(sin(x),x))),y),sin(max(div(0.39664745,pow(x,min(0.4306655,auh(pow(y,y),mul(y,y))))),y))),0.91637444)",
            "g": "add(mul(auh(add(0.67519236,max(y,div(sin(y),y))),0.45645666),sin(max(div(0.68631077,pow(y,min(x,auh(pow(y,y),mul(0.8476007,x))))),y))),x)"
          }
        },
        {
          "fitness": 0,
          "expressions": {
            "r": "add(x,y)",
            "b": "add(y,0.5218799)",
            "g": "add(x,x)"
          }
        },
        {
          "fitness": 0,
          "expressions": {
            "r": "add(x,0.4641888)",
            "b": "add(y,x)",
            "g": "add(x,0.47260237)"
          }
        },
        {
          "fitness": 0,
          "expressions": {
            "r": "add(0.3683834,x)",
            "b": "add(x,0.6557815)",
            "g": "add(x,y)"
          }
        },
        {
          "fitness": 0,
          "expressions": {
            "r": "aud(mul(max(var(tan(max(0.6338439,y))),x),0.5521493),sub(max(aul(sin(x),max(y,0.46151185)),0.57185245),var(var(sub(x,var(var(var(add(0.5171988,x)))))))))",
            "b": "aud(mul(max(var(tan(max(x,x))),y),0.22765017),sub(max(aul(sin(0.08494806),max(x,x)),x),var(var(sub(0.08793688,var(var(var(add(0.6884999,y)))))))))",
            "g": "aud(mul(max(var(tan(max(x,x))),y),x),sub(max(aul(sin(x),max(y,y)),0.30319214),var(var(sub(0.5832844,var(var(var(add(y,0.62180257)))))))))"
          }
        },
        {
          "fitness": 0,
          "expressions": {
            "r": "aud(y,aul(aul(auh(0.2792673,sub(max(min(div(0.38460088,aul(x,y)),max(0.29334474,aul(x,0.6944134))),y),x)),cos(sin(y))),aud(y,add(aul(y,0.41197157),pow(x,y)))))",
            "b": "aud(0.48741293,aul(aul(auh(0.93068075,sub(max(min(div(0.3899243,aul(x,y)),max(x,aul(x,0.5177367))),0.32187128),0.40487027)),cos(sin(x))),aud(x,add(aul(x,y),pow(y,x)))))",
            "g": "aud(x,aul(aul(auh(0.34472752,sub(max(min(div(y,aul(0.5821209,x)),max(x,aul(x,0.74206376))),x),0.6420295)),cos(sin(y))),aud(x,add(aul(0.18697071,x),pow(0.8907938,y)))))"
          }
        },
        {
          "fitness": 0,
          "expressions": {
            "r": "add(x,0.4339118)",
            "b": "add(x,0.69870853)",
            "g": "add(y,x)"
          }
        }
      ],
      "timestamp": "22h:34m:10s"
    },
    {
      "generation": 0,
      "ascendantID": "ccsxinsv-xjma-allv-h0ic-hgbc80x0fket",
      "id": "7u0nmbw3-r9z4-2phy-5h4r-cs0l2hl2ia19",
      "individuals": [
        {
          "fitness": 0,
          "expressions": {
            "r": "add(y,0.11806011)",
            "b": "add(y,0.39196038)",
            "g": "add(x,x)"
          }
        },
        {
          "fitness": 0,
          "expressions": {
            "r": "aul(mul(y,tan(y)),x)",
            "b": "aul(mul(x,tan(0.5237403)),y)",
            "g": "aul(mul(x,tan(x)),0.14915276)"
          }
        },
        {
          "fitness": 0,
          "expressions": {
            "r": "div(pow(sin(x),y),0.5587528)",
            "b": "div(pow(sin(x),0.34301805),y)",
            "g": "div(pow(sin(x),x),x)"
          }
        },
        {
          "fitness": 0,
          "expressions": {
            "r": "sub(0.4664712,sub(y,y))",
            "b": "sub(x,sub(y,x))",
            "g": "sub(y,sub(0.7502656,y))"
          }
        },
        {
          "fitness": 0,
          "expressions": {
            "r": "cos(y)",
            "b": "cos(0.5217023)",
            "g": "cos(y)"
          }
        },
        {
          "fitness": 0,
          "expressions": {
            "r": "tan(min(y,mul(x,0.5303159)))",
            "b": "tan(min(0.28172112,mul(y,0.6596322)))",
            "g": "tan(min(y,mul(x,y)))"
          }
        },
        {
          "fitness": 0,
          "expressions": {
            "r": "add(0.5354512,0.41352582)",
            "b": "add(x,x)",
            "g": "add(x,0.60443544)"
          }
        },
        {
          "fitness": 0,
          "expressions": {
            "r": "add(0.4822681,0.65444756)",
            "b": "add(x,y)",
            "g": "add(y,x)"
          }
        },
        {
          "fitness": 0,
          "expressions": {
            "r": "add(0.121118784,y)",
            "b": "add(x,y)",
            "g": "add(x,0.29727864)"
          }
        },
        {
          "fitness": 0,
          "expressions": {
            "r": "tan(x)",
            "b": "tan(0.41996002)",
            "g": "tan(y)"
          }
        },
        {
          "fitness": 0,
          "expressions": {
            "r": "add(y,0.60494494)",
            "b": "add(y,0.09409046)",
            "g": "add(x,0.66109324)"
          }
        },
        {
          "fitness": 0,
          "expressions": {
            "r": "add(0.29207468,0.60917544)",
            "b": "add(y,0.044147015)",
            "g": "add(x,0.043523073)"
          }
        },
        {
          "fitness": 0,
          "expressions": {
            "r": "add(x,x)",
            "b": "add(x,y)",
            "g": "add(0.083129644,0.936265)"
          }
        },
        {
          "fitness": 0,
          "expressions": {
            "r": "add(y,y)",
            "b": "add(y,y)",
            "g": "add(0.66155577,0.30056024)"
          }
        },
        {
          "fitness": 0,
          "expressions": {
            "r": "add(x,x)",
            "b": "add(0.3279934,0.98387885)",
            "g": "add(0.10371804,0.86397314)"
          }
        },
        {
          "fitness": 0,
          "expressions": {
            "r": "aud(var(sin(y)),max(y,auh(y,y)))",
            "b": "aud(var(sin(y)),max(0.34646034,auh(y,x)))",
            "g": "aud(var(sin(0.9001012)),max(0.8804517,auh(y,y)))"
          }
        },
        {
          "fitness": 0,
          "expressions": {
            "r": "add(aul(0.2851119,var(y)),x)",
            "b": "add(aul(0.48208785,var(y)),0.19927835)",
            "g": "add(aul(0.6493716,var(x)),y)"
          }
        },
        {
          "fitness": 0,
          "expressions": {
            "r": "sin(y)",
            "b": "sin(y)",
            "g": "sin(x)"
          }
        }
      ],
      "timestamp": "22h:34m:16s"
    },
    {
      "generation": 0,
      "ascendantID": "7u0nmbw3-r9z4-2phy-5h4r-cs0l2hl2ia19",
      "id": "f2x63lvv-pzq4-cnnt-30ah-gvwn1wu93qk1",
      "individuals": [
        {
          "fitness": 0,
          "expressions": {
            "r": "add(0.50339556,y)",
            "b": "add(x,y)",
            "g": "add(x,y)"
          }
        },
        {
          "fitness": 0,
          "expressions": {
            "r": "noi(x,pow(cos(0.18236017),y))",
            "b": "noi(y,pow(cos(0.09020281),x))",
            "g": "noi(x,pow(cos(y),y))"
          }
        },
        {
          "fitness": 0,
          "expressions": {
            "r": "add(0.18730831,0.61994576)",
            "b": "add(y,x)",
            "g": "add(0.4396677,x)"
          }
        },
        {
          "fitness": 0,
          "expressions": {
            "r": "add(x,x)",
            "b": "add(x,y)",
            "g": "add(x,0.1557579)"
          }
        },
        {
          "fitness": 0,
          "expressions": {
            "r": "add(0.1297257,y)",
            "b": "add(0.40271473,x)",
            "g": "add(x,x)"
          }
        },
        {
          "fitness": 0,
          "expressions": {
            "r": "add(x,0.47276568)",
            "b": "add(x,y)",
            "g": "add(0.6968863,x)"
          }
        },
        {
          "fitness": 0,
          "expressions": {
            "r": "add(0.10181093,y)",
            "b": "add(x,0.35325623)",
            "g": "add(0.3971815,0.8662648)"
          }
        },
        {
          "fitness": 0,
          "expressions": {
            "r": "add(x,0.7074225)",
            "b": "add(0.48698378,x)",
            "g": "add(x,x)"
          }
        },
        {
          "fitness": 0,
          "expressions": {
            "r": "cos(pow(y,y))",
            "b": "cos(pow(y,x))",
            "g": "cos(pow(x,0.67167616))"
          }
        },
        {
          "fitness": 0,
          "expressions": {
            "r": "add(y,x)",
            "b": "add(x,x)",
            "g": "add(0.050316334,y)"
          }
        },
        {
          "fitness": 0,
          "expressions": {
            "r": "add(x,y)",
            "b": "add(0.834471,0.45191407)",
            "g": "add(0.47414994,x)"
          }
        },
        {
          "fitness": 0,
          "expressions": {
            "r": "mod(mul(0.10368228,add(0.91218734,y)),x)",
            "b": "mod(mul(y,add(0.39061165,y)),x)",
            "g": "mod(mul(0.6900408,add(y,x)),x)"
          }
        },
        {
          "fitness": 0,
          "expressions": {
            "r": "add(x,y)",
            "b": "add(y,x)",
            "g": "add(y,0.89767575)"
          }
        },
        {
          "fitness": 0,
          "expressions": {
            "r": "min(mod(0.5020623,cos(y)),mod(add(0.32507014,0.9994757),cos(x)))",
            "b": "min(mod(y,cos(x)),mod(add(0.8444536,x),cos(0.23039222)))",
            "g": "min(mod(0.56824493,cos(0.9393399)),mod(add(0.33489943,x),cos(x)))"
          }
        },
        {
          "fitness": 0,
          "expressions": {
            "r": "max(pow(x,y),pow(0.8910003,x))",
            "b": "max(pow(y,x),pow(y,x))",
            "g": "max(pow(x,x),pow(x,0.33254766))"
          }
        },
        {
          "fitness": 0,
          "expressions": {
            "r": "add(max(tan(y),0.42302036),x)",
            "b": "add(max(tan(x),x),0.58689594)",
            "g": "add(max(tan(x),x),x)"
          }
        },
        {
          "fitness": 0,
          "expressions": {
            "r": "mod(0.17693615,div(div(x,0.6412363),min(0.03174758,y)))",
            "b": "mod(0.6390064,div(div(y,0.97215796),min(0.91826177,0.8977244)))",
            "g": "mod(x,div(div(0.04110837,0.58069134),min(x,y)))"
          }
        },
        {
          "fitness": 0,
          "expressions": {
            "r": "cos(mod(x,cos(0.15782928)))",
            "b": "cos(mod(0.12399125,cos(x)))",
            "g": "cos(mod(0.5619261,cos(y)))"
          }
        }
      ],
      "timestamp": "22h:34m:30s"
    },
    {
      "generation": 1,
      "ascendantID": "f2x63lvv-pzq4-cnnt-30ah-gvwn1wu93qk1",
      "id": "58g259yh-oohf-tahh-ptqo-76ij5y3p7qyi",
      "individuals": [
        {
          "fitness": 0,
          "expressions": {
            "r": "mod(mul(0.10368228,add(0.91218734,y)),x)",
            "b": "mod(mul(y,add(0.39061165,y)),x)",
            "g": "mod(mul(0.6900408,add(y,x)),x)"
          }
        },
        {
          "fitness": 0,
          "expressions": {
            "r": "add(x,0.7074225)",
            "b": "add(0.48698378,x)",
            "g": "add(x,x)"
          }
        },
        {
          "fitness": 0,
          "expressions": {
            "r": "max(0.30316567,mod(0.8910003,x))",
            "b": "max(0.19750023,mod(y,x))",
            "g": "max(0.7323737,mod(x,0.33254766))"
          }
        },
        {
          "fitness": 0,
          "expressions": {
            "r": "noi(x,mod(tan(0.18236017),y))",
            "b": "noi(y,mod(tan(0.09020281),x))",
            "g": "noi(x,mod(tan(y),y))"
          }
        },
        {
          "fitness": 0,
          "expressions": {
            "r": "max(pow(x,y),pow(0.76627684,x))",
            "b": "max(pow(y,x),pow(y,x))",
            "g": "max(pow(x,x),pow(x,0.33254766))"
          }
        },
        {
          "fitness": 0,
          "expressions": {
            "r": "add(sin(tan(mod(y,y))),0.87884593)",
            "b": "add(sin(tan(mod(y,0.05637169))),x)",
            "g": "add(sin(tan(mod(0.84911823,0.2876873))),x)"
          }
        },
        {
          "fitness": 0,
          "expressions": {
            "r": "add(y,sin(pow(max(y,x),min(y,0.40558147))))",
            "b": "add(x,sin(pow(max(x,0.38774157),min(y,x))))",
            "g": "add(0.050316334,sin(pow(max(0.08268285,y),min(0.7744522,y))))"
          }
        },
        {
          "fitness": 0,
          "expressions": {
            "r": "cos(pow(y,y))",
            "b": "cos(pow(y,x))",
            "g": "cos(pow(x,0.67167616))"
          }
        },
        {
          "fitness": 0,
          "expressions": {
            "r": "mod(0.17693615,div(div(x,0.6412363),min(cos(x),sin(x))))",
            "b": "mod(0.6390064,div(div(y,0.97215796),min(cos(x),sin(x))))",
            "g": "mod(x,div(div(0.04110837,0.58069134),min(cos(x),sin(x))))"
          }
        },
        {
          "fitness": 0,
          "expressions": {
            "r": "add(y,y)",
            "b": "add(0.212214,x)",
            "g": "add(0.5416546,0.89767575)"
          }
        },
        {
          "fitness": 0,
          "expressions": {
            "r": "add(0.10181093,x)",
            "b": "add(x,0.07279754)",
            "g": "add(0.3971815,x)"
          }
        },
        {
          "fitness": 0,
          "expressions": {
            "r": "pow(sub(0.10368228,add(0.91218734,y)),x)",
            "b": "pow(sub(y,add(0.39061165,y)),x)",
            "g": "pow(sub(0.6900408,add(y,x)),x)"
          }
        },
        {
          "fitness": 0,
          "expressions": {
            "r": "mod(sub(0.10368228,add(0.91218734,y)),x)",
            "b": "mod(sub(y,add(0.39061165,y)),x)",
            "g": "mod(sub(0.6900408,add(y,x)),x)"
          }
        },
        {
          "fitness": 0,
          "expressions": {
            "r": "mod(sub(0.10368228,add(0.91218734,y)),x)",
            "b": "mod(sub(y,add(0.39061165,x)),x)",
            "g": "mod(sub(0.6900408,add(y,y)),x)"
          }
        },
        {
          "fitness": 0,
          "expressions": {
            "r": "add(0.18730831,0.61994576)",
            "b": "add(y,x)",
            "g": "add(0.4396677,x)"
          }
        },
        {
          "fitness": 0,
          "expressions": {
            "r": "add(y,add(0.18730831,0.61994576))",
            "b": "add(x,add(y,x))",
            "g": "add(0.050316334,add(0.21538854,x))"
          }
        },
        {
          "fitness": 0,
          "expressions": {
            "r": "cos(mod(x,cos(0.15782928)))",
            "b": "cos(mod(0.12399125,cos(x)))",
            "g": "cos(mod(0.8182082,cos(y)))"
          }
        },
        {
          "fitness": 0,
          "expressions": {
            "r": "add(x,0.47276568)",
            "b": "add(x,y)",
            "g": "add(0.8444259,x)"
          }
        }
      ],
      "timestamp": "22h:34m:36s"
    }
  ],
  "timestamp": "2024-07-31-22-34-06"
}