{
  "id": "fl3snnzu-v8yh-fsll-5n01-c0fe6n20yq90",
  "parameters": {
    "crossoverRate": 0,
    "eliteSize": 0,
    "tournamentSize": 0,
    "mutationRate": 0,
    "populationSize": 0
  },
  "populations": [
    {
      "generation": 0,
      "id": "xv7ku7a7-tl3l-zwgl-95d8-3scgbe9cb0qx",
      "individuals": [
        {
          "fitness": 0,
          "expressions": {
            "r": "sin(min(cos(sub(x,y)),tan(tan(x))))",
            "b": "sin(min(cos(sub(0.6547196,0.31746197)),tan(tan(0.2733841))))",
            "g": "sin(min(cos(sub(y,0.25089312)),tan(tan(x))))"
          }
        },
        {
          "fitness": 0,
          "expressions": {
            "r": "var(min(cos(add(y,0.7942171)),add(var(x),sin(y))))",
            "b": "var(min(cos(add(x,x)),add(var(0.9388132),sin(x))))",
            "g": "var(min(cos(add(x,0.92546415)),add(var(x),sin(0.16874218))))"
          }
        },
        {
          "fitness": 0,
          "expressions": {
            "r": "min(max(min(add(y,x),sub(0.59901357,0.9912529)),add(min(0.806324,0.37967157),var(x))),mul(sub(min(x,0.52547693),tan(0.69307375)),cos(mul(0.68429756,y))))",
            "b": "min(max(min(add(x,y),sub(x,y)),add(min(x,x),var(x))),mul(sub(min(x,y),tan(0.102102995)),cos(mul(y,x))))",
            "g": "min(max(min(add(0.041315317,x),sub(x,0.32498884)),add(min(y,x),var(0.33841848))),mul(sub(min(y,0.9376557),tan(0.4287243)),cos(mul(x,x))))"
          }
        },
        {
          "fitness": 0,
          "expressions": {
            "r": "add(sin(mul(mul(y,0.8613031),mul(0.4806919,y))),min(mul(sub(0.11181688,0.37682438),pow(y,x)),tan(sub(y,x))))",
            "b": "add(sin(mul(mul(y,y),mul(x,y))),min(mul(sub(0.5829668,x),pow(x,0.13183165)),tan(sub(y,0.7780149))))",
            "g": "add(sin(mul(mul(x,y),mul(x,x))),min(mul(sub(0.34517694,y),pow(x,0.372504)),tan(sub(0.30670762,y))))"
          }
        },
        {
          "fitness": 0,
          "expressions": {
            "r": "mul(cos(max(tan(x),add(x,y))),add(pow(sub(0.6624408,0.80656886),var(y)),var(add(y,x))))",
            "b": "mul(cos(max(tan(0.09019041),add(x,y))),add(pow(sub(y,y),var(y)),var(add(x,y))))",
            "g": "mul(cos(max(tan(0.20973063),add(x,y))),add(pow(sub(y,0.20599914),var(x)),var(add(y,x))))"
          }
        },
        {
          "fitness": 0,
          "expressions": {
            "r": "mul(cos(div(sub(y,y),div(0.8378601,x))),sin(min(sub(x,0.18561912),cos(x))))",
            "b": "mul(cos(div(sub(y,y),div(x,y))),sin(min(sub(0.8588648,0.4610808),cos(0.41675758))))",
            "g": "mul(cos(div(sub(x,x),div(x,y))),sin(min(sub(x,0.8964305),cos(x))))"
          }
        },
        {
          "fitness": 0,
          "expressions": {
            "r": "div(tan(mul(add(y,y),tan(0.08390427))),mul(sin(sin(x)),add(add(0.32195282,y),sub(y,x))))",
            "b": "div(tan(mul(add(y,x),tan(y))),mul(sin(sin(x)),add(add(x,y),sub(x,x))))",
            "g": "div(tan(mul(add(x,0.60897493),tan(x))),mul(sin(sin(y)),add(add(0.453413,0.53624916),sub(0.0679822,y))))"
          }
        },
        {
          "fitness": 0,
          "expressions": {
            "r": "var(add(div(max(y,0.054741383),mul(0.1633563,0.7823584)),sub(min(x,x),add(x,y))))",
            "b": "var(add(div(max(y,0.8284912),mul(y,y)),sub(min(x,y),add(x,x))))",
            "g": "var(add(div(max(y,0.1603632),mul(0.18961596,x)),sub(min(0.022108555,0.33450532),add(0.09009004,x))))"
          }
        },
        {
          "fitness": 0,
          "expressions": {
            "r": "mul(max(min(min(y,x),sin(y)),div(tan(0.45658493),min(x,0.7793026))),var(mul(cos(x),pow(x,y))))",
            "b": "mul(max(min(min(0.3181529,x),sin(0.005085945)),div(tan(0.7672901),min(0.7899525,0.10225773))),var(mul(cos(0.52741766),pow(x,x))))",
            "g": "mul(max(min(min(0.9233098,x),sin(x)),div(tan(0.2245524),min(x,y))),var(mul(cos(x),pow(0.8685641,x))))"
          }
        },
        {
          "fitness": 0,
          "expressions": {
            "r": "sin(min(min(max(0.99005604,0.6473708),add(x,y)),div(div(0.15445852,x),div(x,x))))",
            "b": "sin(min(min(max(0.34827733,0.5491731),add(0.37249756,0.87858653)),div(div(0.7633271,0.2799797),div(y,y))))",
            "g": "sin(min(min(max(x,0.2986071),add(y,y)),div(div(0.13156271,y),div(x,x))))"
          }
        },
        {
          "fitness": 0,
          "expressions": {
            "r": "var(cos(div(cos(x),var(y))))",
            "b": "var(cos(div(cos(y),var(0.33539963))))",
            "g": "var(cos(div(cos(y),var(y))))"
          }
        },
        {
          "fitness": 0,
          "expressions": {
            "r": "max(var(min(min(x,y),var(y))),sub(min(pow(0.41587257,y),var(x)),max(add(y,y),mul(x,0.7269919))))",
            "b": "max(var(min(min(x,0.0043652058),var(y))),sub(min(pow(x,x),var(y)),max(add(0.6757908,y),mul(x,0.7514992))))",
            "g": "max(var(min(min(0.86041355,0.058725595),var(y))),sub(min(pow(0.16810799,x),var(0.9754238)),max(add(0.5798161,0.4214394),mul(x,x))))"
          }
        },
        {
          "fitness": 0,
          "expressions": {
            "r": "sub(tan(pow(tan(0.50962114),cos(y))),add(sub(sin(y),sub(0.7203703,x)),pow(max(0.69125557,y),sin(0.6843772))))",
            "b": "sub(tan(pow(tan(x),cos(x))),add(sub(sin(0.74306726),sub(0.050061226,x)),pow(max(0.64046526,0.53512),sin(y))))",
            "g": "sub(tan(pow(tan(0.8598969),cos(0.477669))),add(sub(sin(0.45426464),sub(x,0.4441929)),pow(max(y,x),sin(x))))"
          }
        },
        {
          "fitness": 0,
          "expressions": {
            "r": "div(add(min(sub(x,0.97926235),var(0.044611216)),max(mul(x,0.77088714),add(0.5124042,0.61687446))),cos(sub(cos(0.12442064),add(0.8806248,x))))",
            "b": "div(add(min(sub(y,y),var(x)),max(mul(y,y),add(x,0.39941978))),cos(sub(cos(y),add(x,y))))",
            "g": "div(add(min(sub(x,0.2222414),var(x)),max(mul(y,x),add(0.12248063,y))),cos(sub(cos(0.8815379),add(x,y))))"
          }
        },
        {
          "fitness": 0,
          "expressions": {
            "r": "pow(sin(var(min(0.9082148,0.09513426))),sub(add(min(y,y),max(0.7018018,0.5955293)),max(add(x,0.7853353),var(y))))",
            "b": "pow(sin(var(min(x,y))),sub(add(min(y,x),max(0.7729926,0.87162876)),max(add(x,x),var(x))))",
            "g": "pow(sin(var(min(x,x))),sub(add(min(y,0.6137786),max(0.7257271,y)),max(add(x,y),var(x))))"
          }
        },
        {
          "fitness": 0,
          "expressions": {
            "r": "min(sub(mul(mul(x,x),sin(x)),max(sin(y),mul(0.64658904,0.047985315))),var(cos(min(x,y))))",
            "b": "min(sub(mul(mul(y,x),sin(x)),max(sin(y),mul(y,x))),var(cos(min(y,y))))",
            "g": "min(sub(mul(mul(y,x),sin(y)),max(sin(x),mul(x,y))),var(cos(min(y,y))))"
          }
        },
        {
          "fitness": 0,
          "expressions": {
            "r": "div(tan(cos(pow(x,x))),min(div(add(x,0.05108261),max(y,x)),sin(sub(y,y))))",
            "b": "div(tan(cos(pow(0.21322393,x))),min(div(add(y,y),max(x,y)),sin(sub(y,y))))",
            "g": "div(tan(cos(pow(x,x))),min(div(add(0.25459146,y),max(y,x)),sin(sub(0.029085875,y))))"
          }
        },
        {
          "fitness": 0,
          "expressions": {
            "r": "sub(cos(add(max(y,0.99088144),pow(0.4034214,x))),min(max(var(y),tan(y)),var(cos(y))))",
            "b": "sub(cos(add(max(x,x),pow(y,x))),min(max(var(0.4644189),tan(x)),var(cos(x))))",
            "g": "sub(cos(add(max(y,0.8824618),pow(x,x))),min(max(var(x),tan(x)),var(cos(y))))"
          }
        }
      ],
      "timestamp": "18h:40m:20s"
    },
    {
      "generation": 0,
      "ascendantID": "xv7ku7a7-tl3l-zwgl-95d8-3scgbe9cb0qx",
      "id": "uk8l7qxf-0v5v-wcoa-5pwu-20wmku4sdz6f",
      "individuals": [
        {
          "fitness": 0,
          "expressions": {
            "r": "tan(sin(tan(mul(x,x))))",
            "b": "tan(sin(tan(mul(y,0.79776))))",
            "g": "tan(sin(tan(mul(x,x))))"
          }
        },
        {
          "fitness": 0,
          "expressions": {
            "r": "cos(div(pow(cos(0.95280266),add(x,x)),sub(min(x,x),add(y,y))))",
            "b": "cos(div(pow(cos(0.43576646),add(x,x)),sub(min(y,0.10217142),add(y,0.9675162))))",
            "g": "cos(div(pow(cos(y),add(0.8082185,y)),sub(min(y,x),add(y,x))))"
          }
        },
        {
          "fitness": 0,
          "expressions": {
            "r": "min(sub(div(tan(x),max(0.5138991,y)),add(sub(x,y),add(x,0.50998926))),pow(max(pow(y,x),pow(y,y)),cos(add(x,0.6996646))))",
            "b": "min(sub(div(tan(y),max(0.12777638,0.15655375)),add(sub(0.8271656,x),add(0.9237945,x))),pow(max(pow(y,x),pow(0.06594205,x)),cos(add(0.7332382,0.3374071))))",
            "g": "min(sub(div(tan(0.8609991),max(x,x)),add(sub(y,x),add(x,0.11701298))),pow(max(pow(x,y),pow(y,0.41117644)),cos(add(x,x))))"
          }
        },
        {
          "fitness": 0,
          "expressions": {
            "r": "sin(sub(add(max(x,0.40727282),max(y,0.16203332)),sin(pow(y,x))))",
            "b": "sin(sub(add(max(0.42015433,x),max(0.19670677,y)),sin(pow(y,y))))",
            "g": "sin(sub(add(max(0.22164059,x),max(0.953645,x)),sin(pow(0.5119033,x))))"
          }
        },
        {
          "fitness": 0,
          "expressions": {
            "r": "add(sin(pow(sin(y),sin(y))),min(max(max(y,x),sin(y)),sub(div(0.72119117,0.061903954),sub(0.920943,y))))",
            "b": "add(sin(pow(sin(x),sin(0.59988546))),min(max(max(x,x),sin(y)),sub(div(x,x),sub(x,y))))",
            "g": "add(sin(pow(sin(0.69012547),sin(y))),min(max(max(0.8628478,0.9998882),sin(y)),sub(div(x,0.29685903),sub(0.4760847,0.11325431))))"
          }
        },
        {
          "fitness": 0,
          "expressions": {
            "r": "mul(sub(pow(sin(0.022414923),max(x,y)),div(add(x,x),max(0.8098502,x))),mul(sin(tan(x)),sin(max(0.08160877,0.5029397))))",
            "b": "mul(sub(pow(sin(x),max(x,x)),div(add(y,x),max(x,x))),mul(sin(tan(x)),sin(max(0.03088975,0.6476426))))",
            "g": "mul(sub(pow(sin(0.41220045),max(y,0.51460934)),div(add(x,0.17833495),max(0.5701537,y))),mul(sin(tan(y)),sin(max(x,y))))"
          }
        },
        {
          "fitness": 0,
          "expressions": {
            "r": "sin(sin(div(add(0.710937,y),add(0.9153509,0.82173395))))",
            "b": "sin(sin(div(add(x,0.78648853),add(0.5063057,y))))",
            "g": "sin(sin(div(add(0.6085758,y),add(0.879235,y))))"
          }
        },
        {
          "fitness": 0,
          "expressions": {
            "r": "max(add(cos(sin(0.66579056)),div(pow(x,0.2929604),add(x,y))),pow(cos(min(x,x)),sub(sub(0.22608137,0.29997158),pow(y,y))))",
            "b": "max(add(cos(sin(x)),div(pow(y,0.2698059),add(x,y))),pow(cos(min(x,0.30348778)),sub(sub(x,x),pow(y,0.43663025))))",
            "g": "max(add(cos(sin(x)),div(pow(y,y),add(0.558429,y))),pow(cos(min(x,y)),sub(sub(0.15783381,0.93874025),pow(0.7574811,x))))"
          }
        },
        {
          "fitness": 0,
          "expressions": {
            "r": "pow(sin(div(max(y,0.99278784),cos(y))),sin(pow(div(x,0.41800618),pow(x,0.06979537))))",
            "b": "pow(sin(div(max(x,y),cos(0.094582796))),sin(pow(div(0.61402464,y),pow(y,y))))",
            "g": "pow(sin(div(max(0.03720212,y),cos(y))),sin(pow(div(y,x),pow(x,y))))"
          }
        },
        {
          "fitness": 0,
          "expressions": {
            "r": "min(sin(div(add(0.23841429,y),min(y,x))),min(add(sub(0.7253716,0.3765018),pow(x,0.73777914)),pow(max(y,0.22158337),pow(x,y))))",
            "b": "min(sin(div(add(0.8463025,y),min(x,0.7584195))),min(add(sub(y,0.061389923),pow(y,0.87455344)),pow(max(y,0.18187332),pow(x,0.26172614))))",
            "g": "min(sin(div(add(0.23841667,x),min(y,0.39766312))),min(add(sub(0.4243889,0.57812476),pow(y,y)),pow(max(x,x),pow(0.14834285,y))))"
          }
        },
        {
          "fitness": 0,
          "expressions": {
            "r": "sub(add(mul(min(x,y),sin(y)),sin(pow(x,0.9268942))),add(cos(tan(0.19350791)),min(cos(y),mul(x,y))))",
            "b": "sub(add(mul(min(0.13284159,y),sin(x)),sin(pow(y,x))),add(cos(tan(0.6573794)),min(cos(0.053786993),mul(y,0.56821394))))",
            "g": "sub(add(mul(min(0.45582843,y),sin(y)),sin(pow(x,y))),add(cos(tan(x)),min(cos(0.6808109),mul(y,y))))"
          }
        },
        {
          "fitness": 0,
          "expressions": {
            "r": "sin(sin(max(mul(x,0.7774143),cos(0.09171128))))",
            "b": "sin(sin(max(mul(0.98494744,x),cos(y))))",
            "g": "sin(sin(max(mul(0.29464126,x),cos(x))))"
          }
        },
        {
          "fitness": 0,
          "expressions": {
            "r": "sin(sub(max(cos(0.27137303),cos(0.36142635)),add(add(x,0.23998117),cos(0.4164679))))",
            "b": "sin(sub(max(cos(x),cos(y)),add(add(y,x),cos(0.611089))))",
            "g": "sin(sub(max(cos(0.39196634),cos(y)),add(add(x,0.58139634),cos(0.92494726))))"
          }
        },
        {
          "fitness": 0,
          "expressions": {
            "r": "mul(add(mul(tan(0.25874162),tan(y)),tan(sin(0.38498473))),tan(cos(max(x,y))))",
            "b": "mul(add(mul(tan(y),tan(0.9610381)),tan(sin(y))),tan(cos(max(0.5416961,x))))",
            "g": "mul(add(mul(tan(x),tan(x)),tan(sin(y))),tan(cos(max(y,x))))"
          }
        },
        {
          "fitness": 0,
          "expressions": {
            "r": "mul(sin(add(add(0.43376303,y),sub(x,0.36479974))),sin(cos(max(x,0.45626616))))",
            "b": "mul(sin(add(add(y,y),sub(x,x))),sin(cos(max(y,y))))",
            "g": "mul(sin(add(add(0.12722921,y),sub(y,0.8443334))),sin(cos(max(0.98073816,x))))"
          }
        },
        {
          "fitness": 0,
          "expressions": {
            "r": "min(min(sin(sin(x)),div(sin(0.7047386),cos(y))),mul(min(cos(y),tan(y)),mul(add(x,0.49692392),cos(y))))",
            "b": "min(min(sin(sin(x)),div(sin(0.6115093),cos(x))),mul(min(cos(x),tan(x)),mul(add(x,y),cos(x))))",
            "g": "min(min(sin(sin(x)),div(sin(y),cos(x))),mul(min(cos(0.18387294),tan(0.4277351)),mul(add(0.23226285,y),cos(y))))"
          }
        },
        {
          "fitness": 0,
          "expressions": {
            "r": "min(min(pow(sin(0.40535355),sin(x)),div(cos(0.70639277),pow(x,y))),tan(max(tan(x),div(0.026381016,y))))",
            "b": "min(min(pow(sin(y),sin(0.010857344)),div(cos(x),pow(y,x))),tan(max(tan(y),div(x,y))))",
            "g": "min(min(pow(sin(y),sin(y)),div(cos(0.35431767),pow(0.7155266,0.3411274))),tan(max(tan(y),div(0.5857434,x))))"
          }
        },
        {
          "fitness": 0,
          "expressions": {
            "r": "sin(cos(sin(add(x,0.53990364))))",
            "b": "sin(cos(sin(add(x,x))))",
            "g": "sin(cos(sin(add(y,0.9573622))))"
          }
        }
      ],
      "timestamp": "18h:40m:27s"
    }
  ],
  "timestamp": "2024-07-28-18-40-13"
}