{
  "id": "fnc03fnw-43jn-m3ke-gqka-g5sxq5yhedi5",
  "parameters": {
    "crossoverRate": 0.30000001192092896,
    "eliteSize": 2,
    "tournamentSize": 3,
    "mutationRate": 0.8999999761581421,
    "populationSize": 10
  },
  "populations": [{
    "generation": 0,
    "id": "87rkwmyv-w24d-ritc-3ktz-edoj3ifz6auo",
    "individuals": [
      {
        "fitness": 0,
        "expressions": {
          "r": "(0.07598555+x)",
          "b": "(x+0.6964976)",
          "g": "(y+x)"
        }
      },
      {
        "fitness": 0,
        "expressions": {
          "r": "(x+x)",
          "b": "(x+0.07312864)",
          "g": "(x+0.4172895)"
        }
      },
      {
        "fitness": 0,
        "expressions": {
          "r": "sin(0.26506913)",
          "b": "sin(y)",
          "g": "sin(0.622903)"
        }
      },
      {
        "fitness": 0,
        "expressions": {
          "r": "(x-y)",
          "b": "(x-y)",
          "g": "(y-0.9271651)"
        }
      },
      {
        "fitness": 0,
        "expressions": {
          "r": "(x+y)",
          "b": "(x+0.82655793)",
          "g": "(0.39231133+x)"
        }
      },
      {
        "fitness": 0,
        "expressions": {
          "r": "pow((min(0.9404268,x)-x),0.9969381)",
          "b": "pow((min(0.5180336,y)-0.44557053),y)",
          "g": "pow((min(x,x)-0.070436776),y)"
        }
      },
      {
        "fitness": 0,
        "expressions": {
          "r": "(0.3189093*x)",
          "b": "(y*0.15027952)",
          "g": "(y*x)"
        }
      },
      {
        "fitness": 0,
        "expressions": {
          "r": "(y+0.2949586)",
          "b": "(0.8070016+x)",
          "g": "(x+y)"
        }
      },
      {
        "fitness": 0,
        "expressions": {
          "r": "(x+x)",
          "b": "(0.8789329+0.32084513)",
          "g": "(y+y)"
        }
      },
      {
        "fitness": 0,
        "expressions": {
          "r": "(y+x)",
          "b": "(y+y)",
          "g": "(y+0.089084566)"
        }
      },
      {
        "fitness": 0,
        "expressions": {
          "r": "(min(x,0.14586765)/y)",
          "b": "(min(x,y)/0.75333935)",
          "g": "(min(y,x)/0.7024793)"
        }
      },
      {
        "fitness": 0,
        "expressions": {
          "r": "(y+0.05946833)",
          "b": "(0.083619654+x)",
          "g": "(0.85532176+y)"
        }
      },
      {
        "fitness": 0,
        "expressions": {
          "r": "max((x-(cos(0.18854839)*y)),0.16014451)",
          "b": "max((0.9899322-(cos(0.68149835)*y)),y)",
          "g": "max((x-(cos(y)*y)),0.074882984)"
        }
      },
      {
        "fitness": 0,
        "expressions": {
          "r": "(y+0.93113405)",
          "b": "(y+x)",
          "g": "(0.0414387+x)"
        }
      },
      {
        "fitness": 0,
        "expressions": {
          "r": "(y/pow(0.7737769,cos(max((y*(y-x)),var(y)))))",
          "b": "(x/pow(x,cos(max((x*(x-0.7551039)),var(0.8569633)))))",
          "g": "(x/pow(y,cos(max((y*(x-y)),var(y)))))"
        }
      },
      {
        "fitness": 0,
        "expressions": {
          "r": "(0.14395612+0.14331865)",
          "b": "(x+y)",
          "g": "(0.9794433+0.7874408)"
        }
      },
      {
        "fitness": 0,
        "expressions": {
          "r": "tan(min(sin(x),x))",
          "b": "tan(min(sin(0.9669991),x))",
          "g": "tan(min(sin(x),x))"
        }
      },
      {
        "fitness": 0,
        "expressions": {
          "r": "(x+x)",
          "b": "(0.640202+0.5643393)",
          "g": "(x+0.39955205)"
        }
      }
    ],
    "timestamp": "22h:37m:29s"
  }],
  "timestamp": "2024-07-24-22-37-20"
}