{
  "id": "fnv8lyfs-35vr-bgbw-037v-8c5mdlgk4z3f",
  "parameters": {
    "crossoverRate": 0.30000001192092896,
    "eliteSize": 2,
    "tournamentSize": 3,
    "mutationRate": 0.8999999761581421,
    "populationSize": 10
  },
  "populations": [{
    "generation": 0,
    "id": "3s7g4ro9-tssl-4y7x-0als-raof6lafp2qv",
    "individuals": [
      {
        "fitness": 0,
        "expressions": {
          "r": "mul(mul(x,sub(y,x)),auh(x,div(x,0.52892625)))",
          "b": "mul(mul(x,sub(x,x)),auh(x,div(x,0.9118234)))",
          "g": "mul(mul(y,sub(0.8030373,0.015303791)),auh(0.91754043,div(x,x)))"
        }
      },
      {
        "fitness": 0,
        "expressions": {
          "r": "tan(y)",
          "b": "tan(x)",
          "g": "tan(x)"
        }
      },
      {
        "fitness": 0,
        "expressions": {
          "r": "add(0.7422189,0.315382)",
          "b": "add(y,0.30397028)",
          "g": "add(x,x)"
        }
      },
      {
        "fitness": 0,
        "expressions": {
          "r": "pow(sin(0.19265789),var(x))",
          "b": "pow(sin(x),var(y))",
          "g": "pow(sin(0.7829123),var(x))"
        }
      },
      {
        "fitness": 0,
        "expressions": {
          "r": "add(0.9850477,0.073783636)",
          "b": "add(0.8434764,y)",
          "g": "add(x,y)"
        }
      },
      {
        "fitness": 0,
        "expressions": {
          "r": "tan(0.5356747)",
          "b": "tan(x)",
          "g": "tan(0.44333446)"
        }
      },
      {
        "fitness": 0,
        "expressions": {
          "r": "div(0.3664534,0.32118005)",
          "b": "div(y,x)",
          "g": "div(y,x)"
        }
      },
      {
        "fitness": 0,
        "expressions": {
          "r": "add(y,y)",
          "b": "add(0.7052926,y)",
          "g": "add(y,y)"
        }
      },
      {
        "fitness": 0,
        "expressions": {
          "r": "cos(y)",
          "b": "cos(x)",
          "g": "cos(y)"
        }
      },
      {
        "fitness": 0,
        "expressions": {
          "r": "aud(0.5802866,max(y,aul(x,y)))",
          "b": "aud(y,max(y,aul(0.35119933,y)))",
          "g": "aud(0.7026853,max(0.5552693,aul(0.5152309,y)))"
        }
      },
      {
        "fitness": 0,
        "expressions": {
          "r": "sin(tan(min(0.07263851,0.44434744)))",
          "b": "sin(tan(min(y,0.86438835)))",
          "g": "sin(tan(min(y,x)))"
        }
      },
      {
        "fitness": 0,
        "expressions": {
          "r": "add(y,y)",
          "b": "add(x,x)",
          "g": "add(y,0.7269146)"
        }
      },
      {
        "fitness": 0,
        "expressions": {
          "r": "add(x,y)",
          "b": "add(y,x)",
          "g": "add(y,y)"
        }
      },
      {
        "fitness": 0,
        "expressions": {
          "r": "sin(y)",
          "b": "sin(0.635931)",
          "g": "sin(y)"
        }
      },
      {
        "fitness": 0,
        "expressions": {
          "r": "cos(pow(pow(y,x),y))",
          "b": "cos(pow(pow(0.120878756,x),y))",
          "g": "cos(pow(pow(y,0.017223358),0.6561139))"
        }
      },
      {
        "fitness": 0,
        "expressions": {
          "r": "add(sin(var(y)),y)",
          "b": "add(sin(var(0.13508499)),y)",
          "g": "add(sin(var(x)),y)"
        }
      },
      {
        "fitness": 0,
        "expressions": {
          "r": "aud(0.8054527,sub(cos(x),0.38155907))",
          "b": "aud(y,sub(cos(y),0.6470713))",
          "g": "aud(y,sub(cos(0.88116395),0.17358166))"
        }
      },
      {
        "fitness": 0,
        "expressions": {
          "r": "add(x,y)",
          "b": "add(x,y)",
          "g": "add(0.0812999,y)"
        }
      }
    ],
    "timestamp": "0h:0m:44s"
  }],
  "timestamp": "2024-07-25-00-00-42"
}