{
  "id": "fo3ppfya-ktr2-h2sv-db2t-a7golm7rzn8w",
  "parameters": {
    "crossoverRate": 0.30000001192092896,
    "eliteSize": 2,
    "tournamentSize": 3,
    "mutationRate": 0.8999999761581421,
    "populationSize": 10
  },
  "populations": [{
    "generation": 0,
    "id": "xe7gqziq-b5bw-cbqb-63gp-5p5nlq7lxvcx",
    "individuals": [
      {
        "fitness": 0,
        "expressions": {
          "r": "cos(0.89122385)",
          "b": "cos(x)",
          "g": "cos(0.7153219)"
        }
      },
      {
        "fitness": 0,
        "expressions": {
          "r": "(0.7904341+x)",
          "b": "(x+y)",
          "g": "(x+x)"
        }
      },
      {
        "fitness": 0,
        "expressions": {
          "r": "(x+y)",
          "b": "(x+0.9678937)",
          "g": "(0.106358886+0.569411)"
        }
      },
      {
        "fitness": 0,
        "expressions": {
          "r": "pow((0.043245435+aul(0.17489469,0.41987854)),aud(var(x),aud(y,0.029506981)))",
          "b": "pow((x+aul(y,0.6022387)),aud(var(0.67298216),aud(0.43480235,y)))",
          "g": "pow((0.19987875+aul(y,0.64205486)),aud(var(0.34919733),aud(x,0.122137606)))"
        }
      },
      {
        "fitness": 0,
        "expressions": {
          "r": "cos(0.9745345)",
          "b": "cos(x)",
          "g": "cos(y)"
        }
      },
      {
        "fitness": 0,
        "expressions": {
          "r": "max(aul(var(y),(x-x)),y)",
          "b": "max(aul(var(x),(x-y)),0.2646101)",
          "g": "max(aul(var(x),(x-y)),y)"
        }
      },
      {
        "fitness": 0,
        "expressions": {
          "r": "aul(tan(aud(0.13695931,x)),aul(aul(x,0.88242745),x))",
          "b": "aul(tan(aud(y,x)),aul(aul(0.8993792,y),x))",
          "g": "aul(tan(aud(x,y)),aul(aul(0.42125416,x),0.67863643))"
        }
      },
      {
        "fitness": 0,
        "expressions": {
          "r": "auh(0.60226303,max(0.88371617,x))",
          "b": "auh(y,max(x,y))",
          "g": "auh(0.94968367,max(y,y))"
        }
      },
      {
        "fitness": 0,
        "expressions": {
          "r": "(0.064572215+y)",
          "b": "(y+0.9040366)",
          "g": "(x+x)"
        }
      },
      {
        "fitness": 0,
        "expressions": {
          "r": "auh(((x+x)-min(0.9597507,0.21027392)),y)",
          "b": "auh(((x+x)-min(y,x)),y)",
          "g": "auh(((x+x)-min(x,x)),y)"
        }
      },
      {
        "fitness": 0,
        "expressions": {
          "r": "(y+x)",
          "b": "(x+x)",
          "g": "(y+0.52289665)"
        }
      },
      {
        "fitness": 0,
        "expressions": {
          "r": "(pow(y,(0.17389548/y))*x)",
          "b": "(pow(x,(0.38543165/x))*0.43175805)",
          "g": "(pow(x,(y/0.7877328))*0.28925693)"
        }
      },
      {
        "fitness": 0,
        "expressions": {
          "r": "aud(max(sin(y),(x-0.9215979)),sin(x))",
          "b": "aud(max(sin(y),(0.007996559-y)),sin(x))",
          "g": "aud(max(sin(x),(0.006493807-x)),sin(0.23461461))"
        }
      },
      {
        "fitness": 0,
        "expressions": {
          "r": "(0.6176208+y)",
          "b": "(0.500436+y)",
          "g": "(y+y)"
        }
      },
      {
        "fitness": 0,
        "expressions": {
          "r": "(0.35591877/var(y))",
          "b": "(0.13936043/var(0.22979736))",
          "g": "(x/var(0.97463465))"
        }
      },
      {
        "fitness": 0,
        "expressions": {
          "r": "(0.98393476+x)",
          "b": "(0.29227835+y)",
          "g": "(x+y)"
        }
      },
      {
        "fitness": 0,
        "expressions": {
          "r": "((aud(x,x)-aul(x,x))*(x/auh(y,x)))",
          "b": "((aud(y,y)-aul(x,y))*(0.6507538/auh(0.8360499,y)))",
          "g": "((aud(x,y)-aul(y,y))*(0.7007566/auh(0.14289737,y)))"
        }
      },
      {
        "fitness": 0,
        "expressions": {
          "r": "sin(0.9279601)",
          "b": "sin(0.9837388)",
          "g": "sin(0.3878535)"
        }
      }
    ],
    "timestamp": "19h:9m:18s"
  }],
  "timestamp": "2024-07-14-19-09-11"
}