{
  "id": "fqgzsh4b-gqho-ts3y-lhlh-3v0yx2wsqqo2",
  "parameters": {
    "crossoverRate": 0.30000001192092896,
    "eliteSize": 2,
    "tournamentSize": 3,
    "mutationRate": 0.8999999761581421,
    "populationSize": 10
  },
  "populations": [
    {
      "generation": 0,
      "id": "bmd02ovu-utsz-rpjl-pv4v-d3cuy3vgmeeu",
      "individuals": [
        {
          "fitness": 0,
          "expressions": {
            "r": "sin(x)",
            "b": "sin(y)",
            "g": "sin(x)"
          }
        },
        {
          "fitness": 0,
          "expressions": {
            "r": "cos(aul(x,0.071772516))",
            "b": "cos(aul(x,y))",
            "g": "cos(aul(x,x))"
          }
        },
        {
          "fitness": 0,
          "expressions": {
            "r": "add(y,0.055292487)",
            "b": "add(0.7719206,x)",
            "g": "add(0.20037335,y)"
          }
        },
        {
          "fitness": 0,
          "expressions": {
            "r": "aud(y,max(0.47595924,auh(x,0.77653867)))",
            "b": "aud(x,max(x,auh(x,x)))",
            "g": "aud(y,max(x,auh(0.787292,y)))"
          }
        },
        {
          "fitness": 0,
          "expressions": {
            "r": "aud(div(tan(0.5944117),x),0.9371109)",
            "b": "aud(div(tan(x),0.28696114),y)",
            "g": "aud(div(tan(x),y),0.7624637)"
          }
        },
        {
          "fitness": 0,
          "expressions": {
            "r": "var(sub(pow(0.2083785,0.8725417),cos(x)))",
            "b": "var(sub(pow(x,0.67430645),cos(0.15726364)))",
            "g": "var(sub(pow(y,0.34445304),cos(0.7697391)))"
          }
        },
        {
          "fitness": 0,
          "expressions": {
            "r": "add(x,y)",
            "b": "add(y,y)",
            "g": "add(y,y)"
          }
        },
        {
          "fitness": 0,
          "expressions": {
            "r": "cos(y)",
            "b": "cos(0.99188286)",
            "g": "cos(y)"
          }
        },
        {
          "fitness": 0,
          "expressions": {
            "r": "sub(sin(0.90244853),aud(y,sub(0.87331706,y)))",
            "b": "sub(sin(x),aud(y,sub(0.3830021,0.90301055)))",
            "g": "sub(sin(y),aud(0.46764117,sub(x,x)))"
          }
        },
        {
          "fitness": 0,
          "expressions": {
            "r": "add(0.23636967,x)",
            "b": "add(0.12288451,0.91573244)",
            "g": "add(0.9734473,x)"
          }
        },
        {
          "fitness": 0,
          "expressions": {
            "r": "sub(tan(max(0.002442956,y)),0.8999816)",
            "b": "sub(tan(max(x,x)),x)",
            "g": "sub(tan(max(y,0.2728073)),0.59696263)"
          }
        },
        {
          "fitness": 0,
          "expressions": {
            "r": "auh(var(y),var(0.03167188))",
            "b": "auh(var(y),var(x))",
            "g": "auh(var(y),var(x))"
          }
        },
        {
          "fitness": 0,
          "expressions": {
            "r": "add(y,y)",
            "b": "add(y,x)",
            "g": "add(y,0.017927349)"
          }
        },
        {
          "fitness": 0,
          "expressions": {
            "r": "pow(0.48018014,0.4689492)",
            "b": "pow(0.86636496,x)",
            "g": "pow(y,x)"
          }
        },
        {
          "fitness": 0,
          "expressions": {
            "r": "add(x,y)",
            "b": "add(x,y)",
            "g": "add(0.14021015,y)"
          }
        },
        {
          "fitness": 0,
          "expressions": {
            "r": "add(0.52223736,y)",
            "b": "add(x,x)",
            "g": "add(y,x)"
          }
        },
        {
          "fitness": 0,
          "expressions": {
            "r": "sub(sub(x,x),x)",
            "b": "sub(sub(x,y),y)",
            "g": "sub(sub(y,0.1829431),y)"
          }
        },
        {
          "fitness": 0,
          "expressions": {
            "r": "min(y,y)",
            "b": "min(0.45547915,0.72083026)",
            "g": "min(y,0.9228911)"
          }
        }
      ],
      "timestamp": "23h:53m:42s"
    },
    {
      "generation": 0,
      "ascendantID": "bmd02ovu-utsz-rpjl-pv4v-d3cuy3vgmeeu",
      "id": "6rqu92o4-lq3z-9xt4-sm30-mpt3k2tmxh6y",
      "individuals": [
        {
          "fitness": 0,
          "expressions": {
            "r": "tan(max(x,x))",
            "b": "tan(max(x,x))",
            "g": "tan(max(x,0.5189007))"
          }
        },
        {
          "fitness": 0,
          "expressions": {
            "r": "aud(0.0859682,0.21697766)",
            "b": "aud(0.3078425,0.051652014)",
            "g": "aud(0.21990842,x)"
          }
        },
        {
          "fitness": 0,
          "expressions": {
            "r": "add(x,x)",
            "b": "add(y,0.72487843)",
            "g": "add(0.83099306,y)"
          }
        },
        {
          "fitness": 0,
          "expressions": {
            "r": "aul(min(mul(sin(div(aud(0.14240098,auh(y,tan(0.85706645))),0.03381622)),x),0.6460964),y)",
            "b": "aul(min(mul(sin(div(aud(y,auh(y,tan(x))),0.72652334)),0.11381096),0.77869964),x)",
            "g": "aul(min(mul(sin(div(aud(x,auh(y,tan(x))),y)),0.78390276),0.6972111),y)"
          }
        },
        {
          "fitness": 0,
          "expressions": {
            "r": "tan(y)",
            "b": "tan(0.98079246)",
            "g": "tan(0.6397893)"
          }
        },
        {
          "fitness": 0,
          "expressions": {
            "r": "max(aul(sin(0.7463465),auh(var(y),0.7362757)),sub(x,var(cos(x))))",
            "b": "max(aul(sin(0.89116985),auh(var(y),x)),sub(0.1771245,var(cos(x))))",
            "g": "max(aul(sin(x),auh(var(0.8543966),x)),sub(x,var(cos(x))))"
          }
        },
        {
          "fitness": 0,
          "expressions": {
            "r": "add(y,y)",
            "b": "add(y,y)",
            "g": "add(0.69118774,x)"
          }
        },
        {
          "fitness": 0,
          "expressions": {
            "r": "sin(var(auh(auh(0.9462442,0.06807017),var(0.94859415))))",
            "b": "sin(var(auh(auh(y,0.4547503),var(x))))",
            "g": "sin(var(auh(auh(0.7787402,0.27812648),var(x))))"
          }
        },
        {
          "fitness": 0,
          "expressions": {
            "r": "max(y,cos(tan(mul(auh(0.39885753,min(y,x)),aud(0.9789836,auh(aul(mul(pow(pow(aud(tan(aud(sub(pow(var(sin(0.12594402)),tan(sin(0.22041231))),y),y)),y),div(y,div(add(0.5094214,cos(y)),0.8347614))),tan(x)),0.038565338),0.0036136508),0.6191987))))))",
            "b": "max(x,cos(tan(mul(auh(x,min(y,x)),aud(y,auh(aul(mul(pow(pow(aud(tan(aud(sub(pow(var(sin(y)),tan(sin(0.15435487))),0.7693398),x)),x),div(y,div(add(y,cos(x)),0.5619689))),tan(y)),0.89705515),0.24149019),0.7524369))))))",
            "g": "max(x,cos(tan(mul(auh(x,min(0.164033,0.8966115)),aud(y,auh(aul(mul(pow(pow(aud(tan(aud(sub(pow(var(sin(y)),tan(sin(x))),x),y)),y),div(0.8273227,div(add(y,cos(0.5268055)),0.4268058))),tan(x)),y),0.043752193),y))))))"
          }
        },
        {
          "fitness": 0,
          "expressions": {
            "r": "sin(div(sub(0.8723962,sin(x)),0.067237794))",
            "b": "sin(div(sub(x,sin(x)),y))",
            "g": "sin(div(sub(0.22177166,sin(y)),x))"
          }
        },
        {
          "fitness": 0,
          "expressions": {
            "r": "var(add(sin(0.33459842),sin(max(sub(y,x),auh(0.09470111,0.33563733)))))",
            "b": "var(add(sin(y),sin(max(sub(0.20556504,y),auh(x,x)))))",
            "g": "var(add(sin(y),sin(max(sub(0.25831372,x),auh(y,0.50793207)))))"
          }
        },
        {
          "fitness": 0,
          "expressions": {
            "r": "aud(var(x),0.37085402)",
            "b": "aud(var(0.6344002),y)",
            "g": "aud(var(0.8287958),0.085066974)"
          }
        },
        {
          "fitness": 0,
          "expressions": {
            "r": "min(aud(tan(cos(y)),min(0.6280947,x)),max(var(0.6335769),y))",
            "b": "min(aud(tan(cos(x)),min(y,y)),max(var(0.8864683),0.903196))",
            "g": "min(aud(tan(cos(x)),min(0.58944905,0.7224857)),max(var(0.5850393),y))"
          }
        },
        {
          "fitness": 0,
          "expressions": {
            "r": "add(y,y)",
            "b": "add(x,y)",
            "g": "add(y,0.044971704)"
          }
        },
        {
          "fitness": 0,
          "expressions": {
            "r": "min(var(x),x)",
            "b": "min(var(x),0.78744775)",
            "g": "min(var(x),x)"
          }
        },
        {
          "fitness": 0,
          "expressions": {
            "r": "div(0.68225276,sin(x))",
            "b": "div(0.48077255,sin(y))",
            "g": "div(x,sin(y))"
          }
        },
        {
          "fitness": 0,
          "expressions": {
            "r": "add(mul(max(y,y),x),x)",
            "b": "add(mul(max(x,y),x),y)",
            "g": "add(mul(max(y,x),x),y)"
          }
        },
        {
          "fitness": 0,
          "expressions": {
            "r": "var(y)",
            "b": "var(x)",
            "g": "var(y)"
          }
        }
      ],
      "timestamp": "23h:53m:45s"
    }
  ],
  "timestamp": "2024-07-24-23-53-38"
}