{
  "id": "frh8m9uf-stkz-tud3-z5jn-8giecuyw332e",
  "parameters": {
    "crossoverRate": 0.30000001192092896,
    "eliteSize": 2,
    "tournamentSize": 3,
    "mutationRate": 0.8999999761581421,
    "populationSize": 10
  },
  "populations": [{
    "generation": 0,
    "id": "3ha5j0a1-52tz-lk4i-9j7d-pv8m6fljm2c2",
    "individuals": [
      {
        "fitness": 0,
        "expressions": {
          "r": "aud(min(x,(y-0.9656376)),x)",
          "b": "aud(min(0.5457271,(0.9708098-0.5550061)),x)",
          "g": "aud(min(0.23754323,(0.5707378-x)),y)"
        }
      },
      {
        "fitness": 0,
        "expressions": {
          "r": "tan(((x-x)-x))",
          "b": "tan(((x-x)-y))",
          "g": "tan(((y-y)-y))"
        }
      },
      {
        "fitness": 0,
        "expressions": {
          "r": "auh(0.07877737,tan(y))",
          "b": "auh(0.045698404,tan(y))",
          "g": "auh(y,tan(0.1392383))"
        }
      },
      {
        "fitness": 0,
        "expressions": {
          "r": "(y+0.310696)",
          "b": "(y+0.9546447)",
          "g": "(x+x)"
        }
      },
      {
        "fitness": 0,
        "expressions": {
          "r": "(0.5895315+y)",
          "b": "(0.35253078+y)",
          "g": "(y+0.31212026)"
        }
      },
      {
        "fitness": 0,
        "expressions": {
          "r": "pow(aul(sin(0.29775453),pow(y,y)),y)",
          "b": "pow(aul(sin(x),pow(x,x)),y)",
          "g": "pow(aul(sin(0.4487645),pow(y,y)),0.041970134)"
        }
      },
      {
        "fitness": 0,
        "expressions": {
          "r": "cos(0.87335587)",
          "b": "cos(0.2762795)",
          "g": "cos(x)"
        }
      },
      {
        "fitness": 0,
        "expressions": {
          "r": "min(y,x)",
          "b": "min(y,x)",
          "g": "min(x,x)"
        }
      },
      {
        "fitness": 0,
        "expressions": {
          "r": "(y-0.5100206)",
          "b": "(y-y)",
          "g": "(x-x)"
        }
      },
      {
        "fitness": 0,
        "expressions": {
          "r": "pow((max(0.30841953,x)*max(x,0.11110443)),x)",
          "b": "pow((max(y,x)*max(0.47113,y)),x)",
          "g": "pow((max(x,0.10863733)*max(0.28709364,0.20608878)),0.6072289)"
        }
      },
      {
        "fitness": 0,
        "expressions": {
          "r": "(0.76798314+x)",
          "b": "(0.1989997+x)",
          "g": "(y+x)"
        }
      },
      {
        "fitness": 0,
        "expressions": {
          "r": "(y/0.4847551)",
          "b": "(x/x)",
          "g": "(y/x)"
        }
      },
      {
        "fitness": 0,
        "expressions": {
          "r": "(x+y)",
          "b": "(y+x)",
          "g": "(x+y)"
        }
      },
      {
        "fitness": 0,
        "expressions": {
          "r": "aul(min(0.61306,0.12771964),(tan(y)*x))",
          "b": "aul(min(y,x),(tan(x)*y))",
          "g": "aul(min(y,x),(tan(0.32035822)*x))"
        }
      },
      {
        "fitness": 0,
        "expressions": {
          "r": "aul((auh(y,x)-0.27009648),0.15486377)",
          "b": "aul((auh(x,y)-y),y)",
          "g": "aul((auh(0.40378332,0.70767975)-x),0.524602)"
        }
      },
      {
        "fitness": 0,
        "expressions": {
          "r": "tan(y)",
          "b": "tan(y)",
          "g": "tan(x)"
        }
      },
      {
        "fitness": 0,
        "expressions": {
          "r": "(x-min(aud(y,x),tan(x)))",
          "b": "(x-min(aud(y,x),tan(y)))",
          "g": "(y-min(aud(x,y),tan(y)))"
        }
      },
      {
        "fitness": 0,
        "expressions": {
          "r": "aud((var(x)+var(y)),var(y))",
          "b": "aud((var(y)+var(y)),var(0.5164901))",
          "g": "aud((var(y)+var(y)),var(0.75975))"
        }
      }
    ],
    "timestamp": "23h:27m:5s"
  }],
  "timestamp": "2024-07-22-23-27-03"
}