{
  "id": "fviexzj2-5qk1-g07m-dm9b-9amq9llfbpny",
  "parameters": {
    "crossoverRate": 0.30000001192092896,
    "eliteSize": 2,
    "tournamentSize": 3,
    "mutationRate": 0.8999999761581421,
    "populationSize": 10
  },
  "populations": [
    {
      "generation": 0,
      "id": "48lxjcnh-myyo-si1g-puuk-a3n3byae25g5",
      "individuals": [
        {
          "fitness": 0,
          "expressions": {
            "r": "(y+0.8299266)",
            "b": "(x+x)",
            "g": "(x+y)"
          }
        },
        {
          "fitness": 0,
          "expressions": {
            "r": "(x+y)",
            "b": "(y+0.5347645)",
            "g": "(0.12283355+y)"
          }
        },
        {
          "fitness": 0,
          "expressions": {
            "r": "sin((x-(0.09796286*x)))",
            "b": "sin((y-(x*y)))",
            "g": "sin((y-(x*0.6180244)))"
          }
        },
        {
          "fitness": 0,
          "expressions": {
            "r": "(0.54648685+x)",
            "b": "(y+x)",
            "g": "(0.39981043+x)"
          }
        },
        {
          "fitness": 0,
          "expressions": {
            "r": "cos(aud(0.95923054,0.9568679))",
            "b": "cos(aud(x,x))",
            "g": "cos(aud(0.65123177,x))"
          }
        },
        {
          "fitness": 0,
          "expressions": {
            "r": "var(0.102154434)",
            "b": "var(y)",
            "g": "var(y)"
          }
        },
        {
          "fitness": 0,
          "expressions": {
            "r": "aud(0.4685728,sin(y))",
            "b": "aud(0.47051954,sin(y))",
            "g": "aud(x,sin(y))"
          }
        },
        {
          "fitness": 0,
          "expressions": {
            "r": "sin(y)",
            "b": "sin(0.48983127)",
            "g": "sin(0.562336)"
          }
        },
        {
          "fitness": 0,
          "expressions": {
            "r": "(0.8204527+0.7419006)",
            "b": "(0.36492097+0.1825642)",
            "g": "(x+x)"
          }
        },
        {
          "fitness": 0,
          "expressions": {
            "r": "pow((tan(y)-x),y)",
            "b": "pow((tan(x)-y),x)",
            "g": "pow((tan(0.9877272)-0.4223147),y)"
          }
        },
        {
          "fitness": 0,
          "expressions": {
            "r": "sin(aul(aud(y,y),x))",
            "b": "sin(aul(aud(x,x),x))",
            "g": "sin(aul(aud(y,0.722262),0.798202))"
          }
        },
        {
          "fitness": 0,
          "expressions": {
            "r": "(pow(auh(0.13584173,y),tan(x))*tan(x))",
            "b": "(pow(auh(x,y),tan(0.28343725))*tan(x))",
            "g": "(pow(auh(x,x),tan(x))*tan(x))"
          }
        },
        {
          "fitness": 0,
          "expressions": {
            "r": "auh(var(y),y)",
            "b": "auh(var(y),0.04298508)",
            "g": "auh(var(y),y)"
          }
        },
        {
          "fitness": 0,
          "expressions": {
            "r": "var(y)",
            "b": "var(x)",
            "g": "var(x)"
          }
        },
        {
          "fitness": 0,
          "expressions": {
            "r": "(y-x)",
            "b": "(y-y)",
            "g": "(0.1288982-x)"
          }
        },
        {
          "fitness": 0,
          "expressions": {
            "r": "var(cos((x*0.42898518)))",
            "b": "var(cos((y*0.099797666)))",
            "g": "var(cos((x*y)))"
          }
        },
        {
          "fitness": 0,
          "expressions": {
            "r": "aul(y,auh(auh(0.14243817,y),tan(y)))",
            "b": "aul(y,auh(auh(0.4881549,x),tan(y)))",
            "g": "aul(x,auh(auh(x,x),tan(x)))"
          }
        },
        {
          "fitness": 0,
          "expressions": {
            "r": "(aud(auh(x,y),min(0.77109843,x))-y)",
            "b": "(aud(auh(x,x),min(x,x))-y)",
            "g": "(aud(auh(x,y),min(0.24039495,x))-0.6310596)"
          }
        }
      ],
      "timestamp": "22h:55m:28s"
    },
    {
      "generation": 1,
      "ascendantID": "48lxjcnh-myyo-si1g-puuk-a3n3byae25g5",
      "id": "c8zbygbi-byyi-abmj-dl7n-gv6jsj2h35yh",
      "individuals": [
        {
          "fitness": 0,
          "expressions": {
            "r": "pow((tan(y)-x),y)",
            "b": "pow((tan(x)-y),x)",
            "g": "pow((tan(0.9877272)-0.4223147),y)"
          }
        },
        {
          "fitness": 0,
          "expressions": {
            "r": "aul((0.6033926+y),sin(y))",
            "b": "aul((0.78848684+y),sin(y))",
            "g": "aul((y+y),sin(y))"
          }
        },
        {
          "fitness": 0,
          "expressions": {
            "r": "(pow(auh(0.13584173,y),tan((y+0.7336158)))*x)",
            "b": "(pow(auh(x,y),tan((y+0.6486089)))*x)",
            "g": "(pow(auh(x,x),tan((x+y)))*x)"
          }
        },
        {
          "fitness": 0,
          "expressions": {
            "r": "((0.422432+0.5583358)+x)",
            "b": "((y+x)+x)",
            "g": "((0.21206939+x)+x)"
          }
        },
        {
          "fitness": 0,
          "expressions": {
            "r": "(0.8204527+var((x+y)))",
            "b": "(0.36492097+var((x+0.5839684)))",
            "g": "(x+var((y+y)))"
          }
        },
        {
          "fitness": 0,
          "expressions": {
            "r": "max((tan((0.568545+y))-(x+0.60430974)),y)",
            "b": "max((tan((0.11832458+0.6906513))-(x+0.17774802)),0.37511104)",
            "g": "max((tan((y+x))-(y+x)),x)"
          }
        },
        {
          "fitness": 0,
          "expressions": {
            "r": "aud(0.4685728,x)",
            "b": "aud(0.47051954,y)",
            "g": "aud(x,y)"
          }
        },
        {
          "fitness": 0,
          "expressions": {
            "r": "(x+(y+x))",
            "b": "(y+(x+0.22650862))",
            "g": "(0.12283355+(x+x))"
          }
        },
        {
          "fitness": 0,
          "expressions": {
            "r": "(0.8204527+0.7419006)",
            "b": "(0.36492097+0.1825642)",
            "g": "(x+x)"
          }
        },
        {
          "fitness": 0,
          "expressions": {
            "r": "sin(aul((y*x),x))",
            "b": "sin(aul((x*y),x))",
            "g": "sin(aul((0.1851039*y),0.798202))"
          }
        },
        {
          "fitness": 0,
          "expressions": {
            "r": "(0.8204527+0.7419006)",
            "b": "(0.36492097+0.1825642)",
            "g": "(x+x)"
          }
        },
        {
          "fitness": 0,
          "expressions": {
            "r": "cos(aud((y+y),(0.023033738+0.5698219)))",
            "b": "cos(aud((0.6801907+y),(y+0.554033)))",
            "g": "cos(aud((0.099841475+y),(y+0.3014676)))"
          }
        },
        {
          "fitness": 0,
          "expressions": {
            "r": "min((var((y+y))-x),(y+0.1705159))",
            "b": "min((var((y+0.067184865))-y),(x+0.6715919))",
            "g": "min((var((x+0.7138109))-0.4223147),(y+0.99505717))"
          }
        },
        {
          "fitness": 0,
          "expressions": {
            "r": "min((tan(y)+x),y)",
            "b": "min((tan(x)+y),x)",
            "g": "min((tan(0.9877272)+0.4223147),y)"
          }
        },
        {
          "fitness": 0,
          "expressions": {
            "r": "(aud((0.20756704+x),0.4762205)+(x+x))",
            "b": "(aud((x+x),y)+(0.032945395+0.27308965))",
            "g": "(aud((x+0.7626048),x)+(x+0.08189911))"
          }
        },
        {
          "fitness": 0,
          "expressions": {
            "r": "(0.8204527+0.7419006)",
            "b": "(0.36492097+0.1825642)",
            "g": "(x+x)"
          }
        },
        {
          "fitness": 0,
          "expressions": {
            "r": "auh((x+0.69285464),x)",
            "b": "auh((x+y),y)",
            "g": "auh((0.99400306+x),y)"
          }
        },
        {
          "fitness": 0,
          "expressions": {
            "r": "aud(0.4685728,sin(y))",
            "b": "aud(0.47051954,sin(y))",
            "g": "aud(x,sin(y))"
          }
        }
      ],
      "timestamp": "22h:55m:45s"
    },
    {
      "generation": 2,
      "ascendantID": "c8zbygbi-byyi-abmj-dl7n-gv6jsj2h35yh",
      "id": "qdgolc72-0bq2-lx61-fjya-i189h8gs51f6",
      "individuals": [
        {
          "fitness": 0,
          "expressions": {
            "r": "pow((tan(y)-x),y)",
            "b": "pow((tan(x)-y),x)",
            "g": "pow((tan(0.9877272)-0.4223147),y)"
          }
        },
        {
          "fitness": 0,
          "expressions": {
            "r": "pow((var((0.83736455+y))+(y+0.19784278)),(tan(aul(x,0.6679135))-sin(sin(y))))",
            "b": "pow((var((y+0.97338814))+(0.60825545+x)),(tan(aul(0.32893556,0.5246231))-sin(sin(0.21532005))))",
            "g": "pow((var((y+y))+(0.60938233+0.68635833)),(tan(aul(y,x))-sin(sin(0.29968143))))"
          }
        },
        {
          "fitness": 0,
          "expressions": {
            "r": "(pow(auh((x+x),y),var((y+0.7336158)))*x)",
            "b": "(pow(auh((x+0.9042955),y),var((y+0.6486089)))*x)",
            "g": "(pow(auh((y+y),x),var((x+y)))*x)"
          }
        },
        {
          "fitness": 0,
          "expressions": {
            "r": "((aul(x,x)+y)+aud((x-(y+0.106616735)),y))",
            "b": "((aul(x,x)+x)+aud((x-(y+x)),y))",
            "g": "((aul(0.45379096,0.3850615)+0.06760579)+aud((y-(y+x)),y))"
          }
        },
        {
          "fitness": 0,
          "expressions": {
            "r": "(pow(auh((x+0.92432034),y),tan((y+0.7336158)))*pow(y,((0.7499893*x)+max(x,0.28872246))))",
            "b": "(pow(auh((y+y),y),tan((y+0.6486089)))*pow(y,((0.07860625*y)+max(0.7997353,0.510041))))",
            "g": "(pow(auh((0.20912057+y),x),tan((x+y)))*pow(y,((0.12145132*x)+max(y,y))))"
          }
        },
        {
          "fitness": 0,
          "expressions": {
            "r": "pow((var((0.568545+y))*(aud(0.71945,x)+0.60430974)),y)",
            "b": "pow((var((0.11832458+0.6906513))*(aud(0.47051954,y)+0.17774802)),0.37511104)",
            "g": "pow((var((y+x))*(aud(x,y)+x)),x)"
          }
        },
        {
          "fitness": 0,
          "expressions": {
            "r": "(aud((y+y),(0.023033738+0.5698219))+(x+x))",
            "b": "(aud((0.6801907+y),(y+0.554033))+(0.032945395+0.27308965))",
            "g": "(aud((0.099841475+y),(y+0.3014676))+(x+0.08189911))"
          }
        },
        {
          "fitness": 0,
          "expressions": {
            "r": "((x+x)+((0.06821233+0.6789549)+x))",
            "b": "((x+y)+((y+y)+0.22650862))",
            "g": "((y+x)+((x+0.9199535)+x))"
          }
        },
        {
          "fitness": 0,
          "expressions": {
            "r": "pow((cos((0.434992+y))-(x+0.60430974)),(y+x))",
            "b": "pow((cos((0.11832458+0.6906513))-(x+0.17774802)),(x+x))",
            "g": "pow((cos((y+x))-(y+x)),(y+x))"
          }
        },
        {
          "fitness": 0,
          "expressions": {
            "r": "min((tan((0.0+y))+x),y)",
            "b": "min((tan((0.0+y))+y),x)",
            "g": "min((tan((0.0+y))+0.4223147),y)"
          }
        },
        {
          "fitness": 0,
          "expressions": {
            "r": "(0.8204527+0.7419006)",
            "b": "(0.36492097+0.1825642)",
            "g": "(x+x)"
          }
        },
        {
          "fitness": 0,
          "expressions": {
            "r": "(0.8204527+0.7419006)",
            "b": "(0.36492097+0.1825642)",
            "g": "(x+x)"
          }
        },
        {
          "fitness": 0,
          "expressions": {
            "r": "pow((max(y,(y+0.9441313))/aud(max(0.93504363,0.61067265),x)),y)",
            "b": "pow((max(x,(0.5719562+0.26814437))/aud(max(y,x),y)),x)",
            "g": "pow((max(0.8904553,(y+y))/aud(max(x,y),0.35344702)),y)"
          }
        },
        {
          "fitness": 0,
          "expressions": {
            "r": "aud(0.4685728,sin((y+x)))",
            "b": "aud(0.47051954,sin((y+y)))",
            "g": "aud(x,sin((0.7081749+y)))"
          }
        },
        {
          "fitness": 0,
          "expressions": {
            "r": "((x+y)+((y+x)+x))",
            "b": "((x+y)+((y+0.605302)+0.22650862))",
            "g": "((0.5068311+0.7425458)+((y+x)+x))"
          }
        },
        {
          "fitness": 0,
          "expressions": {
            "r": "(x+(x+x))",
            "b": "(x+(x+x))",
            "g": "(0.049835622+(x+0.29790598))"
          }
        },
        {
          "fitness": 0,
          "expressions": {
            "r": "cos(aul((y+y),((x+x)+0.5698219)))",
            "b": "cos(aul((0.6801907+y),((y+0.13120025)+0.554033)))",
            "g": "cos(aul((0.099841475+y),((y+x)+0.3014676)))"
          }
        },
        {
          "fitness": 0,
          "expressions": {
            "r": "((pow(0.36860436,(0.73049265+0.0))+y)+0.7419006)",
            "b": "((pow(y,(0.9261623+0.0))+y)+0.1825642)",
            "g": "((pow(y,(y+0.0))+0.06853527)+x)"
          }
        }
      ],
      "timestamp": "22h:55m:52s"
    }
  ],
  "timestamp": "2024-07-03-22-55-23"
}