{
  "id": "g4zxerbs-yyxv-6eh4-zlyx-tes7le4jc3ll",
  "parameters": {
    "crossoverRate": 0.30000001192092896,
    "eliteSize": 2,
    "tournamentSize": 3,
    "mutationRate": 0.8999999761581421,
    "populationSize": 10
  },
  "populations": [{
    "generation": 0,
    "id": "dmlibckg-9and-xnsf-2sbu-2et5lg2cuqvn",
    "individuals": [
      {
        "fitness": 0,
        "expressions": {
          "r": "max(((x+x)+(x+y)),max((x*y),var(y)))",
          "b": "max(((y+x)+(x+x)),max((y*0.6913197),var(x)))",
          "g": "max(((0.5291725+y)+(0.22464609+x)),max((x*0.3226592),var(x)))"
        }
      },
      {
        "fitness": 0,
        "expressions": {
          "r": "(0.070364535+0.42401576)",
          "b": "(0.2388112+y)",
          "g": "(0.17305452+y)"
        }
      },
      {
        "fitness": 0,
        "expressions": {
          "r": "min(y,(max(x,x)+y))",
          "b": "min(0.18760443,(max(y,x)+x))",
          "g": "min(x,(max(0.19372112,0.2886781)+0.8136154))"
        }
      },
      {
        "fitness": 0,
        "expressions": {
          "r": "(x+x)",
          "b": "(x+0.7364761)",
          "g": "(0.9078675+y)"
        }
      },
      {
        "fitness": 0,
        "expressions": {
          "r": "(x+x)",
          "b": "(y+y)",
          "g": "(y+0.17968386)"
        }
      },
      {
        "fitness": 0,
        "expressions": {
          "r": "aud(y,sin(0.15235054))",
          "b": "aud(0.20737606,sin(0.98502606))",
          "g": "aud(x,sin(0.58708316))"
        }
      },
      {
        "fitness": 0,
        "expressions": {
          "r": "(y+x)",
          "b": "(x+0.6971226)",
          "g": "(y+0.003968239)"
        }
      },
      {
        "fitness": 0,
        "expressions": {
          "r": "(x+x)",
          "b": "(0.5653276+x)",
          "g": "(0.0029602647+0.512293)"
        }
      },
      {
        "fitness": 0,
        "expressions": {
          "r": "(0.33443892+0.049731374)",
          "b": "(y+0.20498872)",
          "g": "(0.869773+x)"
        }
      },
      {
        "fitness": 0,
        "expressions": {
          "r": "pow(x,0.44178128)",
          "b": "pow(x,y)",
          "g": "pow(x,y)"
        }
      },
      {
        "fitness": 0,
        "expressions": {
          "r": "(y+y)",
          "b": "(0.5981317+y)",
          "g": "(y+y)"
        }
      },
      {
        "fitness": 0,
        "expressions": {
          "r": "pow(0.433394,max(pow(x,x),y))",
          "b": "pow(y,max(pow(x,x),y))",
          "g": "pow(0.25698388,max(pow(0.7124162,y),0.42188287))"
        }
      },
      {
        "fitness": 0,
        "expressions": {
          "r": "(cos(0.89139783)/y)",
          "b": "(cos(0.11231446)/0.7952099)",
          "g": "(cos(0.55117893)/0.829407)"
        }
      },
      {
        "fitness": 0,
        "expressions": {
          "r": "(x-(sin(y)-0.4324243))",
          "b": "(0.8948409-(sin(x)-y))",
          "g": "(x-(sin(x)-0.5850089))"
        }
      },
      {
        "fitness": 0,
        "expressions": {
          "r": "aul(((0.17857379+0.95785743)-tan(x)),y)",
          "b": "aul(((x+y)-tan(y)),0.005963266)",
          "g": "aul(((y+x)-tan(0.12603235)),0.31753725)"
        }
      },
      {
        "fitness": 0,
        "expressions": {
          "r": "(x+x)",
          "b": "(y+0.6556946)",
          "g": "(x+0.65584606)"
        }
      },
      {
        "fitness": 0,
        "expressions": {
          "r": "min(x,y)",
          "b": "min(0.98619103,x)",
          "g": "min(0.21239072,y)"
        }
      },
      {
        "fitness": 0,
        "expressions": {
          "r": "min(y,y)",
          "b": "min(y,y)",
          "g": "min(y,y)"
        }
      }
    ],
    "timestamp": "18h:2m:14s"
  }],
  "timestamp": "2024-07-04-18-02-12"
}