{
  "id": "g65ygxii-rvwt-xtmi-enxw-a1fd5wvo1lyg",
  "parameters": {
    "crossoverRate": 0.30000001192092896,
    "eliteSize": 2,
    "tournamentSize": 3,
    "mutationRate": 0.8999999761581421,
    "populationSize": 10
  },
  "populations": [{
    "generation": 0,
    "id": "tnfnu799-s4x4-haer-h4za-jvxwnl8svmxx",
    "individuals": [
      {
        "fitness": 0,
        "expressions": {
          "r": "(0.39473283+y)",
          "b": "(0.23642707+0.51440084)",
          "g": "(y+y)"
        }
      },
      {
        "fitness": 0,
        "expressions": {
          "r": "(x+0.6875147)",
          "b": "(x+0.30121619)",
          "g": "(0.17588925+0.15532601)"
        }
      },
      {
        "fitness": 0,
        "expressions": {
          "r": "(y+0.7567887)",
          "b": "(x+x)",
          "g": "(x+x)"
        }
      },
      {
        "fitness": 0,
        "expressions": {
          "r": "auh(x,x)",
          "b": "auh(x,0.6515472)",
          "g": "auh(x,0.660838)"
        }
      },
      {
        "fitness": 0,
        "expressions": {
          "r": "aul(min(x,0.32249665),max(sin(0.6298068),0.74772906))",
          "b": "aul(min(x,x),max(sin(0.299079),0.015724719))",
          "g": "aul(min(0.36959517,0.91252005),max(sin(0.14121902),y))"
        }
      },
      {
        "fitness": 0,
        "expressions": {
          "r": "tan(min(y,y))",
          "b": "tan(min(y,y))",
          "g": "tan(min(0.044428647,0.11855221))"
        }
      },
      {
        "fitness": 0,
        "expressions": {
          "r": "(var(tan(x))/pow(aul(0.025580406,0.30403715),y))",
          "b": "(var(tan(y))/pow(aul(0.86756855,0.9033662),y))",
          "g": "(var(tan(x))/pow(aul(x,x),0.21494079))"
        }
      },
      {
        "fitness": 0,
        "expressions": {
          "r": "max(max(cos(x),0.6786985),aul(0.01912576,0.17882377))",
          "b": "max(max(cos(0.6801764),0.5833776),aul(y,0.7096154))",
          "g": "max(max(cos(y),x),aul(0.39167672,0.83516014))"
        }
      },
      {
        "fitness": 0,
        "expressions": {
          "r": "cos(x)",
          "b": "cos(x)",
          "g": "cos(x)"
        }
      },
      {
        "fitness": 0,
        "expressions": {
          "r": "cos(0.84957343)",
          "b": "cos(0.8773894)",
          "g": "cos(0.49272877)"
        }
      },
      {
        "fitness": 0,
        "expressions": {
          "r": "var(0.9691433)",
          "b": "var(0.39919335)",
          "g": "var(y)"
        }
      },
      {
        "fitness": 0,
        "expressions": {
          "r": "(y+y)",
          "b": "(x+x)",
          "g": "(0.7404844+y)"
        }
      },
      {
        "fitness": 0,
        "expressions": {
          "r": "(y+y)",
          "b": "(x+y)",
          "g": "(x+x)"
        }
      },
      {
        "fitness": 0,
        "expressions": {
          "r": "max(x,0.33732533)",
          "b": "max(y,y)",
          "g": "max(0.9687996,x)"
        }
      },
      {
        "fitness": 0,
        "expressions": {
          "r": "tan((0.107816756-0.952755))",
          "b": "tan((0.68575394-0.15737611))",
          "g": "tan((y-y))"
        }
      },
      {
        "fitness": 0,
        "expressions": {
          "r": "auh(tan((x/x)),aul(0.14714241,0.70580417))",
          "b": "auh(tan((0.9521413/x)),aul(x,y))",
          "g": "auh(tan((0.8210054/0.94943637)),aul(x,x))"
        }
      },
      {
        "fitness": 0,
        "expressions": {
          "r": "(var(min(x,y))*0.2557109)",
          "b": "(var(min(x,x))*x)",
          "g": "(var(min(x,0.37491792))*y)"
        }
      },
      {
        "fitness": 0,
        "expressions": {
          "r": "aud((0.7925908/x),var(cos(x)))",
          "b": "aud((y/x),var(cos(0.6860497)))",
          "g": "aud((x/y),var(cos(y)))"
        }
      }
    ],
    "timestamp": "17h:19m:35s"
  }],
  "timestamp": "2024-07-04-17-19-32"
}