{
  "id": "g6fw5orc-0qli-kosu-qy7d-w9pqjl4oua2h",
  "parameters": {
    "crossoverRate": 0.30000001192092896,
    "eliteSize": 2,
    "tournamentSize": 3,
    "mutationRate": 0.8999999761581421,
    "populationSize": 10
  },
  "populations": [
    {
      "generation": 0,
      "id": "stf0alz6-k4s4-eczv-zzdf-avi987vn5cnw",
      "individuals": [
        {
          "fitness": 0,
          "expressions": {
            "r": "(0.4982611/y)",
            "b": "(0.05695027/y)",
            "g": "(0.62750334/x)"
          }
        },
        {
          "fitness": 0,
          "expressions": {
            "r": "min(0.68008053,0.76992863)",
            "b": "min(y,0.92742884)",
            "g": "min(y,x)"
          }
        },
        {
          "fitness": 0,
          "expressions": {
            "r": "(y+0.5402731)",
            "b": "(0.7842561+x)",
            "g": "(x+y)"
          }
        },
        {
          "fitness": 0,
          "expressions": {
            "r": "(x+x)",
            "b": "(0.28769696+y)",
            "g": "(0.38337886+x)"
          }
        },
        {
          "fitness": 0,
          "expressions": {
            "r": "var(y)",
            "b": "var(0.53069955)",
            "g": "var(0.2585079)"
          }
        },
        {
          "fitness": 0,
          "expressions": {
            "r": "(0.8380319+y)",
            "b": "(y+x)",
            "g": "(y+y)"
          }
        },
        {
          "fitness": 0,
          "expressions": {
            "r": "(y+0.6201959)",
            "b": "(x+0.45372212)",
            "g": "(x+y)"
          }
        },
        {
          "fitness": 0,
          "expressions": {
            "r": "(y+0.96632373)",
            "b": "(y+x)",
            "g": "(y+0.044806838)"
          }
        },
        {
          "fitness": 0,
          "expressions": {
            "r": "(0.9916876+0.07542604)",
            "b": "(y+x)",
            "g": "(y+0.40178937)"
          }
        },
        {
          "fitness": 0,
          "expressions": {
            "r": "(y/cos(auh(x,0.6567927)))",
            "b": "(x/cos(auh(x,0.23008794)))",
            "g": "(x/cos(auh(y,x)))"
          }
        },
        {
          "fitness": 0,
          "expressions": {
            "r": "(0.3811832+y)",
            "b": "(y+0.48264098)",
            "g": "(y+0.44041997)"
          }
        },
        {
          "fitness": 0,
          "expressions": {
            "r": "(y-(y/(0.88791096*y)))",
            "b": "(y-(x/(y*0.9700454)))",
            "g": "(0.6433593-(y/(y*y)))"
          }
        },
        {
          "fitness": 0,
          "expressions": {
            "r": "cos(y)",
            "b": "cos(0.33982068)",
            "g": "cos(0.5661285)"
          }
        },
        {
          "fitness": 0,
          "expressions": {
            "r": "cos(0.5013469)",
            "b": "cos(0.5475789)",
            "g": "cos(0.21826029)"
          }
        },
        {
          "fitness": 0,
          "expressions": {
            "r": "aud(x,((y-y)*cos(0.058274925)))",
            "b": "aud(0.3492669,((0.24037278-0.5995971)*cos(y)))",
            "g": "aud(y,((0.4187563-y)*cos(0.47775525)))"
          }
        },
        {
          "fitness": 0,
          "expressions": {
            "r": "(y+0.01101011)",
            "b": "(y+x)",
            "g": "(x+0.75179976)"
          }
        },
        {
          "fitness": 0,
          "expressions": {
            "r": "(0.412174+0.7912068)",
            "b": "(x+y)",
            "g": "(x+x)"
          }
        },
        {
          "fitness": 0,
          "expressions": {
            "r": "aul(0.43673104,(0.5947305+aul(y,y)))",
            "b": "aul(x,(y+aul(0.48704052,0.7315453)))",
            "g": "aul(0.6500253,(x+aul(x,y)))"
          }
        }
      ],
      "timestamp": "23h:25m:41s"
    },
    {
      "generation": 1,
      "ascendantID": "stf0alz6-k4s4-eczv-zzdf-avi987vn5cnw",
      "id": "j3i7lp3x-d9wg-ipvp-ajlr-bkmjyamteq46",
      "individuals": [
        {
          "fitness": 0,
          "expressions": {
            "r": "(0.4982611/y)",
            "b": "(0.05695027/y)",
            "g": "(0.62750334/x)"
          }
        },
        {
          "fitness": 0,
          "expressions": {
            "r": "(y+0.00517492)",
            "b": "(y+x)",
            "g": "(x+0.75179976)"
          }
        },
        {
          "fitness": 0,
          "expressions": {
            "r": "pow(0.68008053,0.122826755)",
            "b": "pow(y,x)",
            "g": "pow(y,y)"
          }
        },
        {
          "fitness": 0,
          "expressions": {
            "r": "(0.59182763+0.96632373)",
            "b": "(x+x)",
            "g": "(x+0.044806838)"
          }
        },
        {
          "fitness": 0,
          "expressions": {
            "r": "(y+0.5402731)",
            "b": "(0.7842561+x)",
            "g": "(x+y)"
          }
        },
        {
          "fitness": 0,
          "expressions": {
            "r": "aud(x,((y-y)/cos(0.058274925)))",
            "b": "aud(0.19667284,((0.24037278-0.6963339)/cos(y)))",
            "g": "aud(y,((0.4187563-y)/cos(0.5344595)))"
          }
        },
        {
          "fitness": 0,
          "expressions": {
            "r": "(y+0.6201959)",
            "b": "(x+0.45372212)",
            "g": "(x+y)"
          }
        },
        {
          "fitness": 0,
          "expressions": {
            "r": "(y-(y/(0.88791096*y)))",
            "b": "(y-(x/(y*0.9700454)))",
            "g": "(0.6433593-(y/(y*y)))"
          }
        },
        {
          "fitness": 0,
          "expressions": {
            "r": "(y+0.5402731)",
            "b": "(0.8607999+x)",
            "g": "(x+y)"
          }
        },
        {
          "fitness": 0,
          "expressions": {
            "r": "(0.8380319+y)",
            "b": "(y+x)",
            "g": "(y+y)"
          }
        },
        {
          "fitness": 0,
          "expressions": {
            "r": "(x+0.6201959)",
            "b": "(0.6173104+0.45372212)",
            "g": "(x+y)"
          }
        },
        {
          "fitness": 0,
          "expressions": {
            "r": "(y+0.5402731)",
            "b": "(0.7842561+x)",
            "g": "(x+y)"
          }
        },
        {
          "fitness": 0,
          "expressions": {
            "r": "(y+0.96632373)",
            "b": "(y+x)",
            "g": "(y+0.044806838)"
          }
        },
        {
          "fitness": 0,
          "expressions": {
            "r": "(y+(x+0.5402731))",
            "b": "(0.7842561+(y+x))",
            "g": "(x+(y+y))"
          }
        },
        {
          "fitness": 0,
          "expressions": {
            "r": "aud(x,(((0.412174+0.7912068)-y)*sin(0.058274925)))",
            "b": "aud(0.3492669,(((x+y)-0.6639642)*sin(y)))",
            "g": "aud(y,(((x+x)-y)*sin(0.47775525)))"
          }
        },
        {
          "fitness": 0,
          "expressions": {
            "r": "(y+0.5402731)",
            "b": "(0.7842561+x)",
            "g": "(x+y)"
          }
        },
        {
          "fitness": 0,
          "expressions": {
            "r": "cos(y)",
            "b": "cos(0.33982068)",
            "g": "cos(0.5661285)"
          }
        },
        {
          "fitness": 0,
          "expressions": {
            "r": "(y-(y/(0.88791096*0.07542604)))",
            "b": "(y-(x/(y*x)))",
            "g": "(0.6433593-(y/(y*0.40178937)))"
          }
        }
      ],
      "timestamp": "23h:25m:42s"
    },
    {
      "generation": 2,
      "ascendantID": "j3i7lp3x-d9wg-ipvp-ajlr-bkmjyamteq46",
      "id": "js0tct92-f7o9-pog2-vpfp-9u1loryuoi8g",
      "individuals": [
        {
          "fitness": 0,
          "expressions": {
            "r": "(0.4982611/y)",
            "b": "(0.05695027/y)",
            "g": "(0.62750334/x)"
          }
        },
        {
          "fitness": 0,
          "expressions": {
            "r": "(y+y)",
            "b": "(y+x)",
            "g": "(y+y)"
          }
        },
        {
          "fitness": 0,
          "expressions": {
            "r": "(x+0.6201959)",
            "b": "(x+0.45372212)",
            "g": "(y+y)"
          }
        },
        {
          "fitness": 0,
          "expressions": {
            "r": "(y-0.5402731)",
            "b": "(0.77470833-x)",
            "g": "(x-y)"
          }
        },
        {
          "fitness": 0,
          "expressions": {
            "r": "(y+sin(0.71061105))",
            "b": "(x+sin(y))",
            "g": "(x+sin(y))"
          }
        },
        {
          "fitness": 0,
          "expressions": {
            "r": "(0.9065937+y)",
            "b": "(y+x)",
            "g": "(y+y)"
          }
        },
        {
          "fitness": 0,
          "expressions": {
            "r": "(y+(0.412174+x))",
            "b": "(y+(x+y))",
            "g": "(x+(x+x))"
          }
        },
        {
          "fitness": 0,
          "expressions": {
            "r": "pow(0.68008053,0.122826755)",
            "b": "pow(y,x)",
            "g": "pow(y,y)"
          }
        },
        {
          "fitness": 0,
          "expressions": {
            "r": "aul(x,(max(0.65325075,min(0.0,0.0))-sin(0.058274925)))",
            "b": "aul(0.3492669,(max(0.45136696,min(0.0,0.0))-sin(y)))",
            "g": "aul(y,(max(y,min(0.0,0.0))-sin(0.47775525)))"
          }
        },
        {
          "fitness": 0,
          "expressions": {
            "r": "pow(0.68008053,0.122826755)",
            "b": "pow(y,x)",
            "g": "pow(y,x)"
          }
        },
        {
          "fitness": 0,
          "expressions": {
            "r": "(y+(x+sin(max(0.0,0.8208586))))",
            "b": "(0.7842561+(y+sin(max(0.0,y))))",
            "g": "(x+(y+sin(max(0.0,0.16415513))))"
          }
        },
        {
          "fitness": 0,
          "expressions": {
            "r": "(y-(y/(0.88791096*0.07542604)))",
            "b": "(y-(x/(y*x)))",
            "g": "(0.526821-(y/(y*0.40178937)))"
          }
        },
        {
          "fitness": 0,
          "expressions": {
            "r": "(y+0.5402731)",
            "b": "(0.8653232+x)",
            "g": "(x+y)"
          }
        },
        {
          "fitness": 0,
          "expressions": {
            "r": "(y+0.96632373)",
            "b": "(y+x)",
            "g": "(y+0.044806838)"
          }
        },
        {
          "fitness": 0,
          "expressions": {
            "r": "(0.59182763+0.4982611)",
            "b": "(x+0.05695027)",
            "g": "(x+0.62750334)"
          }
        },
        {
          "fitness": 0,
          "expressions": {
            "r": "(0.59182763+0.96632373)",
            "b": "(x+x)",
            "g": "(x+0.044806838)"
          }
        },
        {
          "fitness": 0,
          "expressions": {
            "r": "(y-(y+0.62267053))",
            "b": "(y-(0.8607999+x))",
            "g": "(0.6433593-(x+y))"
          }
        },
        {
          "fitness": 0,
          "expressions": {
            "r": "(y+0.96632373)",
            "b": "(y+x)",
            "g": "(y+0.091399916)"
          }
        }
      ],
      "timestamp": "23h:25m:43s"
    },
    {
      "generation": 3,
      "ascendantID": "js0tct92-f7o9-pog2-vpfp-9u1loryuoi8g",
      "id": "4h1ig4v3-yvp4-gxsr-89zd-ko8xsr3uc1w9",
      "individuals": [
        {
          "fitness": 0,
          "expressions": {
            "r": "(0.4982611/y)",
            "b": "(0.05695027/y)",
            "g": "(0.62750334/x)"
          }
        },
        {
          "fitness": 0,
          "expressions": {
            "r": "pow(0.68008053,0.122826755)",
            "b": "pow(y,x)",
            "g": "pow(y,x)"
          }
        },
        {
          "fitness": 0,
          "expressions": {
            "r": "(y-(y/(0.88791096*0.2154476)))",
            "b": "(y-(x/(y*x)))",
            "g": "(0.526821-(y/(y*0.2718457)))"
          }
        },
        {
          "fitness": 0,
          "expressions": {
            "r": "(y+0.5402731)",
            "b": "(0.77470833+x)",
            "g": "(x+y)"
          }
        },
        {
          "fitness": 0,
          "expressions": {
            "r": "aul(x,(max(0.65325075,min(0.24231699,0.0))-sin(0.058274925)))",
            "b": "aul(0.0963382,(max(0.45136696,min(0.0,0.0))-sin(y)))",
            "g": "aul(y,(max(y,min(0.0,0.0))-sin(0.47775525)))"
          }
        },
        {
          "fitness": 0,
          "expressions": {
            "r": "(var((tan(0.89698434)-min(y,0.46208954)))+0.96632373)",
            "b": "(var((tan(y)-min(0.7453748,x)))+x)",
            "g": "(var((tan(x)-min(y,y)))+0.091399916)"
          }
        },
        {
          "fitness": 0,
          "expressions": {
            "r": "pow(0.68008053,0.122826755)",
            "b": "pow(y,x)",
            "g": "pow(y,x)"
          }
        },
        {
          "fitness": 0,
          "expressions": {
            "r": "(y-(y/(0.88791096*0.90171194)))",
            "b": "(y-(x/(y*y)))",
            "g": "(0.526821-(y/(y*y)))"
          }
        },
        {
          "fitness": 0,
          "expressions": {
            "r": "(0.59182763+0.4982611)",
            "b": "(x+0.05695027)",
            "g": "(x+0.46441638)"
          }
        },
        {
          "fitness": 0,
          "expressions": {
            "r": "(0.59182763+0.4982611)",
            "b": "(x+0.05695027)",
            "g": "(x+0.8436407)"
          }
        },
        {
          "fitness": 0,
          "expressions": {
            "r": "(y+(x+sin(max(0.0,0.8208586))))",
            "b": "(0.7842561+(y+sin(max(0.0,y))))",
            "g": "(x+(y+sin(max(0.0,0.16415513))))"
          }
        },
        {
          "fitness": 0,
          "expressions": {
            "r": "pow(0.68008053,0.122826755)",
            "b": "pow(y,x)",
            "g": "pow(y,x)"
          }
        },
        {
          "fitness": 0,
          "expressions": {
            "r": "(0.122826755*(var(aul(y,0.0))/(0.88791096-0.07542604)))",
            "b": "(x*(var(aul(x,0.0))/(y-x)))",
            "g": "(y*(var(aul(y,0.0))/(y-0.40178937)))"
          }
        },
        {
          "fitness": 0,
          "expressions": {
            "r": "((y+min(pow(0.4953078,0.49490064),max(y,x)))-0.6201959)",
            "b": "((y+min(pow(0.29443306,y),max(y,x)))-0.45372212)",
            "g": "((y+min(pow(x,y),max(x,x)))-y)"
          }
        },
        {
          "fitness": 0,
          "expressions": {
            "r": "(0.2202856/0.798757)",
            "b": "(0.05695027/x)",
            "g": "(0.62750334/0.35440332)"
          }
        },
        {
          "fitness": 0,
          "expressions": {
            "r": "(y+sin(0.6230538))",
            "b": "(x+sin(y))",
            "g": "(x+sin(y))"
          }
        },
        {
          "fitness": 0,
          "expressions": {
            "r": "(x-y)",
            "b": "(y-0.8992621)",
            "g": "(y-y)"
          }
        },
        {
          "fitness": 0,
          "expressions": {
            "r": "(y+y)",
            "b": "(y+x)",
            "g": "(y+y)"
          }
        }
      ],
      "timestamp": "23h:25m:44s"
    },
    {
      "generation": 4,
      "ascendantID": "4h1ig4v3-yvp4-gxsr-89zd-ko8xsr3uc1w9",
      "id": "jsr8ukh9-k794-8jiv-8qnh-8hgqfwunqgsk",
      "individuals": [
        {
          "fitness": 0,
          "expressions": {
            "r": "(0.4982611/y)",
            "b": "(0.05695027/y)",
            "g": "(0.62750334/x)"
          }
        },
        {
          "fitness": 0,
          "expressions": {
            "r": "(y+(x+sin(max(0.0,0.8208586))))",
            "b": "(0.7842561+(y+sin(max(0.07152991,y))))",
            "g": "(x+(y+sin(max(0.0,0.16415513))))"
          }
        },
        {
          "fitness": 0,
          "expressions": {
            "r": "(0.59182763+0.4982611)",
            "b": "(x+0.05695027)",
            "g": "(x+0.46441638)"
          }
        },
        {
          "fitness": 0,
          "expressions": {
            "r": "(y+0.5402731)",
            "b": "(0.77470833+x)",
            "g": "(x+y)"
          }
        },
        {
          "fitness": 0,
          "expressions": {
            "r": "sin(0.4982611)",
            "b": "sin(0.05695027)",
            "g": "sin(0.62750334)"
          }
        },
        {
          "fitness": 0,
          "expressions": {
            "r": "(0.4329215/y)",
            "b": "(0.05695027/0.37253737)",
            "g": "(0.62750334/y)"
          }
        },
        {
          "fitness": 0,
          "expressions": {
            "r": "(y+sin(0.6230538))",
            "b": "(x+sin(x))",
            "g": "(x+sin(y))"
          }
        },
        {
          "fitness": 0,
          "expressions": {
            "r": "((y+min(pow(0.4953078,0.68008053),max(y,x)))-0.6201959)",
            "b": "((y+min(pow(0.29443306,y),max(y,x)))-0.45372212)",
            "g": "((y+min(pow(x,y),max(x,x)))-y)"
          }
        },
        {
          "fitness": 0,
          "expressions": {
            "r": "(x-(x+sin(max(0.0,0.84501046))))",
            "b": "(y-(y+sin(max(0.0,y))))",
            "g": "(y-(y+sin(max(0.0,0.16415513))))"
          }
        },
        {
          "fitness": 0,
          "expressions": {
            "r": "sin(0.4982611)",
            "b": "sin(0.05695027)",
            "g": "sin(0.76333475)"
          }
        },
        {
          "fitness": 0,
          "expressions": {
            "r": "(0.27990478-y)",
            "b": "(0.11935061-0.60432553)",
            "g": "(y-y)"
          }
        },
        {
          "fitness": 0,
          "expressions": {
            "r": "pow((0.88791096*0.90171194),0.122826755)",
            "b": "pow((y*y),x)",
            "g": "pow((y*y),x)"
          }
        },
        {
          "fitness": 0,
          "expressions": {
            "r": "((y+pow(pow(0.0,0.49490064),max(y,x)))+0.6201959)",
            "b": "((y+pow(pow(0.0,y),max(y,x)))+0.45372212)",
            "g": "((y+pow(pow(0.0,y),max(x,x)))+y)"
          }
        },
        {
          "fitness": 0,
          "expressions": {
            "r": "(x+y)",
            "b": "(y+0.8992621)",
            "g": "(y+y)"
          }
        },
        {
          "fitness": 0,
          "expressions": {
            "r": "(y+(var(pow(x,y))-aul(0.20552891,x)))",
            "b": "(x+(var(pow(y,0.17679566))-aul(0.12037808,0.5120124)))",
            "g": "(0.83744484+(var(pow(y,0.8346543))-aul(y,0.26835054)))"
          }
        },
        {
          "fitness": 0,
          "expressions": {
            "r": "(y+y)",
            "b": "(x+0.76842284)",
            "g": "(0.88192046+y)"
          }
        },
        {
          "fitness": 0,
          "expressions": {
            "r": "(y+0.49490064)",
            "b": "(y+y)",
            "g": "(y+y)"
          }
        },
        {
          "fitness": 0,
          "expressions": {
            "r": "(x-0.97574353)",
            "b": "(y-y)",
            "g": "(y-y)"
          }
        }
      ],
      "timestamp": "23h:25m:45s"
    }
  ],
  "timestamp": "2024-07-24-23-25-39"
}