{
  "id": "gb7lvboj-ojfq-e1cv-u3qi-9rqzdj4dd1bz",
  "parameters": {
    "crossoverRate": 0.30000001192092896,
    "eliteSize": 2,
    "tournamentSize": 3,
    "mutationRate": 0.8999999761581421,
    "populationSize": 10
  },
  "populations": [{
    "generation": 0,
    "id": "8pl1bpb0-t6bu-55ov-c67n-dls0g1m5ip6b",
    "individuals": [
      {
        "fitness": 0,
        "expressions": {
          "r": "(tan(cos(0.5276692))/pow(x,y))",
          "b": "(tan(cos(0.38605857))/pow(0.42048794,x))",
          "g": "(tan(cos(y))/pow(0.13601482,x))"
        }
      },
      {
        "fitness": 0,
        "expressions": {
          "r": "(x+0.2953915)",
          "b": "(x+x)",
          "g": "(x+y)"
        }
      },
      {
        "fitness": 0,
        "expressions": {
          "r": "(0.72892+y)",
          "b": "(0.25649196+0.95883125)",
          "g": "(x+x)"
        }
      },
      {
        "fitness": 0,
        "expressions": {
          "r": "min(y,var(0.23475301))",
          "b": "min(x,var(y))",
          "g": "min(0.099238336,var(x))"
        }
      },
      {
        "fitness": 0,
        "expressions": {
          "r": "(y+y)",
          "b": "(y+x)",
          "g": "(y+0.3898605)"
        }
      },
      {
        "fitness": 0,
        "expressions": {
          "r": "aul(pow(y,(x/y)),tan(x))",
          "b": "aul(pow(x,(x/x)),tan(0.007816315))",
          "g": "aul(pow(y,(y/y)),tan(y))"
        }
      },
      {
        "fitness": 0,
        "expressions": {
          "r": "(x+0.03145498)",
          "b": "(x+y)",
          "g": "(0.7727047+y)"
        }
      },
      {
        "fitness": 0,
        "expressions": {
          "r": "(y+0.45702302)",
          "b": "(y+0.28553742)",
          "g": "(0.1602028+x)"
        }
      },
      {
        "fitness": 0,
        "expressions": {
          "r": "var(0.40058005)",
          "b": "var(0.7832138)",
          "g": "var(x)"
        }
      },
      {
        "fitness": 0,
        "expressions": {
          "r": "(x+x)",
          "b": "(y+0.7638899)",
          "g": "(0.3215146+0.9707052)"
        }
      },
      {
        "fitness": 0,
        "expressions": {
          "r": "auh(x,y)",
          "b": "auh(0.7140348,y)",
          "g": "auh(x,x)"
        }
      },
      {
        "fitness": 0,
        "expressions": {
          "r": "(x+0.36207068)",
          "b": "(x+y)",
          "g": "(y+x)"
        }
      },
      {
        "fitness": 0,
        "expressions": {
          "r": "max(cos(0.06104064),0.76424325)",
          "b": "max(cos(0.57810885),y)",
          "g": "max(cos(0.036833882),y)"
        }
      },
      {
        "fitness": 0,
        "expressions": {
          "r": "(0.83305424+0.27354473)",
          "b": "(x+x)",
          "g": "(x+y)"
        }
      },
      {
        "fitness": 0,
        "expressions": {
          "r": "pow(aud(y,(x+0.89988345)),max(0.4576655,sin(0.97781754)))",
          "b": "pow(aud(x,(x+x)),max(x,sin(x)))",
          "g": "pow(aud(x,(0.35781473+y)),max(x,sin(y)))"
        }
      },
      {
        "fitness": 0,
        "expressions": {
          "r": "aud(((y+0.9846638)/auh(0.06818533,y)),y)",
          "b": "aud(((y+y)/auh(x,0.11424476)),x)",
          "g": "aud(((y+0.6771383)/auh(y,0.6427814)),x)"
        }
      },
      {
        "fitness": 0,
        "expressions": {
          "r": "(0.057372093+0.97235906)",
          "b": "(0.113292575+x)",
          "g": "(x+y)"
        }
      },
      {
        "fitness": 0,
        "expressions": {
          "r": "(x+y)",
          "b": "(y+x)",
          "g": "(x+y)"
        }
      }
    ],
    "timestamp": "17h:21m:9s"
  }],
  "timestamp": "2024-07-04-17-21-06"
}