{
  "id": "ggbpuler-sk4k-725m-uds0-3vlndmwt5a5u",
  "parameters": {
    "crossoverRate": 0.30000001192092896,
    "eliteSize": 2,
    "tournamentSize": 3,
    "mutationRate": 0.8999999761581421,
    "populationSize": 10
  },
  "populations": [{
    "generation": 0,
    "id": "oy7tejv3-e2wl-lg80-mtb4-pbxsfrk82svm",
    "individuals": [
      {
        "fitness": 0,
        "expressions": {
          "r": "max(aud(aud(x,y),aul(x,y)),sin(var(x)))",
          "b": "max(aud(aud(0.24320447,x),aul(0.6810179,y)),sin(var(y)))",
          "g": "max(aud(aud(x,x),aul(x,y)),sin(var(x)))"
        }
      },
      {
        "fitness": 0,
        "expressions": {
          "r": "max(var(var(0.042599738)),(var(y)-tan(x)))",
          "b": "max(var(var(0.18466115)),(var(x)-tan(x)))",
          "g": "max(var(var(x)),(var(x)-tan(y)))"
        }
      },
      {
        "fitness": 0,
        "expressions": {
          "r": "cos(max(cos(0.5530629),var(x)))",
          "b": "cos(max(cos(y),var(0.011064827)))",
          "g": "cos(max(cos(0.24841654),var(0.3566671)))"
        }
      },
      {
        "fitness": 0,
        "expressions": {
          "r": "cos((sin(x)+x))",
          "b": "cos((sin(0.09928608)+x))",
          "g": "cos((sin(x)+0.066616595))"
        }
      },
      {
        "fitness": 0,
        "expressions": {
          "r": "(aul(y,x)/y)",
          "b": "(aul(y,x)/0.79935837)",
          "g": "(aul(0.42368263,x)/0.04928398)"
        }
      },
      {
        "fitness": 0,
        "expressions": {
          "r": "(y+x)",
          "b": "(0.5609404+0.08535844)",
          "g": "(0.50554615+0.42215592)"
        }
      },
      {
        "fitness": 0,
        "expressions": {
          "r": "(0.5511199+x)",
          "b": "(y+0.46322286)",
          "g": "(y+y)"
        }
      },
      {
        "fitness": 0,
        "expressions": {
          "r": "var(aul(y,x))",
          "b": "var(aul(x,0.31306207))",
          "g": "var(aul(y,0.09954822))"
        }
      },
      {
        "fitness": 0,
        "expressions": {
          "r": "(max(y,0.1423055)+0.9971802)",
          "b": "(max(x,y)+y)",
          "g": "(max(x,y)+x)"
        }
      },
      {
        "fitness": 0,
        "expressions": {
          "r": "aud(sin(0.7253598),0.91104287)",
          "b": "aud(sin(0.7619598),x)",
          "g": "aud(sin(y),0.3434515)"
        }
      },
      {
        "fitness": 0,
        "expressions": {
          "r": "(y+x)",
          "b": "(y+0.100707114)",
          "g": "(y+y)"
        }
      },
      {
        "fitness": 0,
        "expressions": {
          "r": "(x+0.12594205)",
          "b": "(0.58484334+x)",
          "g": "(y+0.5483932)"
        }
      },
      {
        "fitness": 0,
        "expressions": {
          "r": "(x+x)",
          "b": "(0.70048785+0.553842)",
          "g": "(0.49367952+y)"
        }
      },
      {
        "fitness": 0,
        "expressions": {
          "r": "min((sin(0.3570816)/y),x)",
          "b": "min((sin(x)/x),y)",
          "g": "min((sin(0.71535194)/y),0.32991725)"
        }
      },
      {
        "fitness": 0,
        "expressions": {
          "r": "(x+min(tan(x),(0.72791576-x)))",
          "b": "(0.35947305+min(tan(0.7104097),(0.77078193-x)))",
          "g": "(y+min(tan(y),(0.63430756-0.878314)))"
        }
      },
      {
        "fitness": 0,
        "expressions": {
          "r": "(y+(max(x,y)/0.8345593))",
          "b": "(x+(max(y,y)/0.14694339))",
          "g": "(x+(max(x,x)/0.477234))"
        }
      },
      {
        "fitness": 0,
        "expressions": {
          "r": "(x+y)",
          "b": "(0.72790235+0.6957466)",
          "g": "(y+y)"
        }
      },
      {
        "fitness": 0,
        "expressions": {
          "r": "min(0.16624367,aud(x,aul(x,x)))",
          "b": "min(y,aud(y,aul(x,x)))",
          "g": "min(0.80067533,aud(y,aul(0.7815576,y)))"
        }
      }
    ],
    "timestamp": "17h:24m:2s"
  }],
  "timestamp": "2024-07-04-17-24-00"
}