{
  "id": "h998tvvq-ul9q-r1me-z3ix-q5lqsixd3pkr",
  "parameters": {
    "crossoverRate": 0.30000001192092896,
    "eliteSize": 2,
    "tournamentSize": 3,
    "mutationRate": 0.8999999761581421,
    "populationSize": 10
  },
  "populations": [{
    "generation": 0,
    "id": "hrsyn43q-wnl5-ge43-7c84-xlksmd1efp60",
    "individuals": [
      {
        "fitness": 0,
        "expressions": {
          "r": "(0.9427085+x)",
          "b": "(y+y)",
          "g": "(0.9078226+y)"
        }
      },
      {
        "fitness": 0,
        "expressions": {
          "r": "(y-pow(cos(y),0.43324667))",
          "b": "(x-pow(cos(y),x))",
          "g": "(x-pow(cos(0.9218357),x))"
        }
      },
      {
        "fitness": 0,
        "expressions": {
          "r": "(0.45404595+x)",
          "b": "(0.5462426+x)",
          "g": "(y+x)"
        }
      },
      {
        "fitness": 0,
        "expressions": {
          "r": "(x+max(0.58594805,cos(x)))",
          "b": "(y+max(0.834432,cos(y)))",
          "g": "(x+max(0.9862134,cos(0.70118684)))"
        }
      },
      {
        "fitness": 0,
        "expressions": {
          "r": "aud(x,sin(0.042711496))",
          "b": "aud(0.25112236,sin(x))",
          "g": "aud(0.43014014,sin(y))"
        }
      },
      {
        "fitness": 0,
        "expressions": {
          "r": "(min((y/y),0.70616645)-x)",
          "b": "(min((0.7699957/x),0.42950106)-x)",
          "g": "(min((x/x),x)-y)"
        }
      },
      {
        "fitness": 0,
        "expressions": {
          "r": "cos(y)",
          "b": "cos(0.22964966)",
          "g": "cos(x)"
        }
      },
      {
        "fitness": 0,
        "expressions": {
          "r": "(0.5914693+y)",
          "b": "(0.27216625+x)",
          "g": "(0.7142576+y)"
        }
      },
      {
        "fitness": 0,
        "expressions": {
          "r": "aud(pow(sin(0.6580294),y),y)",
          "b": "aud(pow(sin(0.45338112),y),x)",
          "g": "aud(pow(sin(x),0.7877707),y)"
        }
      },
      {
        "fitness": 0,
        "expressions": {
          "r": "(y+0.61724514)",
          "b": "(0.21181601+0.44942665)",
          "g": "(0.3581221+x)"
        }
      },
      {
        "fitness": 0,
        "expressions": {
          "r": "(x+y)",
          "b": "(x+x)",
          "g": "(y+y)"
        }
      },
      {
        "fitness": 0,
        "expressions": {
          "r": "(pow(0.0739519,0.24824971)/x)",
          "b": "(pow(y,x)/0.4874897)",
          "g": "(pow(y,x)/0.69685525)"
        }
      },
      {
        "fitness": 0,
        "expressions": {
          "r": "var(aud(max(x,y),max(0.39556772,y)))",
          "b": "var(aud(max(y,y),max(x,x)))",
          "g": "var(aud(max(x,y),max(x,0.76187325)))"
        }
      },
      {
        "fitness": 0,
        "expressions": {
          "r": "tan(pow(x,sin(x)))",
          "b": "tan(pow(y,sin(x)))",
          "g": "tan(pow(y,sin(0.7465294)))"
        }
      },
      {
        "fitness": 0,
        "expressions": {
          "r": "pow((aud(y,x)/sin(y)),0.87077487)",
          "b": "pow((aud(x,0.31240618)/sin(y)),x)",
          "g": "pow((aud(0.55286515,x)/sin(y)),y)"
        }
      },
      {
        "fitness": 0,
        "expressions": {
          "r": "max(y,var((y*0.76373166)))",
          "b": "max(y,var((0.6003084*y)))",
          "g": "max(x,var((y*y)))"
        }
      },
      {
        "fitness": 0,
        "expressions": {
          "r": "(tan(x)+cos(y))",
          "b": "(tan(x)+cos(0.31136906))",
          "g": "(tan(x)+cos(0.9897058))"
        }
      },
      {
        "fitness": 0,
        "expressions": {
          "r": "(y+y)",
          "b": "(y+y)",
          "g": "(x+0.9052933)"
        }
      }
    ],
    "timestamp": "22h:49m:26s"
  }],
  "timestamp": "2024-07-24-22-49-24"
}