{
  "id": "hg1xik9t-qqos-hh7q-r95f-ovqg86lr44r7",
  "parameters": {
    "crossoverRate": 0.30000001192092896,
    "eliteSize": 2,
    "tournamentSize": 3,
    "mutationRate": 0.8999999761581421,
    "populationSize": 10
  },
  "populations": [{
    "generation": 0,
    "id": "yr7jti2k-0of5-4oyn-9hr3-t9xm8dj5dlt8",
    "individuals": [
      {
        "fitness": 0,
        "expressions": {
          "r": "(y+0.25740927)",
          "b": "(0.48592597+0.091819525)",
          "g": "(y+y)"
        }
      },
      {
        "fitness": 0,
        "expressions": {
          "r": "pow(y,y)",
          "b": "pow(0.94452417,x)",
          "g": "pow(x,0.15392983)"
        }
      },
      {
        "fitness": 0,
        "expressions": {
          "r": "(x/(0.7946014*y))",
          "b": "(0.6736445/(x*0.21562564))",
          "g": "(x/(0.22934622*y))"
        }
      },
      {
        "fitness": 0,
        "expressions": {
          "r": "(0.32283247+x)",
          "b": "(y+x)",
          "g": "(0.042321146+y)"
        }
      },
      {
        "fitness": 0,
        "expressions": {
          "r": "(y+y)",
          "b": "(y+0.37085813)",
          "g": "(y+0.14857095)"
        }
      },
      {
        "fitness": 0,
        "expressions": {
          "r": "max(aud(y,min(y,y)),0.40904653)",
          "b": "max(aud(y,min(y,y)),x)",
          "g": "max(aud(x,min(x,0.9140673)),y)"
        }
      },
      {
        "fitness": 0,
        "expressions": {
          "r": "max((0.27699763*pow(y,x)),max((y+y),(0.78712124+x)))",
          "b": "max((y*pow(y,0.4859351)),max((x+x),(0.49865627+x)))",
          "g": "max((0.29415125*pow(0.16357774,0.8984701)),max((y+0.58680063),(y+y)))"
        }
      },
      {
        "fitness": 0,
        "expressions": {
          "r": "min(tan(pow(y,y)),0.3757056)",
          "b": "min(tan(pow(y,y)),y)",
          "g": "min(tan(pow(x,0.85638785)),y)"
        }
      },
      {
        "fitness": 0,
        "expressions": {
          "r": "(x+y)",
          "b": "(x+y)",
          "g": "(y+0.6604289)"
        }
      },
      {
        "fitness": 0,
        "expressions": {
          "r": "aud(aud((x*0.32031852),min(x,0.6827291)),0.93531686)",
          "b": "aud(aud((0.31172132*x),min(0.6632847,x)),y)",
          "g": "aud(aud((y*y),min(0.34164584,x)),x)"
        }
      },
      {
        "fitness": 0,
        "expressions": {
          "r": "(0.48004407+x)",
          "b": "(y+y)",
          "g": "(x+0.6444885)"
        }
      },
      {
        "fitness": 0,
        "expressions": {
          "r": "auh(x,tan(x))",
          "b": "auh(x,tan(y))",
          "g": "auh(x,tan(0.092635095))"
        }
      },
      {
        "fitness": 0,
        "expressions": {
          "r": "auh(min(min(x,0.8536999),0.015240669),0.19842446)",
          "b": "auh(min(min(y,y),x),x)",
          "g": "auh(min(min(y,0.78724927),x),x)"
        }
      },
      {
        "fitness": 0,
        "expressions": {
          "r": "(x+x)",
          "b": "(y+x)",
          "g": "(0.08783126+x)"
        }
      },
      {
        "fitness": 0,
        "expressions": {
          "r": "aul(0.934279,min(y,aul(x,0.029095888)))",
          "b": "aul(y,min(y,aul(y,x)))",
          "g": "aul(x,min(x,aul(x,x)))"
        }
      },
      {
        "fitness": 0,
        "expressions": {
          "r": "(0.8683246+0.5921999)",
          "b": "(0.91239685+y)",
          "g": "(0.44266945+y)"
        }
      },
      {
        "fitness": 0,
        "expressions": {
          "r": "aul(tan(x),0.2907409)",
          "b": "aul(tan(x),0.08533698)",
          "g": "aul(tan(x),0.07682651)"
        }
      },
      {
        "fitness": 0,
        "expressions": {
          "r": "(y+x)",
          "b": "(x+y)",
          "g": "(y+0.2285952)"
        }
      }
    ],
    "timestamp": "17h:29m:17s"
  }],
  "timestamp": "2024-07-04-17-29-11"
}