{
  "id": "hxq534wh-qq3t-los5-ompg-arlc5zw1vtvi",
  "parameters": {
    "crossoverRate": 0.30000001192092896,
    "eliteSize": 2,
    "tournamentSize": 3,
    "mutationRate": 0.8999999761581421,
    "populationSize": 10
  },
  "populations": [{
    "generation": 0,
    "id": "01jnwf63-zl13-f28f-rxzp-40a94ab68hd2",
    "individuals": [
      {
        "fitness": 0,
        "expressions": {
          "r": "aud(y,(y*y))",
          "b": "aud(y,(y*x))",
          "g": "aud(x,(x*0.3078763))"
        }
      },
      {
        "fitness": 0,
        "expressions": {
          "r": "tan(max(aul(0.7492971,x),0.02210033))",
          "b": "tan(max(aul(y,0.061748385),y))",
          "g": "tan(max(aul(y,0.89504564),0.41842264))"
        }
      },
      {
        "fitness": 0,
        "expressions": {
          "r": "tan(aul(0.5041296,sin(0.742642)))",
          "b": "tan(aul(x,sin(0.44848555)))",
          "g": "tan(aul(x,sin(x)))"
        }
      },
      {
        "fitness": 0,
        "expressions": {
          "r": "min(aul(tan(0.10011721),tan(y)),max(tan(y),pow(0.7120777,0.062081695)))",
          "b": "min(aul(tan(0.70683575),tan(0.8766346)),max(tan(y),pow(0.8401505,0.40862668)))",
          "g": "min(aul(tan(0.22039568),tan(y)),max(tan(0.53040093),pow(0.18915296,0.687045)))"
        }
      },
      {
        "fitness": 0,
        "expressions": {
          "r": "aud(0.043724835,pow(var(y),var(y)))",
          "b": "aud(0.0444932,pow(var(x),var(y)))",
          "g": "aud(0.84202284,pow(var(y),var(y)))"
        }
      },
      {
        "fitness": 0,
        "expressions": {
          "r": "(x-var(cos(y)))",
          "b": "(x-var(cos(y)))",
          "g": "(y-var(cos(0.6966725)))"
        }
      },
      {
        "fitness": 0,
        "expressions": {
          "r": "(y+y)",
          "b": "(y+0.6519161)",
          "g": "(y+y)"
        }
      },
      {
        "fitness": 0,
        "expressions": {
          "r": "(0.33260733+y)",
          "b": "(x+0.24098378)",
          "g": "(x+x)"
        }
      },
      {
        "fitness": 0,
        "expressions": {
          "r": "(x+x)",
          "b": "(0.04903525+y)",
          "g": "(y+x)"
        }
      },
      {
        "fitness": 0,
        "expressions": {
          "r": "var((x-max(0.7950259,x)))",
          "b": "var((0.17089105-max(y,y)))",
          "g": "var((0.27302402-max(y,y)))"
        }
      },
      {
        "fitness": 0,
        "expressions": {
          "r": "(pow(0.6409126,x)*y)",
          "b": "(pow(y,0.9607394)*y)",
          "g": "(pow(y,0.17672217)*0.64635694)"
        }
      },
      {
        "fitness": 0,
        "expressions": {
          "r": "(y+y)",
          "b": "(x+0.59972763)",
          "g": "(x+0.6671489)"
        }
      },
      {
        "fitness": 0,
        "expressions": {
          "r": "(y+0.9321622)",
          "b": "(0.50892234+y)",
          "g": "(x+x)"
        }
      },
      {
        "fitness": 0,
        "expressions": {
          "r": "(0.9922317+y)",
          "b": "(y+0.26573592)",
          "g": "(0.808107+x)"
        }
      },
      {
        "fitness": 0,
        "expressions": {
          "r": "(tan(aul(y,x))*aud(y,max(y,x)))",
          "b": "(tan(aul(0.06271738,0.9232705))*aud(x,max(y,y)))",
          "g": "(tan(aul(y,y))*aud(0.36233443,max(y,x)))"
        }
      },
      {
        "fitness": 0,
        "expressions": {
          "r": "(0.5810019+0.20681638)",
          "b": "(y+x)",
          "g": "(x+x)"
        }
      },
      {
        "fitness": 0,
        "expressions": {
          "r": "max(0.54309386,pow(0.09397888,y))",
          "b": "max(y,pow(x,x))",
          "g": "max(y,pow(y,0.19226646))"
        }
      },
      {
        "fitness": 0,
        "expressions": {
          "r": "(0.5249076+x)",
          "b": "(x+x)",
          "g": "(y+0.4578336)"
        }
      }
    ],
    "timestamp": "17h:59m:22s"
  }],
  "timestamp": "2024-07-04-17-59-20"
}