{
  "id": "isyi0e88-e31u-ofzs-6n0s-oy4qvh5p04b1",
  "parameters": {
    "crossoverRate": 0.30000001192092896,
    "eliteSize": 2,
    "tournamentSize": 3,
    "mutationRate": 0.8999999761581421,
    "populationSize": 10
  },
  "populations": [
    {
      "generation": 0,
      "id": "jzf1vsx4-grrh-h089-0jey-usvejh5nahcd",
      "individuals": [
        {
          "fitness": 0,
          "expressions": {
            "r": "add(y,x)",
            "b": "add(x,y)",
            "g": "add(y,0.13843238)"
          }
        },
        {
          "fitness": 0,
          "expressions": {
            "r": "div(x,var(0.5603174))",
            "b": "div(0.47090703,var(y))",
            "g": "div(0.038994312,var(x))"
          }
        },
        {
          "fitness": 0,
          "expressions": {
            "r": "max(sub(0.8162066,y),0.9693348)",
            "b": "max(sub(y,0.47862858),0.4151659)",
            "g": "max(sub(0.93204886,x),0.32362407)"
          }
        },
        {
          "fitness": 0,
          "expressions": {
            "r": "add(0.16485733,y)",
            "b": "add(0.098443866,x)",
            "g": "add(y,0.86894095)"
          }
        },
        {
          "fitness": 0,
          "expressions": {
            "r": "add(0.47666252,0.72671896)",
            "b": "add(x,y)",
            "g": "add(0.88800913,y)"
          }
        },
        {
          "fitness": 0,
          "expressions": {
            "r": "add(x,0.79718953)",
            "b": "add(x,y)",
            "g": "add(0.62090117,x)"
          }
        },
        {
          "fitness": 0,
          "expressions": {
            "r": "var(0.0085142255)",
            "b": "var(0.8055491)",
            "g": "var(y)"
          }
        },
        {
          "fitness": 0,
          "expressions": {
            "r": "pow(0.26532483,0.25974584)",
            "b": "pow(0.78428453,x)",
            "g": "pow(y,y)"
          }
        },
        {
          "fitness": 0,
          "expressions": {
            "r": "pow(div(x,div(sub(mul(pow(x,x),0.6245547),add(div(add(tan(y),mul(mul(sin(pow(pow(0.1585486,0.41012514),x)),add(x,y)),add(0.6908886,x))),max(var(x),sin(mul(y,sub(x,0.20404136))))),var(0.25000924))),div(tan(cos(cos(0.1831407))),0.07236099))),0.7808109)",
            "b": "pow(div(y,div(sub(mul(pow(x,0.80969346),x),add(div(add(tan(x),mul(mul(sin(pow(pow(0.8801966,x),y)),add(x,0.98739266)),add(x,y))),max(var(0.50039434),sin(mul(0.8874019,sub(y,x))))),var(y))),div(tan(cos(cos(x))),x))),y)",
            "g": "pow(div(0.48448437,div(sub(mul(pow(0.17914474,0.11983144),x),add(div(add(tan(y),mul(mul(sin(pow(pow(y,x),y)),add(y,y)),add(0.3177141,y))),max(var(0.90277326),sin(mul(x,sub(y,x))))),var(0.42230433))),div(tan(cos(cos(y))),x))),y)"
          }
        },
        {
          "fitness": 0,
          "expressions": {
            "r": "max(min(0.8703105,max(0.3265053,pow(div(y,0.19375348),x))),y)",
            "b": "max(min(y,max(x,pow(div(0.16017419,x),x))),y)",
            "g": "max(min(0.17363352,max(y,pow(div(y,y),0.66063756))),0.9044584)"
          }
        },
        {
          "fitness": 0,
          "expressions": {
            "r": "mul(tan(0.7703993),x)",
            "b": "mul(tan(0.73290664),y)",
            "g": "mul(tan(x),x)"
          }
        },
        {
          "fitness": 0,
          "expressions": {
            "r": "tan(tan(x))",
            "b": "tan(tan(x))",
            "g": "tan(tan(0.8458339))"
          }
        },
        {
          "fitness": 0,
          "expressions": {
            "r": "pow(min(min(add(x,y),y),cos(tan(0.56093377))),cos(sin(0.43306857)))",
            "b": "pow(min(min(add(x,x),x),cos(tan(0.28282052))),cos(sin(0.78621536)))",
            "g": "pow(min(min(add(x,x),x),cos(tan(0.08989048))),cos(sin(y)))"
          }
        },
        {
          "fitness": 0,
          "expressions": {
            "r": "mul(0.7282176,y)",
            "b": "mul(y,y)",
            "g": "mul(y,y)"
          }
        },
        {
          "fitness": 0,
          "expressions": {
            "r": "add(x,0.37355965)",
            "b": "add(0.03335917,0.7413604)",
            "g": "add(x,x)"
          }
        },
        {
          "fitness": 0,
          "expressions": {
            "r": "max(sub(x,x),x)",
            "b": "max(sub(0.26159513,x),0.39900917)",
            "g": "max(sub(x,y),0.49008107)"
          }
        },
        {
          "fitness": 0,
          "expressions": {
            "r": "add(tan(add(sub(y,0.45144904),sub(y,y))),y)",
            "b": "add(tan(add(sub(y,y),sub(x,y))),x)",
            "g": "add(tan(add(sub(y,0.85253334),sub(0.5823301,x))),x)"
          }
        },
        {
          "fitness": 0,
          "expressions": {
            "r": "sin(sin(max(0.5125653,y)))",
            "b": "sin(sin(max(0.3184551,x)))",
            "g": "sin(sin(max(0.117758274,0.45069695)))"
          }
        }
      ],
      "timestamp": "22h:39m:56s"
    },
    {
      "generation": 1,
      "ascendantID": "jzf1vsx4-grrh-h089-0jey-usvejh5nahcd",
      "id": "9zdu4ku1-wt4z-js37-m4a3-9wg2t6nbuk29",
      "individuals": [
        {
          "fitness": 0,
          "expressions": {
            "r": "add(tan(add(sub(y,0.45144904),sub(y,y))),y)",
            "b": "add(tan(add(sub(y,y),sub(x,y))),x)",
            "g": "add(tan(add(sub(y,0.85253334),sub(0.5823301,x))),x)"
          }
        },
        {
          "fitness": 0,
          "expressions": {
            "r": "pow(min(min(add(x,y),y),cos(tan(0.56093377))),tan(sin(0.43306857)))",
            "b": "pow(min(min(add(x,x),x),cos(tan(0.28282052))),tan(sin(0.78621536)))",
            "g": "pow(min(min(add(x,x),x),cos(tan(0.08989048))),tan(sin(y)))"
          }
        },
        {
          "fitness": 0,
          "expressions": {
            "r": "add(0.47666252,0.44926423)",
            "b": "add(x,y)",
            "g": "add(0.88800913,y)"
          }
        },
        {
          "fitness": 0,
          "expressions": {
            "r": "add(0.47666252,0.72671896)",
            "b": "add(x,y)",
            "g": "add(0.7672852,y)"
          }
        },
        {
          "fitness": 0,
          "expressions": {
            "r": "mul(0.7880593,x)",
            "b": "mul(x,y)",
            "g": "mul(y,x)"
          }
        },
        {
          "fitness": 0,
          "expressions": {
            "r": "mul(0.7282176,y)",
            "b": "mul(y,y)",
            "g": "mul(y,y)"
          }
        },
        {
          "fitness": 0,
          "expressions": {
            "r": "add(0.33073872,0.72671896)",
            "b": "add(x,y)",
            "g": "add(0.6526077,y)"
          }
        },
        {
          "fitness": 0,
          "expressions": {
            "r": "pow(div(x,cos(sub(mul(pow(x,x),0.6245547),add(div(add(tan(y),mul(sub(sin(pow(pow(0.1585486,0.536422),x)),add(x,y)),add(0.67356074,x))),min(var(x),sin(sub(y,sub(0.76216775,0.14941679))))),var(0.25000924))))),0.9526271)",
            "b": "pow(div(y,cos(sub(mul(pow(x,0.80969346),x),add(div(add(tan(x),mul(sub(sin(pow(pow(0.8801966,x),y)),add(x,0.98739266)),add(x,y))),min(var(0.50039434),sin(sub(0.84840006,sub(y,x))))),var(y))))),y)",
            "g": "pow(div(0.48448437,cos(sub(mul(pow(0.17914474,0.11983144),x),add(div(add(tan(y),mul(sub(sin(pow(pow(y,x),y)),add(y,y)),add(0.16592607,y))),min(var(0.9880004),sin(sub(x,sub(y,x))))),var(0.42230433))))),x)"
          }
        },
        {
          "fitness": 0,
          "expressions": {
            "r": "sub(cos(x),y)",
            "b": "sub(cos(y),x)",
            "g": "sub(cos(x),x)"
          }
        },
        {
          "fitness": 0,
          "expressions": {
            "r": "sin(sin(max(0.5125653,y)))",
            "b": "sin(sin(max(0.3184551,x)))",
            "g": "sin(sin(max(0.117758274,0.37055844)))"
          }
        },
        {
          "fitness": 0,
          "expressions": {
            "r": "add(0.16485733,pow(max(tan(0.18565518),var(0.45054978)),x))",
            "b": "add(0.098443866,pow(max(tan(x),var(0.47832996)),x))",
            "g": "add(y,pow(max(tan(0.6298542),var(0.10815686)),x))"
          }
        },
        {
          "fitness": 0,
          "expressions": {
            "r": "div(sin(max(0.5125653,cos(sub(0.46298128,0.124307334)))),0.78036225)",
            "b": "div(sin(max(0.3184551,cos(sub(y,y)))),x)",
            "g": "div(sin(max(0.0,cos(sub(0.8042203,x)))),x)"
          }
        },
        {
          "fitness": 0,
          "expressions": {
            "r": "mul(0.7282176,y)",
            "b": "mul(y,y)",
            "g": "mul(y,y)"
          }
        },
        {
          "fitness": 0,
          "expressions": {
            "r": "add(y,x)",
            "b": "add(x,y)",
            "g": "add(y,0.0)"
          }
        },
        {
          "fitness": 0,
          "expressions": {
            "r": "add(0.19308811,0.72671896)",
            "b": "add(y,y)",
            "g": "add(y,y)"
          }
        },
        {
          "fitness": 0,
          "expressions": {
            "r": "sub(tan(add(sub(y,0.6951422),sub(y,y))),y)",
            "b": "sub(tan(add(sub(y,y),sub(x,x))),x)",
            "g": "sub(tan(add(sub(y,0.85253334),sub(0.5823301,x))),x)"
          }
        },
        {
          "fitness": 0,
          "expressions": {
            "r": "add(add(sub(max(0.39349312,0.12952495),div(var(pow(y,var(var(cos(sub(y,tan(y))))))),cos(x))),0.73690206),0.37355965)",
            "b": "add(add(sub(max(0.5196957,y),div(var(pow(0.85284466,var(var(cos(sub(y,tan(y))))))),cos(y))),0.54034585),0.7413604)",
            "g": "add(add(sub(max(x,0.093839586),div(var(pow(x,var(var(cos(sub(0.6795357,tan(y))))))),cos(x))),0.6374665),x)"
          }
        },
        {
          "fitness": 0,
          "expressions": {
            "r": "max(sub(x,x),x)",
            "b": "max(sub(0.14176369,x),0.32185334)",
            "g": "max(sub(x,y),0.39366326)"
          }
        }
      ],
      "timestamp": "22h:40m:4s"
    },
    {
      "generation": 2,
      "ascendantID": "9zdu4ku1-wt4z-js37-m4a3-9wg2t6nbuk29",
      "id": "ifuh50xs-hfvq-xmqv-7rju-9ce3rw12d920",
      "individuals": [
        {
          "fitness": 0,
          "expressions": {
            "r": "pow(div(x,cos(sub(mul(pow(x,x),0.6245547),add(div(add(tan(y),mul(sub(sin(pow(pow(0.1585486,0.536422),x)),add(x,y)),add(0.67356074,x))),min(var(x),sin(sub(y,sub(0.76216775,0.14941679))))),var(0.25000924))))),0.9526271)",
            "b": "pow(div(y,cos(sub(mul(pow(x,0.80969346),x),add(div(add(tan(x),mul(sub(sin(pow(pow(0.8801966,x),y)),add(x,0.98739266)),add(x,y))),min(var(0.50039434),sin(sub(0.84840006,sub(y,x))))),var(y))))),y)",
            "g": "pow(div(0.48448437,cos(sub(mul(pow(0.17914474,0.11983144),x),add(div(add(tan(y),mul(sub(sin(pow(pow(y,x),y)),add(y,y)),add(0.16592607,y))),min(var(0.9880004),sin(sub(x,sub(y,x))))),var(0.42230433))))),x)"
          }
        },
        {
          "fitness": 0,
          "expressions": {
            "r": "sub(tan(add(sub(y,0.6951422),sub(y,y))),y)",
            "b": "sub(tan(add(sub(y,y),sub(x,x))),x)",
            "g": "sub(tan(add(sub(y,0.85253334),sub(0.5823301,x))),x)"
          }
        },
        {
          "fitness": 0,
          "expressions": {
            "r": "add(var(add(mul(y,0.45144904),sub(y,y))),y)",
            "b": "add(var(add(mul(y,y),sub(x,y))),x)",
            "g": "add(var(add(mul(y,0.85253334),sub(0.5823301,x))),x)"
          }
        },
        {
          "fitness": 0,
          "expressions": {
            "r": "add(0.19308811,pow(y,sub(y,max(0.93919194,x))))",
            "b": "add(y,pow(x,sub(x,max(0.26347464,x))))",
            "g": "add(y,pow(y,sub(y,max(x,0.15939796))))"
          }
        },
        {
          "fitness": 0,
          "expressions": {
            "r": "pow(div(x,sin(sub(mul(pow(x,x),0.6245547),add(div(add(tan(y),mul(sub(sin(pow(pow(0.1585486,0.536422),x)),add(x,y)),add(tan(add(mul(y,0.45144904),sub(y,y))),x))),min(var(x),div(add(y,sub(0.76216775,0.055256657)),y))),var(0.25000924))))),0.9526271)",
            "b": "pow(div(y,sin(sub(mul(pow(x,0.80969346),x),add(div(add(tan(x),mul(sub(sin(pow(pow(0.8801966,x),y)),add(x,0.98739266)),add(tan(add(mul(y,y),sub(x,y))),y))),min(var(0.50039434),div(add(0.84840006,sub(y,x)),0.70054543))),var(y))))),y)",
            "g": "pow(div(0.48448437,sin(sub(mul(pow(0.17914474,0.0),x),add(div(add(tan(y),mul(sub(sin(pow(pow(y,x),y)),add(x,y)),add(tan(add(mul(y,0.85253334),sub(0.5823301,x))),y))),min(var(0.9880004),div(add(x,sub(y,x)),x))),var(0.6543658))))),x)"
          }
        },
        {
          "fitness": 0,
          "expressions": {
            "r": "sub(tan(cos(x)),x)",
            "b": "sub(tan(cos(y)),y)",
            "g": "sub(tan(cos(x)),x)"
          }
        },
        {
          "fitness": 0,
          "expressions": {
            "r": "add(y,0.72671896)",
            "b": "add(y,y)",
            "g": "add(0.12159544,y)"
          }
        },
        {
          "fitness": 0,
          "expressions": {
            "r": "pow(div(x,cos(sub(mul(pow(x,x),0.6245547),add(x,var(0.25000924))))),0.9526271)",
            "b": "pow(div(y,cos(sub(mul(pow(x,0.7964637),x),add(y,var(y))))),y)",
            "g": "pow(div(0.48448437,cos(sub(mul(pow(0.17914474,0.11983144),x),add(y,var(0.42230433))))),x)"
          }
        },
        {
          "fitness": 0,
          "expressions": {
            "r": "sub(tan(add(sub(y,0.6951422),sub(y,y))),y)",
            "b": "sub(tan(add(sub(y,y),sub(x,x))),x)",
            "g": "sub(tan(add(sub(y,0.85253334),sub(0.5823301,x))),x)"
          }
        },
        {
          "fitness": 0,
          "expressions": {
            "r": "sub(cos(x),y)",
            "b": "sub(cos(y),x)",
            "g": "sub(cos(x),x)"
          }
        },
        {
          "fitness": 0,
          "expressions": {
            "r": "add(x,0.44926423)",
            "b": "add(x,y)",
            "g": "add(y,y)"
          }
        },
        {
          "fitness": 0,
          "expressions": {
            "r": "add(0.7196247,0.44926423)",
            "b": "add(x,y)",
            "g": "add(0.88800913,y)"
          }
        },
        {
          "fitness": 0,
          "expressions": {
            "r": "pow(div(x,cos(sub(sub(pow(x,x),0.6245547),add(div(add(var(y),mul(mul(sin(pow(pow(0.1585486,0.78157985),x)),sub(x,y)),add(0.33073872,0.72671896))),min(var(x),sin(add(y,sub(0.49328318,0.4318319))))),var(0.25254118))))),0.9526271)",
            "b": "pow(div(y,cos(sub(sub(pow(x,0.80969346),x),add(div(add(var(x),mul(mul(sin(pow(pow(0.8801966,x),y)),sub(x,0.98739266)),add(x,y))),min(var(0.50039434),sin(add(0.84840006,sub(y,x))))),var(y))))),y)",
            "g": "pow(div(0.48448437,cos(sub(sub(pow(0.17914474,0.11983144),x),add(div(add(var(y),mul(mul(sin(pow(pow(y,x),y)),sub(y,y)),add(0.6526077,y))),min(var(0.9880004),sin(add(x,sub(y,y))))),var(0.2981196))))),x)"
          }
        },
        {
          "fitness": 0,
          "expressions": {
            "r": "add(0.33073872,0.72671896)",
            "b": "add(x,y)",
            "g": "add(0.6526077,x)"
          }
        },
        {
          "fitness": 0,
          "expressions": {
            "r": "add(0.16485733,pow(min(tan(0.18565518),var(pow(min(min(0.12558532,x),div(x,tan(div(sub(0.8869681,y),0.88353056)))),sub(sin(x),x)))),x))",
            "b": "add(0.09400959,pow(min(tan(x),var(pow(min(min(x,x),div(y,tan(div(sub(x,0.072841644),x)))),sub(sin(0.5475324),x)))),x))",
            "g": "add(y,pow(min(tan(0.6298542),var(pow(min(min(x,x),div(x,tan(div(sub(y,x),x)))),sub(sin(0.3567025),y)))),x))"
          }
        },
        {
          "fitness": 0,
          "expressions": {
            "r": "div(sin(min(0.3116346,sin(sub(0.6864985,0.124307334)))),0.78036225)",
            "b": "div(sin(min(0.31124657,sin(sub(y,y)))),x)",
            "g": "div(sin(min(0.0,sin(sub(0.8042203,x)))),x)"
          }
        },
        {
          "fitness": 0,
          "expressions": {
            "r": "add(0.47666252,0.72671896)",
            "b": "add(x,y)",
            "g": "add(0.7672852,y)"
          }
        },
        {
          "fitness": 0,
          "expressions": {
            "r": "pow(div(x,cos(mul(mul(pow(x,x),0.6245547),add(div(sub(tan(y),sub(sub(cos(pow(pow(0.1585486,0.79924655),x)),add(x,y)),add(0.67356074,x))),min(max(x,0.46621335),sin(sub(y,mul(0.76216775,0.14941679))))),var(0.38526696))))),mul(sub(sub(div(y,min(min(0.31649816,y),sin(sin(cos(x))))),y),add(0.07778996,min(tan(x),min(x,div(div(var(x),mul(0.8283069,y)),x))))),sub(div(var(sub(mul(max(tan(x),pow(cos(0.57728183),y)),y),max(y,x))),max(y,tan(pow(var(cos(max(0.9915263,x))),var(sub(mul(x,max(y,tan(tan(pow(x,tan(0.23238069)))))),max(var(y),y))))))),0.10915303)))",
            "b": "pow(div(y,cos(mul(mul(pow(x,0.80969346),x),add(div(sub(tan(x),sub(sub(cos(pow(pow(0.8801966,x),y)),add(x,0.91368824)),add(x,y))),min(max(0.50039434,y),sin(sub(0.84840006,mul(y,x))))),var(y))))),mul(sub(sub(div(0.48164427,min(min(x,x),sin(sin(cos(x))))),x),add(0.09057909,min(tan(x),min(y,div(div(var(x),mul(0.5803585,y)),0.7090618))))),sub(div(var(sub(mul(max(tan(y),pow(cos(0.17633682),y)),y),max(y,y))),max(y,tan(pow(var(cos(max(x,0.7421973))),var(sub(mul(y,max(x,tan(tan(pow(0.6353536,tan(x)))))),max(var(y),x))))))),0.6562187)))",
            "g": "pow(div(0.48448437,cos(mul(mul(pow(0.26197317,0.11983144),x),add(div(sub(tan(y),sub(sub(cos(pow(pow(y,x),y)),add(y,y)),add(0.16592607,y))),min(max(0.9880004,y),sin(sub(x,mul(y,x))))),var(0.24667013))))),mul(sub(sub(div(x,min(min(y,x),sin(sin(cos(x))))),0.21682388),add(y,min(tan(0.50609976),min(x,div(div(var(0.7564491),mul(0.4606079,0.92462075)),y))))),sub(div(var(sub(mul(max(tan(0.7612717),pow(cos(y),x)),y),max(y,x))),max(x,tan(pow(var(cos(max(y,0.18953311))),var(sub(mul(x,max(y,tan(tan(pow(y,tan(y)))))),max(var(x),x))))))),y)))"
          }
        }
      ],
      "timestamp": "22h:40m:9s"
    },
    {
      "generation": 3,
      "ascendantID": "ifuh50xs-hfvq-xmqv-7rju-9ce3rw12d920",
      "id": "duh25p1v-xvu5-i11x-m5wu-09hdegwx8v0k",
      "individuals": [
        {
          "fitness": 0,
          "expressions": {
            "r": "pow(div(x,cos(mul(mul(pow(x,x),0.6245547),add(div(sub(tan(y),sub(sub(cos(pow(pow(0.1585486,0.79924655),x)),add(x,y)),add(0.67356074,x))),min(max(x,0.46621335),sin(sub(y,mul(0.76216775,0.14941679))))),var(0.38526696))))),mul(sub(sub(div(y,min(min(0.31649816,y),sin(sin(cos(x))))),y),add(0.07778996,min(tan(x),min(x,div(div(var(x),mul(0.8283069,y)),x))))),sub(div(var(sub(mul(max(tan(x),pow(cos(0.57728183),y)),y),max(y,x))),max(y,tan(pow(var(cos(max(0.9915263,x))),var(sub(mul(x,max(y,tan(tan(pow(x,tan(0.23238069)))))),max(var(y),y))))))),0.10915303)))",
            "b": "pow(div(y,cos(mul(mul(pow(x,0.80969346),x),add(div(sub(tan(x),sub(sub(cos(pow(pow(0.8801966,x),y)),add(x,0.91368824)),add(x,y))),min(max(0.50039434,y),sin(sub(0.84840006,mul(y,x))))),var(y))))),mul(sub(sub(div(0.48164427,min(min(x,x),sin(sin(cos(x))))),x),add(0.09057909,min(tan(x),min(y,div(div(var(x),mul(0.5803585,y)),0.7090618))))),sub(div(var(sub(mul(max(tan(y),pow(cos(0.17633682),y)),y),max(y,y))),max(y,tan(pow(var(cos(max(x,0.7421973))),var(sub(mul(y,max(x,tan(tan(pow(0.6353536,tan(x)))))),max(var(y),x))))))),0.6562187)))",
            "g": "pow(div(0.48448437,cos(mul(mul(pow(0.26197317,0.11983144),x),add(div(sub(tan(y),sub(sub(cos(pow(pow(y,x),y)),add(y,y)),add(0.16592607,y))),min(max(0.9880004,y),sin(sub(x,mul(y,x))))),var(0.24667013))))),mul(sub(sub(div(x,min(min(y,x),sin(sin(cos(x))))),0.21682388),add(y,min(tan(0.50609976),min(x,div(div(var(0.7564491),mul(0.4606079,0.92462075)),y))))),sub(div(var(sub(mul(max(tan(0.7612717),pow(cos(y),x)),y),max(y,x))),max(x,tan(pow(var(cos(max(y,0.18953311))),var(sub(mul(x,max(y,tan(tan(pow(y,tan(y)))))),max(var(x),x))))))),y)))"
          }
        },
        {
          "fitness": 0,
          "expressions": {
            "r": "sub(tan(add(sub(y,0.6277778),sub(y,y))),y)",
            "b": "sub(tan(add(sub(y,y),sub(x,x))),x)",
            "g": "sub(tan(add(sub(y,0.8538765),sub(0.5823301,x))),x)"
          }
        },
        {
          "fitness": 0,
          "expressions": {
            "r": "sub(0.71671593,y)",
            "b": "sub(x,x)",
            "g": "sub(y,x)"
          }
        },
        {
          "fitness": 0,
          "expressions": {
            "r": "sub(y,0.47666252)",
            "b": "sub(y,x)",
            "g": "sub(0.0,0.7672852)"
          }
        },
        {
          "fitness": 0,
          "expressions": {
            "r": "pow(div(x,sin(mul(mul(pow(x,x),0.6245547),add(div(sub(tan(y),mul(sub(cos(pow(pow(0.1585486,0.536422),x)),add(x,y)),add(tan(add(sub(y,0.3304166),sub(y,y))),x))),max(var(x),div(add(x,mul(0.91749036,0.055256657)),y))),tan(0.25000924))))),0.9526271)",
            "b": "pow(div(y,sin(mul(mul(pow(x,0.899369),x),add(div(sub(tan(x),mul(sub(cos(pow(pow(0.8801966,x),y)),add(x,0.98739266)),add(tan(add(sub(y,y),sub(x,y))),y))),max(var(0.50039434),div(add(0.84840006,mul(y,x)),0.70054543))),tan(y))))),y)",
            "g": "pow(div(0.48448437,sin(mul(mul(pow(0.17914474,0.087924846),x),add(div(sub(tan(y),mul(sub(cos(pow(pow(y,x),y)),add(x,y)),add(tan(add(sub(y,0.85253334),sub(0.5823301,x))),y))),max(var(0.9880004),div(add(x,mul(y,x)),x))),tan(0.6543658))))),x)"
          }
        },
        {
          "fitness": 0,
          "expressions": {
            "r": "add(0.19308811,pow(x,sub(y,max(0.93919194,x))))",
            "b": "add(y,pow(x,sub(x,max(0.26347464,x))))",
            "g": "add(y,pow(x,sub(y,max(x,0.15939796))))"
          }
        },
        {
          "fitness": 0,
          "expressions": {
            "r": "sub(tan(cos(x)),x)",
            "b": "sub(tan(cos(y)),y)",
            "g": "sub(tan(cos(x)),x)"
          }
        },
        {
          "fitness": 0,
          "expressions": {
            "r": "pow(div(x,cos(div(sub(pow(x,x),0.35970983),add(div(add(tan(y),sub(add(cos(pow(pow(0.1585486,0.79924655),x)),add(x,y)),add(0.67356074,x))),max(max(x,0.46621335),sin(add(y,sub(0.76216775,0.14941679))))),var(0.38526696))))),mul(sub(sub(div(y,min(min(0.31649816,y),sin(sin(cos(x))))),y),sub(0.0,min(tan(x),min(x,div(div(var(x),sub(0.8283069,y)),x))))),sub(div(var(sub(mul(var(tan(x)),y),max(y,x))),max(y,tan(pow(var(cos(min(0.9915263,x))),var(sub(mul(y,max(y,tan(tan(min(x,tan(0.23238069)))))),max(var(y),x))))))),0.10915303)))",
            "b": "pow(div(y,cos(div(sub(pow(x,0.80969346),x),add(div(add(tan(x),sub(add(cos(pow(pow(0.8767755,x),y)),add(x,0.91368824)),add(x,y))),max(max(0.6021199,y),sin(add(0.84840006,sub(y,x))))),var(y))))),mul(sub(sub(div(0.48164427,min(min(x,x),sin(sin(cos(x))))),x),sub(0.09057909,min(tan(x),min(y,div(div(var(x),sub(0.5803585,y)),0.7090618))))),sub(div(var(sub(mul(var(tan(y)),y),max(y,y))),max(x,tan(pow(var(cos(min(x,0.7421973))),var(sub(mul(x,max(x,tan(tan(min(0.6353536,tan(x)))))),max(var(y),x))))))),0.6562187)))",
            "g": "pow(div(0.48448437,cos(div(sub(pow(0.26197317,0.11983144),x),add(div(add(tan(y),sub(add(cos(pow(pow(y,x),y)),add(y,y)),add(0.16592607,y))),max(max(0.7695837,y),sin(add(x,sub(y,x))))),var(0.31799465))))),mul(sub(sub(div(x,min(min(y,x),sin(sin(cos(x))))),0.21682388),sub(y,min(tan(0.50609976),min(x,div(div(var(0.7564491),sub(0.4606079,0.92462075)),y))))),sub(div(var(sub(mul(var(tan(0.7612717)),y),max(y,x))),max(x,tan(pow(var(cos(min(y,0.18953311))),var(sub(mul(x,max(y,tan(tan(min(y,tan(y)))))),max(var(x),x))))))),y)))"
          }
        },
        {
          "fitness": 0,
          "expressions": {
            "r": "pow(div(x,sin(sub(mul(pow(x,x),0.6245547),add(div(sub(tan(y),mul(sub(sin(pow(pow(0.0,0.536422),x)),add(x,y)),add(tan(add(mul(y,0.45144904),sub(y,y))),x))),pow(var(x),sin(add(x,mul(0.76216775,0.0))))),tan(0.25000924))))),0.9526271)",
            "b": "pow(div(y,sin(sub(mul(pow(x,0.89412427),0.9943119),add(div(sub(tan(x),mul(sub(sin(pow(pow(0.8801966,x),y)),add(x,0.98739266)),add(tan(add(mul(y,y),sub(x,y))),y))),pow(var(0.50039434),sin(add(0.6596304,mul(y,x))))),tan(y))))),y)",
            "g": "pow(div(0.48448437,sin(sub(mul(pow(0.17914474,0.0),x),add(div(sub(tan(y),mul(sub(sin(pow(pow(y,x),y)),add(x,y)),add(tan(add(mul(y,0.85253334),sub(0.5823301,x))),y))),pow(var(0.9880004),sin(add(x,mul(y,x))))),tan(0.6543658))))),x)"
          }
        },
        {
          "fitness": 0,
          "expressions": {
            "r": "div(sin(min(0.25000924,sin(sub(0.6864985,0.124307334)))),0.9313053)",
            "b": "div(sin(min(y,sin(sub(y,y)))),x)",
            "g": "div(sin(min(0.42230433,sin(sub(0.8042203,x)))),x)"
          }
        },
        {
          "fitness": 0,
          "expressions": {
            "r": "sub(tan(div(pow(y,max(sin(sub(var(tan(x)),y)),0.3817345)),y)),y)",
            "b": "sub(tan(div(pow(x,max(sin(sub(var(tan(y)),x)),y)),x)),x)",
            "g": "sub(tan(div(pow(y,max(sin(sub(var(tan(x)),x)),y)),0.47219896)),x)"
          }
        },
        {
          "fitness": 0,
          "expressions": {
            "r": "add(tan(add(mul(y,0.45144904),sub(div(0.9701634,var(sub(min(0.6057708,0.06673479),div(sin(add(var(add(y,add(pow(x,x),div(x,x)))),sub(x,x))),min(x,var(y)))))),y))),y)",
            "b": "add(tan(add(mul(y,y),sub(div(y,var(sub(min(y,0.8191046),div(sin(add(var(add(0.7971216,add(pow(y,0.31036842),div(0.5863724,x)))),sub(0.39451128,x))),min(x,var(y)))))),y))),x)",
            "g": "add(tan(add(mul(y,0.85253334),sub(div(0.338709,var(sub(min(0.049467623,0.49380147),div(sin(add(var(add(y,add(pow(x,0.860777),div(y,0.8172405)))),sub(x,y))),min(x,var(y)))))),x))),x)"
          }
        },
        {
          "fitness": 0,
          "expressions": {
            "r": "add(var(add(mul(x,0.45144904),sub(y,y))),y)",
            "b": "add(var(add(mul(y,y),sub(x,y))),x)",
            "g": "add(var(add(mul(y,0.5987917),sub(0.5823301,x))),x)"
          }
        },
        {
          "fitness": 0,
          "expressions": {
            "r": "pow(div(x,cos(sub(sub(pow(x,x),0.6245547),add(div(add(var(y),mul(mul(sin(pow(pow(0.1585486,0.78157985),x)),sub(x,y)),add(0.33073872,0.72671896))),min(var(x),div(sub(y,sub(0.49328318,0.6530808)),x))),var(sin(pow(pow(0.1585486,0.536422),x))))))),0.9526271)",
            "b": "pow(div(y,cos(sub(sub(pow(x,0.80969346),x),add(div(add(var(x),mul(mul(sin(pow(pow(0.8801966,x),y)),sub(x,0.98739266)),add(x,y))),min(var(0.7440128),div(sub(0.84840006,sub(y,x)),x))),var(sin(pow(pow(0.8801966,x),y))))))),y)",
            "g": "pow(div(0.48448437,cos(sub(sub(pow(0.17914474,0.11983144),x),add(div(add(var(y),mul(mul(sin(pow(pow(y,x),y)),sub(y,y)),add(0.6526077,y))),min(var(0.9880004),div(sub(x,sub(y,y)),x))),var(sin(pow(pow(y,x),y))))))),x)"
          }
        },
        {
          "fitness": 0,
          "expressions": {
            "r": "sub(tan(y),div(0.6562845,add(x,max(sub(sub(min(y,pow(tan(0.82231504),y)),cos(pow(pow(x,var(sub(sin(y),pow(x,y)))),x))),sin(tan(mul(x,sin(sin(max(sub(sin(tan(x)),cos(mul(min(0.5606119,y),x))),tan(div(y,sub(var(0.75718313),min(0.70372814,y))))))))))),pow(min(tan(0.8163788),cos(var(min(0.9401854,sin(cos(cos(0.102307856))))))),pow(add(0.8520568,0.7312276),max(cos(max(0.22419512,pow(add(mul(mul(x,div(cos(0.7570535),mul(y,0.82199156))),x),max(x,mul(max(0.11099446,y),y))),x))),mul(sin(x),var(add(x,div(tan(y),y)))))))))))",
            "b": "sub(tan(x),div(y,add(y,max(sub(sub(min(0.50580275,pow(tan(0.7055027),y)),cos(pow(pow(0.43920082,var(sub(sin(y),pow(y,x)))),y))),sin(tan(mul(0.37180692,sin(sin(max(sub(sin(tan(y)),cos(mul(min(0.0088505745,0.0038042665),x))),tan(div(0.80549383,sub(var(0.46898013),min(x,0.12023753))))))))))),pow(min(tan(0.48530763),cos(var(min(y,sin(cos(cos(x))))))),pow(add(y,x),max(cos(max(y,pow(add(mul(mul(x,div(cos(x),mul(y,x))),x),max(x,mul(max(x,0.7789766),x))),y))),mul(sin(x),var(add(y,div(tan(x),x)))))))))))",
            "g": "sub(tan(0.5823301),div(y,add(x,max(sub(sub(min(x,pow(tan(y),y)),cos(pow(pow(y,var(sub(sin(y),pow(x,0.11876106)))),y))),sin(tan(mul(y,sin(sin(max(sub(sin(tan(x)),cos(mul(min(y,0.0047078133),y))),tan(div(0.17684573,sub(var(y),min(x,x))))))))))),pow(min(tan(y),cos(var(min(x,sin(cos(cos(x))))))),pow(add(x,0.013027132),max(cos(max(x,pow(add(mul(mul(x,div(cos(0.55436236),mul(y,0.25624913))),y),max(y,mul(max(y,0.63266104),x))),0.40647823))),mul(sin(y),var(add(0.12160903,div(tan(x),y)))))))))))"
          }
        },
        {
          "fitness": 0,
          "expressions": {
            "r": "add(0.16485733,pow(min(tan(0.44307008),var(pow(min(tan(x),sin(x)),add(cos(x),x)))),x))",
            "b": "add(0.09400959,pow(min(tan(x),var(pow(min(tan(y),sin(y)),add(cos(0.5475324),x)))),x))",
            "g": "add(y,pow(min(tan(0.6298542),var(pow(min(tan(x),sin(x)),add(cos(0.3567025),y)))),x))"
          }
        },
        {
          "fitness": 0,
          "expressions": {
            "r": "add(y,0.72671896)",
            "b": "add(y,y)",
            "g": "add(0.12159544,y)"
          }
        },
        {
          "fitness": 0,
          "expressions": {
            "r": "add(0.33073872,0.72671896)",
            "b": "add(x,y)",
            "g": "add(0.6526077,x)"
          }
        }
      ],
      "timestamp": "22h:40m:15s"
    },
    {
      "generation": 4,
      "ascendantID": "duh25p1v-xvu5-i11x-m5wu-09hdegwx8v0k",
      "id": "4zy2tjoc-xk3c-j8aj-sdbm-lgjetn82c8or",
      "individuals": [
        {
          "fitness": 0,
          "expressions": {
            "r": "pow(div(x,cos(mul(mul(pow(x,x),0.6245547),add(div(sub(tan(y),sub(sub(cos(pow(pow(0.1585486,0.79924655),x)),add(x,y)),add(0.67356074,x))),min(max(x,0.46621335),sin(sub(y,mul(0.76216775,0.14941679))))),var(0.38526696))))),mul(sub(sub(div(y,min(min(0.31649816,y),sin(sin(cos(x))))),y),add(0.07778996,min(tan(x),min(x,div(div(var(x),mul(0.8283069,y)),x))))),sub(div(var(sub(mul(max(tan(x),pow(cos(0.57728183),y)),y),max(y,x))),max(y,tan(pow(var(cos(max(0.9915263,x))),var(sub(mul(x,max(y,tan(tan(pow(x,tan(0.23238069)))))),max(var(y),y))))))),0.10915303)))",
            "b": "pow(div(y,cos(mul(mul(pow(x,0.80969346),x),add(div(sub(tan(x),sub(sub(cos(pow(pow(0.8801966,x),y)),add(x,0.91368824)),add(x,y))),min(max(0.50039434,y),sin(sub(0.84840006,mul(y,x))))),var(y))))),mul(sub(sub(div(0.48164427,min(min(x,x),sin(sin(cos(x))))),x),add(0.09057909,min(tan(x),min(y,div(div(var(x),mul(0.5803585,y)),0.7090618))))),sub(div(var(sub(mul(max(tan(y),pow(cos(0.17633682),y)),y),max(y,y))),max(y,tan(pow(var(cos(max(x,0.7421973))),var(sub(mul(y,max(x,tan(tan(pow(0.6353536,tan(x)))))),max(var(y),x))))))),0.6562187)))",
            "g": "pow(div(0.48448437,cos(mul(mul(pow(0.26197317,0.11983144),x),add(div(sub(tan(y),sub(sub(cos(pow(pow(y,x),y)),add(y,y)),add(0.16592607,y))),min(max(0.9880004,y),sin(sub(x,mul(y,x))))),var(0.24667013))))),mul(sub(sub(div(x,min(min(y,x),sin(sin(cos(x))))),0.21682388),add(y,min(tan(0.50609976),min(x,div(div(var(0.7564491),mul(0.4606079,0.92462075)),y))))),sub(div(var(sub(mul(max(tan(0.7612717),pow(cos(y),x)),y),max(y,x))),max(x,tan(pow(var(cos(max(y,0.18953311))),var(sub(mul(x,max(y,tan(tan(pow(y,tan(y)))))),max(var(x),x))))))),y)))"
          }
        },
        {
          "fitness": 0,
          "expressions": {
            "r": "sub(tan(cos(sin(min(y,cos(var(y)))))),x)",
            "b": "sub(tan(cos(sin(min(x,cos(var(y)))))),y)",
            "g": "sub(tan(cos(sin(min(x,cos(var(0.3211137)))))),x)"
          }
        },
        {
          "fitness": 0,
          "expressions": {
            "r": "add(var(add(mul(x,0.37259716),sub(y,y))),y)",
            "b": "add(var(add(mul(x,y),sub(x,y))),x)",
            "g": "add(var(add(mul(y,0.6268602),sub(0.5823301,x))),x)"
          }
        },
        {
          "fitness": 0,
          "expressions": {
            "r": "add(0.19308811,pow(x,sub(y,min(0.93919194,x))))",
            "b": "add(y,pow(x,sub(x,min(0.26347464,x))))",
            "g": "add(y,pow(y,sub(y,min(x,0.15939796))))"
          }
        },
        {
          "fitness": 0,
          "expressions": {
            "r": "pow(div(x,cos(mul(mul(pow(x,x),0.6245547),add(div(sub(tan(y),sub(add(cos(pow(pow(0.1585486,0.79924655),x)),add(x,y)),add(0.67356074,0.95395124))),max(min(x,0.46621335),sin(sub(y,mul(0.73859507,0.14941679))))),max(0.38526696,0.7462494))))),mul(sub(sub(div(y,min(min(0.31649816,y),sin(sin(cos(x))))),y),add(0.07778996,min(tan(x),min(x,div(div(var(x),mul(0.8524233,y)),x))))),sub(div(tan(sub(mul(max(tan(x),pow(cos(0.57728183),y)),y),max(y,x))),max(y,tan(pow(var(cos(max(0.9915263,x))),tan(sub(div(x,max(y,tan(tan(pow(x,tan(0.23238069)))))),max(var(y),y))))))),0.10915303)))",
            "b": "pow(div(y,cos(mul(mul(pow(x,0.80969346),x),add(div(sub(tan(x),sub(add(cos(pow(pow(0.8801966,x),y)),add(x,0.91368824)),add(x,y))),max(min(0.50039434,y),sin(sub(0.9232142,mul(y,x))))),max(y,0.29359317))))),mul(sub(sub(div(0.37452614,min(min(x,x),sin(sin(cos(x))))),x),add(0.09057909,min(tan(x),min(y,div(div(var(x),mul(0.5803585,y)),0.7090618))))),sub(div(tan(sub(mul(max(tan(y),pow(cos(0.17633682),y)),y),max(y,y))),max(y,tan(pow(var(cos(max(x,0.56091624))),tan(sub(div(y,max(x,tan(tan(pow(0.8570143,tan(x)))))),max(var(y),x))))))),0.6562187)))",
            "g": "pow(div(0.48448437,cos(mul(mul(pow(0.26197317,0.10315494),x),add(div(sub(tan(y),sub(add(cos(pow(pow(y,x),x)),add(y,y)),add(0.16592607,y))),max(min(0.9880004,y),sin(sub(x,mul(y,x))))),max(0.24667013,0.18081486))))),mul(sub(sub(div(y,min(min(y,x),sin(sin(cos(x))))),0.21682388),add(y,min(tan(0.50609976),min(x,div(div(var(0.50408924),mul(0.45555305,0.92462075)),y))))),sub(div(tan(sub(mul(max(tan(0.7612717),pow(cos(y),x)),y),max(y,x))),max(x,tan(pow(var(cos(max(y,0.047519512))),tan(sub(div(x,max(y,tan(tan(pow(y,tan(y)))))),max(var(x),x))))))),y)))"
          }
        },
        {
          "fitness": 0,
          "expressions": {
            "r": "add(0.19308811,min(x,sub(y,min(0.8146316,x))))",
            "b": "add(y,min(x,sub(x,min(0.42858285,x))))",
            "g": "add(y,min(x,sub(y,min(x,0.3027651))))"
          }
        },
        {
          "fitness": 0,
          "expressions": {
            "r": "sub(y,0.47666252)",
            "b": "sub(y,x)",
            "g": "sub(0.0,0.7672852)"
          }
        },
        {
          "fitness": 0,
          "expressions": {
            "r": "pow(div(x,cos(mul(mul(pow(x,x),0.6245547),add(mul(sub(tan(y),sub(sub(cos(pow(pow(0.1585486,0.79924655),x)),add(x,y)),add(0.67356074,x))),min(min(x,0.46621335),sin(sub(y,mul(0.76216775,0.14941679))))),var(0.08767529))))),mul(sub(add(div(y,min(min(0.31649816,y),cos(sin(cos(x))))),y),add(0.07778996,min(cos(x),min(x,div(div(var(x),mul(0.8283069,y)),x))))),sub(div(var(sub(mul(max(tan(x),pow(cos(0.6942206),y)),y),max(y,x))),max(y,tan(pow(var(cos(min(0.9915263,x))),max(sub(mul(x,max(y,tan(tan(pow(x,tan(0.38988018)))))),max(tan(y),y)),0.6918395))))),0.10915303)))",
            "b": "pow(div(y,cos(mul(mul(pow(x,0.80969346),x),add(mul(sub(tan(x),sub(sub(cos(pow(pow(0.8836187,x),y)),add(x,0.91368824)),add(x,y))),min(min(0.50039434,y),sin(sub(0.9701323,mul(y,x))))),var(y))))),mul(sub(add(div(0.29477948,min(min(x,x),cos(sin(cos(x))))),x),add(0.09057909,min(cos(x),min(y,div(div(var(x),mul(0.5803585,y)),0.7090618))))),sub(div(var(sub(mul(max(tan(y),pow(cos(0.17633682),y)),y),max(y,y))),max(y,tan(pow(var(cos(min(x,0.4701493))),max(sub(mul(y,max(x,tan(tan(pow(0.6353536,tan(x)))))),max(tan(y),x)),0.38561368))))),0.6562187)))",
            "g": "pow(div(0.48448437,cos(mul(mul(pow(0.26197317,0.11983144),x),add(mul(sub(tan(y),sub(sub(cos(pow(pow(y,x),y)),add(y,y)),add(0.16592607,y))),min(min(0.9880004,x),sin(sub(x,mul(y,x))))),var(0.24667013))))),mul(sub(add(div(x,min(min(y,x),cos(sin(cos(x))))),0.21682388),add(y,min(cos(0.5828761),min(x,div(div(var(0.7564491),mul(0.4606079,0.92462075)),y))))),sub(div(var(sub(mul(max(tan(0.7612717),pow(cos(y),x)),y),max(y,x))),max(x,tan(pow(var(cos(min(y,0.18953311))),max(sub(mul(x,max(y,tan(tan(pow(y,tan(y)))))),max(tan(x),y)),y))))),y)))"
          }
        },
        {
          "fitness": 0,
          "expressions": {
            "r": "min(sin(x),mul(sub(mul(div(y,min(min(0.31649816,y),sin(sin(cos(x))))),y),add(0.07778996,min(var(x),min(x,div(mul(var(x),div(0.8283069,y)),x))))),sub(mul(var(sub(sub(max(tan(x),pow(cos(0.57728183),y)),y),max(y,x))),max(y,tan(min(var(cos(max(0.9915263,x))),var(sub(div(x,max(y,var(var(pow(y,tan(0.23238069)))))),max(max(y,x),y))))))),0.24422288)))",
            "b": "min(sin(y),mul(sub(mul(div(0.48164427,min(min(x,x),sin(sin(cos(x))))),x),add(0.09057909,min(var(x),min(y,div(mul(var(x),div(0.5803585,y)),0.7090618))))),sub(mul(var(sub(sub(max(tan(y),pow(cos(0.17633682),y)),y),max(y,y))),max(y,tan(min(var(cos(max(x,0.7421973))),var(sub(div(y,max(x,var(var(pow(0.7119634,tan(x)))))),max(max(y,x),x))))))),0.6562187)))",
            "g": "min(sin(0.48448437),mul(sub(mul(div(x,min(min(y,x),sin(sin(cos(x))))),0.21682388),add(y,min(var(0.50609976),min(x,div(mul(var(0.7564491),div(0.4606079,0.92462075)),y))))),sub(mul(var(sub(sub(max(tan(0.7612717),pow(cos(y),x)),y),max(y,x))),max(x,tan(min(var(cos(max(y,0.18953311))),var(sub(div(x,max(y,var(var(pow(y,tan(y)))))),max(max(x,y),x))))))),y)))"
          }
        },
        {
          "fitness": 0,
          "expressions": {
            "r": "min(mul(x,tan(div(sub(pow(x,x),0.12387988),add(div(add(var(y),sub(add(cos(pow(pow(0.1585486,0.79924655),x)),add(x,y)),add(0.53349626,x))),max(max(x,0.2429084),sin(add(y,sub(0.76216775,0.14941679))))),var(0.38526696))))),mul(sub(sub(mul(y,max(min(0.31649816,y),max(0.9915263,x))),y),sub(0.0,min(var(x),min(x,div(div(var(x),sub(x,y)),x))))),sub(div(tan(sub(mul(var(tan(x)),y),max(y,x))),min(y,tan(pow(var(cos(min(0.9915263,x))),var(sub(mul(y,max(y,cos(tan(min(x,tan(0.23238069)))))),max(var(y),x))))))),0.0)))",
            "b": "min(mul(y,tan(div(sub(pow(x,0.80969346),x),add(div(add(var(x),sub(add(cos(pow(pow(0.8767755,x),y)),add(x,0.91368824)),add(x,y))),max(max(0.6021199,y),sin(add(0.84840006,sub(y,x))))),var(y))))),mul(sub(sub(mul(0.48164427,max(min(x,x),max(0.97379327,0.9545349))),x),sub(0.09057909,min(var(x),min(y,div(div(var(x),sub(0.63522375,y)),0.7090618))))),sub(div(tan(sub(mul(var(tan(y)),y),max(x,y))),min(x,tan(pow(var(cos(min(x,0.7421973))),var(sub(mul(x,max(x,cos(tan(min(0.6353536,tan(x)))))),max(var(y),x))))))),0.46529934)))",
            "g": "min(mul(0.48448437,tan(div(sub(pow(0.26197317,0.11983144),x),add(div(add(var(y),sub(add(cos(pow(pow(y,x),y)),add(y,y)),add(0.16592607,y))),max(max(0.7118352,x),sin(add(x,sub(y,x))))),var(0.06794076))))),mul(sub(sub(mul(x,max(min(y,x),max(y,0.34414023))),0.21682388),sub(y,min(var(0.50609976),min(y,div(div(var(0.7564491),sub(0.4606079,0.727617)),y))))),sub(div(tan(sub(mul(var(tan(0.7612717)),y),max(y,x))),min(x,tan(pow(var(cos(min(y,0.18953311))),var(sub(mul(x,max(y,cos(tan(min(y,tan(y)))))),max(var(x),x))))))),y)))"
          }
        },
        {
          "fitness": 0,
          "expressions": {
            "r": "pow(div(x,cos(sub(sub(pow(x,x),0.7617521),add(div(add(max(y,0.27389574),sub(mul(cos(pow(sub(0.6864985,0.124307334),x)),sub(x,y)),add(0.33073872,0.71153855))),min(var(x),div(sub(y,sub(0.5311339,0.6530808)),x))),var(sin(pow(min(0.1585486,sub(mul(0.8486325,0.4598379),x)),x))))))),0.9526271)",
            "b": "pow(div(y,cos(sub(sub(pow(x,0.9047976),0.99022955),add(div(add(max(x,x),sub(mul(cos(pow(sub(y,y),y)),sub(x,x)),add(x,y))),min(var(0.6498008),div(sub(0.84840006,sub(y,x)),x))),var(sin(pow(min(0.8801966,sub(mul(x,x),0.40305197)),y))))))),y)",
            "g": "pow(div(0.48448437,cos(sub(sub(pow(0.17914474,0.11983144),x),add(div(add(max(y,0.7862844),sub(mul(cos(pow(sub(0.8042203,x),y)),sub(y,y)),add(0.6526077,x))),min(var(0.9880004),div(sub(x,sub(y,y)),x))),var(sin(pow(min(y,sub(mul(0.36098725,0.5347608),y)),y))))))),x)"
          }
        },
        {
          "fitness": 0,
          "expressions": {
            "r": "sub(var(add(sub(x,0.45144904),sub(y,y))),y)",
            "b": "sub(var(add(sub(y,y),sub(x,y))),x)",
            "g": "sub(var(add(sub(y,0.5987917),sub(0.5823301,x))),y)"
          }
        },
        {
          "fitness": 0,
          "expressions": {
            "r": "pow(div(x,sin(mul(mul(pow(x,x),0.6245547),sub(div(mul(tan(y),mul(sub(cos(pow(pow(0.1585486,0.6493881),x)),add(x,y)),add(tan(add(sub(y,0.61199534),mul(y,y))),x))),max(var(x),div(add(x,mul(0.91749036,0.055256657)),y))),tan(0.25000924))))),0.9526271)",
            "b": "pow(div(y,sin(mul(mul(pow(x,0.899369),x),sub(div(mul(tan(x),mul(sub(cos(pow(pow(0.8801966,x),y)),add(0.9331609,0.98739266)),add(tan(add(sub(y,y),mul(x,y))),y))),max(var(0.42236),div(add(0.84840006,mul(y,x)),0.70054543))),tan(y))))),y)",
            "g": "pow(div(0.48448437,sin(mul(mul(pow(0.17914474,0.087924846),x),sub(div(mul(tan(y),mul(sub(cos(pow(pow(y,x),y)),add(x,y)),add(tan(add(sub(y,0.85253334),mul(0.5823301,x))),y))),max(var(0.9160956),div(add(x,mul(y,x)),x))),tan(0.6543658))))),x)"
          }
        },
        {
          "fitness": 0,
          "expressions": {
            "r": "add(0.28818884,pow(x,sub(y,max(0.93919194,x))))",
            "b": "add(y,pow(x,sub(x,max(0.26347464,x))))",
            "g": "add(y,pow(x,sub(y,max(x,0.15939796))))"
          }
        },
        {
          "fitness": 0,
          "expressions": {
            "r": "add(0.33073872,0.52481306)",
            "b": "add(x,y)",
            "g": "add(0.6526077,y)"
          }
        },
        {
          "fitness": 0,
          "expressions": {
            "r": "sub(y,0.47666252)",
            "b": "sub(y,x)",
            "g": "sub(0.0,0.7672852)"
          }
        },
        {
          "fitness": 0,
          "expressions": {
            "r": "pow(div(x,cos(mul(mul(pow(x,x),0.6245547),add(div(sub(cos(y),sub(sub(sin(pow(pow(0.005805474,0.79924655),x)),add(x,y)),add(0.67356074,0.910823))),min(max(x,0.46621335),sin(sub(y,mul(0.76216775,0.14941679))))),var(0.38526696))))),div(sub(sub(div(y,min(min(0.31649816,y),sin(sin(sin(x))))),y),add(0.07778996,pow(tan(x),min(x,div(div(var(x),mul(0.8283069,y)),x))))),mul(div(var(mul(mul(max(var(x),pow(cos(0.7198003),y)),y),max(y,x))),max(y,tan(pow(var(cos(max(x,x))),var(sub(mul(x,max(y,tan(tan(pow(x,tan(0.23238069)))))),max(max(y,y),x))))))),0.10915303)))",
            "b": "pow(div(y,cos(mul(mul(pow(x,0.80969346),x),add(div(sub(cos(x),sub(sub(sin(pow(pow(0.58870876,x),y)),add(x,0.91368824)),add(x,y))),min(max(0.50039434,y),sin(sub(0.5864346,mul(y,x))))),var(y))))),div(sub(sub(div(0.48164427,min(min(x,x),sin(sin(sin(x))))),x),add(0.15856826,pow(tan(x),min(y,div(div(var(x),mul(0.5803585,y)),0.7090618))))),mul(div(var(mul(mul(max(var(y),pow(cos(0.17633682),y)),y),max(y,y))),max(y,tan(pow(var(cos(max(x,0.7421973))),var(sub(mul(y,max(x,tan(tan(pow(0.6353536,tan(x)))))),max(max(y,0.35269725),0.6596304))))))),0.6562187)))",
            "g": "pow(div(0.7459948,cos(mul(mul(pow(0.26197317,0.11983144),x),add(div(sub(cos(y),sub(sub(sin(pow(pow(y,x),y)),add(y,y)),add(0.16592607,y))),min(max(0.9880004,y),sin(sub(x,mul(y,x))))),var(0.24667013))))),div(sub(sub(div(y,min(min(y,x),sin(sin(sin(x))))),0.21682388),add(y,pow(tan(0.49202716),min(x,div(div(var(0.7564491),mul(0.4606079,0.76277244)),y))))),mul(div(var(mul(mul(max(var(0.7612717),pow(cos(y),x)),y),max(y,x))),max(x,tan(pow(var(cos(max(y,0.18953311))),var(sub(mul(x,max(y,tan(tan(pow(y,tan(y)))))),max(max(x,x),x))))))),y)))"
          }
        },
        {
          "fitness": 0,
          "expressions": {
            "r": "add(y,0.72671896)",
            "b": "add(y,y)",
            "g": "add(0.12159544,y)"
          }
        }
      ],
      "timestamp": "22h:40m:22s"
    },
    {
      "generation": 5,
      "ascendantID": "4zy2tjoc-xk3c-j8aj-sdbm-lgjetn82c8or",
      "id": "blmlsbem-ex4h-lexl-7x0n-9x16254xsx3t",
      "individuals": [
        {
          "fitness": 0,
          "expressions": {
            "r": "pow(div(x,cos(mul(mul(pow(x,x),0.6245547),add(div(sub(cos(y),sub(sub(sin(pow(pow(0.005805474,0.79924655),x)),add(x,y)),add(0.67356074,0.910823))),min(max(x,0.46621335),sin(sub(y,mul(0.76216775,0.14941679))))),var(0.38526696))))),div(sub(sub(div(y,min(min(0.31649816,y),sin(sin(sin(x))))),y),add(0.07778996,pow(tan(x),min(x,div(div(var(x),mul(0.8283069,y)),x))))),mul(div(var(mul(mul(max(var(x),pow(cos(0.7198003),y)),y),max(y,x))),max(y,tan(pow(var(cos(max(x,x))),var(sub(mul(x,max(y,tan(tan(pow(x,tan(0.23238069)))))),max(max(y,y),x))))))),0.10915303)))",
            "b": "pow(div(y,cos(mul(mul(pow(x,0.80969346),x),add(div(sub(cos(x),sub(sub(sin(pow(pow(0.58870876,x),y)),add(x,0.91368824)),add(x,y))),min(max(0.50039434,y),sin(sub(0.5864346,mul(y,x))))),var(y))))),div(sub(sub(div(0.48164427,min(min(x,x),sin(sin(sin(x))))),x),add(0.15856826,pow(tan(x),min(y,div(div(var(x),mul(0.5803585,y)),0.7090618))))),mul(div(var(mul(mul(max(var(y),pow(cos(0.17633682),y)),y),max(y,y))),max(y,tan(pow(var(cos(max(x,0.7421973))),var(sub(mul(y,max(x,tan(tan(pow(0.6353536,tan(x)))))),max(max(y,0.35269725),0.6596304))))))),0.6562187)))",
            "g": "pow(div(0.7459948,cos(mul(mul(pow(0.26197317,0.11983144),x),add(div(sub(cos(y),sub(sub(sin(pow(pow(y,x),y)),add(y,y)),add(0.16592607,y))),min(max(0.9880004,y),sin(sub(x,mul(y,x))))),var(0.24667013))))),div(sub(sub(div(y,min(min(y,x),sin(sin(sin(x))))),0.21682388),add(y,pow(tan(0.49202716),min(x,div(div(var(0.7564491),mul(0.4606079,0.76277244)),y))))),mul(div(var(mul(mul(max(var(0.7612717),pow(cos(y),x)),y),max(y,x))),max(x,tan(pow(var(cos(max(y,0.18953311))),var(sub(mul(x,max(y,tan(tan(pow(y,tan(y)))))),max(max(x,x),x))))))),y)))"
          }
        },
        {
          "fitness": 0,
          "expressions": {
            "r": "min(div(x,sin(mul(mul(pow(x,x),0.6148113),add(div(add(tan(y),sub(add(sin(pow(pow(0.1585486,0.555473),x)),add(x,y)),add(0.47313154,x))),min(max(x,0.46621335),sin(sub(y,mul(0.76216775,0.14941679))))),var(0.38526696))))),mul(sub(sub(div(y,max(min(0.31649816,y),sin(sin(tan(x))))),y),sub(0.3517841,min(tan(x),min(x,sin(div(var(x),mul(0.8283069,y))))))),sub(div(var(sub(mul(max(var(x),pow(cos(0.57728183),y)),y),max(y,x))),max(y,cos(pow(var(cos(max(0.9915263,x))),var(add(mul(x,max(y,tan(tan(pow(x,tan(0.23238069)))))),max(var(y),y))))))),0.0)))",
            "b": "min(div(y,sin(mul(mul(pow(x,0.80969346),x),add(div(add(tan(x),sub(add(sin(pow(pow(0.8801966,x),y)),add(x,0.91368824)),add(x,y))),min(max(0.6834676,y),sin(sub(0.84840006,mul(y,x))))),var(y))))),mul(sub(sub(div(0.48164427,max(min(x,x),sin(sin(tan(x))))),x),sub(0.09057909,min(tan(x),min(y,sin(div(var(x),mul(0.5803585,y))))))),sub(div(var(sub(mul(max(var(y),pow(cos(0.17633682),y)),y),max(y,x))),max(y,cos(pow(var(cos(max(x,0.7421973))),var(add(mul(y,max(x,tan(tan(pow(0.6353536,tan(x)))))),max(var(y),x))))))),0.6562187)))",
            "g": "min(div(0.48448437,sin(mul(mul(pow(0.26197317,0.11983144),x),add(div(add(tan(y),sub(add(sin(pow(pow(y,x),y)),add(y,y)),add(0.16592607,y))),min(max(0.9880004,y),sin(sub(x,mul(y,x))))),var(0.24667013))))),mul(sub(sub(div(x,max(min(y,x),sin(sin(tan(x))))),0.21682388),sub(y,min(tan(0.50609976),min(x,sin(div(var(0.7564491),mul(0.4606079,0.92462075))))))),sub(div(var(sub(mul(max(var(0.7612717),pow(cos(y),0.8409952)),y),max(y,x))),max(x,cos(pow(var(cos(max(y,0.18953311))),var(add(mul(x,max(y,tan(tan(pow(y,tan(y)))))),max(var(x),x))))))),y)))"
          }
        },
        {
          "fitness": 0,
          "expressions": {
            "r": "add(0.19857913,min(x,sub(x,min(0.8146316,x))))",
            "b": "add(y,min(x,sub(x,min(0.42858285,x))))",
            "g": "add(y,min(x,sub(x,min(x,0.3027651))))"
          }
        },
        {
          "fitness": 0,
          "expressions": {
            "r": "pow(mul(x,sin(mul(div(pow(x,x),0.6245547),mul(div(mul(tan(y),mul(sub(cos(pow(pow(0.1585486,0.6493881),x)),add(x,y)),add(tan(add(sub(y,0.61199534),mul(y,y))),x))),var(var(x))),tan(0.25000924))))),0.9526271)",
            "b": "pow(mul(y,sin(mul(div(pow(x,0.899369),x),mul(div(mul(tan(x),mul(sub(cos(pow(pow(0.8801966,x),y)),add(0.9331609,0.98739266)),add(tan(add(sub(y,y),mul(x,y))),y))),var(var(0.42236))),tan(y))))),y)",
            "g": "pow(mul(0.48448437,sin(mul(div(pow(0.17914474,0.087924846),x),mul(div(mul(tan(y),mul(sub(cos(pow(pow(y,x),y)),add(x,y)),add(tan(add(sub(y,0.74972004),mul(0.5823301,x))),y))),var(var(0.9160956))),tan(0.57507515))))),x)"
          }
        },
        {
          "fitness": 0,
          "expressions": {
            "r": "add(var(cos(sin(pow(y,tan(var(y)))))),x)",
            "b": "add(var(cos(sin(pow(x,tan(var(y)))))),y)",
            "g": "add(var(cos(sin(pow(x,tan(var(0.3211137)))))),x)"
          }
        },
        {
          "fitness": 0,
          "expressions": {
            "r": "pow(sin(x),div(sub(add(div(y,min(min(0.46686226,add(0.8790212,min(sub(x,y),0.8208636))),cos(sin(cos(x))))),y),add(0.07778996,min(cos(x),min(x,div(div(var(x),mul(0.8283069,y)),x))))),sub(div(var(sub(mul(max(tan(x),pow(sin(0.6942206),y)),y),max(y,x))),max(y,tan(pow(var(cos(min(0.9915263,x))),max(sub(mul(x,max(y,cos(tan(pow(x,tan(0.38988018)))))),max(var(y),y)),0.6918395))))),0.10915303)))",
            "b": "pow(sin(y),div(sub(add(div(0.29477948,min(min(x,add(x,min(sub(y,x),0.61147106))),cos(sin(cos(x))))),x),add(0.09057909,min(cos(x),min(y,div(div(var(x),mul(0.74303305,y)),0.7090618))))),sub(div(var(sub(mul(max(tan(y),pow(sin(0.19006585),y)),y),max(y,y))),max(y,tan(pow(var(cos(min(x,0.4701493))),max(sub(mul(y,max(x,cos(tan(pow(0.6353536,tan(x)))))),max(var(y),x)),0.2974471))))),0.6562187)))",
            "g": "pow(sin(0.25461185),div(sub(add(div(x,min(min(y,add(x,min(sub(0.96005756,0.3074963),y))),cos(sin(cos(x))))),0.21682388),add(y,min(cos(0.5828761),min(x,div(div(var(0.63673246),mul(0.4606079,x)),y))))),sub(div(var(sub(mul(max(tan(0.70932436),pow(sin(y),x)),y),max(y,x))),max(x,tan(pow(var(cos(min(y,0.18953311))),max(sub(mul(x,max(y,cos(tan(pow(y,tan(y)))))),max(var(x),x)),y))))),y)))"
          }
        },
        {
          "fitness": 0,
          "expressions": {
            "r": "pow(div(x,tan(sub(sub(pow(x,x),0.7617521),sub(div(sub(max(y,0.27389574),sub(mul(cos(pow(sub(0.6864985,add(mul(y,tan(0.37930065)),var(var(x)))),x)),sub(x,y)),add(0.17803591,0.71153855))),min(var(x),div(sub(y,mul(0.5311339,0.6530808)),x))),var(sin(pow(min(0.1585486,sub(mul(0.8486325,0.4598379),x)),x))))))),x)",
            "b": "pow(div(y,tan(sub(sub(pow(x,0.9432918),0.99022955),sub(div(sub(max(x,x),sub(mul(cos(pow(sub(y,add(mul(x,tan(y)),var(var(0.35794938)))),y)),sub(x,x)),add(x,y))),min(var(0.6498008),div(sub(0.82580173,mul(y,x)),x))),var(sin(pow(min(0.8801966,sub(mul(x,x),0.40305197)),y))))))),y)",
            "g": "pow(div(0.48448437,tan(sub(sub(pow(0.17914474,0.11983144),x),sub(div(sub(max(y,0.7862844),sub(mul(cos(pow(sub(0.8042203,add(mul(y,tan(x)),var(var(x)))),y)),sub(y,y)),add(0.6526077,x))),min(var(0.9880004),div(sub(x,mul(y,y)),x))),var(sin(pow(min(y,sub(mul(0.36098725,0.5347608),y)),y))))))),x)"
          }
        },
        {
          "fitness": 0,
          "expressions": {
            "r": "sub(y,var(add(mul(x,0.37259716),sub(y,y))))",
            "b": "sub(y,var(add(mul(x,y),sub(x,y))))",
            "g": "sub(0.0,var(add(mul(y,0.6268602),sub(0.5823301,x))))"
          }
        },
        {
          "fitness": 0,
          "expressions": {
            "r": "add(y,0.72671896)",
            "b": "add(y,y)",
            "g": "add(0.12159544,y)"
          }
        },
        {
          "fitness": 0,
          "expressions": {
            "r": "sub(max(add(add(x,0.96217525),sub(y,y)),y),y)",
            "b": "sub(max(add(add(x,y),sub(x,y)),x),x)",
            "g": "sub(max(add(add(y,y),sub(0.5823301,x)),y),y)"
          }
        },
        {
          "fitness": 0,
          "expressions": {
            "r": "pow(div(x,cos(sub(sub(pow(x,x),0.7617521),add(sub(add(max(y,0.27389574),sub(mul(cos(pow(sub(0.6864985,0.124307334),x)),sub(x,y)),add(0.33073872,0.71153855))),max(max(x,y),div(sub(y,sub(0.5311339,0.40535063)),x))),var(sin(pow(min(0.1585486,sub(0.7401536,x)),x))))))),0.9526271)",
            "b": "pow(div(y,cos(sub(sub(pow(x,0.9047976),0.99022955),add(sub(add(max(x,x),sub(mul(cos(pow(sub(y,y),y)),sub(x,x)),add(x,y))),max(max(0.6498008,y),div(sub(0.84840006,sub(y,x)),y))),var(sin(pow(min(0.8801966,sub(0.4922526,0.40305197)),y))))))),y)",
            "g": "pow(div(0.41590893,cos(sub(sub(pow(0.17914474,0.11983144),x),add(sub(add(max(y,0.7862844),sub(mul(cos(pow(sub(0.8042203,x),y)),sub(y,y)),add(0.6526077,x))),max(max(0.9880004,x),div(sub(x,sub(y,y)),x))),var(sin(pow(min(y,sub(y,y)),y))))))),x)"
          }
        },
        {
          "fitness": 0,
          "expressions": {
            "r": "pow(div(x,cos(mul(mul(pow(x,x),0.7651448),sub(div(sub(cos(y),sub(add(div(pow(pow(0.005805474,0.79924655),x),x),add(0.9290861,y)),add(0.67356074,0.910823))),min(max(x,0.46621335),sin(add(y,mul(0.76216775,0.14941679))))),tan(0.38526696))))),div(mul(sub(sub(y,min(min(0.31649816,y),sin(sin(cos(x))))),y),add(0.0,pow(tan(x),min(x,div(div(var(x),mul(0.8283069,y)),x))))),mul(div(var(mul(mul(max(var(x),pow(cos(0.7198003),y)),y),max(y,x))),max(y,tan(pow(var(tan(max(x,x))),var(add(mul(x,max(y,cos(tan(min(x,tan(0.257935)))))),max(max(y,y),x))))))),0.10915303)))",
            "b": "pow(div(y,cos(mul(mul(pow(x,0.80969346),x),sub(div(sub(cos(x),sub(add(div(pow(pow(0.58870876,x),y),y),add(x,0.91368824)),add(x,y))),min(max(0.7517236,y),sin(add(0.5864346,mul(y,x))))),tan(y))))),div(mul(sub(sub(0.4612526,min(min(x,x),sin(sin(cos(x))))),x),add(0.15856826,pow(tan(x),min(y,div(div(var(x),mul(0.5803585,y)),0.7090618))))),mul(div(var(mul(mul(max(var(y),pow(cos(0.17633682),y)),y),max(x,y))),max(y,tan(pow(var(tan(max(x,0.7421973))),var(add(mul(y,max(x,cos(tan(min(0.6353536,tan(x)))))),max(max(y,0.35269725),0.6596304))))))),0.6562187)))",
            "g": "pow(div(0.7459948,cos(mul(mul(pow(0.26197317,0.11983144),x),sub(div(sub(cos(y),sub(add(div(pow(pow(y,x),y),y),add(y,y)),add(0.16592607,y))),min(max(0.9880004,y),sin(add(x,mul(y,x))))),tan(0.24667013))))),div(mul(sub(sub(y,min(min(y,x),sin(sin(cos(x))))),0.21682388),add(y,pow(tan(0.49202716),min(x,div(div(var(0.7564491),mul(0.4606079,0.76277244)),y))))),mul(div(var(mul(mul(max(var(0.7612717),pow(cos(y),x)),y),max(y,x))),max(x,tan(pow(var(tan(max(y,0.18953311))),var(add(mul(x,max(y,cos(tan(min(y,tan(y)))))),max(max(x,x),x))))))),y)))"
          }
        },
        {
          "fitness": 0,
          "expressions": {
            "r": "sub(cos(cos(sin(min(y,cos(x))))),x)",
            "b": "sub(cos(cos(sin(min(x,cos(x))))),y)",
            "g": "sub(cos(cos(sin(min(x,cos(0.9614918))))),x)"
          }
        },
        {
          "fitness": 0,
          "expressions": {
            "r": "min(div(x,x),mul(sub(sub(div(y,min(min(0.22616172,y),sin(sin(cos(x))))),y),add(0.07778996,min(var(x),min(x,div(mul(var(x),mul(0.8283069,y)),x))))),sub(mul(max(sub(add(max(var(x),pow(cos(0.57728183),y)),y),min(mul(0.79454756,0.8039591),x)),y),max(y,tan(min(var(cos(max(0.9915263,add(0.28818884,min(x,sub(y,max(0.93919194,x))))))),max(sub(mul(x,var(y)),max(var(y),y)),0.7630493))))),0.24422288)))",
            "b": "min(div(y,y),mul(sub(sub(div(0.48164427,min(min(x,x),sin(sin(cos(x))))),x),add(0.09057909,min(var(x),min(y,div(mul(var(x),mul(0.5803585,y)),0.7090618))))),sub(mul(max(sub(add(max(var(y),pow(cos(0.17633682),y)),y),min(mul(y,y),y)),0.57963055),max(y,tan(min(var(cos(max(x,add(y,min(x,sub(x,max(0.26347464,x))))))),max(sub(mul(y,var(x)),max(var(y),x)),0.32767814))))),0.6562187)))",
            "g": "min(div(0.48448437,y),mul(sub(sub(div(x,min(min(y,x),sin(sin(cos(x))))),0.21682388),add(y,min(var(0.50609976),min(x,div(mul(var(0.7564491),mul(0.57969487,0.92322445)),y))))),sub(mul(max(sub(add(max(var(0.7612717),pow(cos(y),x)),y),min(mul(x,x),x)),y),max(x,tan(min(var(cos(max(y,add(y,min(x,sub(y,max(x,0.15939796))))))),max(sub(mul(x,var(y)),max(var(x),x)),x))))),y)))"
          }
        },
        {
          "fitness": 0,
          "expressions": {
            "r": "add(0.2545299,0.52481306)",
            "b": "add(x,y)",
            "g": "add(0.6526077,y)"
          }
        },
        {
          "fitness": 0,
          "expressions": {
            "r": "sub(y,sin(add(x,x)))",
            "b": "sub(y,sin(add(x,x)))",
            "g": "sub(0.0,sin(add(y,0.24101955)))"
          }
        },
        {
          "fitness": 0,
          "expressions": {
            "r": "sub(y,0.47666252)",
            "b": "sub(y,x)",
            "g": "sub(0.0,0.7672852)"
          }
        },
        {
          "fitness": 0,
          "expressions": {
            "r": "add(0.28818884,pow(add(sub(x,y),sub(y,y)),sub(y,max(x,x))))",
            "b": "add(y,pow(add(sub(y,0.8404432),sub(x,y)),sub(x,max(0.26347464,x))))",
            "g": "add(y,pow(add(sub(y,y),sub(0.42086872,x)),sub(y,max(x,0.3698924))))"
          }
        }
      ],
      "timestamp": "22h:40m:29s"
    }
  ],
  "timestamp": "2024-07-25-22-39-46"
}