{
  "id": "j19j4ktl-vaco-14dw-1bve-hqf0veio5y4o",
  "parameters": {
    "crossoverRate": 0.30000001192092896,
    "eliteSize": 2,
    "tournamentSize": 3,
    "mutationRate": 0.8999999761581421,
    "populationSize": 10
  },
  "populations": [
    {
      "generation": 0,
      "id": "tw6veykm-64lo-8wuf-s067-i1y4fgkao6i3",
      "individuals": [
        {
          "fitness": 0,
          "expressions": {
            "r": "(x+x)",
            "b": "(y+x)",
            "g": "(y+y)"
          }
        },
        {
          "fitness": 0,
          "expressions": {
            "r": "(y*0.8307971)",
            "b": "(x*y)",
            "g": "(x*x)"
          }
        },
        {
          "fitness": 0,
          "expressions": {
            "r": "(y+0.31154215)",
            "b": "(x+0.5820456)",
            "g": "(0.48199117+y)"
          }
        },
        {
          "fitness": 0,
          "expressions": {
            "r": "((sin(0.74392176)-x)/y)",
            "b": "((sin(y)-0.8807713)/x)",
            "g": "((sin(y)-0.11977315)/0.48858297)"
          }
        },
        {
          "fitness": 0,
          "expressions": {
            "r": "(y+0.20854425)",
            "b": "(0.6806429+0.51338714)",
            "g": "(0.083369315+x)"
          }
        },
        {
          "fitness": 0,
          "expressions": {
            "r": "(x+y)",
            "b": "(x+0.026162624)",
            "g": "(y+y)"
          }
        },
        {
          "fitness": 0,
          "expressions": {
            "r": "(y+y)",
            "b": "(x+x)",
            "g": "(x+0.5057305)"
          }
        },
        {
          "fitness": 0,
          "expressions": {
            "r": "(x+x)",
            "b": "(y+0.26952177)",
            "g": "(x+y)"
          }
        },
        {
          "fitness": 0,
          "expressions": {
            "r": "max(0.7923199,y)",
            "b": "max(y,x)",
            "g": "max(y,0.1658181)"
          }
        },
        {
          "fitness": 0,
          "expressions": {
            "r": "pow(0.22620428,(y+y))",
            "b": "pow(x,(y+x))",
            "g": "pow(x,(y+0.33418822))"
          }
        },
        {
          "fitness": 0,
          "expressions": {
            "r": "sin(x)",
            "b": "sin(x)",
            "g": "sin(x)"
          }
        },
        {
          "fitness": 0,
          "expressions": {
            "r": "auh(x,(var(0.9416819)+x))",
            "b": "auh(0.9572042,(var(x)+x))",
            "g": "auh(y,(var(x)+y))"
          }
        },
        {
          "fitness": 0,
          "expressions": {
            "r": "var(x)",
            "b": "var(0.7141909)",
            "g": "var(x)"
          }
        },
        {
          "fitness": 0,
          "expressions": {
            "r": "(y+y)",
            "b": "(x+y)",
            "g": "(y+y)"
          }
        },
        {
          "fitness": 0,
          "expressions": {
            "r": "(y+y)",
            "b": "(y+0.077928185)",
            "g": "(0.10264206+x)"
          }
        },
        {
          "fitness": 0,
          "expressions": {
            "r": "aul(aul((x-x),var(y)),max(y,x))",
            "b": "aul(aul((0.013296425-y),var(y)),max(y,x))",
            "g": "aul(aul((x-x),var(x)),max(y,y))"
          }
        },
        {
          "fitness": 0,
          "expressions": {
            "r": "(x+x)",
            "b": "(x+x)",
            "g": "(0.9069627+x)"
          }
        },
        {
          "fitness": 0,
          "expressions": {
            "r": "(x+y)",
            "b": "(0.9606101+y)",
            "g": "(0.7249777+y)"
          }
        }
      ],
      "timestamp": "23h:0m:22s"
    },
    {
      "generation": 0,
      "ascendantID": "tw6veykm-64lo-8wuf-s067-i1y4fgkao6i3",
      "id": "s4sk8trt-m2im-edtn-a4vv-12dzyil016nc",
      "individuals": [
        {
          "fitness": 0,
          "expressions": {
            "r": "(min(y,(y+0.67835927))/x)",
            "b": "(min(y,(y+x))/0.34634525)",
            "g": "(min(y,(y+x))/x)"
          }
        },
        {
          "fitness": 0,
          "expressions": {
            "r": "pow(x,max(auh(x,y),0.49505353))",
            "b": "pow(y,max(auh(0.90731925,0.24312311),y))",
            "g": "pow(0.4268918,max(auh(y,0.9057487),0.3860312))"
          }
        },
        {
          "fitness": 0,
          "expressions": {
            "r": "tan(0.43783844)",
            "b": "tan(0.29192734)",
            "g": "tan(x)"
          }
        },
        {
          "fitness": 0,
          "expressions": {
            "r": "(sin(sin(y))-x)",
            "b": "(sin(sin(0.71776))-x)",
            "g": "(sin(sin(x))-x)"
          }
        },
        {
          "fitness": 0,
          "expressions": {
            "r": "(y*sin(0.6394465))",
            "b": "(x*sin(y))",
            "g": "(0.9049786*sin(0.5689346))"
          }
        },
        {
          "fitness": 0,
          "expressions": {
            "r": "(0.40991932+0.09161121)",
            "b": "(y+y)",
            "g": "(y+y)"
          }
        },
        {
          "fitness": 0,
          "expressions": {
            "r": "(y+y)",
            "b": "(x+0.46797878)",
            "g": "(x+0.36061996)"
          }
        },
        {
          "fitness": 0,
          "expressions": {
            "r": "(0.24726927+0.76368856)",
            "b": "(y+0.99197245)",
            "g": "(y+0.28016388)"
          }
        },
        {
          "fitness": 0,
          "expressions": {
            "r": "min(x,x)",
            "b": "min(0.9209719,y)",
            "g": "min(x,0.32299072)"
          }
        },
        {
          "fitness": 0,
          "expressions": {
            "r": "max(x,x)",
            "b": "max(y,0.59103656)",
            "g": "max(y,y)"
          }
        },
        {
          "fitness": 0,
          "expressions": {
            "r": "(x+x)",
            "b": "(y+x)",
            "g": "(y+y)"
          }
        },
        {
          "fitness": 0,
          "expressions": {
            "r": "pow(y,x)",
            "b": "pow(x,y)",
            "g": "pow(x,x)"
          }
        },
        {
          "fitness": 0,
          "expressions": {
            "r": "aud(0.8542165,x)",
            "b": "aud(y,x)",
            "g": "aud(0.548138,0.7436017)"
          }
        },
        {
          "fitness": 0,
          "expressions": {
            "r": "(0.2957602+y)",
            "b": "(0.09798968+x)",
            "g": "(y+x)"
          }
        },
        {
          "fitness": 0,
          "expressions": {
            "r": "(y+0.017473876)",
            "b": "(y+0.19102442)",
            "g": "(y+0.3067832)"
          }
        },
        {
          "fitness": 0,
          "expressions": {
            "r": "auh(max(max(y,0.88238615),x),(y+x))",
            "b": "auh(max(max(x,x),x),(x+0.6038402))",
            "g": "auh(max(max(x,0.24739462),0.5541163),(0.27763224+0.33117825))"
          }
        },
        {
          "fitness": 0,
          "expressions": {
            "r": "pow(0.49569064,min((0.9445989+x),min(y,x)))",
            "b": "pow(y,min((0.4356923+0.41267592),min(x,0.870745)))",
            "g": "pow(0.7465648,min((x+0.115625024),min(x,y)))"
          }
        },
        {
          "fitness": 0,
          "expressions": {
            "r": "((tan(0.97927934)*sin(0.015663922))*aud(tan(0.46907133),aud(x,0.30065453)))",
            "b": "((tan(0.65019375)*sin(x))*aud(tan(0.8918699),aud(0.35872972,y)))",
            "g": "((tan(x)*sin(y))*aud(tan(0.120398104),aud(0.84691036,x)))"
          }
        }
      ],
      "timestamp": "23h:0m:34s"
    }
  ],
  "timestamp": "2024-07-24-23-00-20"
}