{
  "id": "j2qkvzyk-6i8e-gxqg-9o3e-c4eauiiuqjo0",
  "parameters": {
    "crossoverRate": 0.30000001192092896,
    "eliteSize": 2,
    "tournamentSize": 3,
    "mutationRate": 0.8999999761581421,
    "populationSize": 10
  },
  "populations": [{
    "generation": 0,
    "id": "wi47yizj-tth2-lxbn-ebmy-9laer959tl18",
    "individuals": [
      {
        "fitness": 0,
        "expressions": {
          "r": "(x+x)",
          "b": "(0.63107836+0.87488437)",
          "g": "(x+y)"
        }
      },
      {
        "fitness": 0,
        "expressions": {
          "r": "auh(0.98706526,y)",
          "b": "auh(y,y)",
          "g": "auh(x,0.35795188)"
        }
      },
      {
        "fitness": 0,
        "expressions": {
          "r": "max(((x/x)/x),var(y))",
          "b": "max(((0.057625294/0.8246922)/x),var(0.1482119))",
          "g": "max(((x/0.11785376)/y),var(y))"
        }
      },
      {
        "fitness": 0,
        "expressions": {
          "r": "aud(cos(0.9525413),(x-0.85775614))",
          "b": "aud(cos(y),(y-y))",
          "g": "aud(cos(y),(0.69201905-y))"
        }
      },
      {
        "fitness": 0,
        "expressions": {
          "r": "(x+x)",
          "b": "(x+0.26793677)",
          "g": "(y+y)"
        }
      },
      {
        "fitness": 0,
        "expressions": {
          "r": "(x+x)",
          "b": "(0.9641905+x)",
          "g": "(y+y)"
        }
      },
      {
        "fitness": 0,
        "expressions": {
          "r": "((cos(x)/(y-x))+x)",
          "b": "((cos(x)/(y-0.8286776))+y)",
          "g": "((cos(0.8100019)/(0.68642735-x))+x)"
        }
      },
      {
        "fitness": 0,
        "expressions": {
          "r": "(0.00288105/aul(0.642003,(y/y)))",
          "b": "(y/aul(0.27899784,(x/0.47334874)))",
          "g": "(x/aul(y,(y/y)))"
        }
      },
      {
        "fitness": 0,
        "expressions": {
          "r": "(pow(pow(0.6412883,0.54882807),x)/0.3267694)",
          "b": "(pow(pow(x,y),y)/x)",
          "g": "(pow(pow(0.49835372,x),0.042751014)/y)"
        }
      },
      {
        "fitness": 0,
        "expressions": {
          "r": "aul(y,auh(min(0.46447992,y),cos(y)))",
          "b": "aul(0.2521879,auh(min(y,0.9956297),cos(x)))",
          "g": "aul(x,auh(min(0.86572266,0.08514887),cos(x)))"
        }
      },
      {
        "fitness": 0,
        "expressions": {
          "r": "auh(aul((x/0.9429102),auh(y,x)),x)",
          "b": "auh(aul((x/0.2878847),auh(y,x)),0.4162057)",
          "g": "auh(aul((x/0.60939556),auh(0.18389815,x)),y)"
        }
      },
      {
        "fitness": 0,
        "expressions": {
          "r": "(((y+x)-(0.5044983-x))/0.6445123)",
          "b": "(((x+y)-(x-0.4854269))/x)",
          "g": "(((y+y)-(0.321692-0.76355857))/y)"
        }
      },
      {
        "fitness": 0,
        "expressions": {
          "r": "(y+0.7628864)",
          "b": "(y+y)",
          "g": "(x+y)"
        }
      },
      {
        "fitness": 0,
        "expressions": {
          "r": "sin(y)",
          "b": "sin(x)",
          "g": "sin(0.6951295)"
        }
      },
      {
        "fitness": 0,
        "expressions": {
          "r": "(y+y)",
          "b": "(x+x)",
          "g": "(y+0.9262456)"
        }
      },
      {
        "fitness": 0,
        "expressions": {
          "r": "cos(aul(y,aul(x,0.09518176)))",
          "b": "cos(aul(0.3192948,aul(y,x)))",
          "g": "cos(aul(y,aul(y,0.4334373)))"
        }
      },
      {
        "fitness": 0,
        "expressions": {
          "r": "(min(y,tan(y))-cos(x))",
          "b": "(min(x,tan(y))-cos(x))",
          "g": "(min(0.35594004,tan(y))-cos(x))"
        }
      },
      {
        "fitness": 0,
        "expressions": {
          "r": "max((y*var(0.5464069)),x)",
          "b": "max((y*var(x)),y)",
          "g": "max((x*var(x)),0.4321763)"
        }
      }
    ],
    "timestamp": "22h:43m:0s"
  }],
  "timestamp": "2024-07-24-22-42-58"
}