{
  "id": "j555h0kb-43b3-n8bx-4b5l-gc144dwa13xf",
  "parameters": {
    "crossoverRate": 0.30000001192092896,
    "eliteSize": 2,
    "tournamentSize": 3,
    "mutationRate": 0.8999999761581421,
    "populationSize": 10
  },
  "populations": [{
    "generation": 0,
    "id": "j5fuzwa9-t35l-iywx-aigx-hfjqdyjgd5wj",
    "individuals": [
      {
        "fitness": 0,
        "expressions": {
          "r": "(0.18260193+y)",
          "b": "(0.8666128+y)",
          "g": "(y+x)"
        }
      },
      {
        "fitness": 0,
        "expressions": {
          "r": "(0.49865663+y)",
          "b": "(y+x)",
          "g": "(y+y)"
        }
      },
      {
        "fitness": 0,
        "expressions": {
          "r": "(x+x)",
          "b": "(x+y)",
          "g": "(x+y)"
        }
      },
      {
        "fitness": 0,
        "expressions": {
          "r": "auh(aul(aul(y,y),x),y)",
          "b": "auh(aul(aul(0.3987068,x),0.35144),x)",
          "g": "auh(aul(aul(x,y),0.081822574),0.97643924)"
        }
      },
      {
        "fitness": 0,
        "expressions": {
          "r": "auh(var(y),x)",
          "b": "auh(var(0.903709),0.87165)",
          "g": "auh(var(y),0.17111135)"
        }
      },
      {
        "fitness": 0,
        "expressions": {
          "r": "tan(tan(max(x,x)))",
          "b": "tan(tan(max(y,0.9512338)))",
          "g": "tan(tan(max(y,y)))"
        }
      },
      {
        "fitness": 0,
        "expressions": {
          "r": "(0.4358722+x)",
          "b": "(y+x)",
          "g": "(y+0.8561302)"
        }
      },
      {
        "fitness": 0,
        "expressions": {
          "r": "pow(x,y)",
          "b": "pow(y,0.40740395)",
          "g": "pow(y,0.32970536)"
        }
      },
      {
        "fitness": 0,
        "expressions": {
          "r": "(0.55912006+0.7914868)",
          "b": "(0.1610899+y)",
          "g": "(y+0.015807688)"
        }
      },
      {
        "fitness": 0,
        "expressions": {
          "r": "aul(cos(x),x)",
          "b": "aul(cos(x),y)",
          "g": "aul(cos(x),y)"
        }
      },
      {
        "fitness": 0,
        "expressions": {
          "r": "max(min(x,x),cos(cos(y)))",
          "b": "max(min(x,x),cos(cos(0.70008034)))",
          "g": "max(min(x,x),cos(cos(x)))"
        }
      },
      {
        "fitness": 0,
        "expressions": {
          "r": "(x+y)",
          "b": "(x+x)",
          "g": "(0.99464536+y)"
        }
      },
      {
        "fitness": 0,
        "expressions": {
          "r": "(y-max(auh(y,x),x))",
          "b": "(y-max(auh(y,x),y))",
          "g": "(x-max(auh(x,x),x))"
        }
      },
      {
        "fitness": 0,
        "expressions": {
          "r": "(0.8781574+y)",
          "b": "(x+0.38497514)",
          "g": "(y+0.58019435)"
        }
      },
      {
        "fitness": 0,
        "expressions": {
          "r": "(0.9867026+0.25640827)",
          "b": "(y+y)",
          "g": "(x+x)"
        }
      },
      {
        "fitness": 0,
        "expressions": {
          "r": "(x+x)",
          "b": "(y+y)",
          "g": "(y+x)"
        }
      },
      {
        "fitness": 0,
        "expressions": {
          "r": "(y-0.049272716)",
          "b": "(0.021731257-x)",
          "g": "(0.05195403-0.31826162)"
        }
      },
      {
        "fitness": 0,
        "expressions": {
          "r": "(x+y)",
          "b": "(0.054549158+y)",
          "g": "(y+y)"
        }
      }
    ],
    "timestamp": "22h:58m:3s"
  }],
  "timestamp": "2024-07-03-22-57-59"
}