{
  "id": "jkzhmsuw-4d50-gh0x-9n0f-qyl1tmykuoxs",
  "parameters": {
    "crossoverRate": 0.30000001192092896,
    "eliteSize": 2,
    "tournamentSize": 3,
    "mutationRate": 0.8999999761581421,
    "populationSize": 10
  },
  "populations": [{
    "generation": 0,
    "id": "g63qviza-u6bg-5kvh-85fe-tylj0bzhycl6",
    "individuals": [
      {
        "fitness": 0,
        "expressions": {
          "r": "auh(x,(0.50102323*y))",
          "b": "auh(x,(y*x))",
          "g": "auh(x,(y*x))"
        }
      },
      {
        "fitness": 0,
        "expressions": {
          "r": "(0.8902815+x)",
          "b": "(0.353216+0.86312914)",
          "g": "(y+x)"
        }
      },
      {
        "fitness": 0,
        "expressions": {
          "r": "(x+y)",
          "b": "(y+y)",
          "g": "(0.827609+y)"
        }
      },
      {
        "fitness": 0,
        "expressions": {
          "r": "(tan(cos(x))-tan(pow(x,y)))",
          "b": "(tan(cos(x))-tan(pow(x,0.7734575)))",
          "g": "(tan(cos(x))-tan(pow(0.24525815,x)))"
        }
      },
      {
        "fitness": 0,
        "expressions": {
          "r": "auh(var(auh(y,x)),tan((y-y)))",
          "b": "auh(var(auh(x,0.58743024)),tan((y-y)))",
          "g": "auh(var(auh(x,y)),tan((0.41421622-y)))"
        }
      },
      {
        "fitness": 0,
        "expressions": {
          "r": "(x+x)",
          "b": "(x+y)",
          "g": "(y+x)"
        }
      },
      {
        "fitness": 0,
        "expressions": {
          "r": "(0.55528+0.45817798)",
          "b": "(y+x)",
          "g": "(x+0.10373211)"
        }
      },
      {
        "fitness": 0,
        "expressions": {
          "r": "cos(x)",
          "b": "cos(x)",
          "g": "cos(0.65134656)"
        }
      },
      {
        "fitness": 0,
        "expressions": {
          "r": "(0.838983+0.6714104)",
          "b": "(0.13297337+y)",
          "g": "(y+y)"
        }
      },
      {
        "fitness": 0,
        "expressions": {
          "r": "auh(0.46599072,var(y))",
          "b": "auh(0.06343943,var(0.40721548))",
          "g": "auh(x,var(0.64538616))"
        }
      },
      {
        "fitness": 0,
        "expressions": {
          "r": "(x+y)",
          "b": "(x+x)",
          "g": "(0.81823504+x)"
        }
      },
      {
        "fitness": 0,
        "expressions": {
          "r": "(x+0.8602123)",
          "b": "(0.31546015+0.91056526)",
          "g": "(x+y)"
        }
      },
      {
        "fitness": 0,
        "expressions": {
          "r": "pow(0.68566275,(min(x,x)+var(y)))",
          "b": "pow(y,(min(0.06709814,y)+var(x)))",
          "g": "pow(0.6903432,(min(x,y)+var(y)))"
        }
      },
      {
        "fitness": 0,
        "expressions": {
          "r": "(x+0.3163256)",
          "b": "(x+x)",
          "g": "(0.07056123+0.57674396)"
        }
      },
      {
        "fitness": 0,
        "expressions": {
          "r": "auh(0.747247,0.4978704)",
          "b": "auh(y,y)",
          "g": "auh(0.90117395,0.72485)"
        }
      },
      {
        "fitness": 0,
        "expressions": {
          "r": "aul((max(0.114266396,0.28655648)-x),y)",
          "b": "aul((max(y,0.09317154)-0.023790479),0.33673972)",
          "g": "aul((max(y,y)-y),x)"
        }
      },
      {
        "fitness": 0,
        "expressions": {
          "r": "(x+y)",
          "b": "(x+y)",
          "g": "(x+y)"
        }
      },
      {
        "fitness": 0,
        "expressions": {
          "r": "(x+x)",
          "b": "(y+x)",
          "g": "(y+0.4679441)"
        }
      }
    ],
    "timestamp": "23h:1m:45s"
  }],
  "timestamp": "2024-07-24-23-01-41"
}