{
  "id": "jo711pqa-t0ed-o51m-eyaw-9z9q18od3zmn",
  "parameters": {
    "crossoverRate": 0.30000001192092896,
    "eliteSize": 2,
    "tournamentSize": 3,
    "mutationRate": 0.8999999761581421,
    "populationSize": 10
  },
  "populations": [{
    "generation": 0,
    "id": "qcm4fuqf-o1mk-uqxy-ey89-ewjso948awe7",
    "individuals": [
      {
        "fitness": 0,
        "expressions": {
          "r": "pow((aud(y,x)-x),auh(tan(0.8775537),x))",
          "b": "pow((aud(x,y)-x),auh(tan(0.4877844),y))",
          "g": "pow((aud(y,x)-y),auh(tan(0.18536961),y))"
        }
      },
      {
        "fitness": 0,
        "expressions": {
          "r": "sin(auh(0.2542854,y))",
          "b": "sin(auh(0.9437837,y))",
          "g": "sin(auh(y,0.05042553))"
        }
      },
      {
        "fitness": 0,
        "expressions": {
          "r": "(x+x)",
          "b": "(y+x)",
          "g": "(x+y)"
        }
      },
      {
        "fitness": 0,
        "expressions": {
          "r": "min(0.13159937,y)",
          "b": "min(0.19901687,0.67723614)",
          "g": "min(y,x)"
        }
      },
      {
        "fitness": 0,
        "expressions": {
          "r": "pow(auh(max(y,0.1587553),aul(y,x)),0.010560751)",
          "b": "pow(auh(max(0.7087807,y),aul(0.30745894,y)),0.2527703)",
          "g": "pow(auh(max(x,y),aul(0.3842563,x)),0.33299625)"
        }
      },
      {
        "fitness": 0,
        "expressions": {
          "r": "(y+y)",
          "b": "(y+x)",
          "g": "(y+x)"
        }
      },
      {
        "fitness": 0,
        "expressions": {
          "r": "(0.5752623+y)",
          "b": "(0.6809299+y)",
          "g": "(x+y)"
        }
      },
      {
        "fitness": 0,
        "expressions": {
          "r": "(x+x)",
          "b": "(x+x)",
          "g": "(0.61119246+y)"
        }
      },
      {
        "fitness": 0,
        "expressions": {
          "r": "(aud(y,(x/x))-var(y))",
          "b": "(aud(y,(0.7614187/x))-var(x))",
          "g": "(aud(0.5839003,(x/0.7415557))-var(x))"
        }
      },
      {
        "fitness": 0,
        "expressions": {
          "r": "tan(0.33454657)",
          "b": "tan(0.8688471)",
          "g": "tan(x)"
        }
      },
      {
        "fitness": 0,
        "expressions": {
          "r": "(x+0.7476325)",
          "b": "(0.006789744+0.6210576)",
          "g": "(0.8307064+y)"
        }
      },
      {
        "fitness": 0,
        "expressions": {
          "r": "(0.16055739+y)",
          "b": "(0.9581963+y)",
          "g": "(0.88114893+x)"
        }
      },
      {
        "fitness": 0,
        "expressions": {
          "r": "((min(y,0.636012)+y)+(min(y,x)*x))",
          "b": "((min(0.19444603,x)+0.19911575)+(min(x,x)*x))",
          "g": "((min(y,y)+0.14799964)+(min(0.95591694,y)*y))"
        }
      },
      {
        "fitness": 0,
        "expressions": {
          "r": "(x+y)",
          "b": "(x+x)",
          "g": "(0.99718773+x)"
        }
      },
      {
        "fitness": 0,
        "expressions": {
          "r": "aud(0.82226515,0.7590503)",
          "b": "aud(0.14989936,0.09806371)",
          "g": "aud(x,y)"
        }
      },
      {
        "fitness": 0,
        "expressions": {
          "r": "(y+0.24022365)",
          "b": "(x+0.9418262)",
          "g": "(x+y)"
        }
      },
      {
        "fitness": 0,
        "expressions": {
          "r": "(tan((0.7234193/x))-cos(aud(0.17949843,x)))",
          "b": "(tan((0.22277838/0.45873213))-cos(aud(x,y)))",
          "g": "(tan((y/y))-cos(aud(x,x)))"
        }
      },
      {
        "fitness": 0,
        "expressions": {
          "r": "(x/0.46250385)",
          "b": "(y/y)",
          "g": "(x/y)"
        }
      }
    ],
    "timestamp": "17h:26m:23s"
  }],
  "timestamp": "2024-07-04-17-26-21"
}