{
  "id": "jt2i8vak-3cf1-1no4-04sw-8r5x62nte7n5",
  "parameters": {
    "crossoverRate": 0.30000001192092896,
    "eliteSize": 2,
    "tournamentSize": 3,
    "mutationRate": 0.8999999761581421,
    "populationSize": 10
  },
  "populations": [{
    "generation": 0,
    "id": "jgn5umhu-j6u6-oumz-ahbz-1agjhx23xlyb",
    "individuals": [
      {
        "fitness": 0,
        "expressions": {
          "r": "cos(0.13171756)",
          "b": "cos(0.87037575)",
          "g": "cos(0.82434386)"
        }
      },
      {
        "fitness": 0,
        "expressions": {
          "r": "(x+y)",
          "b": "(0.19398308+y)",
          "g": "(x+0.16035426)"
        }
      },
      {
        "fitness": 0,
        "expressions": {
          "r": "(y*0.70051)",
          "b": "(0.1851021*x)",
          "g": "(x*y)"
        }
      },
      {
        "fitness": 0,
        "expressions": {
          "r": "sin(cos(auh(y,x)))",
          "b": "sin(cos(auh(y,0.087340415)))",
          "g": "sin(cos(auh(y,x)))"
        }
      },
      {
        "fitness": 0,
        "expressions": {
          "r": "(0.2057088+0.012637496)",
          "b": "(y+x)",
          "g": "(y+y)"
        }
      },
      {
        "fitness": 0,
        "expressions": {
          "r": "(y/(y+max(0.119321465,0.76137954)))",
          "b": "(0.41589063/(0.17843074+max(x,y)))",
          "g": "(0.41802245/(0.17212522+max(y,x)))"
        }
      },
      {
        "fitness": 0,
        "expressions": {
          "r": "aul(x,(auh(x,0.34861618)/var(y)))",
          "b": "aul(x,(auh(x,0.2758938)/var(0.28647673)))",
          "g": "aul(0.44084662,(auh(x,0.27872515)/var(y)))"
        }
      },
      {
        "fitness": 0,
        "expressions": {
          "r": "max(auh(tan(y),0.21759939),0.10297555)",
          "b": "max(auh(tan(x),y),x)",
          "g": "max(auh(tan(y),y),x)"
        }
      },
      {
        "fitness": 0,
        "expressions": {
          "r": "(x+y)",
          "b": "(0.48699474+0.88180465)",
          "g": "(y+x)"
        }
      },
      {
        "fitness": 0,
        "expressions": {
          "r": "(y+x)",
          "b": "(y+0.5792484)",
          "g": "(y+0.1020146)"
        }
      },
      {
        "fitness": 0,
        "expressions": {
          "r": "tan(y)",
          "b": "tan(x)",
          "g": "tan(y)"
        }
      },
      {
        "fitness": 0,
        "expressions": {
          "r": "(y+x)",
          "b": "(x+x)",
          "g": "(0.46100414+x)"
        }
      },
      {
        "fitness": 0,
        "expressions": {
          "r": "max(y,max(y,x))",
          "b": "max(y,max(x,0.34442014))",
          "g": "max(0.92789465,max(x,x))"
        }
      },
      {
        "fitness": 0,
        "expressions": {
          "r": "max(y,(y+0.35738146))",
          "b": "max(x,(y+y))",
          "g": "max(0.74970907,(x+y))"
        }
      },
      {
        "fitness": 0,
        "expressions": {
          "r": "auh(((y*x)-x),min(0.36074513,y))",
          "b": "auh(((x*0.49712473)-0.9587002),min(x,x))",
          "g": "auh(((0.774291*y)-x),min(x,0.47684473))"
        }
      },
      {
        "fitness": 0,
        "expressions": {
          "r": "(x+0.13481927)",
          "b": "(x+x)",
          "g": "(x+y)"
        }
      },
      {
        "fitness": 0,
        "expressions": {
          "r": "(0.63068587/y)",
          "b": "(y/0.89503455)",
          "g": "(y/x)"
        }
      },
      {
        "fitness": 0,
        "expressions": {
          "r": "(y-x)",
          "b": "(y-x)",
          "g": "(y-0.8884349)"
        }
      }
    ],
    "timestamp": "23h:0m:30s"
  }],
  "timestamp": "2024-07-03-23-00-27"
}