{
  "id": "jtf0u47f-afds-sq8f-w5op-cxwu57iqsrmy",
  "parameters": {
    "crossoverRate": 0.30000001192092896,
    "eliteSize": 2,
    "tournamentSize": 3,
    "mutationRate": 0.8999999761581421,
    "populationSize": 10
  },
  "populations": [
    {
      "generation": 0,
      "id": "r482b27a-iy29-06s9-ez12-h6t1ug2q4i4f",
      "individuals": [
        {
          "fitness": 0,
          "expressions": {
            "r": "(y+0.0793249)",
            "b": "(x+0.10577917)",
            "g": "(0.53659827+x)"
          }
        },
        {
          "fitness": 0,
          "expressions": {
            "r": "(x+x)",
            "b": "(0.97060025+0.60669065)",
            "g": "(y+x)"
          }
        },
        {
          "fitness": 0,
          "expressions": {
            "r": "sin(x)",
            "b": "sin(0.6032662)",
            "g": "sin(x)"
          }
        },
        {
          "fitness": 0,
          "expressions": {
            "r": "(0.42649573+0.35415083)",
            "b": "(0.97559667+0.89581776)",
            "g": "(y+x)"
          }
        },
        {
          "fitness": 0,
          "expressions": {
            "r": "(y+0.30464906)",
            "b": "(0.3823185+0.32442427)",
            "g": "(y+0.5171179)"
          }
        },
        {
          "fitness": 0,
          "expressions": {
            "r": "(y+0.8511182)",
            "b": "(x+0.7034637)",
            "g": "(y+x)"
          }
        },
        {
          "fitness": 0,
          "expressions": {
            "r": "(0.47299558*y)",
            "b": "(x*x)",
            "g": "(0.40113044*y)"
          }
        },
        {
          "fitness": 0,
          "expressions": {
            "r": "(cos(max(0.7382798,x))*0.9768537)",
            "b": "(cos(max(y,x))*y)",
            "g": "(cos(max(0.98288405,y))*0.63884515)"
          }
        },
        {
          "fitness": 0,
          "expressions": {
            "r": "(x+y)",
            "b": "(x+0.37760013)",
            "g": "(y+y)"
          }
        },
        {
          "fitness": 0,
          "expressions": {
            "r": "aul(pow(x,y),auh(x,tan(y)))",
            "b": "aul(pow(y,0.68627965),auh(0.2433554,tan(0.15472734)))",
            "g": "aul(pow(x,y),auh(0.95122755,tan(y)))"
          }
        },
        {
          "fitness": 0,
          "expressions": {
            "r": "sin(x)",
            "b": "sin(0.34338963)",
            "g": "sin(0.2160024)"
          }
        },
        {
          "fitness": 0,
          "expressions": {
            "r": "(0.024738908+x)",
            "b": "(y+0.70305437)",
            "g": "(x+0.9119271)"
          }
        },
        {
          "fitness": 0,
          "expressions": {
            "r": "(0.1064626+0.8369111)",
            "b": "(x+x)",
            "g": "(x+0.7150258)"
          }
        },
        {
          "fitness": 0,
          "expressions": {
            "r": "(x+x)",
            "b": "(x+y)",
            "g": "(x+y)"
          }
        },
        {
          "fitness": 0,
          "expressions": {
            "r": "var(y)",
            "b": "var(0.64011115)",
            "g": "var(x)"
          }
        },
        {
          "fitness": 0,
          "expressions": {
            "r": "(x+y)",
            "b": "(y+y)",
            "g": "(x+y)"
          }
        },
        {
          "fitness": 0,
          "expressions": {
            "r": "(min(min(y,0.45190376),cos(y))*(y+(y*0.106768906)))",
            "b": "(min(min(x,x),cos(y))*(y+(0.50207305*y)))",
            "g": "(min(min(0.54596186,y),cos(y))*(x+(y*0.34547925)))"
          }
        },
        {
          "fitness": 0,
          "expressions": {
            "r": "(0.10718268+x)",
            "b": "(y+x)",
            "g": "(x+y)"
          }
        }
      ],
      "timestamp": "0h:16m:32s"
    },
    {
      "generation": 1,
      "ascendantID": "r482b27a-iy29-06s9-ez12-h6t1ug2q4i4f",
      "id": "3kqkdjq4-1uqk-2fje-p1nk-5nrl3w588fpt",
      "individuals": [
        {
          "fitness": 0,
          "expressions": {
            "r": "(y+0.0793249)",
            "b": "(x+0.10577917)",
            "g": "(0.53659827+x)"
          }
        },
        {
          "fitness": 0,
          "expressions": {
            "r": "sin(x)",
            "b": "sin(0.5982276)",
            "g": "sin(x)"
          }
        },
        {
          "fitness": 0,
          "expressions": {
            "r": "(cos(max(0.7382798,(x+x)))*0.9768537)",
            "b": "(cos(max(y,(x+y)))*y)",
            "g": "(cos(max(0.98288405,(0.6771351+y)))*0.63884515)"
          }
        },
        {
          "fitness": 0,
          "expressions": {
            "r": "(y+0.30464906)",
            "b": "(0.3823185+0.32442427)",
            "g": "(y+0.5171179)"
          }
        },
        {
          "fitness": 0,
          "expressions": {
            "r": "(0.42649573+0.35415083)",
            "b": "(0.97559667+0.9769644)",
            "g": "(y+x)"
          }
        },
        {
          "fitness": 0,
          "expressions": {
            "r": "(0.024738908+x)",
            "b": "(y+0.70305437)",
            "g": "(x+0.9119271)"
          }
        },
        {
          "fitness": 0,
          "expressions": {
            "r": "(min(pow(y,0.45190376),cos(y))-(y+(y*0.106768906)))",
            "b": "(min(pow(x,x),cos(y))-(y+(0.50207305*y)))",
            "g": "(min(pow(0.54596186,y),cos(y))-(x+(y*0.34547925)))"
          }
        },
        {
          "fitness": 0,
          "expressions": {
            "r": "(min(pow(y,0.45190376),cos(y))*(y+(y*0.106768906)))",
            "b": "(min(pow(x,x),cos(y))*(y+(0.50207305*y)))",
            "g": "(min(pow(0.54596186,y),cos(y))*(x+(y*0.34547925)))"
          }
        },
        {
          "fitness": 0,
          "expressions": {
            "r": "aul(min(x,y),auh(x,tan(auh(y,0.0))))",
            "b": "aul(min(y,0.68627965),auh(0.2433554,tan(auh(y,0.0))))",
            "g": "aul(min(x,y),auh(0.95122755,tan(auh(0.052461326,0.0))))"
          }
        },
        {
          "fitness": 0,
          "expressions": {
            "r": "(x+x)",
            "b": "(x+y)",
            "g": "(x+y)"
          }
        },
        {
          "fitness": 0,
          "expressions": {
            "r": "(x+x)",
            "b": "(x+y)",
            "g": "(x+y)"
          }
        },
        {
          "fitness": 0,
          "expressions": {
            "r": "aul(pow(x,y),aul(x,tan(y)))",
            "b": "aul(pow(y,0.68627965),aul(0.0,tan(0.15472734)))",
            "g": "aul(pow(x,y),aul(x,tan(y)))"
          }
        },
        {
          "fitness": 0,
          "expressions": {
            "r": "(x+y)",
            "b": "(y+0.37760013)",
            "g": "(y+y)"
          }
        },
        {
          "fitness": 0,
          "expressions": {
            "r": "(x+x)",
            "b": "(x+y)",
            "g": "(x+y)"
          }
        },
        {
          "fitness": 0,
          "expressions": {
            "r": "aul(pow(x,y),aul(x,tan(y)))",
            "b": "aul(pow(y,0.68627965),aul(0.2433554,tan(0.0)))",
            "g": "aul(pow(x,y),aul(0.95122755,tan(y)))"
          }
        },
        {
          "fitness": 0,
          "expressions": {
            "r": "(min(auh(y,0.45190376),cos(y))*(y+(y*y)))",
            "b": "(min(auh(x,0.8753917),cos(y))*(y+(0.50207305*x)))",
            "g": "(min(auh(0.54596186,x),cos(y))*(x+(y*x)))"
          }
        },
        {
          "fitness": 0,
          "expressions": {
            "r": "((y+0.0)+x)",
            "b": "((x+0.10577917)+x)",
            "g": "((0.53659827+x)+y)"
          }
        },
        {
          "fitness": 0,
          "expressions": {
            "r": "((auh(x,y)-(0.67175514+0.08304781))+0.84104264)",
            "b": "((auh(0.49869418,x)-(y+y))+x)",
            "g": "((auh(x,y)-(x+x))+0.7150258)"
          }
        }
      ],
      "timestamp": "0h:16m:33s"
    },
    {
      "generation": 2,
      "ascendantID": "3kqkdjq4-1uqk-2fje-p1nk-5nrl3w588fpt",
      "id": "4v7oz6r9-7j5s-db03-agnf-izsj711piz84",
      "individuals": [
        {
          "fitness": 0,
          "expressions": {
            "r": "(y+0.0793249)",
            "b": "(x+0.10577917)",
            "g": "(0.53659827+x)"
          }
        },
        {
          "fitness": 0,
          "expressions": {
            "r": "(min(pow(y,0.46094808),tan(y))-(y+(y-0.0)))",
            "b": "(min(pow(x,x),tan(y))-(y+(0.50207305-y)))",
            "g": "(min(pow(0.54596186,y),tan(y))-(x+(y-0.34547925)))"
          }
        },
        {
          "fitness": 0,
          "expressions": {
            "r": "(min(min(y,0.6206486),cos(y))-(y+(y*0.106768906)))",
            "b": "(min(min(x,x),cos(y))-(y+(0.50207305*y)))",
            "g": "(min(min(0.54596186,y),cos(y))-(x+(y*0.34547925)))"
          }
        },
        {
          "fitness": 0,
          "expressions": {
            "r": "((y+0.0)+x)",
            "b": "((x+0.10577917)+x)",
            "g": "((0.4081651+x)+y)"
          }
        },
        {
          "fitness": 0,
          "expressions": {
            "r": "(0.024738908+x)",
            "b": "(y+0.9536897)",
            "g": "(x+0.9119271)"
          }
        },
        {
          "fitness": 0,
          "expressions": {
            "r": "(x+x)",
            "b": "(x+y)",
            "g": "(x+y)"
          }
        },
        {
          "fitness": 0,
          "expressions": {
            "r": "(min(pow(y,0.31606883),tan(y))-(y+(y-0.106768906)))",
            "b": "(min(pow(x,x),tan(y))-(y+(0.50207305-y)))",
            "g": "(min(pow(0.54596186,y),tan(y))-(x+(y-0.22091568)))"
          }
        },
        {
          "fitness": 0,
          "expressions": {
            "r": "aul(pow(x,y),aul(x,y))",
            "b": "aul(pow(y,0.68627965),aul(0.0,y))",
            "g": "aul(pow(x,y),aul(x,y))"
          }
        },
        {
          "fitness": 0,
          "expressions": {
            "r": "(x+x)",
            "b": "(x+y)",
            "g": "(x+y)"
          }
        },
        {
          "fitness": 0,
          "expressions": {
            "r": "((y+0.0)+x)",
            "b": "((x+0.10577917)+x)",
            "g": "((0.53659827+x)+y)"
          }
        },
        {
          "fitness": 0,
          "expressions": {
            "r": "((y+0.0)+x)",
            "b": "((x+0.10577917)+x)",
            "g": "((0.53659827+x)+y)"
          }
        },
        {
          "fitness": 0,
          "expressions": {
            "r": "(x+x)",
            "b": "(x+y)",
            "g": "(x+y)"
          }
        },
        {
          "fitness": 0,
          "expressions": {
            "r": "(sin(max(x,(x+x)))*0.86044574)",
            "b": "(sin(max(0.70305437,(x+y)))*y)",
            "g": "(sin(max(0.9119271,(0.6771351+y)))*0.63884515)"
          }
        },
        {
          "fitness": 0,
          "expressions": {
            "r": "(x+y)",
            "b": "(y+x)",
            "g": "(y+y)"
          }
        },
        {
          "fitness": 0,
          "expressions": {
            "r": "(x+x)",
            "b": "(x+y)",
            "g": "(x+y)"
          }
        },
        {
          "fitness": 0,
          "expressions": {
            "r": "(pow(auh(y,0.45190376),cos(x))*(y+(y*y)))",
            "b": "(pow(auh(x,0.8753917),cos(y))*(y+(0.50207305*x)))",
            "g": "(pow(auh(0.54596186,x),cos(y))*(x+(y*x)))"
          }
        },
        {
          "fitness": 0,
          "expressions": {
            "r": "(y+0.30464906)",
            "b": "(0.3823185+0.32442427)",
            "g": "(y+0.5171179)"
          }
        },
        {
          "fitness": 0,
          "expressions": {
            "r": "aud(pow(x,y),auh(x,cos(y)))",
            "b": "aud(pow(x,0.68627965),auh(0.2433554,cos(0.0)))",
            "g": "aud(pow(x,y),auh(0.95122755,cos(y)))"
          }
        }
      ],
      "timestamp": "0h:16m:34s"
    },
    {
      "generation": 3,
      "ascendantID": "4v7oz6r9-7j5s-db03-agnf-izsj711piz84",
      "id": "h68q3xgi-qfv7-at6m-f9vn-o461cvxou4sg",
      "individuals": [
        {
          "fitness": 0,
          "expressions": {
            "r": "(min(pow(y,0.46094808),tan(y))-(y+(y-0.0)))",
            "b": "(min(pow(x,x),tan(y))-(y+(0.50207305-y)))",
            "g": "(min(pow(0.54596186,y),tan(y))-(x+(y-0.34547925)))"
          }
        },
        {
          "fitness": 0,
          "expressions": {
            "r": "(x+x)",
            "b": "(x+y)",
            "g": "(y+y)"
          }
        },
        {
          "fitness": 0,
          "expressions": {
            "r": "(max(aul(y,0.45190376),tan(x))*(y+(y*y)))",
            "b": "(max(aul(x,0.8753917),tan(y))*(y+(0.50207305*0.80083275)))",
            "g": "(max(aul(0.73259866,x),tan(y))*(x+(y*x)))"
          }
        },
        {
          "fitness": 0,
          "expressions": {
            "r": "(min(min(y,0.69459283),sin(y))-(sin(max(x,0.0))*0.86044574))",
            "b": "(min(min(x,x),sin(y))-(sin(max(0.48455366,0.0))*y))",
            "g": "(min(min(0.54596186,y),sin(y))-(sin(max(0.9119271,0.0))*0.63884515))"
          }
        },
        {
          "fitness": 0,
          "expressions": {
            "r": "aul(pow(x,y),max(x,y))",
            "b": "aul(pow(y,0.68627965),max(0.0,y))",
            "g": "aul(pow(x,y),max(x,y))"
          }
        },
        {
          "fitness": 0,
          "expressions": {
            "r": "(min(pow(y,0.46094808),tan(y))-(y-(y*0.0)))",
            "b": "(min(pow(x,x),tan(y))-(y-(0.50207305*y)))",
            "g": "(min(pow(0.54596186,x),tan(y))-(x-(y*0.34547925)))"
          }
        },
        {
          "fitness": 0,
          "expressions": {
            "r": "(min(min(y,0.33192235),tan(y))-(y+(y*auh(0.0,0.0))))",
            "b": "(min(min(x,x),tan(y))-(y+(0.50207305*auh(0.0,0.0))))",
            "g": "(min(min(0.54596186,y),tan(y))-(x+(y*auh(0.0,0.0))))"
          }
        },
        {
          "fitness": 0,
          "expressions": {
            "r": "(var(0.9514743)+x)",
            "b": "(var(0.63349646)+y)",
            "g": "(var(y)+y)"
          }
        },
        {
          "fitness": 0,
          "expressions": {
            "r": "(pow(y,cos(x))*(y+(aul(y,0.0)-y)))",
            "b": "(pow(x,cos(y))*(y+(aul(0.8636241,0.0)-x)))",
            "g": "(pow(y,cos(y))*(x+(aul(y,0.0)-x)))"
          }
        },
        {
          "fitness": 0,
          "expressions": {
            "r": "(min(pow(y,y),tan(y))-(y+(y-0.0)))",
            "b": "(min(pow(x,0.21308148),tan(y))-(y+(0.50207305-y)))",
            "g": "(min(pow(0.54596186,x),tan(y))-(x+(y-0.34547925)))"
          }
        },
        {
          "fitness": 0,
          "expressions": {
            "r": "((y+0.0793249)+x)",
            "b": "((x+0.10577917)+x)",
            "g": "((0.4081651+x)+y)"
          }
        },
        {
          "fitness": 0,
          "expressions": {
            "r": "(x+0.30464906)",
            "b": "(y+0.32442427)",
            "g": "(y+0.5171179)"
          }
        },
        {
          "fitness": 0,
          "expressions": {
            "r": "(pow(x,y)+0.0793249)",
            "b": "(pow(y,0.68627965)+0.10577917)",
            "g": "(pow(x,y)+x)"
          }
        },
        {
          "fitness": 0,
          "expressions": {
            "r": "(x+x)",
            "b": "(x+y)",
            "g": "(x+y)"
          }
        },
        {
          "fitness": 0,
          "expressions": {
            "r": "(0.024738908+sin(aud(aud(x,y),0.51435006)))",
            "b": "(y+sin(aud(aud(y,0.92952365),y)))",
            "g": "(x+sin(aud(aud(y,y),x)))"
          }
        },
        {
          "fitness": 0,
          "expressions": {
            "r": "(sin(sin(0.24283254))+x)",
            "b": "(sin(sin(y))+0.9536897)",
            "g": "(sin(sin(0.8046364))+0.9119271)"
          }
        },
        {
          "fitness": 0,
          "expressions": {
            "r": "(x+x)",
            "b": "(x+y)",
            "g": "(x+y)"
          }
        },
        {
          "fitness": 0,
          "expressions": {
            "r": "((x+x)+x)",
            "b": "((y+y)+x)",
            "g": "((0.65801406+y)+y)"
          }
        }
      ],
      "timestamp": "0h:16m:38s"
    }
  ],
  "timestamp": "2024-07-23-00-16-30"
}