{
  "id": "juswhrwq-fxt3-kve8-fetw-p05rko8wt4bn",
  "parameters": {
    "crossoverRate": 0.30000001192092896,
    "eliteSize": 2,
    "tournamentSize": 3,
    "mutationRate": 0.8999999761581421,
    "populationSize": 10
  },
  "populations": [{
    "generation": 0,
    "id": "zhdu75eq-hkf3-21oj-2hx2-n4x3zjdpdhtw",
    "individuals": [
      {
        "fitness": 0,
        "expressions": {
          "r": "(sin(max(x,0.2461018))-x)",
          "b": "(sin(max(y,x))-0.8776957)",
          "g": "(sin(max(x,0.3873564))-y)"
        }
      },
      {
        "fitness": 0,
        "expressions": {
          "r": "aul(tan(x),y)",
          "b": "aul(tan(y),x)",
          "g": "aul(tan(0.718773),x)"
        }
      },
      {
        "fitness": 0,
        "expressions": {
          "r": "aul(0.50417644,min(aud(x,0.30481428),auh(0.8521832,x)))",
          "b": "aul(0.8115029,min(aud(y,x),auh(0.21116817,x)))",
          "g": "aul(x,min(aud(x,0.45225388),auh(x,0.42346305)))"
        }
      },
      {
        "fitness": 0,
        "expressions": {
          "r": "var(x)",
          "b": "var(x)",
          "g": "var(0.85252637)"
        }
      },
      {
        "fitness": 0,
        "expressions": {
          "r": "pow(0.14849496,min(y,min(x,x)))",
          "b": "pow(0.13173956,min(y,min(y,y)))",
          "g": "pow(0.8749323,min(x,min(y,0.9544353)))"
        }
      },
      {
        "fitness": 0,
        "expressions": {
          "r": "var(x)",
          "b": "var(0.68186885)",
          "g": "var(y)"
        }
      },
      {
        "fitness": 0,
        "expressions": {
          "r": "(y+0.1157915)",
          "b": "(0.28168738+0.041475892)",
          "g": "(y+y)"
        }
      },
      {
        "fitness": 0,
        "expressions": {
          "r": "pow(x,min((0.6685011*x),var(x)))",
          "b": "pow(x,min((y*0.24253142),var(x)))",
          "g": "pow(y,min((y*0.38458246),var(y)))"
        }
      },
      {
        "fitness": 0,
        "expressions": {
          "r": "(0.09457022+y)",
          "b": "(y+0.39360774)",
          "g": "(0.8083534+y)"
        }
      },
      {
        "fitness": 0,
        "expressions": {
          "r": "cos(x)",
          "b": "cos(0.799726)",
          "g": "cos(x)"
        }
      },
      {
        "fitness": 0,
        "expressions": {
          "r": "(0.8558965+0.8917206)",
          "b": "(y+0.4457867)",
          "g": "(y+y)"
        }
      },
      {
        "fitness": 0,
        "expressions": {
          "r": "tan((x-0.9199818))",
          "b": "tan((x-x))",
          "g": "tan((0.6250055-y))"
        }
      },
      {
        "fitness": 0,
        "expressions": {
          "r": "(0.17511374+x)",
          "b": "(y+0.5677255)",
          "g": "(y+0.7994097)"
        }
      },
      {
        "fitness": 0,
        "expressions": {
          "r": "(x+x)",
          "b": "(y+0.19385397)",
          "g": "(x+x)"
        }
      },
      {
        "fitness": 0,
        "expressions": {
          "r": "(0.6979045+0.8508017)",
          "b": "(x+y)",
          "g": "(0.5884375+0.7182205)"
        }
      },
      {
        "fitness": 0,
        "expressions": {
          "r": "(y+0.2013622)",
          "b": "(0.076381445+0.9333962)",
          "g": "(x+y)"
        }
      },
      {
        "fitness": 0,
        "expressions": {
          "r": "((0.05626166-(0.14506495+y))+aul(tan(y),pow(y,x)))",
          "b": "((x-(y+0.004366994))+aul(tan(0.81659836),pow(y,x)))",
          "g": "((0.099475086-(0.31722683+0.3605554))+aul(tan(x),pow(x,0.13960272)))"
        }
      },
      {
        "fitness": 0,
        "expressions": {
          "r": "(x/y)",
          "b": "(0.37120646/x)",
          "g": "(0.11219734/0.14451599)"
        }
      }
    ],
    "timestamp": "23h:18m:45s"
  }],
  "timestamp": "2024-07-24-23-18-40"
}