{
  "id": "k012m9rq-q3ka-cdla-997w-458kj2xwjwb3",
  "parameters": {
    "crossoverRate": 0.30000001192092896,
    "eliteSize": 2,
    "tournamentSize": 3,
    "mutationRate": 0.8999999761581421,
    "populationSize": 10
  },
  "populations": [{
    "generation": 0,
    "id": "4zntxnkp-dnwj-1m7r-d7nl-jj837rz089u5",
    "individuals": [
      {
        "fitness": 0,
        "expressions": {
          "r": "aud(aud(x,add(var(mul(min(mul(max(sub(aud(tan(0.8626685),min(y,x)),cos(0.76693887)),var(div(tan(var(tan(cos(y)))),max(aul(cos(sin(x)),min(sub(0.44589794,y),y)),x)))),div(sin(pow(0.50701207,0.9336437)),x)),max(y,aud(y,0.18377781))),x)),0.9961717)),tan(min(y,tan(0.9343064))))",
          "b": "aud(aud(y,add(var(mul(min(mul(max(sub(aud(tan(0.6255394),min(0.92801857,x)),cos(y)),var(div(tan(var(tan(cos(y)))),max(aul(cos(sin(y)),min(sub(y,0.71647614),0.13822979)),y)))),div(sin(pow(y,x)),0.42988497)),max(y,aud(y,0.41690898))),y)),x)),tan(min(y,tan(y))))",
          "g": "aud(aud(x,add(var(mul(min(mul(max(sub(aud(tan(x),min(0.42553675,y)),cos(0.6763462)),var(div(tan(var(tan(cos(0.2599039)))),max(aul(cos(sin(y)),min(sub(y,0.45416933),x)),0.340802)))),div(sin(pow(y,0.20887095)),x)),max(y,aud(x,x))),y)),x)),tan(min(y,tan(x))))"
        }
      },
      {
        "fitness": 0,
        "expressions": {
          "r": "pow(0.8238369,sin(max(y,y)))",
          "b": "pow(y,sin(max(0.11638373,y)))",
          "g": "pow(x,sin(max(0.62601024,y)))"
        }
      },
      {
        "fitness": 0,
        "expressions": {
          "r": "add(x,0.82066584)",
          "b": "add(x,x)",
          "g": "add(x,0.97368515)"
        }
      },
      {
        "fitness": 0,
        "expressions": {
          "r": "add(y,x)",
          "b": "add(0.86953264,y)",
          "g": "add(y,0.21994704)"
        }
      },
      {
        "fitness": 0,
        "expressions": {
          "r": "add(y,0.7955906)",
          "b": "add(0.66833246,0.0097965)",
          "g": "add(x,0.8185955)"
        }
      },
      {
        "fitness": 0,
        "expressions": {
          "r": "add(0.24731916,0.022203863)",
          "b": "add(y,0.8712475)",
          "g": "add(0.18602496,0.21754503)"
        }
      },
      {
        "fitness": 0,
        "expressions": {
          "r": "max(x,div(0.2967437,min(div(var(0.2744009),0.23371178),0.9104939)))",
          "b": "max(x,div(y,min(div(var(x),x),0.37710392)))",
          "g": "max(0.6889728,div(y,min(div(var(x),0.577304),y)))"
        }
      },
      {
        "fitness": 0,
        "expressions": {
          "r": "add(y,y)",
          "b": "add(y,0.21317571)",
          "g": "add(y,x)"
        }
      },
      {
        "fitness": 0,
        "expressions": {
          "r": "add(0.6430657,0.017204583)",
          "b": "add(y,x)",
          "g": "add(x,0.16481262)"
        }
      },
      {
        "fitness": 0,
        "expressions": {
          "r": "cos(aud(x,x))",
          "b": "cos(aud(x,0.9034354))",
          "g": "cos(aud(y,y))"
        }
      },
      {
        "fitness": 0,
        "expressions": {
          "r": "div(y,aul(mul(x,auh(0.6425516,aud(mul(max(sin(var(x)),tan(min(0.3518511,min(y,y)))),mul(y,x)),mul(0.43777138,x)))),x))",
          "b": "div(0.9025839,aul(mul(x,auh(y,aud(mul(max(sin(var(y)),tan(min(y,min(0.24268734,0.35292882)))),mul(0.3634869,0.2172972)),mul(0.6161111,0.78480595)))),y))",
          "g": "div(x,aul(mul(0.59603924,auh(x,aud(mul(max(sin(var(0.052451313)),tan(min(0.039538264,min(y,y)))),mul(x,y)),mul(x,y)))),0.9295909))"
        }
      },
      {
        "fitness": 0,
        "expressions": {
          "r": "auh(sub(var(0.6935102),y),var(x))",
          "b": "auh(sub(var(y),0.9461528),var(x))",
          "g": "auh(sub(var(x),0.69423133),var(x))"
        }
      },
      {
        "fitness": 0,
        "expressions": {
          "r": "add(x,y)",
          "b": "add(0.22129333,0.9428231)",
          "g": "add(x,y)"
        }
      },
      {
        "fitness": 0,
        "expressions": {
          "r": "add(0.69840574,x)",
          "b": "add(y,0.87670827)",
          "g": "add(y,x)"
        }
      },
      {
        "fitness": 0,
        "expressions": {
          "r": "sin(x)",
          "b": "sin(0.2070753)",
          "g": "sin(y)"
        }
      },
      {
        "fitness": 0,
        "expressions": {
          "r": "min(0.606946,min(y,0.99896765))",
          "b": "min(y,min(x,0.19084936))",
          "g": "min(x,min(x,y))"
        }
      },
      {
        "fitness": 0,
        "expressions": {
          "r": "add(y,y)",
          "b": "add(x,x)",
          "g": "add(0.58759457,0.10463601)"
        }
      },
      {
        "fitness": 0,
        "expressions": {
          "r": "pow(sin(0.49777937),auh(0.089770496,min(x,aud(0.83188677,sub(div(mul(aud(mul(cos(pow(x,pow(auh(max(x,0.6580399),sin(0.20490575)),0.111451685))),y),x),aud(y,0.08117384)),aul(x,x)),y)))))",
          "b": "pow(sin(0.4988941),auh(y,min(y,aud(x,sub(div(mul(aud(mul(cos(pow(x,pow(auh(max(0.032025754,y),sin(y)),0.10309607))),0.06478304),0.7528925),aud(0.61641884,y)),aul(y,0.5326486)),x)))))",
          "g": "pow(sin(0.02086562),auh(y,min(x,aud(0.9258678,sub(div(mul(aud(mul(cos(pow(x,pow(auh(max(0.9201293,x),sin(y)),0.0062556267))),0.8297283),y),aud(y,y)),aul(0.1783939,x)),y)))))"
        }
      }
    ],
    "timestamp": "1h:0m:30s"
  }],
  "timestamp": "2024-07-25-01-00-25"
}