{
  "id": "k3w9dm3r-o6wt-u5mj-k05s-mnoiz360py1j",
  "parameters": {
    "crossoverRate": 0.30000001192092896,
    "eliteSize": 2,
    "tournamentSize": 3,
    "mutationRate": 0.8999999761581421,
    "populationSize": 10
  },
  "populations": [{
    "generation": 0,
    "id": "n7qam1kx-wakh-scq8-8blt-dfk1z585z98t",
    "individuals": [
      {
        "fitness": 0,
        "expressions": {
          "r": "add(0.5979193,y)",
          "b": "add(0.12805438,x)",
          "g": "add(0.4260131,0.16608185)"
        }
      },
      {
        "fitness": 0,
        "expressions": {
          "r": "add(x,y)",
          "b": "add(y,x)",
          "g": "add(0.30273253,x)"
        }
      },
      {
        "fitness": 0,
        "expressions": {
          "r": "tan(y)",
          "b": "tan(y)",
          "g": "tan(x)"
        }
      },
      {
        "fitness": 0,
        "expressions": {
          "r": "add(y,y)",
          "b": "add(0.4385478,0.6321414)",
          "g": "add(0.66926533,y)"
        }
      },
      {
        "fitness": 0,
        "expressions": {
          "r": "add(0.2340197,x)",
          "b": "add(x,x)",
          "g": "add(x,x)"
        }
      },
      {
        "fitness": 0,
        "expressions": {
          "r": "add(0.55559546,0.87474257)",
          "b": "add(y,y)",
          "g": "add(0.4903897,y)"
        }
      },
      {
        "fitness": 0,
        "expressions": {
          "r": "add(x,y)",
          "b": "add(y,x)",
          "g": "add(y,0.16900814)"
        }
      },
      {
        "fitness": 0,
        "expressions": {
          "r": "add(0.47337556,0.9356146)",
          "b": "add(0.957562,x)",
          "g": "add(x,x)"
        }
      },
      {
        "fitness": 0,
        "expressions": {
          "r": "sin(cos(cos(min(0.78443724,cos(aul(x,0.63113075))))))",
          "b": "sin(cos(cos(min(x,cos(aul(y,y))))))",
          "g": "sin(cos(cos(min(0.035920143,cos(aul(y,x))))))"
        }
      },
      {
        "fitness": 0,
        "expressions": {
          "r": "min(cos(sin(0.113363385)),aul(y,y))",
          "b": "min(cos(sin(y)),aul(x,y))",
          "g": "min(cos(sin(x)),aul(0.91724503,y))"
        }
      },
      {
        "fitness": 0,
        "expressions": {
          "r": "max(var(mul(cos(y),0.29982144)),sin(mul(sin(add(0.003386557,0.8833621)),var(sub(sub(auh(var(0.3190289),0.7447393),y),aul(sub(cos(min(y,max(x,aul(add(mul(aud(min(x,mul(0.8474627,0.781691)),var(y)),0.76269096),pow(aul(sub(var(y),x),max(y,mul(y,x))),0.68040526)),y)))),sub(y,y)),div(mul(x,sin(max(var(div(0.1288333,y)),cos(x)))),max(auh(max(y,y),y),pow(aud(0.16410989,pow(0.81365097,y)),div(y,0.41847485))))))))))",
          "b": "max(var(mul(cos(y),x)),sin(mul(sin(add(y,0.83415127)),var(sub(sub(auh(var(x),x),y),aul(sub(cos(min(0.8670809,max(x,aul(add(mul(aud(min(0.24060452,mul(x,0.36680764)),var(x)),0.2313078),pow(aul(sub(var(x),x),max(0.8553661,mul(y,x))),x)),x)))),sub(0.016064823,y)),div(mul(y,sin(max(var(div(x,y)),cos(x)))),max(auh(max(x,0.6582243),0.3733887),pow(aud(0.64426446,pow(x,0.8354432)),div(y,0.81338346))))))))))",
          "g": "max(var(mul(cos(x),0.38219386)),sin(mul(sin(add(y,y)),var(sub(sub(auh(var(x),0.66695935),x),aul(sub(cos(min(x,max(0.95781755,aul(add(mul(aud(min(x,mul(x,y)),var(x)),x),pow(aul(sub(var(x),y),max(0.8442065,mul(x,y))),x)),x)))),sub(x,0.93896574)),div(mul(0.031373978,sin(max(var(div(y,x)),cos(0.5074239)))),max(auh(max(y,x),x),pow(aud(0.9830026,pow(y,x)),div(x,x))))))))))"
        }
      },
      {
        "fitness": 0,
        "expressions": {
          "r": "auh(x,y)",
          "b": "auh(0.77530503,x)",
          "g": "auh(y,0.20223355)"
        }
      },
      {
        "fitness": 0,
        "expressions": {
          "r": "add(0.24778962,y)",
          "b": "add(0.96244866,y)",
          "g": "add(x,y)"
        }
      },
      {
        "fitness": 0,
        "expressions": {
          "r": "add(0.38782007,x)",
          "b": "add(0.35389066,x)",
          "g": "add(y,0.3073604)"
        }
      },
      {
        "fitness": 0,
        "expressions": {
          "r": "aud(0.630936,0.8390452)",
          "b": "aud(y,0.3168851)",
          "g": "aud(y,0.4373417)"
        }
      },
      {
        "fitness": 0,
        "expressions": {
          "r": "add(x,y)",
          "b": "add(x,y)",
          "g": "add(y,y)"
        }
      },
      {
        "fitness": 0,
        "expressions": {
          "r": "mul(var(0.02164632),x)",
          "b": "mul(var(0.8098984),0.6255559)",
          "g": "mul(var(0.047174692),x)"
        }
      },
      {
        "fitness": 0,
        "expressions": {
          "r": "add(x,x)",
          "b": "add(x,x)",
          "g": "add(y,y)"
        }
      }
    ],
    "timestamp": "23h:50m:25s"
  }],
  "timestamp": "2024-07-24-23-50-21"
}