{
  "id": "k86cw4to-yrcx-s1tx-kkdy-q26glzdw47zr",
  "parameters": {
    "crossoverRate": 0.30000001192092896,
    "eliteSize": 2,
    "tournamentSize": 3,
    "mutationRate": 0.8999999761581421,
    "populationSize": 10
  },
  "populations": [{
    "generation": 0,
    "id": "f6hzx50t-xhsq-heh0-v2ab-1tw5erruvq7h",
    "individuals": [
      {
        "fitness": 0,
        "expressions": {
          "r": "(0.48732734+y)",
          "b": "(y+0.9142919)",
          "g": "(y+x)"
        }
      },
      {
        "fitness": 0,
        "expressions": {
          "r": "(x+x)",
          "b": "(x+0.6124188)",
          "g": "(x+0.33938438)"
        }
      },
      {
        "fitness": 0,
        "expressions": {
          "r": "aud(aul(0.31917232,0.39597362),x)",
          "b": "aud(aul(0.80814046,x),y)",
          "g": "aud(aul(y,x),0.50434005)"
        }
      },
      {
        "fitness": 0,
        "expressions": {
          "r": "(0.8269724+0.3269686)",
          "b": "(y+x)",
          "g": "(0.34173042+0.5479084)"
        }
      },
      {
        "fitness": 0,
        "expressions": {
          "r": "max(x,tan(var(x)))",
          "b": "max(0.91971624,tan(var(x)))",
          "g": "max(0.6836141,tan(var(x)))"
        }
      },
      {
        "fitness": 0,
        "expressions": {
          "r": "(0.27950996+0.80357176)",
          "b": "(y+y)",
          "g": "(y+y)"
        }
      },
      {
        "fitness": 0,
        "expressions": {
          "r": "(0.9484164+0.87862086)",
          "b": "(y+y)",
          "g": "(0.8160589+y)"
        }
      },
      {
        "fitness": 0,
        "expressions": {
          "r": "(0.5177647+0.53310406)",
          "b": "(0.9015618+0.5911272)",
          "g": "(x+0.9275036)"
        }
      },
      {
        "fitness": 0,
        "expressions": {
          "r": "(y+0.10226977)",
          "b": "(0.89125264+0.6803382)",
          "g": "(0.7920599+x)"
        }
      },
      {
        "fitness": 0,
        "expressions": {
          "r": "aul(y,min(y,y))",
          "b": "aul(y,min(x,0.7153643))",
          "g": "aul(y,min(y,x))"
        }
      },
      {
        "fitness": 0,
        "expressions": {
          "r": "(0.6613285+y)",
          "b": "(y+x)",
          "g": "(y+y)"
        }
      },
      {
        "fitness": 0,
        "expressions": {
          "r": "cos(var(x))",
          "b": "cos(var(0.37171394))",
          "g": "cos(var(y))"
        }
      },
      {
        "fitness": 0,
        "expressions": {
          "r": "(0.1314134+x)",
          "b": "(y+0.30765742)",
          "g": "(0.61459297+y)"
        }
      },
      {
        "fitness": 0,
        "expressions": {
          "r": "max(y,(0.23618281+aud(y,y)))",
          "b": "max(y,(0.48702478+aud(x,y)))",
          "g": "max(0.30408096,(y+aud(0.9972042,0.053263843)))"
        }
      },
      {
        "fitness": 0,
        "expressions": {
          "r": "aul(y,max(0.716604,(x*0.037967205)))",
          "b": "aul(x,max(y,(x*y)))",
          "g": "aul(0.99441665,max(x,(y*x)))"
        }
      },
      {
        "fitness": 0,
        "expressions": {
          "r": "(x+x)",
          "b": "(x+x)",
          "g": "(y+0.87391144)"
        }
      },
      {
        "fitness": 0,
        "expressions": {
          "r": "(y+x)",
          "b": "(0.7813559+0.79773456)",
          "g": "(y+0.9292935)"
        }
      },
      {
        "fitness": 0,
        "expressions": {
          "r": "(x+0.49687743)",
          "b": "(0.7376697+0.39154512)",
          "g": "(x+0.7567608)"
        }
      }
    ],
    "timestamp": "17h:40m:3s"
  }],
  "timestamp": "2024-07-04-17-39-58"
}