{
  "id": "kcc5xbed-rw5f-74ai-vd9j-o1uc5fxyh69y",
  "parameters": {
    "crossoverRate": 0.30000001192092896,
    "eliteSize": 2,
    "tournamentSize": 3,
    "mutationRate": 0.8999999761581421,
    "populationSize": 10
  },
  "populations": [
    {
      "generation": 0,
      "id": "trnebsb1-8vy9-guxa-8w33-jjaa4meuozli",
      "individuals": [
        {
          "fitness": 0,
          "expressions": {
            "r": "(y/x)",
            "b": "(x/x)",
            "g": "(x/y)"
          }
        },
        {
          "fitness": 0,
          "expressions": {
            "r": "pow(0.9870064,var(aud(cos(x),x)))",
            "b": "pow(y,var(aud(cos(x),y)))",
            "g": "pow(x,var(aud(cos(x),x)))"
          }
        },
        {
          "fitness": 0,
          "expressions": {
            "r": "(y+x)",
            "b": "(x+x)",
            "g": "(0.15302038+x)"
          }
        },
        {
          "fitness": 0,
          "expressions": {
            "r": "(y+0.71530706)",
            "b": "(x+x)",
            "g": "(y+y)"
          }
        },
        {
          "fitness": 0,
          "expressions": {
            "r": "(0.4616223+x)",
            "b": "(y+y)",
            "g": "(x+x)"
          }
        },
        {
          "fitness": 0,
          "expressions": {
            "r": "(x+0.45700657)",
            "b": "(0.9769619+y)",
            "g": "(x+y)"
          }
        },
        {
          "fitness": 0,
          "expressions": {
            "r": "(x+0.55931675)",
            "b": "(0.5021691+0.70498395)",
            "g": "(y+y)"
          }
        },
        {
          "fitness": 0,
          "expressions": {
            "r": "aul(y,0.14869487)",
            "b": "aul(0.28069997,x)",
            "g": "aul(x,0.4034747)"
          }
        },
        {
          "fitness": 0,
          "expressions": {
            "r": "auh(cos(pow(((x*(sin(x)/y))+y),0.06627846)),min((pow(0.27325934,cos(auh(0.59447926,max(var(x),((0.5881718/y)+(aul((auh(tan(x),x)*(sin(y)-x)),aul(y,sin((tan(y)-0.50391734))))+(tan(auh(auh(x,tan(0.93308794)),y))*x)))))))/cos(y)),0.78002465))",
            "b": "auh(cos(pow(((0.18584222*(sin(0.101912856)/y))+y),y)),min((pow(y,cos(auh(0.15556598,max(var(y),((0.09712744/y)+(aul((auh(tan(x),0.89622724)*(sin(x)-0.2928146)),aul(0.028834641,sin((tan(0.86118954)-x))))+(tan(auh(auh(y,tan(0.6395581)),x))*0.30152053)))))))/cos(y)),y))",
            "g": "auh(cos(pow(((0.22073239*(sin(y)/y))+y),y)),min((pow(0.5902494,cos(auh(x,max(var(y),((y/0.087320745)+(aul((auh(tan(y),0.43245542)*(sin(0.6667453)-y)),aul(x,sin((tan(y)-0.16208267))))+(tan(auh(auh(0.8180446,tan(y)),0.8912814))*x)))))))/cos(0.4252233)),y))"
          }
        },
        {
          "fitness": 0,
          "expressions": {
            "r": "aul(max(min(y,0.6289868),aul(x,0.92436486)),x)",
            "b": "aul(max(min(0.07508433,x),aul(0.3112421,0.300968)),0.43012458)",
            "g": "aul(max(min(x,x),aul(0.14083779,y)),y)"
          }
        },
        {
          "fitness": 0,
          "expressions": {
            "r": "(y+0.5931968)",
            "b": "(x+0.732919)",
            "g": "(x+x)"
          }
        },
        {
          "fitness": 0,
          "expressions": {
            "r": "(x+x)",
            "b": "(y+x)",
            "g": "(0.8538893+x)"
          }
        },
        {
          "fitness": 0,
          "expressions": {
            "r": "auh(y,sin(min(0.20403743,x)))",
            "b": "auh(0.764382,sin(min(x,0.20517164)))",
            "g": "auh(x,sin(min(y,x)))"
          }
        },
        {
          "fitness": 0,
          "expressions": {
            "r": "(max(0.8720954,sin((y*y)))/0.9258971)",
            "b": "(max(0.44052368,sin((0.9426377*x)))/0.45136303)",
            "g": "(max(y,sin((x*0.5997761)))/0.3976001)"
          }
        },
        {
          "fitness": 0,
          "expressions": {
            "r": "max(cos(tan(min((pow(var((y*x)),min(y,var(y)))*0.2528286),y))),(y-pow(aul(x,cos(x)),x)))",
            "b": "max(cos(tan(min((pow(var((x*y)),min(0.46748775,var(x)))*0.29911762),0.19313622))),(0.7565074-pow(aul(0.48845172,cos(x)),0.75503594)))",
            "g": "max(cos(tan(min((pow(var((0.65370154*y)),min(x,var(y)))*y),y))),(x-pow(aul(0.32824248,cos(0.036351442)),x)))"
          }
        },
        {
          "fitness": 0,
          "expressions": {
            "r": "(0.0017239451+x)",
            "b": "(y+x)",
            "g": "(y+0.8698075)"
          }
        },
        {
          "fitness": 0,
          "expressions": {
            "r": "max(y,y)",
            "b": "max(y,0.31345135)",
            "g": "max(y,0.2895999)"
          }
        },
        {
          "fitness": 0,
          "expressions": {
            "r": "(x+0.79888505)",
            "b": "(y+y)",
            "g": "(y+0.374431)"
          }
        }
      ],
      "timestamp": "15h:5m:5s"
    },
    {
      "generation": 1,
      "ascendantID": "trnebsb1-8vy9-guxa-8w33-jjaa4meuozli",
      "id": "ryyds88o-sr29-v3qc-tlq3-pvxt2patgm0d",
      "individuals": [
        {
          "fitness": 0,
          "expressions": {
            "r": "(y/x)",
            "b": "(x/x)",
            "g": "(x/y)"
          }
        },
        {
          "fitness": 0,
          "expressions": {
            "r": "((x+0.12965691)/(0.25206667+0.12220359))",
            "b": "((0.08747703+x)/(y+x))",
            "g": "((x+0.5369001)/(0.67814255+y))"
          }
        },
        {
          "fitness": 0,
          "expressions": {
            "r": "(max(0.8720954,y)/(0.19002664+x))",
            "b": "(max(0.44052368,0.7565074)/(0.81266445+y))",
            "g": "(max(y,x)/(y+x))"
          }
        },
        {
          "fitness": 0,
          "expressions": {
            "r": "((x+y)+(x+y))",
            "b": "((y+0.9520796)+(0.37718314+y))",
            "g": "((0.48031068+x)+(0.041870713+0.43483454))"
          }
        },
        {
          "fitness": 0,
          "expressions": {
            "r": "((x+y)+x)",
            "b": "((y+0.30373424)+x)",
            "g": "((x+0.0038697124)+0.8698075)"
          }
        },
        {
          "fitness": 0,
          "expressions": {
            "r": "aul(min(min(y,0.6289868),auh((0.13795531+y),(0.12350428+x))),(0.56852853+y))",
            "b": "aul(min(min(0.07508433,x),auh((y+y),(y+0.95236623))),(0.39189845+y))",
            "g": "aul(min(min(x,x),auh((y+x),(x+x))),(y+0.22847039))"
          }
        },
        {
          "fitness": 0,
          "expressions": {
            "r": "pow(0.9870064,var(aud(cos(sin(y)),x)))",
            "b": "pow(y,var(aud(cos(sin(x)),y)))",
            "g": "pow(x,var(aud(cos(sin(x)),x)))"
          }
        },
        {
          "fitness": 0,
          "expressions": {
            "r": "(y/x)",
            "b": "(x/x)",
            "g": "(x/y)"
          }
        },
        {
          "fitness": 0,
          "expressions": {
            "r": "(y+(y+(tan(aud(cos(min(var(max(y,0.4804355)),0.08534163)),0.21779072))*aud(pow(sin(x),tan((x*pow(y,auh(0.51104075,x))))),x))))",
            "b": "(x+(y+(tan(aud(cos(min(var(max(x,y)),0.22719598)),0.5324945))*aud(pow(sin(y),tan((y*pow(y,auh(x,y))))),y))))",
            "g": "(x+(x+(tan(aud(cos(min(var(max(0.7544988,x)),y)),0.87566364))*aud(pow(sin(x),tan((y*pow(y,auh(0.26175106,0.19511747))))),y))))"
          }
        },
        {
          "fitness": 0,
          "expressions": {
            "r": "(y+(x+y))",
            "b": "(x+(0.7006974+0.42360985))",
            "g": "(x+(x+0.5387866))"
          }
        },
        {
          "fitness": 0,
          "expressions": {
            "r": "((0.26939946+0.006684959)+0.71530706)",
            "b": "((0.20468992+x)+x)",
            "g": "((0.13676226+x)+y)"
          }
        },
        {
          "fitness": 0,
          "expressions": {
            "r": "auh((y+0.6995548),tan(min((y+y),x)))",
            "b": "auh((y+x),tan(min((y+0.380432),0.20517164)))",
            "g": "auh((0.20742774+y),tan(min((y+0.9647636),x)))"
          }
        },
        {
          "fitness": 0,
          "expressions": {
            "r": "((x+y)+(x+x))",
            "b": "((y+0.37368393)+(y+y))",
            "g": "((x+x)+(y+x))"
          }
        },
        {
          "fitness": 0,
          "expressions": {
            "r": "(y+(x+y))",
            "b": "(x+(x+y))",
            "g": "(y+(x+0.86566526))"
          }
        },
        {
          "fitness": 0,
          "expressions": {
            "r": "auh(y,0.14869487)",
            "b": "auh(0.28069997,x)",
            "g": "auh(x,0.4034747)"
          }
        },
        {
          "fitness": 0,
          "expressions": {
            "r": "aud(max(min((0.111572206+0.6706504),(y+0.52232)),max((x+x),0.92436486)),x)",
            "b": "aud(max(min((0.07026672+y),(x+x)),max((x+y),0.300968)),0.43012458)",
            "g": "aud(max(min((x+y),(0.6415184+x)),max((0.4717387+0.844545),y)),y)"
          }
        },
        {
          "fitness": 0,
          "expressions": {
            "r": "max(tan(x),((0.24529445+x)+pow(aud(x,sin(x)),x)))",
            "b": "max(tan(0.12903553),((x+y)+pow(aud(0.48845172,sin(x)),0.75503594)))",
            "g": "max(tan(y),((0.6593068+x)+pow(aud(0.32824248,sin(0.036351442)),x)))"
          }
        },
        {
          "fitness": 0,
          "expressions": {
            "r": "max(x,min((pow((0.54464686+x),cos(auh(0.59447926,max(var(x),((0.5881718/y)+(aul((max(tan(x),(0.045368135+0.7334917))*(sin((x+y))+x)),aul(y,sin((var((x+x))-(x+y)))))+(tan(auh(auh(x,tan(0.93308794)),y))*(x+x))))))))/cos(y)),0.78002465))",
            "b": "max(y,min((pow((0.24892992+y),cos(auh(0.15556598,max(var(y),((0.09712744/y)+(aul((max(tan(x),(0.82015514+y))*(sin((y+x))+0.2928146)),aul(0.028834641,sin((var((x+x))-(0.3573085+x)))))+(tan(auh(auh(y,tan(0.6395581)),x))*(y+0.3522933))))))))/cos(y)),y))",
            "g": "max(x,min((pow((x+0.8051684),cos(auh(x,max(var(y),((y/0.087320745)+(aul((max(tan(y),(y+x))*(sin((0.6044197+0.123036325))+y)),aul(x,sin((var((y+0.8817728))-(y+y)))))+(tan(auh(auh(0.8180446,tan(y)),0.8912814))*(x+y))))))))/cos(0.4252233)),y))"
          }
        }
      ],
      "timestamp": "15h:5m:14s"
    },
    {
      "generation": 2,
      "ascendantID": "ryyds88o-sr29-v3qc-tlq3-pvxt2patgm0d",
      "id": "bgdmdylf-wo6h-45yx-8luu-rhvr15437ho1",
      "individuals": [
        {
          "fitness": 0,
          "expressions": {
            "r": "(y/x)",
            "b": "(x/x)",
            "g": "(x/y)"
          }
        },
        {
          "fitness": 0,
          "expressions": {
            "r": "pow((y+x),(0.089906394+0.27364075))",
            "b": "pow((y+y),(y+y))",
            "g": "pow((x+y),(y+y))"
          }
        },
        {
          "fitness": 0,
          "expressions": {
            "r": "(y+(x+y))",
            "b": "(x+(0.7006974+0.42360985))",
            "g": "(x+(x+0.5387866))"
          }
        },
        {
          "fitness": 0,
          "expressions": {
            "r": "(((0.9386131+0.28176177)+(y+y))+aud(min(max(0.94334954,aud(pow(cos(x),pow(min(cos(y),y),x)),max((sin(x)*tan((var(cos(min(aul(y,x),tan(auh(0.73390263,(y*0.5322688))))))+x))),aul(min(((y-sin(max(aul(min(x,pow(y,(x+x))),x),((x+var((0.9088404/x)))-x))))/tan(y)),(aud(0.5692781,aul(x,(y/x)))-(aul(y,cos(y))*var(x)))),y)))),0.469172),y))",
            "b": "(((0.11169702+x)+(0.8494511+y))+aud(min(max(y,aud(pow(cos(x),pow(min(cos(0.46804243),x),0.04184729)),max((sin(y)*tan((var(cos(min(aul(x,y),tan(auh(y,(y*0.27210063))))))+y))),aul(min(((y-sin(max(aul(min(y,pow(x,(0.8173594+0.8358457))),x),((0.2880696+var((0.2263729/y)))-x))))/tan(0.62561005)),(aud(y,aul(x,(y/0.7821915)))-(aul(0.2337833,cos(0.8480326))*var(y)))),x)))),y),y))",
            "g": "(((y+y)+(y+0.53624314))+aud(min(max(x,aud(pow(cos(0.23435014),pow(min(cos(x),x),0.41781968)),max((sin(y)*tan((var(cos(min(aul(0.8336599,y),tan(auh(0.085904,(0.20092624*0.51219785))))))+y))),aul(min(((x-sin(max(aul(min(y,pow(y,(y+0.7095866))),y),((x+var((x/x)))-x))))/tan(0.23395872)),(aud(x,aul(x,(x/x)))-(aul(0.46870816,cos(x))*var(x)))),y)))),0.86571336),y))"
          }
        },
        {
          "fitness": 0,
          "expressions": {
            "r": "((x+((x+0.5551536)+(y+0.7444253)))/((x+0.4752853)-(x+x)))",
            "b": "((0.08747703+((0.35229796+x)+(x+x)))/((0.6320874+y)-(y+y)))",
            "g": "((x+((y+x)+(0.24364936+y)))/((0.67279637+y)-(x+y)))"
          }
        },
        {
          "fitness": 0,
          "expressions": {
            "r": "((x+0.4091919)/((x+y)+(x+x)))",
            "b": "((0.44934225+x)/((y+0.37368393)+(y+y)))",
            "g": "((0.22737819+0.67573303)/((x+x)+(y+x)))"
          }
        },
        {
          "fitness": 0,
          "expressions": {
            "r": "(0.03875345+(x+x))",
            "b": "(x+(x+y))",
            "g": "(x+(y+x))"
          }
        },
        {
          "fitness": 0,
          "expressions": {
            "r": "aul(pow(min((x+0.31455338),(y+0.13391948)),auh((0.13795531+(y+y)),(0.12350428+x))),(0.56852853+(cos(sin(sin(x)))/auh(x,y))))",
            "b": "aul(pow(min((y+0.9501071),(0.9005581+x)),auh((y+(x+0.5157371)),(y+0.95236623))),(0.39189845+(cos(sin(sin(y)))/auh(y,0.78079945))))",
            "g": "aul(pow(min((0.026007771+0.715885),(0.5468486+x)),auh((y+(y+0.8028894)),(x+x))),(y+(cos(sin(sin(y)))/auh(0.6167532,x))))"
          }
        },
        {
          "fitness": 0,
          "expressions": {
            "r": "auh(y,(tan(aul(y,x))+0.30191678))",
            "b": "auh(0.28069997,(tan(aul(x,x))+x))",
            "g": "auh(x,(tan(aul(y,0.2126348))+x))"
          }
        },
        {
          "fitness": 0,
          "expressions": {
            "r": "(tan(0.6010033)+((0.87283695+x)+y))",
            "b": "(tan(x)+((y+0.4517725)+0.42360985))",
            "g": "(tan(0.25471294)+((y+0.052514613)+0.5387866))"
          }
        },
        {
          "fitness": 0,
          "expressions": {
            "r": "(((0.61355513+y)+(x+x))+0.71530706)",
            "b": "(((x+0.5464579)+(y+y))+x)",
            "g": "(((0.2034831+0.025309503)+(x+0.37038982))+y)"
          }
        },
        {
          "fitness": 0,
          "expressions": {
            "r": "aud(max(min((0.111572206+(x+0.5332119)),(y+0.52232)),max((x-x),(0.84575164+0.4054531))),x)",
            "b": "aud(max(min((0.07026672+(y+x)),(x+x)),max((x-y),(0.53228384+0.3232044))),0.43012458)",
            "g": "aud(max(min((x+(x+0.6226684)),(0.6415184+x)),max((0.4717387-0.844545),(0.065386+x))),y)"
          }
        },
        {
          "fitness": 0,
          "expressions": {
            "r": "aul(min(pow(y,0.6289868),auh((0.13795531+y),((y+x)+(x+y)))),(0.56852853+y))",
            "b": "aul(min(pow(0.07508433,x),auh((y+y),((y+0.38922626)+(y+x)))),(0.39189845+y))",
            "g": "aul(min(pow(x,x),auh((y+x),((0.9741969+x)+(0.71202743+x)))),(y+0.22847039))"
          }
        },
        {
          "fitness": 0,
          "expressions": {
            "r": "((y+0.36624134)+(y+(tan(aud(cos(min(var(pow((x+x),(0.35001934+0.4663859))),(0.59172195+x))),(0.7494101+x)))*var(pow(sin(x),var((x*pow((x+0.4427331),max(0.51104075,(x+x))))))))))",
            "b": "((0.8321895+0.07068533)+(y+(tan(aud(cos(min(var(pow((x+0.109525144),(0.77346647+y))),(y+x))),(y+y)))*var(pow(sin(y),var((y*pow((0.55766255+x),max(x,(y+y))))))))))",
            "g": "((y+y)+(x+(tan(aud(cos(min(var(pow((0.9978892+x),(x+y))),(x+x))),(y+x)))*var(pow(sin(x),var((y*pow((y+0.49897134),max(0.26175106,(x+x))))))))))"
          }
        },
        {
          "fitness": 0,
          "expressions": {
            "r": "sin((0.22880423+y))",
            "b": "sin((0.5198443+0.39689577))",
            "g": "sin((0.8999503+x))"
          }
        },
        {
          "fitness": 0,
          "expressions": {
            "r": "((x+y)*x)",
            "b": "((y+x)*x)",
            "g": "((y+x)*y)"
          }
        },
        {
          "fitness": 0,
          "expressions": {
            "r": "((x-y)+((x+y)+y))",
            "b": "((y-0.9520796)+((0.4789608+0.3398273)+y))",
            "g": "((0.48031068-x)+((x+x)+0.43483454))"
          }
        },
        {
          "fitness": 0,
          "expressions": {
            "r": "((0.5131978+0.94431263)+(x-(x+y)))",
            "b": "((x+x)+(x-(x+y)))",
            "g": "((0.82406634+x)+(x-(0.35899097+y)))"
          }
        }
      ],
      "timestamp": "15h:5m:14s"
    },
    {
      "generation": 3,
      "ascendantID": "bgdmdylf-wo6h-45yx-8luu-rhvr15437ho1",
      "id": "47vqg904-sarg-gxar-ibog-d2umm6tshuu7",
      "individuals": [
        {
          "fitness": 0,
          "expressions": {
            "r": "(y/x)",
            "b": "(x/x)",
            "g": "(x/y)"
          }
        },
        {
          "fitness": 0,
          "expressions": {
            "r": "(((x+x)+y)+(((0.14254707+x)+y)+0.30191678))",
            "b": "(((0.45464265+0.55431944)+0.9520796)+(((0.09505713+0.47447562)+0.3398273)+x))",
            "g": "(((0.31007195+y)+x)+(((y+0.100548506)+x)+x))"
          }
        },
        {
          "fitness": 0,
          "expressions": {
            "r": "((y+0.36624134)+(y+sin(tan(aul(cos(min(var(pow((x+x),(0.35001934+(x+x)))),(0.59172195+x))),((y+0.4448424)+(x+0.84683186)))))))",
            "b": "((0.8321895+0.07068533)+(y+sin(tan(aul(cos(min(var(pow((x+0.109525144),(0.77346647+(0.12685543+y)))),(y+x))),((y+0.3342501)+(0.21720421+0.35820436)))))))",
            "g": "((y+y)+(x+sin(tan(aul(cos(min(var(pow((0.9978892+x),(x+(y+y)))),(x+x))),((0.7501586+x)+(0.5763872+y)))))))"
          }
        },
        {
          "fitness": 0,
          "expressions": {
            "r": "cos((0.22880423+x))",
            "b": "cos((0.5198443+y))",
            "g": "cos((0.8999503+x))"
          }
        },
        {
          "fitness": 0,
          "expressions": {
            "r": "((x-y)+(((0.22933441+y)+(x+0.8896081))+(y+y)))",
            "b": "((y-0.9520796)+(((x+y)+(y+x))+(x+0.8919879)))",
            "g": "((0.48031068-x)+(((0.7552078+x)+(x+0.6928332))+(y+y)))"
          }
        },
        {
          "fitness": 0,
          "expressions": {
            "r": "((x-((x+0.5551536)-((x+0.36040378)+0.7444253)))/(((y+y)+0.4752853)+((y+x)+x)))",
            "b": "((0.08747703-((y+x)-((0.956104+x)+x)))/(((x+y)+y)+((0.42103332+y)+y)))",
            "g": "((x-((y+x)-((0.46519625+y)+y)))/(((0.09775472+x)+y)+((0.839199+x)+y)))"
          }
        },
        {
          "fitness": 0,
          "expressions": {
            "r": "auh(y,(var(aul(y,x))+(0.2882114+y)))",
            "b": "auh(0.28069997,(var(aul(x,x))+(x+0.27697277)))",
            "g": "auh(x,(var(aul(y,0.2126348))+(y+0.23208761)))"
          }
        },
        {
          "fitness": 0,
          "expressions": {
            "r": "(tan(y)+((0.87283695-x)+y))",
            "b": "(tan(0.92177886)+((y-0.4517725)+0.42360985))",
            "g": "(tan(x)+((y-0.052514613)+0.5387866))"
          }
        },
        {
          "fitness": 0,
          "expressions": {
            "r": "((x-(y+x))+((x+y)+y))",
            "b": "((y-(y+y))+((0.4789608+0.3398273)+y))",
            "g": "((0.48031068-(0.5632045+0.9339382))+((x+x)+0.43483454))"
          }
        },
        {
          "fitness": 0,
          "expressions": {
            "r": "aul(pow(max(((y+y)+(x+0.94997156)),((x+x)+(x+x))),auh(((y+y)+((x+y)+y)),(0.12350428+(x+0.042109787)))),(0.56852853+sin(tan(sin(sin((y+y)))))))",
            "b": "aul(pow(max(((0.61730915+0.36106414)+(0.21283329+0.3847443)),((0.957216+x)+(x+x))),auh(((0.20657873+y)+((x+0.2463888)+0.5157371)),(y+(x+0.8204434)))),(0.39189845+sin(tan(sin(sin((y+x)))))))",
            "g": "aul(pow(max(((y+x)+(0.85128075+0.3430009)),((y+y)+(x+x))),auh(((y+x)+((0.49202907+y)+0.8028894)),(x+(y+x)))),(y+sin(tan(sin(sin((x+0.41802442)))))))"
          }
        },
        {
          "fitness": 0,
          "expressions": {
            "r": "((x+y)/x)",
            "b": "((y+x)/x)",
            "g": "((y+x)/y)"
          }
        },
        {
          "fitness": 0,
          "expressions": {
            "r": "(((0.21297419+0.80443454)-y)+((x+(aud(y,0.09124571)+y))+(0.08006269+x)))",
            "b": "(((0.45994967+0.3530023)-0.9520796)+((0.4789608+(aud(0.3238744,0.5117131)+0.6745956))+(x+y)))",
            "g": "(((0.72298175+x)-x)+((x+(aud(y,0.5153169)+x))+(0.34034246+0.6374899)))"
          }
        },
        {
          "fitness": 0,
          "expressions": {
            "r": "((x+(x+x))/(0.18138134+0.6676848))",
            "b": "((y+(y+x))/(y+0.21837455))",
            "g": "((y+(x+x))/(0.872347+y))"
          }
        },
        {
          "fitness": 0,
          "expressions": {
            "r": "((x+0.80467755)+x)",
            "b": "((0.5768536+0.9461142)+x)",
            "g": "((y+x)+0.35899097)"
          }
        },
        {
          "fitness": 0,
          "expressions": {
            "r": "pow(((0.8197122+x)+x),((0.97724104+x)+y))",
            "b": "pow(((y+0.6183021)+y),((y+x)+x))",
            "g": "pow(((y+0.6367255)+y),((x+y)+x))"
          }
        },
        {
          "fitness": 0,
          "expressions": {
            "r": "(y+(x+(x+0.9907762)))",
            "b": "(x+(0.7006974+(0.23339206+0.17007709)))",
            "g": "(x+(x+(x+0.2693569)))"
          }
        },
        {
          "fitness": 0,
          "expressions": {
            "r": "(((x+x)+y)*x)",
            "b": "(((0.8671079+x)+x)*x)",
            "g": "(((x+y)+x)*y)"
          }
        },
        {
          "fitness": 0,
          "expressions": {
            "r": "((x+(((0.7891735+y)+(x+0.7476804))+(y+0.7444253)))*((x+0.4752853)*0.22880423))",
            "b": "((0.08747703+(((y+y)+(x+x))+(x+x)))*((0.6320874+y)*0.5198443))",
            "g": "((x+(((x+y)+(0.7002409+y))+(0.24364936+y)))*((0.67279637+y)*0.8999503))"
          }
        }
      ],
      "timestamp": "15h:5m:15s"
    },
    {
      "generation": 4,
      "ascendantID": "47vqg904-sarg-gxar-ibog-d2umm6tshuu7",
      "id": "eqekts4e-uec2-armi-666i-mlvycfnlyd67",
      "individuals": [
        {
          "fitness": 0,
          "expressions": {
            "r": "(y/x)",
            "b": "(x/x)",
            "g": "(x/y)"
          }
        },
        {
          "fitness": 0,
          "expressions": {
            "r": "cos(((y+0.09850538)+x))",
            "b": "cos(((x+y)+y))",
            "g": "cos(((x+0.15771121)+x))"
          }
        },
        {
          "fitness": 0,
          "expressions": {
            "r": "(y/(x+y))",
            "b": "(x/(x+x))",
            "g": "(x/(x+y))"
          }
        },
        {
          "fitness": 0,
          "expressions": {
            "r": "((x+(x-(0.67534393+y)))/(0.18138134+0.6676848))",
            "b": "((y+(y-(0.96007776+0.8403298)))/(y+0.21837455))",
            "g": "((y+(x-(0.341236+x)))/(0.872347+y))"
          }
        },
        {
          "fitness": 0,
          "expressions": {
            "r": "(((x+x)+0.80467755)+x)",
            "b": "(((y+x)+0.9461142)+x)",
            "g": "(((x+y)+x)+0.35899097)"
          }
        },
        {
          "fitness": 0,
          "expressions": {
            "r": "aul(y,(var(aul(y,x))+(0.2882114+(y+0.4878443))))",
            "b": "aul(0.28069997,(var(aul(x,x))+(x+(x+y))))",
            "g": "aul(x,(var(aul(y,0.2126348))+(y+(y+0.17797315))))"
          }
        },
        {
          "fitness": 0,
          "expressions": {
            "r": "((x+y)+(((0.14254707+x)+(y+y))+0.30191678))",
            "b": "((0.5768536+0.9520796)+(((0.09505713+0.47447562)+(0.063397765+y))+x))",
            "g": "((y+x)+(((y+0.100548506)+(y+x))+x))"
          }
        },
        {
          "fitness": 0,
          "expressions": {
            "r": "((x-(y+x))+(((0.22933441+(y+x))+(x+(x+0.75193584)))+(y+(y+0.8016583))))",
            "b": "((y-(y+y))+(((x+(0.6574302+y))+(y+(y+x)))+(x+(0.029357314+0.97237104))))",
            "g": "((0.48031068-(0.5632045+0.9339382))+(((0.7552078+(x+0.099553764))+(x+(y+y)))+(y+(x+x))))"
          }
        },
        {
          "fitness": 0,
          "expressions": {
            "r": "pow(((0.8197122+x)+x),((0.97724104+(0.7022116+y))+y))",
            "b": "pow(((y+0.6183021)+y),((y+(x+x))+x))",
            "g": "pow(((y+0.6367255)+y),((x+(0.31309748+y))+x))"
          }
        },
        {
          "fitness": 0,
          "expressions": {
            "r": "(((0.21297419+(x+x))-(y+x))-((x+(aud((y+x),0.09124571)+y))+((y+0.688225)+(y+y))))",
            "b": "(((0.45994967+(y+0.3665278))-(y+0.6128202))-((0.4789608+(aud((x+x),0.5117131)+0.6745956))+((y+y)+(x+0.59800977))))",
            "g": "(((0.72298175+(x+0.05686462))-(y+0.44441682))-((x+(aud((0.46614683+x),0.5153169)+x))+((0.99173015+y)+(y+0.30938065))))"
          }
        },
        {
          "fitness": 0,
          "expressions": {
            "r": "(((x+y)+((var(aul(y,x))-(0.2882114+y))+((0.11885512+x)+(y+y))))*(((x+x)+(x+0.38850456))*0.22880423))",
            "b": "(((0.8928879+0.5903397)+((var(aul(x,x))-(x+0.27697277))+((x+0.7157053)+(x+x))))*(((y+0.17098045)+(x+x))*0.5198443))",
            "g": "(((y+0.17869806)+((var(aul(y,0.2126348))-(y+0.23208761))+((0.14020067+x)+(0.27731198+0.9614768))))*(((y+x)+(0.17704153+y))*0.8999503))"
          }
        },
        {
          "fitness": 0,
          "expressions": {
            "r": "((x-y)+(((0.22933441+(x+x))+(x+(x+x)))+(y+y)))",
            "b": "((y-0.9520796)+(((x+(0.44587076+x))+(y+(y+y)))+(x+0.8919879)))",
            "g": "((0.48031068-x)+(((0.7552078+(0.11507732+x))+(x+(0.4294467+0.7742822)))+(y+y)))"
          }
        },
        {
          "fitness": 0,
          "expressions": {
            "r": "(((0.82510597+0.93051016)+(((0.7891735+(y+y))+(x-0.7476804))+(y+0.7444253)))*((0.2882114+var((x*0.36781293)))*(y+0.1839593)))",
            "b": "(((0.5647779+y)+(((y+(0.78483474+x))+(x-x))+(x+x)))*((x+var((y*x)))*(y+y)))",
            "g": "(((x+y)+(((x+(x+y))+(0.7002409-y))+(0.24364936+y)))*((y+var((x*y)))*(x+x)))"
          }
        },
        {
          "fitness": 0,
          "expressions": {
            "r": "(0.14300734+(((0.14254707+(x+y))+y)+0.30191678))",
            "b": "(x+(((0.09505713+(x+y))+0.3398273)+x))",
            "g": "(0.23010957+(((y+(x+0.445023))+x)+x))"
          }
        },
        {
          "fitness": 0,
          "expressions": {
            "r": "((y+(x+y))+((y+x)+sin(tan(aul(cos(min(tan(pow((x+(x+x)),(0.35001934+((0.96933085+0.41387862)+(0.7393395+y))))),((x+0.7340294)+(y+x)))),((y+(x+y))+(x+0.84683186)))))))",
            "b": "((0.8321895+(y+0.22000694))+((y+y)+sin(tan(aul(cos(min(tan(pow((x+(x+x)),(0.77346647+((y+x)+(y+0.8219433))))),((0.18310332+0.92605144)+(x+0.90565306)))),((y+(y+x))+(0.21720421+0.35820436)))))))",
            "g": "((y+(x+y))+((0.5753964+0.656606)+sin(tan(aul(cos(min(tan(pow((0.9978892+(0.5627185+x)),(x+((0.9368643+y)+(x+0.09768087))))),((x+x)+(y+0.9224875)))),((0.7501586+(x+y))+(0.5763872+y)))))))"
          }
        },
        {
          "fitness": 0,
          "expressions": {
            "r": "((x+((((0.8267457+y)+(y+x))+(x+(x+0.332146)))+(0.14758497+y)))*((x+0.4752853)*0.22880423))",
            "b": "((0.08747703+((((0.3058827+0.96135414)+(0.9896123+0.4588126))+(x+(0.82074755+y)))+(y+y)))*((0.6320874+y)*0.5198443))",
            "g": "((x+((((x+y)+(0.1865074+x))+(0.7002409+(0.9409041+y)))+(y+0.42725372)))*((0.67279637+y)*0.8999503))"
          }
        },
        {
          "fitness": 0,
          "expressions": {
            "r": "(((x+y)+(((0.7891735+(x+y))+((y+0.83581835)+0.7476804))+((0.8334124+0.49623227)+0.7444253)))*((x+0.4752853)/0.22880423))",
            "b": "(((y+y)+(((y+(0.064448655+0.10143685))+((y+0.57833934)+x))+((y+0.9721672)+x)))*((0.6320874+y)/0.5198443))",
            "g": "(((x+0.40523404)+(((x+(x+y))+((x+0.2075293)+y))+((x+y)+y)))*((0.67279637+y)/0.8999503))"
          }
        },
        {
          "fitness": 0,
          "expressions": {
            "r": "(y/x)",
            "b": "(x/x)",
            "g": "(x/y)"
          }
        }
      ],
      "timestamp": "15h:5m:16s"
    },
    {
      "generation": 5,
      "ascendantID": "eqekts4e-uec2-armi-666i-mlvycfnlyd67",
      "id": "gxo6fey7-efk6-q7sy-48fd-oecnb0x3ps8i",
      "individuals": [
        {
          "fitness": 0,
          "expressions": {
            "r": "(y/x)",
            "b": "(x/x)",
            "g": "(x/y)"
          }
        },
        {
          "fitness": 0,
          "expressions": {
            "r": "(((x+(x+y))+(((0.7891735+(x+y))+(((0.24721241+y)+(x+tan(y)))-0.7476804))+(((x+0.83845854)+0.49623227)+0.7444253)))*(((0.1300857+x)+(y+y))/0.22880423))",
            "b": "(((y+(0.74674755+y))+(((y+(0.064448655+0.10143685))+(((0.03537011+0.6663088)+(0.41324884+tan(y)))-x))+(((y+y)+0.9721672)+x)))*(((x+0.9252178)+(x+x))/0.5198443))",
            "g": "(((x+(y+y))+(((x+(x+y))+(((x+y)+(x+tan(y)))-y))+(((0.3913856+0.58852637)+y)+y)))*(((x+y)+(y+0.48525238))/0.8999503))"
          }
        },
        {
          "fitness": 0,
          "expressions": {
            "r": "(((0.21297419+((x+x)+x))-(y+x))*((x-(aud(((y+y)+(x+x)),0.09124571)+(y+0.5753585)))+(((0.33476526+x)+0.688225)+((0.68682325+y)+y))))",
            "b": "(((0.45994967+((y+y)+0.3665278))-(y+0.6128202))*((0.4789608-(aud(((y+x)+(x+x)),0.5117131)+(x+x)))+(((0.34857202+y)+y)+((x+0.7106393)+0.59800977))))",
            "g": "(((0.72298175+((0.16326642+y)+0.05686462))-(y+0.44441682))*((x-(aud(((y+y)+(x+x)),0.5153169)+(x+y)))+(((y+x)+y)+((0.95635486+x)+0.30938065))))"
          }
        },
        {
          "fitness": 0,
          "expressions": {
            "r": "pow(((0.8197122+x)+x),((0.97724104-(0.7022116+(0.89486504+y)))-y))",
            "b": "pow(((y+0.6183021)+y),((y-(x+(x+0.085927606)))-x))",
            "g": "pow(((y+0.6367255)+y),((x-(0.31309748+(y+y)))-x))"
          }
        },
        {
          "fitness": 0,
          "expressions": {
            "r": "cos(((y+(0.5079968+y))+(0.87175584+x)))",
            "b": "cos(((x+(0.2838918+0.021161377))+(x+0.67950547)))",
            "g": "cos(((x+(0.10467124+y))+(x+y)))"
          }
        },
        {
          "fitness": 0,
          "expressions": {
            "r": "aul(y,(var(aul(y,x))+(0.2882114+((y+y)+0.4878443))))",
            "b": "aul(0.28069997,(var(aul(x,x))+(x+((0.6201868+y)+y))))",
            "g": "aul(x,(var(aul(y,0.2126348))+(y+((x+y)+0.17797315))))"
          }
        },
        {
          "fitness": 0,
          "expressions": {
            "r": "cos(((y+0.34561837)+x))",
            "b": "cos(((x+x)+y))",
            "g": "cos(((x+x)+x))"
          }
        },
        {
          "fitness": 0,
          "expressions": {
            "r": "((((0.36155766+y)+y)+(((0.7891735+(x+y))+(((y+y)+(0.7730271+y))+0.7476804))+(((0.5157822+y)+0.49623227)+(y+0.36353266))))*(x/0.22880423))",
            "b": "((((x+y)+y)+(((y+(0.064448655+0.10143685))+(((x+y)+(0.09511721+0.6921925))+x))+(((0.35640854+x)+0.9721672)+(x+x))))*(0.7755849/0.5198443))",
            "g": "((((0.60234565+y)+0.40523404)+(((x+(x+y))+(((0.13938421+y)+(x+y))+y))+(((x+0.53517616)+y)+(0.099639595+y))))*(x/0.8999503))"
          }
        },
        {
          "fitness": 0,
          "expressions": {
            "r": "(((x+0.48199528)+((((0.8267457+y)+((x+x)+x))+(x+((0.21050727+0.6713689)+0.332146)))+((0.19972569+y)+(x+y))))*(((y+y)+(x+y))*(y+x)))",
            "b": "(((x+0.14268136)+((((0.3058827+0.96135414)+((x+y)+0.4588126))+(x+((y+y)+y)))+((x+x)+(0.87499183+x))))*(((y+x)+(x+0.16634166))*(x+x)))",
            "g": "(((x+0.6948783)+((((x+y)+((y+y)+x))+(0.7002409+((x+x)+y)))+((y+0.3283757)+(x+0.6520727))))*(((0.26284987+0.08762026)+(0.7624914+0.6171232))*(y+0.6120767)))"
          }
        },
        {
          "fitness": 0,
          "expressions": {
            "r": "aud((y+y),(var(auh(y,x))+((y+y)+(y+0.4878443))))",
            "b": "aud((x+x),(var(auh(x,x))+((0.46137714+0.9924127)+(x+y))))",
            "g": "aud((x+0.44075525),(var(auh(y,0.2126348))+((y+x)+(y+0.17797315))))"
          }
        },
        {
          "fitness": 0,
          "expressions": {
            "r": "cos(((y+0.09850538)+var(tan(y))))",
            "b": "cos(((x+y)+var(tan(x))))",
            "g": "cos(((x+0.15771121)+var(tan(x))))"
          }
        },
        {
          "fitness": 0,
          "expressions": {
            "r": "((((0.049654663+y)+0.93051016)*((((x+0.03103906)+(y+y))+(x-0.7476804))+((y+0.98660964)+0.7444253)))*(((y+y)+var((x*0.36781293)))/0.28618133))",
            "b": "((((0.38821238+0.38724536)+y)*((((y+y)+(0.78483474+x))+(x-x))+((x+0.061695814)+x)))*(((0.5118869+y)+var((y*x)))/x))",
            "g": "((((0.93046725+x)+y)*((((0.65752923+0.2959916)+(x+y))+(0.7002409-y))+((0.039075673+y)+y)))*(((0.30506766+y)+var((x*y)))/0.7971797))"
          }
        },
        {
          "fitness": 0,
          "expressions": {
            "r": "pow(((0.8197122-(x+x))+x),((0.97724104+((x+y)+auh(y,(aul(y,((0.6162511*auh(tan(y),tan(0.7267456)))/x))+(x*x)))))+y))",
            "b": "pow(((y-(0.35933822+y))+y),((y+((0.95443135+y)+auh(x,(aul(y,((0.584112*auh(tan(y),tan(x)))/y))+(x*0.36463577)))))+x))",
            "g": "pow(((y-(x+y))+y),((x+((y+x)+auh(y,(aul(y,((x*auh(tan(x),tan(x)))/x))+(y*0.45195454)))))+x))"
          }
        },
        {
          "fitness": 0,
          "expressions": {
            "r": "aul((var((aul((auh((0.600459-aud(min(sin(cos((y+max(x,(y-min(y,var(y))))))),auh(0.9855244,(min(0.4670813,(auh(0.38713503,max(pow(0.0,0.45157224),x))/max(aul(0.53973716,pow(0.42918867,x)),var(x))))+x))),x)),0.017191887)+var((cos(var(0.92402637))-0.8613163))),var((min(tan(tan(cos(min(0.106368005,pow(var(tan(tan(x))),((tan(0.15599942)/var(y))*y)))))),y)/y)))*pow(y,max(aud(min(pow(x,((y-x)/0.801399)),0.7437476),y),x))))+y),(var(aud(y,x))+(0.2882114+(y+0.4878443))))",
            "b": "aul((var((aul((auh((y-aud(min(sin(cos((0.17559242+max(y,(x-min(x,var(y))))))),auh(0.30689692,(min(y,(auh(y,max(pow(0.0,0.2977388),y))/max(aul(x,pow(y,0.9400572)),var(y))))+x))),y)),y)+var((cos(var(y))-x))),var((min(tan(tan(cos(min(y,pow(var(tan(tan(0.28911817))),((tan(x)/var(x))*y)))))),x)/y)))*pow(0.91538125,max(aud(min(pow(0.95022315,((x-0.21589315)/0.38442904)),x),x),0.23162323))))+x),(var(aud(x,x))+(x+(x+y))))",
            "g": "aul((var((aul((auh((x-aud(min(sin(cos((0.022428274+max(y,(y-min(x,var(y))))))),auh(0.7582299,(min(x,(auh(x,max(pow(0.0,y),x))/max(aul(y,pow(0.9598503,0.6044816)),var(0.4201761))))+0.48121065))),x)),0.8643735)+var((cos(var(0.7004142))-y))),var((min(tan(tan(cos(min(x,pow(var(tan(tan(0.72543633))),((tan(0.08026117)/var(0.68711007))*y)))))),x)/x)))*pow(x,max(aud(min(pow(x,((0.8584156-0.2736894)/0.2107256)),y),x),y))))+x),(var(aud(y,0.2126348))+(y+(y+0.17797315))))"
          }
        },
        {
          "fitness": 0,
          "expressions": {
            "r": "(((x+y)+((((0.19215238+y)+0.0071112514)+(((x+x)+0.83581835)+(x+x)))+((0.8334124+0.49623227)+(x+0.81173354))))*((x+(0.7910637+y))/0.22880423))",
            "b": "(((y+y)+((((x+0.17963183)+0.38529378)+(((0.50891143+x)+0.57833934)+(0.75847435+0.5469201)))+((y+0.9721672)+(0.09305048+0.7045632))))*((0.6320874+(0.9669975+x))/0.5198443))",
            "g": "(((x+0.40523404)+((((0.8805667+x)+0.56021655)+(((x+0.2126475)+0.2075293)+(x+x)))+((x+y)+(x+x))))*((0.67279637+(y+x))/0.8999503))"
          }
        },
        {
          "fitness": 0,
          "expressions": {
            "r": "(((0.9150998+0.2045542)+y)+(((0.14254707+x)+(y+(0.6516484+0.702968)))+(0.43519896+0.21436322)))",
            "b": "(((0.5127715+x)+0.9520796)+(((0.09505713+0.47447562)+(0.063397765+(y+0.95227736)))+(x+x)))",
            "g": "(((x+x)+x)+(((y+0.100548506)+(y+(y+0.77633876)))+(0.52448505+0.95127547)))"
          }
        },
        {
          "fitness": 0,
          "expressions": {
            "r": "(((0.94123274+x)+((0.6192625+y)-((0.025915682+aul(y,tan(tan(aul(sin(x),x)))))+y)))/(0.18138134+0.6676848))",
            "b": "(((x+0.36528504)+((x+y)-((y+aul(x,tan(tan(aul(sin(0.62124985),x)))))+0.8403298)))/(y+0.21837455))",
            "g": "(((y+y)+((x+y)-((x+aul(x,tan(tan(aul(sin(y),0.80090046)))))+x)))/(0.872347+y))"
          }
        },
        {
          "fitness": 0,
          "expressions": {
            "r": "cos(((y+(0.8265871+x))+x))",
            "b": "cos(((x+(0.6820414+y))+y))",
            "g": "cos(((x+(x+0.39442223))+x))"
          }
        }
      ],
      "timestamp": "15h:5m:16s"
    },
    {
      "generation": 6,
      "ascendantID": "gxo6fey7-efk6-q7sy-48fd-oecnb0x3ps8i",
      "id": "998zqh2w-47u4-5bsp-rewq-y1x7yvqja8lz",
      "individuals": [
        {
          "fitness": 0,
          "expressions": {
            "r": "(y/x)",
            "b": "(x/x)",
            "g": "(x/y)"
          }
        },
        {
          "fitness": 0,
          "expressions": {
            "r": "sin(((((y+0.65385336)+y)+0.93051016)*(((((0.87731946+x)+0.03103906)+((x+y)+(y+y)))+(x-(x+x)))+((y+0.98660964)-0.7444253))))",
            "b": "sin(((((0.16025108+0.11666536)+0.38724536)+y)*(((((x+y)+y)+((y+y)+(x+x)))+(x-(y+y)))+((x+0.061695814)-x))))",
            "g": "sin(((((0.019260406+x)+x)+y)*(((((0.9810414+0.55752254)+0.2959916)+((0.19935876+x)+(x+0.31521088)))+(0.7002409-(0.57970583+y)))+((0.039075673+y)-y))))"
          }
        },
        {
          "fitness": 0,
          "expressions": {
            "r": "((((0.68382937+y)+(0.5651749+0.87998))+(((((y+0.3135304)+(y+0.32687777))+((x+x)+x))+((0.25808054+y)+((0.21050727+0.6713689)+(0.35786873+x))))+((0.19972569+y)+(x+y))))/(((y+y)+(x+y))/(y+x)))",
            "b": "((((x+y)+(0.014591396+0.15440208))+(((((0.26405472+y)+(x+0.74945945))+((x+y)+0.4588126))+((y+x)+((y+y)+(0.6062191+y))))+((x+x)+(0.87499183+x))))/(((y+x)+(x+0.16634166))/(x+x)))",
            "g": "((((x+0.85324895)+(y+x))+(((((x+y)+(x+0.4630741))+((y+y)+x))+((0.972461+x)+((x+x)+(y+0.82266784))))+((y+0.3283757)+(x+0.6520727))))/(((0.26284987+0.08762026)+(0.7624914+0.6171232))/(y+0.6120767)))"
          }
        },
        {
          "fitness": 0,
          "expressions": {
            "r": "cos((((x+0.752956)+0.34561837)+x))",
            "b": "cos((((x+y)+x)+y))",
            "g": "cos((((0.31841558+0.8554369)+x)+x))"
          }
        },
        {
          "fitness": 0,
          "expressions": {
            "r": "((((x+0.18822241)+0.2045542)+y)+(((0.14254707+x)+(((0.16430372+y)+((x+y)+auh((x+0.11395633),(aul(y,(((y+y)*auh(tan(y),tan((0.4234051+x))))*x))+(x*(x+x))))))+y))+((x+0.27919775)+(x+x))))",
            "b": "((((0.6001042+y)+x)+0.9520796)+(((0.09505713+0.47447562)+(((x+x)+((0.95443135+y)+auh((y+0.13495964),(aul(y,(((0.8225466+0.37801892)*auh(tan(y),tan((x+x))))*y))+(x*(x+0.9298791))))))+x))+((0.32019085+y)+(x+x))))",
            "g": "((((0.96551603+y)+x)+x)+(((y+0.100548506)+(((0.60554767+x)+((y+x)+auh((x+y),(aul(y,(((y+0.59705687)*auh(tan(x),tan((x+y))))*x))+(y*(0.17328304+0.50772554))))))+x))+((0.17283028+0.22015929)+(y+y))))"
          }
        },
        {
          "fitness": 0,
          "expressions": {
            "r": "((((0.36155766+y)+y)+(((0.7891735+((x+y)+y))+(((y+(0.16867018+y))+(0.7730271+y))+(y+y)))+((((0.5703462+x)-(x+y))+0.49623227)+(y+0.36353266))))*((y+y)/0.22880423))",
            "b": "((((x+y)+y)+(((y+((x+x)+0.10143685))+(((x+(0.10510057+y))+(0.09511721+0.6921925))+(y+0.5574816)))+((((0.9101066+0.011697292)-(0.052499592+x))+0.9721672)+(x+x))))*((x+y)/0.5198443))",
            "g": "((((0.60234565+y)+0.40523404)+(((x+((0.21895409+y)+y))+(((0.13938421+(0.09113109+x))+(x+y))+(x+0.5230821)))+((((x+0.66148925)-(0.3656727+y))+y)+(0.099639595+y))))*((y+x)/0.8999503))"
          }
        },
        {
          "fitness": 0,
          "expressions": {
            "r": "(((((x+x)+(x+0.52493423))+y)+(((0.7891735+(x+(0.48133332+0.8728938)))+((((y+y)+y)+(0.7730271+y))+0.7476804))*((((0.3398543+x)+y)-(x+0.0067688227))+((0.66783124+x)+(x+0.4371162)))))/((y+0.8069785)/(y+0.78212196)))",
            "b": "(((((0.3154868+0.7410974)+(x+x))+y)+(((y+(0.064448655+(0.50791293+x)))+((((x+y)+y)+(0.09511721+0.6921925))+x))*((((y+0.6911541)+x)-(x+x))+((0.97655207+0.7265151)+(0.9640351+y)))))/((y+0.9101148)/(x+y)))",
            "g": "(((((y+x)+(y+0.17348331))+0.40523404)+(((x+(x+(x+x)))+((((y+0.16215366)+y)+(x+y))+y))*((((x+0.70701116)+0.53517616)-(0.20300639+y))+((0.15817273+0.061492145)+(x+0.4873554)))))/((0.3399439+y)/(x+0.99804854)))"
          }
        },
        {
          "fitness": 0,
          "expressions": {
            "r": "sin(((0.94123274+(x+x))+((0.6192625+y)-((0.025915682+auh(y,var(aud((((tan((tan((0.8757416/((x+x)-(0.0-0.32781637))))*y))+aul((y+(aud(y,0.005739033)-auh(tan(0.48559982),aul(x,cos(0.0))))),y))/x)-x),aul(pow(0.05489713,0.5780502),sin(min((0.28596765+0.8254146),0.6764964)))))))+y))))",
            "b": "sin(((x+(y+x))+((x+y)-((y+auh(x,var(aud((((tan((tan((0.029150426/((x+y)-(0.0-x))))*y))+aul((y+(aud(x,x)-auh(tan(x),aul(x,cos(0.0))))),y))/y)-x),aul(pow(y,y),sin(min((x+y),x)))))))+0.8403298))))",
            "g": "sin(((y+(x+x))+((x+y)-((x+auh(x,var(aud((((tan((tan((y/((0.08463317+x)-(0.0-y))))*0.4505124))+aul((0.3907535+(aud(0.39501482,x)-auh(tan(x),aul(y,cos(0.0))))),y))/0.5961769)-y),aul(pow(y,0.6261379),sin(min((x+y),y)))))))+x))))"
          }
        },
        {
          "fitness": 0,
          "expressions": {
            "r": "sin(((y+(x+0.46760935))+(x+0.5453569)))",
            "b": "sin(((x+(y+y))+(y+x)))",
            "g": "sin(((x+(0.86370564+y))+(y+0.1169427)))"
          }
        },
        {
          "fitness": 0,
          "expressions": {
            "r": "((((0.049654663+y)+0.93051016)*(((((0.43640023+y)+aud(y,y))+(y+y))+(x*(x+x)))+(((x+y)+(y+0.80612487))-0.7444253)))*((((y+x)+(y+0.27871692))+aud(((x+x)*0.36781293),y))*0.28618133))",
            "b": "((((0.38821238+0.38724536)+y)*(((((0.90811586+0.28349662)+aud(y,0.33730012))+(0.78483474+x))+(x*(0.13287324+y)))+(((0.1001544+0.5779701)+(y+0.8166624))-x)))*((((y+0.6878609)+(y+x))+aud(((y+y)*x),y))*x))",
            "g": "((((0.93046725+x)+y)*(((((y+0.41299385)+aud(y,y))+(x+y))+(0.7002409*(x+x)))+(((x+0.4844672)+(x+y))-y)))*((((y+y)+(x+y))+aud(((y+x)*y),x))*0.7971797))"
          }
        },
        {
          "fitness": 0,
          "expressions": {
            "r": "aud((var((aul((aul(((x+0.38312817)-aul(min(sin(sin(((y+y)+max(x,(y-min((y+x),var(y))))))),auh(0.9855244,(min(0.4670813,(aud(0.38713503,max(pow(0.0,0.45157224),x))-max((0.89486504+(y+0.0863868)),var(x))))+x))),(0.8331565+0.9051411))),0.017191887)+var((cos(var(0.92402637))-0.8613163))),var((min(var(tan(cos(min((0.7368039+0.4852456),pow(var(tan(var(x))),((tan((0.49438065+x))/cos(y))*y)))))),y)/y)))*pow((y+y),max(aud(min(pow(x,sin(((0.3851704+0.2298333)-x))),0.7437476),y),x))))+y),(tan(aud((y+x),x))+(0.2882114+(y+(x+0.6773245)))))",
            "b": "aud((var((aul((aul(((0.08817458+x)-aul(min(sin(sin(((x+x)+max(y,(x-min((x+x),var(y))))))),auh(0.30689692,(min(y,(aud(y,max(pow(0.0,0.2977388),y))-max((x+(x+y)),var(y))))+x))),(y+y))),y)+var((cos(var(y))-x))),var((min(var(tan(cos(min((0.6107161+0.3012541),pow(var(tan(var(0.28911817))),((tan((y+0.67769855))/cos(x))*y)))))),x)/y)))*pow((0.5324648+y),max(aud(min(pow(0.95022315,sin(((x+y)-0.21589315))),x),x),0.23162323))))+x),(tan(aud((0.010050237+0.32947737),x))+(x+(x+(0.6412845+0.6382715)))))",
            "g": "aud((var((aul((aul(((y+0.23906082)-aul(min(sin(sin(((y+y)+max(y,(y-min((0.37657034+x),var(y))))))),auh(0.7582299,(min(x,(aud(x,max(pow(0.0,y),x))-max((y+(0.61186767+y)),var(0.4201761))))+0.48121065))),(y+y))),0.8643735)+var((cos(var(0.7004142))-y))),var((min(var(tan(cos(min((x+y),pow(var(tan(var(0.72543633))),((tan((0.8100831+y))/cos(0.68711007))*y)))))),x)/x)))*pow((y+x),max(aud(min(pow(x,sin(((x+0.70001453)-0.2736894))),y),x),y))))+x),(tan(aud((x+y),0.2126348))+(y+(y+(x+0.31543797)))))"
          }
        },
        {
          "fitness": 0,
          "expressions": {
            "r": "((((x+x)+(y+x))+(x+x))+((((x+x)+(x+x))+((0.7518314+x)+(0.6516484+(x+0.76975536))))+(0.43519896+0.21436322)))",
            "b": "((((x+y)+(x+y))+(x+y))+((((y+y)+(x+0.8154502))+((0.30290794+0.7963849)+(y+(x+0.9969422))))+(x+x)))",
            "g": "((((x+x)+(x+0.57182354))+(0.17866516+y))+((((0.8410063+y)+(0.7004426+y))+((0.77432084+0.5651972)+(y+(0.2753082+y))))+(0.52448505+0.95127547)))"
          }
        },
        {
          "fitness": 0,
          "expressions": {
            "r": "(((0.9150998+(y+y))+(0.8461504+x))+((((x+y)+x)+(y+y))+(0.43519896+0.21436322)))",
            "b": "(((0.5127715+(x+y))+(y+x))+((((x+y)+0.47447562)+(0.063397765+0.063397765))+(x+x)))",
            "g": "(((x+(0.28386515+0.86593705))+(0.18124169+0.8578618))+((((y+x)+0.100548506)+(y+y))+(0.52448505+0.95127547)))"
          }
        },
        {
          "fitness": 0,
          "expressions": {
            "r": "cos((((y+0.24362594)+0.34561837)+x))",
            "b": "cos((((x+x)+x)+y))",
            "g": "cos((((y+y)+x)+x))"
          }
        },
        {
          "fitness": 0,
          "expressions": {
            "r": "cos((((0.3426774+y)+((auh(tan((max(aud(x,min(y,auh((cos(0.9042794)*x),var(0.906118)))),auh((pow(x,sin(y))-max(tan(auh(x,(x+y))),pow(0.65302956,x))),0.4253261))-tan(x))),aul(var((0.082491696-0.90873706)),x))-var(var(cos(x))))+(x+x)))+((x+0.32727957)-x)))",
            "b": "cos((((0.81084305+y)+((auh(tan((max(aud(x,min(x,auh((cos(x)*y),var(0.7043967)))),auh((pow(y,sin(0.2530607))-max(tan(auh(x,(y+x))),pow(x,0.26643562))),0.8259947))-tan(x))),aul(var((0.80609035-y)),y))-var(var(cos(y))))+(x+y)))+((0.8340286+y)-x)))",
            "g": "cos((((x+y)+((auh(tan((max(aud(0.310924,min(0.30578417,auh((cos(0.25645995)*y),var(y)))),auh((pow(y,sin(0.45320284))-max(tan(auh(x,(x+x))),pow(x,x))),0.65418756))-tan(y))),aul(var((0.8590316-y)),0.0808205))-var(var(cos(y))))+(x+x)))+((x+x)-0.80090046)))"
          }
        },
        {
          "fitness": 0,
          "expressions": {
            "r": "aul(y,(tan(aul((y+x),x))+(0.2882114+((y+y)+0.4878443))))",
            "b": "aul(0.28069997,(tan(aul((x+0.7881691),x))+(x+((0.6201868+y)+y))))",
            "g": "aul(x,(tan(aul((0.7633322+x),0.2126348))+(y+((x+y)+0.17797315))))"
          }
        },
        {
          "fitness": 0,
          "expressions": {
            "r": "pow((((x+y)+(x+x))-(x+0.60617906)),((0.97724104+((x+(y+x))+auh(y,(aul(y,((0.6162511*auh(tan(y),tan((y+x))))/(0.2031244+0.9260804)))+((0.9311276+0.60598093)*x)))))+y))",
            "b": "pow((((y+0.8402957)+(0.35933822+y))-(x+0.9921509)),((y+((0.95443135+(y+0.39606804))+auh(x,(aul(y,((0.584112*auh(tan(y),tan((0.44404757+0.62486887))))/(x+y)))+((0.87295836+x)*0.36463577)))))+x))",
            "g": "pow((((y+y)+(x+y))-(x+x)),((x+((y+(x+x))+auh(y,(aul(y,((x*auh(tan(x),tan((y+x))))/(y+y)))+((x+x)*0.45195454)))))+x))"
          }
        },
        {
          "fitness": 0,
          "expressions": {
            "r": "(y/x)",
            "b": "(x/x)",
            "g": "(x/y)"
          }
        }
      ],
      "timestamp": "15h:5m:16s"
    },
    {
      "generation": 7,
      "ascendantID": "998zqh2w-47u4-5bsp-rewq-y1x7yvqja8lz",
      "id": "t3exrkb4-yf7t-nhj4-y6t3-rlbnneyg13k5",
      "individuals": [
        {
          "fitness": 0,
          "expressions": {
            "r": "(y/x)",
            "b": "(x/x)",
            "g": "(x/y)"
          }
        },
        {
          "fitness": 0,
          "expressions": {
            "r": "cos(((0.94123274+((0.29226172+0.53572726)+x))-((0.6192625+(0.74286693+x))-((0.025915682+aul((0.6881284+0.65524757),var(aud((((tan((var(((0.7131275+0.6040669)/((x+x)-(0.0*0.32781637))))*(y+y)))+aul((y+(aud((y+x),0.7730271)+auh(tan((y+y)),aul((0.85969234+0.6480426),cos(0.0))))),y))/x)-x),aul(pow(0.05489713,0.5780502),sin(min(((0.68803006+y)+0.8254146),(x+y))))))))+(max(((aud(auh((auh((y/auh(((tan(0.0)+var(x))-x),0.26764905)),auh(x,((x-x)-min(y,pow(pow(0.0,0.0),auh(0.0,0.0))))))/min(x,sin(0.61388487))),x),max(0.14259428,sin(max((tan(0.9993485)*0.047926784),aud(y,y)))))-x)/aul(y,((sin(x)*y)-auh(0.17993134,y)))),y)+y)))))",
            "b": "cos(((x+((y+0.36920768)+x))-((x+(0.51221716+0.81713766))-((y+aul((0.70886636+y),var(aud((((tan((var(((y+0.19055235)/((x+y)-(0.0*x))))*(x+x)))+aul((y+(aud((0.8968851+y),0.09511721)+auh(tan((y+0.34307188)),aul((y+x),cos(0.0))))),y))/y)-x),aul(pow(y,y),sin(min(((0.96115834+x)+y),(x+0.66718394))))))))+(max(((aud(auh((auh((y/auh(((tan(0.0)+var(y))-x),y)),auh(0.74984944,((x-y)-min(0.12933826,pow(pow(0.0,0.0),auh(0.0,0.0))))))/min(0.6915822,sin(0.057805896))),0.3670267),max(0.88718784,sin(max((tan(0.22117263)*0.30667555),aud(x,y)))))-y)/aul(x,((sin(y)*0.33395147)-auh(0.03191936,x)))),y)+0.8561661)))))",
            "g": "cos(((y+((x+x)+x))-((x+(y+0.87735146))-((x+aul((x+0.39384735),var(aud((((tan((var(((x+y)/((0.08463317+x)-(0.0*y))))*(y+0.32751775)))+aul((0.3907535+(aud((x+x),x)+auh(tan((0.84108317+0.3917824)),aul((y+x),cos(0.027807176))))),y))/0.5961769)-y),aul(pow(y,0.6261379),sin(min(((x+x)+y),(y+y))))))))+(max(((aud(auh((auh((y/auh(((tan(0.0)+var(y))-0.3462816),x)),auh(0.7259556,((0.360287-x)-min(x,pow(pow(0.0,0.0),auh(0.0,0.0))))))/min(0.015113175,sin(0.44584626))),x),max(x,sin(max((tan(0.82461673)*y),aud(0.8726408,y)))))-x)/aul(x,((sin(0.30036002)*0.2519431)-auh(y,0.16283888)))),x)+y)))))"
          }
        },
        {
          "fitness": 0,
          "expressions": {
            "r": "((((x+y)+((0.052863657+y)+y))+((x+x)+(0.8069249+x)))+(((((y+y)+y)+x)+(y+(0.0783239+0.24364775)))+((x+0.6303209)+(y+0.7622405))))",
            "b": "((((y+y)+((0.91339195+x)+y))+((x+x)+(x+y)))+(((((y+y)+y)+0.47447562)+(0.063397765+(x+0.61673033)))+((x+x)+(y+0.2108059))))",
            "g": "((((y+x)+((0.71888566+x)+0.86593705))+((y+y)+(x+x)))+(((((y+y)+x)+0.100548506)+(y+(0.4929666+x)))+((0.44422066+x)+(y+x))))"
          }
        },
        {
          "fitness": 0,
          "expressions": {
            "r": "sin((((0.68382937-y)+(0.5651749+(0.49149066+0.432145)))+((((((0.2998218+x)+(0.7307312+y))+(y+(x+x)))+((x+x)+(x+0.8780295)))+(((0.21428454+x)+y)+((0.21050727-(y+y))-(0.35786873-(0.28383994+0.49069226)))))+((0.19972569+y)-((0.9792922+x)+y)))))",
            "b": "sin((((x-y)+(0.014591396+(x+y)))+((((((x+y)+(0.48907882+x))+(x+(y+x)))+((x+y)+(0.7823104+0.686493)))+(((x+x)+x)+((y-(x+x))-(0.6062191-(0.043898642+y)))))+((x+x)-((0.57323617+x)+x)))))",
            "g": "sin((((x-0.85324895)+(y+(0.38626903+y)))+((((((0.5080721+y)+(x+y))+(x+(0.4529872+0.15284121)))+((y+y)+(y+y)))+(((y+y)+x)+((x-(0.5972673+y))-(y-(y+0.64589703)))))+((y+0.3283757)-((y+y)+0.6520727)))))"
          }
        },
        {
          "fitness": 0,
          "expressions": {
            "r": "((((0.36155766+y)+y)+(((0.7891735+((x-y)+y))-((((x+x)+(0.16867018+(y+0.258303)))+(0.7730271+y))-(y+y)))+((((0.5703462+(0.5685738+0.37946302))-(x+(y+x)))+0.49623227)+(y+0.36353266))))/(x/(0.9904427+x)))",
            "b": "((((x+y)+y)+(((y+((x-x)+0.10143685))-((((x+0.1876384)+(0.10510057+(y+0.944193)))+(0.09511721+0.6921925))-(y+0.5574816)))+((((0.9101066+(y+y))-(0.052499592+(y+y)))+0.9721672)+(x+x))))/(y/(y+0.2544853)))",
            "g": "((((0.60234565+y)+0.40523404)+(((x+((0.21895409-y)+y))-((((x+x)+(0.09113109+(x+0.12269962)))+(x+y))-(x+0.5230821)))+((((x+(x+x))-(0.3656727+(y+x)))+y)+(0.099639595+y))))/(0.6087631/(x+y)))"
          }
        },
        {
          "fitness": 0,
          "expressions": {
            "r": "pow((((x+y)+((x+0.8250207)+x))-((y+0.23764497)+0.60617906)),((0.97724104+(((x+x)+((x+y)+(x+x)))+auh((y+0.6494318),(auh((x+x),(((y+y)*auh(tan(y),tan((y+(y+y)))))/(0.2031244+(x+y))))+(((x+0.22993344)+0.60598093)*x)))))+(x+0.83136714)))",
            "b": "pow((((y+0.8402957)+((x+0.9230527)+y))-((y+x)+0.9921509)),((y+(((y+0.8253393)+((y+x)+(0.88261896+x)))+auh((y+0.13562572),(auh((0.2990207+y),(((0.4296298+x)*auh(tan(y),tan((0.44404757+(y+0.5827051)))))/(x+(y+y))))+(((y+y)+x)*0.36463577)))))+(x+0.26332265)))",
            "g": "pow((((y+y)+((0.1075961+y)+y))-((y+0.79662734)+x)),((x+(((0.0033720732+y)+((y+y)+(0.17306954+0.4120624)))+auh((0.239716+x),(auh((y+y),(((0.3152048+x)*auh(tan(x),tan((y+(x+x)))))/(y+(x+x))))+(((0.48979086+y)+x)*0.45195454)))))+(x+y)))"
          }
        },
        {
          "fitness": 0,
          "expressions": {
            "r": "(((((0.6401614+x)+y)+y)+(((0.7891735+((x-y)+(y+0.036411524)))+(((y+(0.16867018+y))+(0.7730271+tan(tan(pow((x*0.8490125),aud(min((sin(((y-0.7392674)/0.8752842))+aud(max(x,tan(tan(0.3823353))),0.28833157)),min(y,var(x))),0.0702728))))))+(y+y)))+((((0.5703462-(0.5166094+x))+((y+0.96542716)+(y+x)))+0.49623227)+(y+0.36353266))))*sin((y+(0.29069316+x))))",
            "b": "(((((y+y)+y)+y)+(((y+((x-x)+(x+y)))+(((x+(0.10510057+y))+(0.09511721+tan(tan(pow((0.95874166*x),aud(min((sin(((0.33287376-x)/x))+aud(max(x,tan(tan(x))),0.33202296)),min(y,var(y))),0.01809758))))))+(y+0.5574816)))+((((0.9101066-(x+y))+((x+y)+(y+y)))+0.9721672)+(x+x))))*sin((x+(y+0.7550565))))",
            "g": "(((((y+0.27249366)+y)+0.40523404)+(((x+((0.21895409-y)+(y+x)))+(((0.13938421+(0.09113109+x))+(x+tan(tan(pow((x*y),aud(min((sin(((x-y)/y))+aud(max(0.8578804,tan(tan(y))),x)),min(y,var(0.4864844))),0.8740593))))))+(x+0.5230821)))+((((x-(x+y))+((x+0.84100896)+(0.19983208+x)))+y)+(0.099639595+y))))*sin((y+(y+y))))"
          }
        },
        {
          "fitness": 0,
          "expressions": {
            "r": "(((((y+x)+y)+y)+(((0.7891735+((x+y)+(x+y)))-((((x+x)+((0.029701173+y)+(x+0.583298)))+((0.04815924+y)+(x+0.4168564)))+(y+y)))+((((0.5703462+(0.34927315+x))*(x-(x+x)))+0.49623227)+(y+0.36353266))))*((y+y)/0.22880423))",
            "b": "(((((x+0.8021577)+y)+y)+(((y+((x+x)+(0.1972897+x)))-((((x+0.27319515)+((x+y)+(x+x)))+((y+y)+(y+x)))+(y+0.5574816)))+((((0.9101066+(x+0.7746477))*(0.052499592-(0.02681905+y)))+0.9721672)+(x+x))))*((x+y)/0.5198443))",
            "g": "(((((x+0.7866778)+y)+0.40523404)+(((x+((0.21895409+y)+(x+x)))-((((0.37247854+y)+((y+x)+(x+y)))+((0.285828+0.14390266)+(0.75368357+y)))+(x+0.5230821)))+((((x+(0.35275483+0.36153603))*(0.3656727-(y+0.18387973)))+y)+(0.099639595+y))))*((y+x)/0.8999503))"
          }
        },
        {
          "fitness": 0,
          "expressions": {
            "r": "auh(y,(tan(aul((y-(y+y)),(0.5093676+0.6146157)))-(0.2882114+((y+(x+0.17101747))+(x+y)))))",
            "b": "auh(0.28069997,(tan(aul((x-(y+0.44293964)),(0.16864944+0.86608046)))-(x+((0.6201868+(y+0.3521034))+(y+0.42685175)))))",
            "g": "auh(x,(tan(aul((0.7633322-(y+0.92593914)),(x+x)))-(y+((x+(0.22441149+0.23383409))+(x+x)))))"
          }
        },
        {
          "fitness": 0,
          "expressions": {
            "r": "((((x+(0.2966187+0.3090847))+(y+(x+x)))+(x+(x+0.008016944)))+(((((x+x)+x)+(x-x))+((0.7518314+x)+(0.6516484+((x+x)+0.76975536))))-(0.43519896+(y+y))))",
            "b": "((((x+(y+y))+(x+(0.34877568+x)))+(x+(y+y)))+(((((y+x)+y)+(x-0.8154502))+((0.30290794+0.7963849)+(y+((0.03859377+y)+0.9969422))))-(x+(x+x))))",
            "g": "((((x+(x+0.8148916))+(x+(0.30931878+0.9555425)))+(0.17866516+(x+y)))+(((((0.8469531+0.52848566)+y)+(0.7004426-y))+((0.77432084+0.5651972)+(y+((0.65613055+y)+y))))-(0.52448505+(y+x))))"
          }
        },
        {
          "fitness": 0,
          "expressions": {
            "r": "((((((y+y)+(x+y))+y)+0.93051016)*(((((0.87731946+x)-0.03103906)+(((0.8844155+y)+y)+((y+x)+y)))+(x-((x+x)+x)))+(((y+x)+(x+x))-(y+y))))*0.3022483)",
            "b": "((((((x+0.8941564)+(y+x))+0.38724536)+y)*(((((x+y)-y)+(((y+x)+y)+((x+0.48758787)+x)))+(x-((x+y)+y)))+(((x+y)+(y+x))-(x+y))))*x)",
            "g": "((((((0.48936242+y)+(y+y))+x)+y)*(((((0.9810414+0.55752254)-0.2959916)+(((0.981208+0.9487041)+x)+((y+y)+0.31521088)))+(0.7002409-((y+y)+y)))+(((x+x)+(0.9210443+y))-(y+y))))*y)"
          }
        },
        {
          "fitness": 0,
          "expressions": {
            "r": "((((x+0.9481711)+(y+(x+0.992302)))+(0.8461504-(0.2121023+0.94890726)))+((((x+y)+x)+((y+y)+(0.627999+y)))+((0.47537416+y)+(y+0.99628186))))",
            "b": "((((x+x)+(x+(x+0.34938705)))+(y-(x+y)))+((((x+y)+0.47447562)+((y+0.4156131)+(0.25693917+y)))+((0.32899618+y)+(0.4261635+y))))",
            "g": "((((y+0.3560865)+(0.28386515+(0.34912026+x)))+(0.18124169-(y+x)))+((((y+x)+0.100548506)+((x+x)+(x+0.8952656)))+((0.74013966+x)+(0.58846253+x))))"
          }
        },
        {
          "fitness": 0,
          "expressions": {
            "r": "(y/x)",
            "b": "(x/x)",
            "g": "(x/y)"
          }
        },
        {
          "fitness": 0,
          "expressions": {
            "r": "cos(((((y+0.88823533)+0.24362594)+(0.2821201+y))+(y+0.4906935)))",
            "b": "cos(((((y+0.4314986)+x)+(x+x))+(0.42016035+y)))",
            "g": "cos(((((y+0.3461786)+y)+(0.33357114+y))+(x+0.29596764)))"
          }
        },
        {
          "fitness": 0,
          "expressions": {
            "r": "sin(((((y+(x+x))+(x+0.7670313))+(0.8944872+0.48164213))-((((((y+x)+x)+0.03103906)+(((x+x)+auh((0.00285995/x),y))+(y+y)))+(x-(x+x)))+((y+(x+0.8491849))+0.7444253))))",
            "b": "sin(((((0.16025108+(x+y))+(x+x))+(0.21812063+0.88951814))-((((((y+0.5629726)+y)+y)+(((x+x)+auh((x/x),x))+(x+x)))+(x-(y+y)))+((x+(y+y))+x))))",
            "g": "sin(((((0.019260406+(y+x))+(y+0.4633407))+(y+0.6006174))-((((((0.26004553+y)+0.55752254)+0.2959916)+(((0.6206671+x)+auh((x/x),y))+(x+0.31521088)))+(0.7002409-(0.57970583+y)))+((0.039075673+(y+y))+y))))"
          }
        },
        {
          "fitness": 0,
          "expressions": {
            "r": "aul((0.44644886+x),(var(aul((y+(0.9302051+0.03644836)),x))+(0.2882114+(((y+0.17692816)+(y/(x+x)))+0.4878443))))",
            "b": "aul((x+0.86052865),(var(aul((x+(y+x)),x))+(x+(((x+y)+(x/(0.10801935+0.55001986)))+y))))",
            "g": "aul((x+y),(var(aul((0.7633322+(y+0.6097015)),0.2126348))+(y+(((y+x)+(x/(x+x)))+0.17797315))))"
          }
        },
        {
          "fitness": 0,
          "expressions": {
            "r": "(y/x)",
            "b": "(x/x)",
            "g": "(x/y)"
          }
        },
        {
          "fitness": 0,
          "expressions": {
            "r": "sin(((0.94123274+((x+x)+(0.84714943+x)))+(((0.19892907+y)+(x+x))-(((y+y)+max((x+0.80668724),tan(0.62013566)))+(0.42382747+0.36287642)))))",
            "b": "sin(((x+((x+x)+(y+x)))+(((x+y)+(0.23646569+x))-(((0.5467229+0.73067844)+max((y+y),tan(x)))+(y+y)))))",
            "g": "sin(((y+((x+x)+(y+0.7457864)))+(((y+0.7010563)+(y+x))-(((y+y)+max((y+0.10319048),tan(0.7429379)))+(0.29085588+y)))))"
          }
        }
      ],
      "timestamp": "15h:5m:17s"
    },
    {
      "generation": 8,
      "ascendantID": "t3exrkb4-yf7t-nhj4-y6t3-rlbnneyg13k5",
      "id": "13249x8o-63bt-e8v3-ob5g-5ndhfybv6b4f",
      "individuals": [
        {
          "fitness": 0,
          "expressions": {
            "r": "cos(((0.94123274+((0.29226172+0.53572726)+x))-((0.6192625+(0.74286693+x))-((0.025915682+aul((0.6881284+0.65524757),var(aud((((tan((var(((0.7131275+0.6040669)/((x+x)-(0.0*0.32781637))))*(y+y)))+aul((y+(aud((y+x),0.7730271)+auh(tan((y+y)),aul((0.85969234+0.6480426),cos(0.0))))),y))/x)-x),aul(pow(0.05489713,0.5780502),sin(min(((0.68803006+y)+0.8254146),(x+y))))))))+(max(((aud(auh((auh((y/auh(((tan(0.0)+var(x))-x),0.26764905)),auh(x,((x-x)-min(y,pow(pow(0.0,0.0),auh(0.0,0.0))))))/min(x,sin(0.61388487))),x),max(0.14259428,sin(max((tan(0.9993485)*0.047926784),aud(y,y)))))-x)/aul(y,((sin(x)*y)-auh(0.17993134,y)))),y)+y)))))",
            "b": "cos(((x+((y+0.36920768)+x))-((x+(0.51221716+0.81713766))-((y+aul((0.70886636+y),var(aud((((tan((var(((y+0.19055235)/((x+y)-(0.0*x))))*(x+x)))+aul((y+(aud((0.8968851+y),0.09511721)+auh(tan((y+0.34307188)),aul((y+x),cos(0.0))))),y))/y)-x),aul(pow(y,y),sin(min(((0.96115834+x)+y),(x+0.66718394))))))))+(max(((aud(auh((auh((y/auh(((tan(0.0)+var(y))-x),y)),auh(0.74984944,((x-y)-min(0.12933826,pow(pow(0.0,0.0),auh(0.0,0.0))))))/min(0.6915822,sin(0.057805896))),0.3670267),max(0.88718784,sin(max((tan(0.22117263)*0.30667555),aud(x,y)))))-y)/aul(x,((sin(y)*0.33395147)-auh(0.03191936,x)))),y)+0.8561661)))))",
            "g": "cos(((y+((x+x)+x))-((x+(y+0.87735146))-((x+aul((x+0.39384735),var(aud((((tan((var(((x+y)/((0.08463317+x)-(0.0*y))))*(y+0.32751775)))+aul((0.3907535+(aud((x+x),x)+auh(tan((0.84108317+0.3917824)),aul((y+x),cos(0.027807176))))),y))/0.5961769)-y),aul(pow(y,0.6261379),sin(min(((x+x)+y),(y+y))))))))+(max(((aud(auh((auh((y/auh(((tan(0.0)+var(y))-0.3462816),x)),auh(0.7259556,((0.360287-x)-min(x,pow(pow(0.0,0.0),auh(0.0,0.0))))))/min(0.015113175,sin(0.44584626))),x),max(x,sin(max((tan(0.82461673)*y),aud(0.8726408,y)))))-x)/aul(x,((sin(0.30036002)*0.2519431)-auh(y,0.16283888)))),x)+y)))))"
          }
        },
        {
          "fitness": 0,
          "expressions": {
            "r": "((y+y)/x)",
            "b": "((x+x)/x)",
            "g": "((x+x)/y)"
          }
        },
        {
          "fitness": 0,
          "expressions": {
            "r": "((x+x)/x)",
            "b": "((0.42208064+x)/x)",
            "g": "((x+0.9751893)/y)"
          }
        },
        {
          "fitness": 0,
          "expressions": {
            "r": "(((((((y+y)-(x+y))+(x+(y+y)))+y)+(0.1618352+y))*(((((0.87731946+x)-0.03103906)+(((0.8844155+(x+x))+(y+0.9121476))+((y+x)+(0.3617372+0.41694707))))+((x+y)-((x+x)+x)))+(((y+x)+((x+0.6786856)+x))-(y+y))))*(y+x))",
            "b": "(((((((0.8840838+y)-(0.4474411+0.61496025))+(y+(x+x)))+0.38724536)+(x+y))*(((((x+y)-y)+(((y+(x+0.11010647))+(y+x))+((x+0.48758787)+(x+x))))+((x+0.90063035)-((x+y)+y)))+(((x+y)+((0.810693+y)+x))-(x+y))))*(y+x))",
            "g": "(((((((y+y)-(y+0.6879671))+(y+(x+x)))+x)+(0.35672987+0.052289844))*(((((0.9810414+0.55752254)-0.2959916)+(((0.981208+(0.42031163+x))+(x+0.8500743))+((y+y)+(x+x))))+((0.2719851+0.36128014)-((y+y)+y)))+(((x+x)+((y+x)+y))-(y+y))))*(y+x))"
          }
        },
        {
          "fitness": 0,
          "expressions": {
            "r": "pow((((x+y)+(((0.12931502+y)+(0.9882524+y))-(0.7894224+x)))-(((0.82890344+x)+(x+y))+0.60617906)),(((0.03273207+x)+(((x+(y+0.93796116))+((x+y)+(x-x)))+auh((y+0.6494318),(aul((x+x),(((y+y)*auh(tan(y),tan(x)))/(0.2031244+(x+y))))-(((x+(x+x))+0.60598093)*x)))))+(x+0.83136714)))",
            "b": "pow((((y+0.8402957)+(((x+0.24231488)+(y+x))-(y+x)))-(((x+y)+(x+x))+0.9921509)),(((0.7704454+0.109386384)+(((y+(x+x))+((y+x)+(0.88261896-x)))+auh((y+0.13562572),(aul((0.2990207+y),(((0.4296298+x)*auh(tan(y),tan(x)))/(x+(y+y))))-(((y+(y+x))+x)*0.36463577)))))+(x+0.26332265)))",
            "g": "pow((((y+y)+(((0.08770555+0.73752165)+(0.07387251+y))-(y+x)))-(((y+0.019187093)+(y+0.7408549))+x)),(((x+0.3801366)+(((0.0033720732+(y+y))+((y+y)+(0.17306954-0.4120624)))+auh((0.239716+x),(aul((y+y),(((0.3152048+x)*auh(tan(x),tan(0.52848566)))/(y+(x+x))))-(((0.48979086+(0.02464968+y))+x)*0.45195454)))))+(x+y)))"
          }
        },
        {
          "fitness": 0,
          "expressions": {
            "r": "(y/x)",
            "b": "(x/x)",
            "g": "(x/y)"
          }
        },
        {
          "fitness": 0,
          "expressions": {
            "r": "sin((((0.68382937*(x+y))+((y+y)+(0.49149066+(0.71623564+x))))+(((((((x+x)+x)+((x+x)+(0.97192544+0.5088626)))+((x+y)+(x+(x+y))))+((x+x)+(x+0.8780295)))+((((x+y)+x)+(0.76868355+x))+(((0.15543741+0.348697)+(y+(y+x)))-((x+y)+(0.28383994+(y+x))))))+((0.19972569+(0.7755659+y))-((0.9792922+(0.2685426+x))+(x+x))))))",
            "b": "sin((((x*(x+y))+((x+0.82889915)+(x+(y+0.8778643))))+(((((((y+x)+y)+((y+y)+(y+x)))+((y+0.27672994)+(y+(x+0.5701847))))+((x+y)+(0.7823104+0.686493)))+((((0.029630005+0.4542176)+x)+(x+0.06306034))+(((x+y)+(x+(y+0.43455112)))-((x+y)+(0.043898642+(y+x))))))+((x+(0.45486563+0.1576606))-((0.57323617+(0.21453917+x))+(0.22318608+x))))))",
            "g": "sin((((x*(x+y))+((x+y)+(0.38626903+(x+0.036593735))))+(((((((x+0.37702632)+y)+((0.6392745+0.05590099)+(0.32286912+x)))+((y+y)+(0.4529872+(0.6889672+y))))+((y+y)+(y+y)))+((((x+x)+y)+(0.18156445+y))+(((y+y)+(0.5972673+(0.7951834+y)))-((0.14122528+y)+(y+(0.958423+y))))))+((y+(x+x))-((y+(x+x))+(y+x))))))"
          }
        },
        {
          "fitness": 0,
          "expressions": {
            "r": "((((((y+x)+(y+x))+y)+y)+((((y+y)+((x-y)+(y+(0.4747839+0.22456652))))+((((x+x)-((0.036890924+y)+(y+x)))+(0.7730271+tan(var(min((sin(x)*(y+y)),var(min((sin((((x+y)-(y+0.5263708))/0.8752842))+aud(max((y+y),tan(var(0.3823353))),(0.70255727+0.4557193))),max(y,var((y+y))))))))))+(y+y)))+((((0.5703462-((x+x)+x))+((y+(y+0.19581199))+(y+(y+x))))+0.49623227)+(y+0.36353266))))*sin((y+((y+y)+x))))",
            "b": "((((((x+x)+(0.34918875+x))+y)+y)+((((y+0.03709227)+((x-x)+(x+(y+0.7855897))))+((((0.81559914+y)-((y+x)+(x+y)))+(0.09511721+tan(var(min((sin(x)*(x+0.8448311)),var(min((sin((((y+0.16997659)-(y+y))/x))+aud(max((y+x),tan(var(x))),(y+x))),max(y,var((0.7248702+0.32971877))))))))))+(y+0.5574816)))+((((0.9101066-((x+y)+y))+((x+(0.98518556+0.9585609))+(y+(y+y))))+0.9721672)+(x+x))))*sin((x+((y+x)+0.7550565))))",
            "g": "((((((0.6243317+y)+(y+0.32925814))+y)+0.40523404)+((((x+0.8666321)+((0.21895409-y)+(y+(x+x))))+((((x+x)-((x+y)+(0.026781857+0.8822336)))+(x+tan(var(min((sin(y)*(x+0.3353575)),var(min((sin((((0.44184566+x)-(y+x))/y))+aud(max((0.8816562+y),tan(var(y))),(0.21058023+y))),max(y,var((y+0.25069803))))))))))+(x+0.5230821)))+((((x-((x+y)+y))+((x+(0.2679727+y))+(0.19983208+(x+x))))+y)+(0.099639595+y))))*sin((y+((0.7158417+0.10379845)+y))))"
          }
        },
        {
          "fitness": 0,
          "expressions": {
            "r": "sin((((0.68382937+(0.8289174+0.20410395))+(0.5651749+(0.49149066+0.432145)))+((((((0.2998218+(x+0.57646054))+(0.7307312+(x+0.83223903)))+((x+0.1888588)+((x+x)+x)))+((x-(x+0.37281865))+(x+0.8780295)))+((((0.8624486+0.23773402)+x)+(0.82353437+y))+((0.21050727-((y+x)-(y+x)))*((y+y)-((0.48344618+0.118815064)+0.49069226)))))+((0.19972569+y)-((0.9792922+x)+(x+x))))))",
            "b": "sin((((x+(x+y))+(0.014591396+(x+y)))+((((((x+(x+0.8600026))+(0.48907882+(0.2342729+y)))+((0.13884419+x)+((y+y)+x)))+((x-(0.33417642+x))+(0.7823104+0.686493)))+((((x+y)+x)+(0.32099676+0.92262393))+((y-((y+x)-(y+y)))*((y+x)-((y+0.25165826)+y)))))+((x+x)-((0.57323617+x)+(x+x))))))",
            "g": "sin((((x+(x+y))+(y+(0.38626903+y)))+((((((0.5080721+(x+y))+(x+(y+y)))+((y+0.30593455)+((x+x)+0.15284121)))+((y-(x+x))+(y+y)))+((((y+y)+y)+(y+x))+((x-((0.88552684+0.9635101)-(x+y)))*((0.474366+y)-((x+y)+0.64589703)))))+((y+0.3283757)-((y+y)+(0.39096004+0.09217483))))))"
          }
        },
        {
          "fitness": 0,
          "expressions": {
            "r": "aud((0.44644886+(0.17851067+x)),(aud(aul((y+(0.9302051+(0.24332428+x))),x),0.06077206)+(0.2882114+(((y+(0.46728712+x))+(y/(x+(0.44788617+y))))+0.4878443))))",
            "b": "aud((x+(x+x)),(aud(aul((x+(y+(x+x))),x),x)+(x+(((x+(x+x))+(x/(0.10801935+(y+y))))+y))))",
            "g": "aud((x+(y+0.2384736)),(aud(aul((0.7633322+(y+(0.25569302+0.14959466))),0.2126348),x)+(y+(((y+(x+y))+(x/(x+(y+y))))+0.17797315))))"
          }
        },
        {
          "fitness": 0,
          "expressions": {
            "r": "((((((y+y)+(x+(y+0.021611452)))+(0.930574+y))+(x+x))*(((((0.87731946+(x+0.34558046))*(0.100860715+0.114240825))+((((0.44433457+0.2883904)+y)+y)+((y+x)+(x+0.8335576))))+(x-(((x+0.44531786)+(x+x))+x)))+(((y+x)+((x+y)+x))-((0.9153072+0.70222485)+y))))*(y+0.07124716))",
            "b": "((((((x+0.8941564)+(y+(0.4221747+y)))+(x+y))+(y+0.85207576))*(((((x+(y+x))*(x+0.81593835))+((((y+y)+x)+y)+((x+0.48758787)+(x+x))))+(x-(((y+0.64557785)+(0.103859425+0.96229756))+y)))+(((x+y)+((x+y)+x))-((0.14361835+0.6484333)+y))))*(x+x))",
            "g": "((((((0.48936242+y)+(y+(y+y)))+(0.8768281+y))+(y+x))*(((((0.9810414+(x+0.71652585))*(0.71801126+x))+((((0.23540318+0.7146601)+0.9487041)+x)+((y+y)+(y+x))))+(0.7002409-(((0.61081195+0.77969116)+(x+y))+y)))+(((x+x)+((y+0.90824246)+y))-((0.25783718+x)+y))))*(x+y))"
          }
        },
        {
          "fitness": 0,
          "expressions": {
            "r": "cos((((x+0.0038906336)+((0.29226172+(y+y))+x))-((0.6192625+((y+0.7320585)+x))-((0.025915682+auh((0.6881284+(y+0.9727047)),aud(aud((((tan((tan((((x+x)+(x+y))/((x+x)+(0.0*0.32781637))))*((y+y)+(0.54922324+y))))+aul(((0.031500757+y)+(aud((y+x),0.7730271)+auh(tan((y+y)),aul((0.7275272+0.6480426),var(0.0))))),y))/x)-x),aul(pow((x+x),0.5780502),sin(min(((0.68803006+y)+0.8254146),((0.7911592+0.9226785)+(x+0.19616497)))))),y)))+(max(((aud(auh(sin(auh((y/auh(((tan(0.0)+var(x))-x),0.26764905)),aul(x,(((y+0.8238927)-x)+auh(y,pow(pow(0.087014906,0.0),auh(0.27015302,0.0))))))),x),max((y+x),sin(max((((0.94123274+((0.29226172+0.53572726)+x))*((0.6192625+(0.74286693+x))-((0.025915682+0.0)+(0.0+y))))*0.047926784),var((x+y))))))-(y+x))/aul(y,((sin((0.24785382+0.3317045))*(y+0.49506372))+auh(0.17993134,y)))),y)+y)))))",
            "b": "cos((((y+x)+((y+(y+y))+x))-((x+((x+y)+0.81713766))-((y+auh((0.70886636+(x+0.6578057)),aud(aud((((tan((tan((((0.39254898+x)+(y+x))/((x+y)+(0.0*x))))*((0.6202601+0.48732072)+(y+y))))+aul(((0.7897541+x)+(aud((0.8968851+y),0.09511721)+auh(tan((y+0.34307188)),aul((y+x),var(0.0))))),y))/y)-x),aul(pow((0.7949222+0.11716229),y),sin(min(((0.96115834+x)+y),((x+x)+(x+y)))))),y)))+(max(((aud(auh(sin(auh((y/auh(((tan(0.0)+var(y))-x),y)),aul(0.74984944,(((x+y)-y)+auh(0.12933826,pow(pow(0.0,0.0),auh(0.0,0.0))))))),0.3670267),max((y+y),sin(max((((x+((y+0.36920768)+x))*((x+(0.51221716+0.81713766))-((y+0.0)+(0.0+0.750381))))*0.30667555),var((x+x))))))-(y+0.9010833))/aul(x,((sin((0.49530208+x))*(0.80659264+y))+auh(0.03191936,x)))),y)+0.8561661)))))",
            "g": "cos((((y+y)+((x+(y+x))+x))-((x+((x+y)+0.87735146))-((x+auh((x+(x+x)),aud(aud((((tan((tan((((y+0.5362183)+(y+y))/((0.08463317+x)+(0.0668586*y))))*((0.53858274+x)+(y+x))))+aul(((x+0.026278675)+(aud((x+x),x)+auh(tan((0.84108317+0.3917824)),aul((y+x),var(0.027807176))))),y))/0.5961769)-y),aul(pow((0.6701376+0.22174394),0.6261379),sin(min(((x+x)+y),((x+y)+(x+0.37512535)))))),0.054373205)))+(max(((aud(auh(sin(auh((y/auh(((tan(0.0)+var(y))-0.3462816),x)),aul(0.7259556,(((x+x)-x)+auh(x,pow(pow(0.0,0.0),auh(0.0,0.0))))))),x),max((x+y),sin(max((((y+((x+x)+x))*((x+(y+0.87735146))-((x+0.0)+(0.0+y))))*y),var((0.47161782+0.017596543))))))-(x+x))/aul(x,((sin((0.64138734+y))*(y+x))+auh(y,0.16283888)))),x)+y)))))"
          }
        },
        {
          "fitness": 0,
          "expressions": {
            "r": "cos(((0.94123274+((0.29226172+0.53572726)+x))-(((x+y)+(0.74286693+(y+y)))*((0.025915682+aul(((y+x)+0.65524757),aud(aud((((tan((var((((0.8048934+0.2994892)+(x+0.31762558))*((x+0.79129374)-(0.0*0.32781637))))*((y+y)+y)))+aul((y+(var(((y+0.5196896)+x))+aul(tan((y+y)),aul((0.85969234+0.6480426),tan(0.0))))),y))/x)-x),aul(pow(0.05489713,0.5780502),(min((((0.00914973+y)+(x+0.79526836))+(y+y)),(x-(x+0.3651985)))/x))),x)))+(min(((aud(auh((auh((y/auh(((tan(0.0)+tan(x))-(0.87379754+y)),0.26764905)),auh(x,(((x+y)-(y+0.20834684))-min((x+y),min(pow(0.0,0.0),auh(0.0,0.0))))))/min(x,cos((0.7894222+y)))),x),max((y+y),sin(min((tan(0.9993485)-0.047926784),aud(y,y)))))-x)*aul(y,((sin((y+x))/y)+auh(0.17993134,(0.5361212+y))))),y)+y)))))",
            "b": "cos(((x+((y+0.36920768)+x))-(((0.44232613+y)+(0.51221716+(x+x)))*((y+aul(((y+y)+y),aud(aud((((tan((var((((x+y)+(x+y))*((x+y)-(0.0*x))))*((0.890789+x)+x)))+aul((y+(var(((0.123366416+0.11937761)+y))+aul(tan((y+0.4925698)),aul((y+x),tan(0.0))))),y))/y)-x),aul(pow(y,y),(min((((y+0.33803076)+(y+0.89576))+(0.6514208+x)),(x-(0.7112775+x)))/y))),y)))+(min(((aud(auh((auh((y/auh(((tan(0.0)+tan(y))-(x+y)),y)),auh(0.74984944,(((0.8258441+0.7051887)-(y+y))-min((0.73099333+0.25588846),min(pow(0.0,0.0),auh(0.0,0.0))))))/min(0.6915822,cos((y+x)))),0.3670267),max((y+x),sin(min((tan(0.22117263)-0.30667555),aud(x,y)))))-y)*aul(x,((sin((0.9095267+y))/0.33395147)+auh(0.03191936,(y+0.76959014))))),y)+0.8561661)))))",
            "g": "cos(((y+((x+x)+x))-(((0.3718602+0.83545)+(y+(x+y)))*((x+aul(((y+x)+0.39384735),aud(aud((((tan((var((((x+y)+(x+0.29496324))*((0.08463317+x)-(0.0*y))))*((0.8131453+x)+0.32751775)))+aul((0.3907535+(var(((x+x)+x))+aul(tan((0.84108317+0.3917824)),aul((y+x),tan(0.0))))),y))/0.5961769)-y),aul(pow(y,0.6261379),(min((((y+x)+(y+0.0967741))+(x+y)),(y-(x+x)))/0.01695782))),y)))+(min(((aud(auh((auh((y/auh(((tan(0.0)+tan(y))-(0.8408266+x)),x)),auh(0.7259556,(((0.49604452+0.8126108)-(x+y))-min((y+0.67790866),min(pow(0.0,0.0),auh(0.0,0.27543822))))))/min(0.015113175,cos((y+y)))),x),max((y+0.06626308),sin(min((tan(0.82461673)-y),aud(0.8726408,y)))))-x)*aul(x,((sin((x+0.7217147))/0.2519431)+auh(y,(x+0.43472314))))),x)+y)))))"
          }
        },
        {
          "fitness": 0,
          "expressions": {
            "r": "(((((((x+y)+(x+x))+((x+x)+y))+(y+0.94487625))+0.93051016)/(((((0.87731946+(0.29953104+y))-(x+y))+(((0.8844155+y)+y)+(((x+0.5885362)+x)-(y+y))))+((x+0.16271353)-((x+x)+x)))+(((y+(x+x))+((y+y)+x))-((0.6554194+0.7196324)+y))))*0.3022483)",
            "b": "(((((((0.15297765+y)+(0.2349953+x))+((x+0.091383934)+x))+(y+x))+y)/(((((x+(0.03541267+y))-(x+x))+(((y+x)+y)+(((x+0.7618441)+0.48758787)-(0.8122714+x))))+((x+0.98239464)-((x+y)+y)))+(((x+(x+y))+((x+0.18067843)+x))-((0.016540468+0.051055133)+y))))*x)",
            "g": "(((((((0.69381005+0.63959974)+(y+0.29858226))+((x+y)+y))+(0.07327223+x))+y)/(((((0.9810414+(0.6343217+x))-(y+y))+(((0.981208+0.9487041)+x)+(((0.1833998+0.40935892)+y)-(x+y))))+((0.55601853+0.3097735)-((y+y)+y)))+(((x+(x+0.3268928))+((x+x)+y))-((x+y)+y))))*y)"
          }
        },
        {
          "fitness": 0,
          "expressions": {
            "r": "sin(((((y+((y+x)+x))+(x+(y+0.16461164)))+(0.8944872+0.48164213))*y))",
            "b": "sin(((((0.16025108+((y+0.7651425)+y))+(x+(x+x)))+(0.21812063+0.88951814))*x))",
            "g": "sin(((((0.019260406+((x+0.19633967)+x))+(y+(0.7969789+y)))+(y+0.6006174))*y))"
          }
        },
        {
          "fitness": 0,
          "expressions": {
            "r": "((((x+(y+y))+(((y+0.16328055)+y)+y))+((x+(x+x))-((0.8384208+x)+(y+0.87954605))))+((((((x+y)-(x+0.2858575))-y)+(y+0.7314243))-(y+(0.0783239+0.24364775)))-(((y+x)+0.6303209)+((x+y)+0.7622405))))",
            "b": "((((y+(y+0.64894974))+(((0.68872565+x)+x)+y))+((x+(x+x))-((y+x)+(x+0.86677176))))+((((((0.25656402+y)-(x+0.9475513))-y)+(0.6365964+y))-(0.063397765+(x+0.61673033)))-(((0.5902126+y)+x)+((y+0.3857029)+0.2108059))))",
            "g": "((((y+(0.831196+x))+(((y+x)+x)+0.86593705))+((y+(x+x))-((y+y)+(0.8348043+y))))+((((((0.50193554+x)-(y+x))-x)+(x+0.39392638))-(y+(0.4929666+x)))-(((x+0.44354528)+x)+((x+x)+x))))"
          }
        },
        {
          "fitness": 0,
          "expressions": {
            "r": "(((0.2998218+x)+(0.7307312+y))/(y+x))",
            "b": "(((x+y)+(0.48907882+x))/(y+0.66285056))",
            "g": "(((0.5080721+y)+(x+y))/(y+0.049805403))"
          }
        },
        {
          "fitness": 0,
          "expressions": {
            "r": "((((x+y)+((0.052863657+(0.51076376+x))+(0.11733967+0.7036772)))+((x+x)+((x+y)+x)))+(((((y+y)+(y+y))+(0.8085172+y))+(y+((0.09950459+0.31194216)+(y+x))))+((x+0.6303209)-((y+x)+(x+x)))))",
            "b": "((((y+y)+((0.91339195+(y+y))+(x+x)))+((x+x)+((x+y)+y)))+(((((y+y)+(0.61659944+0.07781088))+(y+x))+(0.063397765+((x+x)+(x+y))))+((x+x)-((y+y)+(y+y)))))",
            "g": "((((y+x)+((0.71888566+(x+0.3802827))+(0.33385563+0.7414291)))+((y+y)+((x+x)+x)))+(((((y+y)+(x+x))+(0.7411428+0.7110191))+(y+((x+y)+(0.85166466+x))))+((0.44422066+x)-((y+x)+(x+x)))))"
          }
        }
      ],
      "timestamp": "15h:5m:21s"
    },
    {
      "generation": 9,
      "ascendantID": "13249x8o-63bt-e8v3-ob5g-5ndhfybv6b4f",
      "id": "68a82h7i-jrqg-xhrm-73im-dgmvhzu2by93",
      "individuals": [
        {
          "fitness": 0,
          "expressions": {
            "r": "cos(((0.94123274+((0.29226172+0.53572726)+x))-((0.6192625+(0.74286693+x))-((0.025915682+aul((0.6881284+0.65524757),var(aud((((tan((var(((0.7131275+0.6040669)/((x+x)-(0.0*0.32781637))))*(y+y)))+aul((y+(aud((y+x),0.7730271)+auh(tan((y+y)),aul((0.85969234+0.6480426),cos(0.0))))),y))/x)-x),aul(pow(0.05489713,0.5780502),sin(min(((0.68803006+y)+0.8254146),(x+y))))))))+(max(((aud(auh((auh((y/auh(((tan(0.0)+var(x))-x),0.26764905)),auh(x,((x-x)-min(y,pow(pow(0.0,0.0),auh(0.0,0.0))))))/min(x,sin(0.61388487))),x),max(0.14259428,sin(max((tan(0.9993485)*0.047926784),aud(y,y)))))-x)/aul(y,((sin(x)*y)-auh(0.17993134,y)))),y)+y)))))",
            "b": "cos(((x+((y+0.36920768)+x))-((x+(0.51221716+0.81713766))-((y+aul((0.70886636+y),var(aud((((tan((var(((y+0.19055235)/((x+y)-(0.0*x))))*(x+x)))+aul((y+(aud((0.8968851+y),0.09511721)+auh(tan((y+0.34307188)),aul((y+x),cos(0.0))))),y))/y)-x),aul(pow(y,y),sin(min(((0.96115834+x)+y),(x+0.66718394))))))))+(max(((aud(auh((auh((y/auh(((tan(0.0)+var(y))-x),y)),auh(0.74984944,((x-y)-min(0.12933826,pow(pow(0.0,0.0),auh(0.0,0.0))))))/min(0.6915822,sin(0.057805896))),0.3670267),max(0.88718784,sin(max((tan(0.22117263)*0.30667555),aud(x,y)))))-y)/aul(x,((sin(y)*0.33395147)-auh(0.03191936,x)))),y)+0.8561661)))))",
            "g": "cos(((y+((x+x)+x))-((x+(y+0.87735146))-((x+aul((x+0.39384735),var(aud((((tan((var(((x+y)/((0.08463317+x)-(0.0*y))))*(y+0.32751775)))+aul((0.3907535+(aud((x+x),x)+auh(tan((0.84108317+0.3917824)),aul((y+x),cos(0.027807176))))),y))/0.5961769)-y),aul(pow(y,0.6261379),sin(min(((x+x)+y),(y+y))))))))+(max(((aud(auh((auh((y/auh(((tan(0.0)+var(y))-0.3462816),x)),auh(0.7259556,((0.360287-x)-min(x,pow(pow(0.0,0.0),auh(0.0,0.0))))))/min(0.015113175,sin(0.44584626))),x),max(x,sin(max((tan(0.82461673)*y),aud(0.8726408,y)))))-x)/aul(x,((sin(0.30036002)*0.2519431)-auh(y,0.16283888)))),x)+y)))))"
          }
        },
        {
          "fitness": 0,
          "expressions": {
            "r": "pow(((((y+y)-(y+y))*(((0.12931502+y)+((x+x)+y))-((y+0.08493054)+(x+y))))+(((0.82890344+x)+(x+y))+(y+y))),((((0.13064218+y)+x)+(((x+(y+0.93796116))+((x+(x+y))+(x-x)))+auh((y+0.6494318),(aul((x+(x+x)),((((x+y)+(0.71072495+0.18439937))-aul(var((0.9633642+x)),tan(x)))/((y+0.28905326)+(x+y))))+(((x+(x+(y+x)))+0.60598093)*x)))))-((0.73001397+x)-(y+x))))",
            "b": "pow(((((x+y)-(x+0.1376136))*(((x+0.24231488)+((y+0.0465737)+x))-((0.82150555+x)+(x+y))))+(((x+y)+(x+x))+(y+0.7552087))),((((0.73725396+0.29558104)+0.109386384)+(((y+(x+x))+((y+(y+0.3992672))+(0.88261896-x)))+auh((y+0.13562572),(aul((0.2990207+(0.36269152+y)),((((0.44068837+0.8876506)+(0.5517971+x))-aul(var((0.9743514+0.6985806)),tan(x)))/((0.14801788+y)+(y+y))))+(((y+(y+(y+0.24539119)))+x)*0.36463577)))))-((x+y)-(0.15929586+0.88548356))))",
            "g": "pow(((((x+y)-(0.97768897+x))*(((0.08770555+0.73752165)+((4.8851967E-4+y)+y))-((0.7189543+x)+(0.9266469+x))))+(((y+0.019187093)+(y+0.7408549))+(x+y))),((((x+0.4600253)+0.3801366)+(((0.0033720732+(y+y))+((y+(0.69012916+y))+(0.17306954-0.4120624)))+auh((0.239716+x),(aul((y+(0.4050663+x)),((((y+0.119879544)+(0.01138705+x))-aul(var((x+x)),tan(0.52848566)))/((0.5002681+x)+(x+x))))+(((0.48979086+(0.02464968+(x+y)))+x)*0.45195454)))))-((x+y)-(y+y))))"
          }
        },
        {
          "fitness": 0,
          "expressions": {
            "r": "sin(((((y+0.006909013)*(x+(0.55998605+y)))+(((0.75172555+x)+y)+(0.49149066+((0.026616812+x)+x))))+((((((((x+x)+x)+(0.7695004+0.42665845))+(((x+y)+(x+0.77975965))+(0.97192544+(0.6865098+y))))+(((y+x)+y)+(x+((y+0.7125335)+y))))+(((y+x)-x)+((x+y)-0.8780295)))+(((((x+0.1270659)+y)+(0.62096804+0.9943843))+((y+x)+x))+((((x+y)+0.348697)+(y+(y+(0.6548903+0.054543972))))-(((0.3536203+x)+(y+y))+(0.28383994+(y+(y+y)))))))+((0.19972569+(0.7755659+(y+0.8196375)))-((0.9792922+(0.2685426+x))+((x+0.7888495)+x))))))",
            "b": "sin(((((x+y)*(x+(x+y)))+(((x+0.50649333)+0.82889915)+(x+((y+y)+0.8778643))))+((((((((0.8789719+x)+x)+(0.25694454+0.9741667))+(((x+x)+(0.5293243+x))+(y+(x+0.8994321))))+(((x+y)+0.27672994)+(y+((y+y)+0.5701847))))+(((y+x)-y)+((0.34371936+0.8223551)-0.686493)))+(((((0.7069264+0.3541183)+0.4542176)+(0.37184805+y))+((x+x)+0.06306034))+((((0.2210902+x)+y)+(x+(y+(x+0.05401522))))-(((x+y)+(0.09874463+0.78651667))+(0.043898642+(y+(y+y)))))))+((x+(0.45486563+(y+0.039161146)))-((0.57323617+(0.21453917+x))+((x+y)+x))))))",
            "g": "sin(((((y+x)*(x+(y+x)))+(((x+y)+y)+(0.38626903+((y+x)+0.036593735))))+((((((((0.5756977+x)+0.37702632)+(y+y))+(((y+y)+(y+y))+(0.32286912+(x+y))))+(((y+x)+y)+(0.4529872+((x+0.40452468)+y))))+(((0.41632032+x)-y)+((x+y)-y)))+(((((0.97815317+x)+x)+(0.9119017+y))+((y+0.29857546)+y))+((((0.4648608+x)+y)+(0.5972673+(0.7951834+(x+y))))-(((y+0.059644997)+(y+y))+(y+(0.958423+(0.0066826344+y)))))))+((y+(x+(x+0.8084668)))-((y+(x+x))+((y+x)+x))))))"
          }
        },
        {
          "fitness": 0,
          "expressions": {
            "r": "(((aud(0.24857086,(y/(aul(var(y),auh(tan(x),tan(y)))*x)))+x)+(0.7307312+y))/(y+x))",
            "b": "(((aud(x,(y/(aul(var(y),auh(tan(0.58203346),tan(y)))*x)))+y)+(0.48907882+x))/(y+0.66285056))",
            "g": "(((aud(y,(0.12774897/(aul(var(0.016847849),auh(tan(y),tan(y)))*x)))+y)+(x+y))/(y+0.049805403))"
          }
        },
        {
          "fitness": 0,
          "expressions": {
            "r": "((((((y+(y+0.86019623))-(x+((0.4497444+0.045383334)+0.021611452)))+(0.930574+(y+0.75331986)))+((0.48750722+x)+x))*((((((0.24642634+0.23736191)+(x-0.34558046))*((0.7712195+x)+0.114240825))+(((((0.8047623+x)+0.2883904)+y)-(x+0.92607915))+((y+x)+(x+0.8335576))))-(x*(((x+0.44531786)+((y+y)+(0.82162786+x)))+(x+x))))+(((y+x)+((x+(y+x))+x))-((0.9153072+0.70222485)+(x+y)))))*(y+0.07124716))",
            "b": "((((((x+(y+x))-(y+((x+0.36953205)+y)))+(x+(y+0.91953886)))+((0.11045462+0.56604123)+0.85207576))*((((((x+y)+(y-x))*((0.12123549+0.74685717)+0.81593835))+(((((x+x)+y)+x)-(0.07477087+0.09992802))+((x+0.48758787)+(x+x))))-(x*(((y+0.64557785)+((y+y)+(x+x)))+(0.5695081+0.124233305))))+(((x+y)+((x+(0.52415836+y))+x))-((0.14361835+0.6484333)+(0.9694619+y)))))*(x+x))",
            "g": "((((((0.48936242+(0.2716965+x))-(y+((x+x)+y)))+(0.8768281+(0.3421889+y)))+((0.8961534+x)+x))*((((((0.17355502+0.60754734)+(x-0.71652585))*((y+y)+x))+(((((0.43663126+x)+0.7146601)+0.9487041)-(0.96918726+0.0026414394))+((y+y)+(y+x))))-(0.7002409*(((0.61081195+0.77969116)+((x+x)+(0.9149462+0.90228045)))+(y+0.85738045))))+(((x+x)+((y+(y+x))+y))-((0.25783718+x)+(0.10732269+x)))))*(x+y))"
          }
        },
        {
          "fitness": 0,
          "expressions": {
            "r": "(sin((((((x+y)+((x+x)+x))+((x+x)+(0.5356604+x)))+(y+(x+y)))-(0.14550179+0.7535382)))*(x+0.985641))",
            "b": "(sin((((((0.15297765+y)+((y+x)+x))+((x+0.091383934)+(0.25917846+0.35993296)))+(y+(x+y)))-(0.9721758+x)))*(y+y))",
            "g": "(sin((((((0.69381005+0.63959974)+((0.2540837+x)+0.29858226))+((x+y)+(y+x)))+(0.07327223+(x+0.29907596)))-(x+0.13752079)))*(y+0.1712864))"
          }
        },
        {
          "fitness": 0,
          "expressions": {
            "r": "((((((y+(0.10974741+x))+(x+(y+0.021611452)))+((0.46595907+x)+y))+(x+x))*(((((0.87731946+((0.68130934+x)+0.34558046))*(0.100860715+0.114240825))+((((0.44433457+(0.36362582+0.82669973))+(y+0.10129595))+(x+x))+((y+x)+(x+0.8335576))))+(x-(((x+0.44531786)+((y+x)+x))+(y+0.9222427))))+((auh(0.91854554,y)+((x+y)+x))+(((0.12930393+x)+0.70222485)+(y+x)))))*(y+(0.7652069+y)))",
            "b": "((((((x+(0.2300232+0.8870659))+(y+(0.4221747+y)))+((0.6223571+y)+y))+(y+0.85207576))*(((((x+((0.55824333+0.5956446)+x))*(x+0.81593835))+((((y+(y+0.4630249))+(x+0.7852274))+(y+x))+((x+0.48758787)+(x+x))))+(x-(((y+0.64557785)+((x+0.18069702)+0.96229756))+(y+y))))+((auh(0.0414024,x)+((x+y)+x))+(((0.344293+y)+0.6484333)+(0.9217619+x)))))*(x+(y+x)))",
            "g": "((((((0.48936242+(0.40103745+0.88190746))+(y+(y+y)))+((0.95168316+0.9255679)+y))+(y+x))*(((((0.9810414+((y+y)+0.71652585))*(0.71801126+x))+((((0.23540318+(x+y))+(y+x))+(y+x))+((y+y)+(y+x))))+(0.7002409-(((0.61081195+0.77969116)+((0.41571003+0.058020115)+y))+(y+0.5338708))))+((auh(x,x)+((y+0.90824246)+y))+(((x+0.4589696)+x)+(x+x)))))*(x+(0.2382127+y)))"
          }
        },
        {
          "fitness": 0,
          "expressions": {
            "r": "tan((((x+(y+y))+((0.29226172+(y+(0.6402567+0.37308705)))+x))-((0.6192625+((y+0.7320585)-x))-((0.025915682+auh(((0.63606244+0.27711493)+((y+x)+(0.36863655+x))),aud(var((((tan((tan(sin(((x-x)+(x+y))))*((y-(x+x))+((x+x)+y))))+aud(((0.031500757+y)+(auh((y+(0.6409042+y)),0.7730271)+aul(tan((y+y)),auh((0.7275272+0.6480426),var(0.0))))),y))/(y+0.7370614))-(x+y))),y)))-(x+y)))))",
            "b": "tan((((y+(y+0.5489577))+((y+(y+(x+y)))+x))-((x+((x+y)-0.81713766))-((y+auh(((y+x)+((0.66128093+0.65070945)+(y+x))),aud(var((((tan((tan(sin(((0.39254898-x)+(y+x))))*((0.6202601-(0.47373372+y))+((0.17727059+0.5110023)+y))))+aud(((0.7897541+x)+(auh((0.8968851+(y+0.9881158)),0.09511721)+aul(tan((y+0.34307188)),auh((y+x),var(0.0))))),y))/(y+0.41795862))-(y+0.054432213))),y)))-(x+0.8561661)))))",
            "g": "tan((((y+(x+y))+((x+(y+(y+0.3696792)))+x))-((x+((x+y)-0.87735146))-((x+auh(((0.17595488+x)+((y+0.065589845)+(0.4234727+y))),aud(var((((tan((tan(sin(((y-0.6132188)+(y+y))))*((0.53858274-(0.3701291+y))+((y+x)+x))))+aud(((x+0.026278675)+(auh((x+(x+0.30287522)),x)+aul(tan((0.84108317+0.3917824)),auh((y+x),var(0.027807176))))),y))/(y+x))-(0.6068904+y))),0.054373205)))-(y+y)))))"
          }
        },
        {
          "fitness": 0,
          "expressions": {
            "r": "(((((((0.030753136+y)+((x+y)+x))+(((0.9514362+x)+x)+y))+(y+0.94487625))+(0.3958724+x))*(((((0.87731946+((x+y)+y))-(x+(x+y)))-(((0.8844155+y)+(0.3645038+x))+(((x+(x+0.54706013))+x)-((0.9906766+y)+y))))+((x+(y+y))-((x+(y+y))+x)))+(((y+((0.37076068+0.82766944)+(y+y)))+(((x+0.5918913)+y)+(y+0.59826976)))-(((y+y)+0.7196324)+(0.9524086+x)))))*0.3022483)",
            "b": "(((((((0.6607368+0.6875242)+((y+y)+x))+(((y+0.8563612)+0.091383934)+x))+(y+x))+(y+x))*(((((x+((y+0.51415354)+y))-(x+(0.8358332+0.2528717)))-(((y+x)+(x+x))+(((x+(0.07527244+y))+0.48758787)-((0.5706911+0.987891)+x))))+((x+(y+0.2730555))-((x+(0.60944885+y))+y)))+(((x+((x+x)+(y+0.085675836)))+(((x+0.36049676)+0.18067843)+(y+y)))-(((y+y)+0.051055133)+(y+x)))))*x)",
            "g": "(((((((x+0.77291894)+((x+y)+0.29858226))+(((0.37842+y)+y)+y))+(0.07327223+x))+(y+x))*(((((0.9810414+((y+y)+x))-(y+(0.04904169+y)))-(((0.981208+0.9487041)+(x+y))+(((0.1833998+(y+y))+y)-((y+y)+y))))+((0.55601853+(y+x))-((y+(x+0.69464314))+y)))+(((x+((0.831566+x)+(0.6842687+x)))+(((y+0.8671923)+x)+(x+y)))-(((0.2917335+y)+y)+(0.78784686+y)))))*y)"
          }
        },
        {
          "fitness": 0,
          "expressions": {
            "r": "aul(((y+x)+(0.17851067+x)),(aud(auh((y+(0.9302051+(0.24332428+x))),(0.3596576+x)),(0.49340147+x))+(0.2882114+(((y+(0.46728712+x))+((0.16876101+0.8523588)+(x+x)))+0.4878443))))",
            "b": "aul(((0.34406394+y)+(x+x)),(aud(auh((x+(y+(x+x))),(y+x)),(y+0.1577822))+(x+(((x+(x+x))+((y+y)+(x+y)))+y))))",
            "g": "aul(((y+x)+(y+0.2384736)),(aud(auh((0.7633322+(y+(0.25569302+0.14959466))),(y+x)),(x+x))+(y+(((y+(x+y))+((y+0.8493837)+(0.61364436+y)))+0.17797315))))"
          }
        },
        {
          "fitness": 0,
          "expressions": {
            "r": "((((x+0.76952344)+(y+x))+(0.7307312+y))/(y+(0.00790447+y)))",
            "b": "((((x+x)+(y+0.095487356))+(0.48907882+x))/(y+(x+0.09852469)))",
            "g": "((((y+x)+(y+x))+(x+y))/(y+(0.56063426+0.6452043)))"
          }
        },
        {
          "fitness": 0,
          "expressions": {
            "r": "((((((((0.8598538+0.27227426)-y)-((0.6343353+0.65318924)+(y+y)))+((y+0.3330018)+((0.8176478+0.3307405)+(0.46016765+0.18026966))))+(x+y))+(0.1618352+y))*(((((0.87731946+(x+y))-0.03103906)+(((0.8844155+((0.9004918+y)+(x+x)))-(y+(x+y)))+((y+(0.9177153+0.16424382))-((0.45266515+x)+0.41694707))))+((x+y)+(((x+x)+x)+x)))+(((y+x)-((x+0.6786856)+x))-((0.9643341+0.96025175)+(y+y)))))*(y+(x+0.60985994)))",
            "b": "((((((((0.65868527+0.94895357)-y)-((x+y)+(y+0.7315686)))+((0.9498208+x)+((y+y)+(y+y))))+(y+0.20423806))+(x+y))*(((((x+(y+x))-y)+(((y+((y+x)+(x+y)))-(y+(0.21921873+x)))+((x+(y+0.7366984))-((0.34806526+y)+x))))+((x+0.90063035)+(((y+x)+y)+y)))+(((x+y)-((0.810693+y)+x))-((x+y)+(y+x)))))*(y+(x+0.087433934)))",
            "g": "((((((((x+x)-y)-((x+x)+(0.16705245+0.093783796)))+((y+x)+((y+0.20480901)+(y+x))))+(x+x))+(0.35672987+0.052289844))*(((((0.9810414+(x+x))-0.2959916)+(((0.981208+((0.952738+y)+(y+x)))-(x+(x+y)))+((y+(y+y))-((x+0.14390588)+x))))+((0.2719851+0.36128014)+(((x+0.049364448)+y)+y)))+(((x+x)-((y+x)+y))-((x+0.9005998)+(0.6289986+y)))))*(y+(x+0.9883865)))"
          }
        },
        {
          "fitness": 0,
          "expressions": {
            "r": "(sin((((y+((y+(0.6028889+y))+x))+((0.94395715+0.07857621)+((y+0.007927179)+0.16461164)))+(0.8944872+(((x+y)+y)+x))))/x)",
            "b": "(sin((((y+((y+(y+x))+y))+((x+y)+((0.50085604+y)+x)))+(0.21812063+(((y+0.6631576)+y)+x))))/0.21122593)",
            "g": "(sin((((0.78453326+((x+(x+y))+x))+((0.9092476+y)+((y+x)+y)))+(y+(((x+0.0054745674)+0.90824246)+y))))/0.9180005)"
          }
        },
        {
          "fitness": 0,
          "expressions": {
            "r": "sin((((((y+y)+((y+(y+0.74583095))+x))+((y+y)+(y+(x+x))))+((y+0.78350526)+0.48164213))*(0.9356357+x)))",
            "b": "sin((((((y+0.111994386)+((y+(0.027390003+0.24645227))+y))+((0.060390294+x)+(x+(x+0.36388958))))+((0.91762537+y)+0.88951814))*(x+y)))",
            "g": "sin((((((y+x)+((x+(x+y))+x))+((y+y)+(0.7969789+(y+0.39280754))))+((y+0.23813671)+0.6006174))*(0.18830109+y)))"
          }
        },
        {
          "fitness": 0,
          "expressions": {
            "r": "((((((y-x)+((0.67875874+y)+x))+y)+y)+(((((y+x)+(0.25821412+0.008025348))+((x-(0.3218844+0.47970486))-(y+(0.4747839+0.22456652))))+((((x+x)-((0.036890924+y)+(y+x)))+(0.7730271+tan(var(min((sin((x+x))/(y+y)),var(min((sin((((x+y)-(y+0.5263708))*0.8752842))-aud(min((y+(0.0+y)),tan(var(0.3823353))),((y+y)+0.4557193))),max((x+x),var((y+(0.71401566+0.19473034)))))))))))+(y+(0.9582875+x))))+((((0.5703462-((x+x)+x))+((y+((y+0.6149971)+(x+x)))+((0.38043702+x)+(y+x))))+0.49623227)+((0.3464436+x)-0.36353266))))*cos(((0.75514126+y)+((y+y)+x))))",
            "b": "((((((x-x)+((0.7618337+y)+x))+y)+y)+(((((0.06332803+x)+(0.53616965+y))+((x-(0.022372484+0.9454538))-(x+(y+0.7855897))))+((((0.81559914+y)-((y+x)+(x+y)))+(0.09511721+tan(var(min((sin((0.68788755+x))/(x+0.8448311)),var(min((sin((((y+0.16997659)-(y+y))*x))-aud(min((y+(0.0+x)),tan(var(x))),((0.90322566+y)+x))),max((x+0.9466869),var((0.7248702+(0.44672674+x)))))))))))+(y+(x+x))))+((((0.9101066-((x+y)+y))+((x+((0.9469959+0.009187996)+(y+y)))+((0.23403955+x)+(y+y))))+0.9721672)+((x+y)-x))))*cos(((x+x)+((y+x)+0.7550565))))",
            "g": "((((((0.6243317-y)+((0.36245155+0.39157516)+0.32925814))+y)+0.40523404)+(((((0.2586801+0.10522574)+(y+y))+((0.21895409-(x+0.64208543))-(y+(x+x))))+((((x+x)-((x+y)+(0.026781857+0.8822336)))+(x+tan(var(min((sin((x+0.31263667))/(x+0.3353575)),var(min((sin((((0.44184566+x)-(y+x))*y))-aud(min((0.8816562+(0.0+0.5759298)),tan(var(y))),((0.261917+y)+y))),max((0.89674455+x),var((y+(y+y)))))))))))+(x+(y+x))))+((((x-((x+y)+y))+((x+((x+x)+(0.593833+x)))+((x+x)+(x+x))))+y)+((0.7273532+x)-y))))*cos(((x+y)+((0.7158417+0.10379845)+y))))"
          }
        },
        {
          "fitness": 0,
          "expressions": {
            "r": "cos((((y+y)+(((x+y)+0.53572726)+(y+0.48109245)))-((0.6192625-(0.74286693+x))-(((x+x)+aul((0.6881284+0.65524757),var(aul((((tan((var(((0.7131275+0.6040669)/((x+0.85289264)-(0.0*0.32781637))))*(y+(0.5632859+x))))+auh(((x+0.5759967)+(aud((y+x),0.7730271)+max(cos((y+y)),aul((0.85969234+0.6480426),cos(0.0))))),y))/x)-x),auh(pow(0.05489713,0.5780502),sin(min(((0.68803006-y)-(0.9246306+0.43068624)),(x+(y+x)))))))))+(auh(((aud(auh((aul(((0.2627535+x)/max(((tan(0.0)+var(x))*(y+0.7492057)),0.26764905)),auh((0.7087564+x),((x-x)-min((0.33799642+y),pow(pow(0.0,0.0),auh(0.0,0.0))))))/min((0.89817095+x),sin((y+0.5091101)))),x),max((0.6647601+x),cos(max((tan(0.9993485)*(0.5633599+x)),aud(y,y)))))*x)/auh((x+y),((sin(x)*(0.7141312+x))+aul((y+0.054342985),y)))),y)+y)))))",
            "b": "cos((((0.07527137+x)+(((y+x)+0.36920768)+(y+0.948398)))-((x-(0.51221716+0.81713766))-(((x+y)+aul((0.70886636+y),var(aul((((tan((var(((y+0.19055235)/((x+y)-(0.0*x))))*(x+(x+x))))+auh(((0.868095+0.60111487)+(aud((0.8968851+y),0.09511721)+max(cos((y+0.34307188)),aul((y+x),cos(0.12946168))))),y))/y)-x),auh(pow(y,y),sin(min(((0.96115834-x)-(y+0.6958244)),(x+(y+y)))))))))+(auh(((aud(auh((aul(((y+x)/max(((tan(0.0)+var(y))*(x+0.20388222)),y)),auh((x+x),((x-y)-min((0.46009827+y),pow(pow(0.042695,0.0),auh(0.0,0.0))))))/min((0.65600896+0.46586233),sin((0.62284666+0.380839)))),0.3670267),max((0.40806842+y),cos(max((tan(0.22117263)*(y+0.6495157)),aud(x,y)))))*y)/auh((y+0.9510804),((sin(y)*(y+x))+aul((y+0.2818095),x)))),y)+0.8561661)))))",
            "g": "cos((((x+y)+(((x+y)+x)+(0.18248677+0.35557365)))-((x-(y+0.87735146))-(((0.94916207+x)+aul((x+0.39384735),var(aul((((tan((var(((x+y)/((0.08463317+x)-(0.0*y))))*(y+(0.090711236+x))))+auh(((x+0.98999333)+(aud((x+x),x)+max(cos((0.84108317+0.3917824)),aul((y+x),cos(0.027807176))))),y))/0.5961769)-y),auh(pow(y,0.6261379),sin(min(((x-x)-(0.29273647+x)),(y+(0.6166132+0.48185778)))))))))+(auh(((aud(auh((aul(((y+x)/max(((tan(0.0)+var(y))*(0.049854398+0.3514459)),x)),auh((y+y),((0.360287-x)-min((y+x),pow(pow(0.0,0.29074934),auh(0.0,0.0))))))/min((0.28457397+y),sin((y+y)))),x),max((x+0.9985857),cos(max((tan(0.82461673)*(0.8074776+x)),aud(0.8726408,y)))))*x)/auh((0.4231909+y),((sin(0.30036002)*(y+y))+aul((0.3303362+y),0.16283888)))),x)+y)))))"
          }
        },
        {
          "fitness": 0,
          "expressions": {
            "r": "(y/(y+y))",
            "b": "(x/(x+0.20949787))",
            "g": "(x/(0.62409425+y))"
          }
        },
        {
          "fitness": 0,
          "expressions": {
            "r": "tan((((x+0.0038906336)+(((y+0.5252509)+(y+(y+x)))+x))-((0.6192625+((y+(0.3908229+y))+(x+0.3520648)))+(((0.9401096+0.34807974)-auh(((y+0.076056)+(y+(x+y))),aud(aul((sin((tan((cos(sin(((x+x)-(x+y))))*(((y+y)+y)+((x+y)+y))))+aud(((0.031500757+y)+(aud((y+(x+y)),0.7730271)+auh(tan((y+y)),aul((0.7275272+0.6480426),var(0.15617007))))),(x+y))))+x),aul(pow((x-(y+y)),0.5780502),sin(min((((x+y)+y)+(y+y)),((0.7911592+(y+x))+(x+(x+x))))))),y)))+(max(((aud(auh(cos(auh((y/auh(((tan(0.0)*var(x))-x),(0.3324024+y))),aud(x,((((0.27509916+y)+0.8238927)-x)+auh(y,min(pow(0.0,0.23626843),auh(0.27015302,0.0))))))),x),max((y+x),sin(max((((0.94123274+((0.29226172+0.53572726)-(x+0.33138067)))*(((x+x)+(0.74286693+x))-((0.025915682+0.0)+(0.2865711+y))))*(y+0.50659436)),var(((y+y)+y))))))-(y+(y+0.6601174)))/aul((y+0.42841905),((sin((0.24785382+0.3317045))/((x+0.6381569)+0.49506372))+auh(0.17993134,y)))),(x+x))+y)))))",
            "b": "tan((((y+x)+(((x+0.80161715)+(y+(0.7596141+x)))+x))-((x+((x+(0.5566265+0.043554783))+(x+x)))+(((x+0.6357504)-auh(((0.8464231+x)+(x+(0.50061375+0.9839228))),aud(aul((sin((tan((cos(sin(((0.39254898+x)-(y+x))))*(((x+x)+0.48732072)+((x+0.32184273)+y))))+aud(((0.7897541+x)+(aud((0.8968851+(0.4612981+x)),0.09511721)+auh(tan((y+0.34307188)),aul((y+x),var(0.0))))),(0.5213072+y))))+x),aul(pow((0.7949222-(y+0.7685525)),y),sin(min((((0.6990824+x)+x)+(0.35412276+x)),((x+(y+0.634363))+(x+(x+0.66216713))))))),y)))+(max(((aud(auh(cos(auh((y/auh(((tan(0.0)*var(y))-x),(y+0.973784))),aud(0.74984944,((((x+x)+y)-y)+auh(0.12933826,min(pow(0.0,0.0),auh(0.0,0.0))))))),0.3670267),max((y+y),sin(max((((x+((y+0.36920768)-(y+x)))*(((0.69353986+0.004942596)+(0.51221716+0.81713766))-((y+0.14953321)+(0.09678271+0.750381))))*(x+0.4705063)),var(((y+0.91565716)+x))))))-(y+(x+x)))/aul((y+0.84128934),((sin((0.49530208+x))/((y+y)+y))+auh(0.03191936,x)))),(y+x))+0.8561661)))))",
            "g": "tan((((y+y)+(((x+y)+(y+(0.0877136+x)))+x))-((x+((x+(y+0.51914763))+(x+x)))+(((0.64488745+0.85195416)-auh(((x+0.9615122)+(x+(0.21028715+x))),aud(aul((sin((tan((cos(sin(((y+0.5362183)-(y+y))))*(((0.6914449+y)+x)+((0.63514316+x)+x))))+aud(((x+0.026278675)+(aud((x+(0.077447176+y)),x)+auh(tan((0.84108317+0.3917824)),aul((y+x),var(0.027807176))))),(x+x))))+y),aul(pow((0.6701376-(y+x)),0.6261379),sin(min((((x+x)+x)+(x+0.4264639)),((x+(y+y))+(x+(0.45650232+0.7943255))))))),0.054373205)))+(max(((aud(auh(cos(auh((y/auh(((tan(0.0)*var(y))-0.3462816),(x+x))),aud(0.7259556,((((y+0.9603814)+x)-x)+auh(x,min(pow(0.05237277,0.12906551),auh(0.0,0.0))))))),x),max((x+y),sin(max((((y+((x+x)-(x+0.2647183)))*(((0.86324036+0.53062123)+(y+0.87735146))-((x+0.0)+(0.2824853+y))))*(x+0.65448207)),var(((y+y)+0.017596543))))))-(x+(y+0.1654324)))/aul((x+x),((sin((0.64138734+y))/((0.15055186+x)+x))+auh(y,0.16283888)))),(y+x))+y)))))"
          }
        }
      ],
      "timestamp": "15h:5m:22s"
    }
  ],
  "timestamp": "2024-06-17-15-04-54"
}