{
  "id": "kvq5tmf1-55jw-r9yj-106r-g59969o9zm0l",
  "parameters": {
    "crossoverRate": 0.30000001192092896,
    "eliteSize": 2,
    "tournamentSize": 3,
    "mutationRate": 0.8999999761581421,
    "populationSize": 10
  },
  "populations": [{
    "generation": 0,
    "id": "cz66yo9v-f3x5-vs9e-wt3y-jnagjb33xms1",
    "individuals": [
      {
        "fitness": 0,
        "expressions": {
          "r": "var(aul(cos(0.855875),auh(y,x)))",
          "b": "var(aul(cos(x),auh(x,y)))",
          "g": "var(aul(cos(0.5446928),auh(0.73668104,y)))"
        }
      },
      {
        "fitness": 0,
        "expressions": {
          "r": "aud(pow(cos(x),x),aul(max(0.61562794,y),pow(y,0.90726095)))",
          "b": "aud(pow(cos(0.7735339),0.7389992),aul(max(x,0.53021175),pow(y,x)))",
          "g": "aud(pow(cos(0.97276014),0.41699195),aul(max(x,x),pow(y,y)))"
        }
      },
      {
        "fitness": 0,
        "expressions": {
          "r": "((aud(x,x)/(x-x))*aul(y,min(0.025298417,0.75579554)))",
          "b": "((aud(x,x)/(0.82189393-y))*aul(x,min(y,x)))",
          "g": "((aud(x,x)/(x-x))*aul(x,min(0.11407632,y)))"
        }
      },
      {
        "fitness": 0,
        "expressions": {
          "r": "auh(auh(cos(0.5776625),min(x,y)),cos(sin(0.9396293)))",
          "b": "auh(auh(cos(y),min(y,x)),cos(sin(0.37991846)))",
          "g": "auh(auh(cos(x),min(0.08962083,0.70842505)),cos(sin(y)))"
        }
      },
      {
        "fitness": 0,
        "expressions": {
          "r": "(sin((x*0.17999214))/sin(aud(x,x)))",
          "b": "(sin((0.46883798*y))/sin(aud(y,x)))",
          "g": "(sin((y*x))/sin(aud(0.81910855,y)))"
        }
      },
      {
        "fitness": 0,
        "expressions": {
          "r": "(y+0.96051604)",
          "b": "(y+y)",
          "g": "(y+x)"
        }
      },
      {
        "fitness": 0,
        "expressions": {
          "r": "auh(max(x,y),pow(sin(y),min(y,x)))",
          "b": "auh(max(0.42425376,0.64258844),pow(sin(x),min(y,0.89794225)))",
          "g": "auh(max(y,y),pow(sin(0.58971924),min(x,y)))"
        }
      },
      {
        "fitness": 0,
        "expressions": {
          "r": "aul(tan(max(y,0.06543553)),x)",
          "b": "aul(tan(max(x,0.09551954)),3.772974E-4)",
          "g": "aul(tan(max(y,x)),y)"
        }
      },
      {
        "fitness": 0,
        "expressions": {
          "r": "(y*max(y,0.28684884))",
          "b": "(0.39511782*max(y,x))",
          "g": "(y*max(y,x))"
        }
      },
      {
        "fitness": 0,
        "expressions": {
          "r": "(x+y)",
          "b": "(y+0.36308366)",
          "g": "(0.19658607+x)"
        }
      },
      {
        "fitness": 0,
        "expressions": {
          "r": "pow(pow(var(y),(y-0.82860947)),(x/tan(y)))",
          "b": "pow(pow(var(x),(x-x)),(y/tan(0.18716007)))",
          "g": "pow(pow(var(0.16011125),(x-x)),(y/tan(0.1274103)))"
        }
      },
      {
        "fitness": 0,
        "expressions": {
          "r": "(min(x,pow(x,y))+aul(y,x))",
          "b": "(min(0.22554123,pow(x,y))+aul(0.17291111,x))",
          "g": "(min(0.010622442,pow(y,0.464606))+aul(x,0.5693017))"
        }
      },
      {
        "fitness": 0,
        "expressions": {
          "r": "aud((x*0.04518628),0.9657365)",
          "b": "aud((0.38854176*0.94718456),y)",
          "g": "aud((x*x),x)"
        }
      },
      {
        "fitness": 0,
        "expressions": {
          "r": "aud(var(max(x,x)),y)",
          "b": "aud(var(max(y,0.68218946)),0.1891365)",
          "g": "aud(var(max(0.2518226,y)),0.8712675)"
        }
      },
      {
        "fitness": 0,
        "expressions": {
          "r": "pow(y,min(x,sin(x)))",
          "b": "pow(0.4357347,min(y,sin(y)))",
          "g": "pow(0.55359095,min(y,sin(0.21626633)))"
        }
      },
      {
        "fitness": 0,
        "expressions": {
          "r": "(x+x)",
          "b": "(x+x)",
          "g": "(x+y)"
        }
      },
      {
        "fitness": 0,
        "expressions": {
          "r": "(0.04928881+0.31704605)",
          "b": "(0.55285907+y)",
          "g": "(0.61260957+y)"
        }
      },
      {
        "fitness": 0,
        "expressions": {
          "r": "tan((aul(x,y)/tan(x)))",
          "b": "tan((aul(0.7444564,0.9162821)/tan(x)))",
          "g": "tan((aul(0.33865106,0.7969106)/tan(y)))"
        }
      }
    ],
    "timestamp": "22h:30m:16s"
  }],
  "timestamp": "2024-07-24-22-30-13"
}