{
  "id": "kwrpubxt-h88a-fxat-hxhm-vtxql8uhjwmi",
  "parameters": {
    "crossoverRate": 0.30000001192092896,
    "eliteSize": 2,
    "tournamentSize": 3,
    "mutationRate": 0.8999999761581421,
    "populationSize": 10
  },
  "populations": [{
    "generation": 0,
    "id": "n2l6fbyr-46yy-osyx-27bb-bloaew6ps9lm",
    "individuals": [
      {
        "fitness": 0,
        "expressions": {
          "r": "var(x)",
          "b": "var(0.21774065)",
          "g": "var(0.8001346)"
        }
      },
      {
        "fitness": 0,
        "expressions": {
          "r": "(0.88839304+y)",
          "b": "(y+x)",
          "g": "(0.032935023+y)"
        }
      },
      {
        "fitness": 0,
        "expressions": {
          "r": "var(0.6622828)",
          "b": "var(y)",
          "g": "var(y)"
        }
      },
      {
        "fitness": 0,
        "expressions": {
          "r": "(max(max(x,0.45414305),x)/min(0.96172,(x/y)))",
          "b": "(max(max(0.45362574,y),x)/min(x,(y/0.5854962)))",
          "g": "(max(max(y,0.6244973),y)/min(0.07426268,(0.016354144/0.4793769)))"
        }
      },
      {
        "fitness": 0,
        "expressions": {
          "r": "sin(x)",
          "b": "sin(y)",
          "g": "sin(x)"
        }
      },
      {
        "fitness": 0,
        "expressions": {
          "r": "(y+y)",
          "b": "(y+0.6258275)",
          "g": "(0.10892558+0.35730064)"
        }
      },
      {
        "fitness": 0,
        "expressions": {
          "r": "(y+0.29080582)",
          "b": "(0.37520707+0.27461457)",
          "g": "(x+y)"
        }
      },
      {
        "fitness": 0,
        "expressions": {
          "r": "(y+0.041265607)",
          "b": "(0.25593227+y)",
          "g": "(0.6177757+x)"
        }
      },
      {
        "fitness": 0,
        "expressions": {
          "r": "auh(max(pow(0.7159483,y),x),aud(max(x,x),var(0.30010217)))",
          "b": "auh(max(pow(0.37300605,x),y),aud(max(y,y),var(0.25712997)))",
          "g": "auh(max(pow(y,0.64053476),y),aud(max(0.35057366,x),var(x)))"
        }
      },
      {
        "fitness": 0,
        "expressions": {
          "r": "(y+0.57698894)",
          "b": "(0.19143605+y)",
          "g": "(x+x)"
        }
      },
      {
        "fitness": 0,
        "expressions": {
          "r": "(y*0.8967891)",
          "b": "(x*0.21168637)",
          "g": "(x*y)"
        }
      },
      {
        "fitness": 0,
        "expressions": {
          "r": "(y+y)",
          "b": "(y+x)",
          "g": "(0.25973672+x)"
        }
      },
      {
        "fitness": 0,
        "expressions": {
          "r": "(0.5575136+0.3943879)",
          "b": "(x+0.72345793)",
          "g": "(y+y)"
        }
      },
      {
        "fitness": 0,
        "expressions": {
          "r": "(x+0.4383822)",
          "b": "(y+y)",
          "g": "(y+y)"
        }
      },
      {
        "fitness": 0,
        "expressions": {
          "r": "(0.44813257+x)",
          "b": "(0.11925995+0.3821994)",
          "g": "(y+y)"
        }
      },
      {
        "fitness": 0,
        "expressions": {
          "r": "sin((y-auh(y,y)))",
          "b": "sin((0.32731372-auh(x,0.10776204)))",
          "g": "sin((0.12709647-auh(0.77644855,0.31931055)))"
        }
      },
      {
        "fitness": 0,
        "expressions": {
          "r": "(0.1431942+x)",
          "b": "(x+x)",
          "g": "(x+0.22238374)"
        }
      },
      {
        "fitness": 0,
        "expressions": {
          "r": "(x+x)",
          "b": "(y+x)",
          "g": "(x+x)"
        }
      }
    ],
    "timestamp": "16h:50m:36s"
  }],
  "timestamp": "2024-07-04-16-50-12"
}