{
  "id": "l2eju52b-vwkx-1l8g-338x-s91i6sy0l8l0",
  "parameters": {
    "crossoverRate": 0,
    "eliteSize": 0,
    "tournamentSize": 0,
    "mutationRate": 0,
    "populationSize": 0
  },
  "populations": [{
    "generation": 0,
    "id": "jagzujfr-miup-txae-6efi-1m1osi7hsjgl",
    "individuals": [
      {
        "fitness": 0,
        "expressions": {
          "r": "y",
          "b": "0.07808614",
          "g": "x"
        }
      },
      {
        "fitness": 0,
        "expressions": {
          "r": "0.75422764",
          "b": "0.87457895",
          "g": "x"
        }
      },
      {
        "fitness": 0,
        "expressions": {
          "r": "0.15188503",
          "b": "x",
          "g": "0.65941405"
        }
      },
      {
        "fitness": 0,
        "expressions": {
          "r": "x",
          "b": "0.22391891",
          "g": "x"
        }
      },
      {
        "fitness": 0,
        "expressions": {
          "r": "0.79278517",
          "b": "x",
          "g": "x"
        }
      },
      {
        "fitness": 0,
        "expressions": {
          "r": "0.29691696",
          "b": "y",
          "g": "y"
        }
      },
      {
        "fitness": 0,
        "expressions": {
          "r": "y",
          "b": "0.8601601",
          "g": "x"
        }
      },
      {
        "fitness": 0,
        "expressions": {
          "r": "y",
          "b": "x",
          "g": "y"
        }
      },
      {
        "fitness": 0,
        "expressions": {
          "r": "y",
          "b": "y",
          "g": "x"
        }
      },
      {
        "fitness": 0,
        "expressions": {
          "r": "x",
          "b": "0.77969146",
          "g": "x"
        }
      },
      {
        "fitness": 0,
        "expressions": {
          "r": "0.60694456",
          "b": "x",
          "g": "y"
        }
      },
      {
        "fitness": 0,
        "expressions": {
          "r": "y",
          "b": "0.7541778",
          "g": "x"
        }
      },
      {
        "fitness": 0,
        "expressions": {
          "r": "x",
          "b": "0.8236985",
          "g": "y"
        }
      },
      {
        "fitness": 0,
        "expressions": {
          "r": "y",
          "b": "y",
          "g": "0.5829115"
        }
      },
      {
        "fitness": 0,
        "expressions": {
          "r": "0.8973968",
          "b": "x",
          "g": "0.6420312"
        }
      },
      {
        "fitness": 0,
        "expressions": {
          "r": "y",
          "b": "0.2416482",
          "g": "0.13446665"
        }
      },
      {
        "fitness": 0,
        "expressions": {
          "r": "y",
          "b": "0.75092864",
          "g": "0.13834262"
        }
      },
      {
        "fitness": 0,
        "expressions": {
          "r": "y",
          "b": "0.20374179",
          "g": "x"
        }
      }
    ],
    "timestamp": "0h:2m:8s"
  }],
  "timestamp": "2024-07-27-00-02-06"
}