{
  "id": "l7jiu1bx-l1wi-s5ss-hb2l-k5lfwwzytmeu",
  "parameters": {
    "crossoverRate": 0,
    "eliteSize": 0,
    "tournamentSize": 0,
    "mutationRate": 0,
    "populationSize": 0
  },
  "populations": [{
    "generation": 0,
    "id": "rwcy3oc4-z0hz-8sv9-i4d6-k90jerst058l",
    "individuals": [
      {
        "fitness": 0,
        "expressions": {
          "r": "x",
          "b": "y",
          "g": "0.78072214"
        }
      },
      {
        "fitness": 0,
        "expressions": {
          "r": "y",
          "b": "y",
          "g": "x"
        }
      },
      {
        "fitness": 0,
        "expressions": {
          "r": "0.21782231",
          "b": "x",
          "g": "0.378788"
        }
      },
      {
        "fitness": 0,
        "expressions": {
          "r": "y",
          "b": "0.24416256",
          "g": "x"
        }
      },
      {
        "fitness": 0,
        "expressions": {
          "r": "0.36784863",
          "b": "0.5198307",
          "g": "x"
        }
      },
      {
        "fitness": 0,
        "expressions": {
          "r": "y",
          "b": "0.68993163",
          "g": "0.0047655106"
        }
      },
      {
        "fitness": 0,
        "expressions": {
          "r": "y",
          "b": "x",
          "g": "y"
        }
      },
      {
        "fitness": 0,
        "expressions": {
          "r": "x",
          "b": "0.45708323",
          "g": "0.9703772"
        }
      },
      {
        "fitness": 0,
        "expressions": {
          "r": "0.36602807",
          "b": "x",
          "g": "0.99410844"
        }
      },
      {
        "fitness": 0,
        "expressions": {
          "r": "y",
          "b": "x",
          "g": "0.004493952"
        }
      },
      {
        "fitness": 0,
        "expressions": {
          "r": "y",
          "b": "y",
          "g": "x"
        }
      },
      {
        "fitness": 0,
        "expressions": {
          "r": "x",
          "b": "y",
          "g": "x"
        }
      },
      {
        "fitness": 0,
        "expressions": {
          "r": "y",
          "b": "x",
          "g": "x"
        }
      },
      {
        "fitness": 0,
        "expressions": {
          "r": "x",
          "b": "x",
          "g": "0.27823257"
        }
      },
      {
        "fitness": 0,
        "expressions": {
          "r": "y",
          "b": "0.85895634",
          "g": "0.6690414"
        }
      },
      {
        "fitness": 0,
        "expressions": {
          "r": "x",
          "b": "x",
          "g": "0.40833282"
        }
      },
      {
        "fitness": 0,
        "expressions": {
          "r": "y",
          "b": "0.21263862",
          "g": "x"
        }
      },
      {
        "fitness": 0,
        "expressions": {
          "r": "y",
          "b": "0.22895622",
          "g": "x"
        }
      }
    ],
    "timestamp": "0h:7m:7s"
  }],
  "timestamp": "2024-07-27-00-07-03"
}