{
  "id": "lo6lt8s2-n2n9-2dq0-a84i-jtxdt8d62tuo",
  "parameters": {
    "crossoverRate": 0.30000001192092896,
    "eliteSize": 2,
    "tournamentSize": 3,
    "mutationRate": 0.8999999761581421,
    "populationSize": 10
  },
  "populations": [{
    "generation": 0,
    "id": "g3u3cpdq-8r5e-nux0-3huj-zvbbqiabp8dc",
    "individuals": [
      {
        "fitness": 0,
        "expressions": {
          "r": "(y+y)",
          "b": "(y+y)",
          "g": "(y+0.33393162)"
        }
      },
      {
        "fitness": 0,
        "expressions": {
          "r": "(x+x)",
          "b": "(y+y)",
          "g": "(x+y)"
        }
      },
      {
        "fitness": 0,
        "expressions": {
          "r": "cos(((x+x)-0.94360614))",
          "b": "cos(((x+y)-0.22858572))",
          "g": "cos(((0.51982266+y)-y))"
        }
      },
      {
        "fitness": 0,
        "expressions": {
          "r": "(x+x)",
          "b": "(x+0.37983048)",
          "g": "(y+0.09918755)"
        }
      },
      {
        "fitness": 0,
        "expressions": {
          "r": "min(auh(0.40605158,max(0.8865588,x)),0.28944093)",
          "b": "min(auh(x,max(y,0.19151276)),0.009776831)",
          "g": "min(auh(x,max(y,0.33862138)),0.82618636)"
        }
      },
      {
        "fitness": 0,
        "expressions": {
          "r": "(0.7254685+x)",
          "b": "(0.71718514+0.21916938)",
          "g": "(x+0.76514965)"
        }
      },
      {
        "fitness": 0,
        "expressions": {
          "r": "tan(pow((y/x),var(0.24279785)))",
          "b": "tan(pow((y/0.8572145),var(y)))",
          "g": "tan(pow((0.9024977/0.4519304),var(x)))"
        }
      },
      {
        "fitness": 0,
        "expressions": {
          "r": "(x+y)",
          "b": "(y+y)",
          "g": "(x+0.8510399)"
        }
      },
      {
        "fitness": 0,
        "expressions": {
          "r": "(0.9803066+x)",
          "b": "(x+y)",
          "g": "(0.7844891+0.69892734)"
        }
      },
      {
        "fitness": 0,
        "expressions": {
          "r": "(tan(aul(0.24880654,x))*0.6267902)",
          "b": "(tan(aul(y,0.7452353))*x)",
          "g": "(tan(aul(y,0.5498861))*0.5092569)"
        }
      },
      {
        "fitness": 0,
        "expressions": {
          "r": "tan(tan(x))",
          "b": "tan(tan(x))",
          "g": "tan(tan(0.7198811))"
        }
      },
      {
        "fitness": 0,
        "expressions": {
          "r": "sin(tan(0.61228126))",
          "b": "sin(tan(y))",
          "g": "sin(tan(x))"
        }
      },
      {
        "fitness": 0,
        "expressions": {
          "r": "(y+y)",
          "b": "(x+x)",
          "g": "(0.69535947+0.26373124)"
        }
      },
      {
        "fitness": 0,
        "expressions": {
          "r": "pow(x,0.25468236)",
          "b": "pow(x,0.06055981)",
          "g": "pow(0.013973951,x)"
        }
      },
      {
        "fitness": 0,
        "expressions": {
          "r": "(0.7670442+y)",
          "b": "(x+0.9834704)",
          "g": "(x+y)"
        }
      },
      {
        "fitness": 0,
        "expressions": {
          "r": "(y+0.8411293)",
          "b": "(y+0.16215616)",
          "g": "(x+0.5626382)"
        }
      },
      {
        "fitness": 0,
        "expressions": {
          "r": "(x+y)",
          "b": "(x+x)",
          "g": "(0.09654218+y)"
        }
      },
      {
        "fitness": 0,
        "expressions": {
          "r": "(y+x)",
          "b": "(0.9955752+x)",
          "g": "(0.3034088+x)"
        }
      }
    ],
    "timestamp": "17h:21m:23s"
  }],
  "timestamp": "2024-07-04-17-21-21"
}