{
  "id": "lxusy2bq-lk46-2zyg-m4ww-kg5t5dtlmyzh",
  "parameters": {
    "crossoverRate": 0.30000001192092896,
    "eliteSize": 2,
    "tournamentSize": 3,
    "mutationRate": 0.8999999761581421,
    "populationSize": 10
  },
  "populations": [{
    "generation": 0,
    "id": "382bmh1z-v92w-vwhc-7cmx-jd8bxujz6cux",
    "individuals": [
      {
        "fitness": 0,
        "expressions": {
          "r": "(0.5398439-y)",
          "b": "(x-x)",
          "g": "(0.6479357-0.59443474)"
        }
      },
      {
        "fitness": 0,
        "expressions": {
          "r": "(x+max(var(0.731994),sin(x)))",
          "b": "(x+max(var(0.8324733),sin(x)))",
          "g": "(0.11363518+max(var(x),sin(0.7434624)))"
        }
      },
      {
        "fitness": 0,
        "expressions": {
          "r": "(x+0.70601445)",
          "b": "(y+y)",
          "g": "(y+0.67160296)"
        }
      },
      {
        "fitness": 0,
        "expressions": {
          "r": "var(x)",
          "b": "var(y)",
          "g": "var(0.38501412)"
        }
      },
      {
        "fitness": 0,
        "expressions": {
          "r": "min(y,(cos(y)*aul(y,x)))",
          "b": "min(x,(cos(y)*aul(x,x)))",
          "g": "min(y,(cos(x)*aul(y,0.7947525)))"
        }
      },
      {
        "fitness": 0,
        "expressions": {
          "r": "(0.99278945+x)",
          "b": "(y+x)",
          "g": "(x+y)"
        }
      },
      {
        "fitness": 0,
        "expressions": {
          "r": "(x+0.073578715)",
          "b": "(x+x)",
          "g": "(x+x)"
        }
      },
      {
        "fitness": 0,
        "expressions": {
          "r": "aul(0.96672714,y)",
          "b": "aul(0.6252642,0.22356802)",
          "g": "aul(x,0.28170097)"
        }
      },
      {
        "fitness": 0,
        "expressions": {
          "r": "cos(auh((0.5120491-0.4231215),y))",
          "b": "cos(auh((y-0.05134499),x))",
          "g": "cos(auh((y-0.4951535),x))"
        }
      },
      {
        "fitness": 0,
        "expressions": {
          "r": "min(sin(0.16997713),sin(aul(x,0.4996528)))",
          "b": "min(sin(x),sin(aul(y,y)))",
          "g": "min(sin(0.9008476),sin(aul(x,0.14786607)))"
        }
      },
      {
        "fitness": 0,
        "expressions": {
          "r": "(0.08849788+y)",
          "b": "(y+y)",
          "g": "(y+x)"
        }
      },
      {
        "fitness": 0,
        "expressions": {
          "r": "tan(0.6485735)",
          "b": "tan(0.7604776)",
          "g": "tan(0.9394446)"
        }
      },
      {
        "fitness": 0,
        "expressions": {
          "r": "(pow(max(y,x),(x-y))+x)",
          "b": "(pow(max(x,x),(0.19741756-0.43925446))+y)",
          "g": "(pow(max(0.39157444,y),(y-0.04605657))+0.60584396)"
        }
      },
      {
        "fitness": 0,
        "expressions": {
          "r": "min(pow((y-y),(0.8963036-y)),(y*max(y,y)))",
          "b": "min(pow((y-0.5399907),(0.19907606-y)),(x*max(0.726231,x)))",
          "g": "min(pow((0.22799563-y),(0.5513-y)),(0.39246976*max(0.40096825,y)))"
        }
      },
      {
        "fitness": 0,
        "expressions": {
          "r": "(x+(0.11573464*auh(0.45350146,0.9405055)))",
          "b": "(x+(y*auh(0.65118474,x)))",
          "g": "(x+(0.16618985*auh(0.29260933,y)))"
        }
      },
      {
        "fitness": 0,
        "expressions": {
          "r": "(x+x)",
          "b": "(x+x)",
          "g": "(x+x)"
        }
      },
      {
        "fitness": 0,
        "expressions": {
          "r": "(min(0.16384882,cos(y))/(y/(0.53734374*y)))",
          "b": "(min(x,cos(0.7095759))/(x/(y*y)))",
          "g": "(min(0.72766936,cos(0.6711504))/(0.70347834/(0.11797249*x)))"
        }
      },
      {
        "fitness": 0,
        "expressions": {
          "r": "(0.27006823+0.46483183)",
          "b": "(x+y)",
          "g": "(x+x)"
        }
      }
    ],
    "timestamp": "22h:31m:37s"
  }],
  "timestamp": "2024-07-24-22-31-35"
}