{
  "id": "lz2wfjrv-m9sf-046m-7tdu-50mtyr1j19xo",
  "parameters": {
    "crossoverRate": 0.30000001192092896,
    "eliteSize": 2,
    "tournamentSize": 3,
    "mutationRate": 0.8999999761581421,
    "populationSize": 10
  },
  "populations": [{
    "generation": 0,
    "id": "0l279g32-nba6-yzp7-x1qx-a1ika8nnomd9",
    "individuals": [
      {
        "fitness": 0,
        "expressions": {
          "r": "(0.38160807+x)",
          "b": "(0.8123553+0.83117884)",
          "g": "(x+x)"
        }
      },
      {
        "fitness": 0,
        "expressions": {
          "r": "(x+y)",
          "b": "(x+x)",
          "g": "(y+y)"
        }
      },
      {
        "fitness": 0,
        "expressions": {
          "r": "auh(x,max(sin(x),cos(0.121757984)))",
          "b": "auh(x,max(sin(x),cos(y)))",
          "g": "auh(y,max(sin(y),cos(y)))"
        }
      },
      {
        "fitness": 0,
        "expressions": {
          "r": "(x+y)",
          "b": "(0.67175835+y)",
          "g": "(y+0.09214014)"
        }
      },
      {
        "fitness": 0,
        "expressions": {
          "r": "(x+0.4303041)",
          "b": "(y+y)",
          "g": "(y+y)"
        }
      },
      {
        "fitness": 0,
        "expressions": {
          "r": "(y+x)",
          "b": "(0.95778966+x)",
          "g": "(0.39710838+y)"
        }
      },
      {
        "fitness": 0,
        "expressions": {
          "r": "(y+0.6129475)",
          "b": "(x+y)",
          "g": "(x+y)"
        }
      },
      {
        "fitness": 0,
        "expressions": {
          "r": "((aud(0.62891257,0.30364323)-0.11326718)+0.110887885)",
          "b": "((aud(y,y)-y)+x)",
          "g": "((aud(x,x)-y)+0.96880156)"
        }
      },
      {
        "fitness": 0,
        "expressions": {
          "r": "(0.10137105+y)",
          "b": "(y+0.35553128)",
          "g": "(y+x)"
        }
      },
      {
        "fitness": 0,
        "expressions": {
          "r": "(max(max(x,y),sin(y))-aud(y,sin(0.84689087)))",
          "b": "(max(max(0.48119277,0.55072296),sin(x))-aud(0.025934279,sin(y)))",
          "g": "(max(max(0.752566,x),sin(y))-aud(y,sin(x)))"
        }
      },
      {
        "fitness": 0,
        "expressions": {
          "r": "(0.29951888+x)",
          "b": "(y+0.020685017)",
          "g": "(0.6216447+y)"
        }
      },
      {
        "fitness": 0,
        "expressions": {
          "r": "(y+x)",
          "b": "(y+0.45360947)",
          "g": "(y+y)"
        }
      },
      {
        "fitness": 0,
        "expressions": {
          "r": "sin(y)",
          "b": "sin(y)",
          "g": "sin(y)"
        }
      },
      {
        "fitness": 0,
        "expressions": {
          "r": "(x+y)",
          "b": "(0.18831968+y)",
          "g": "(0.70197076+0.45522738)"
        }
      },
      {
        "fitness": 0,
        "expressions": {
          "r": "(x+var(y))",
          "b": "(x+var(x))",
          "g": "(y+var(x))"
        }
      },
      {
        "fitness": 0,
        "expressions": {
          "r": "sin(sin(y))",
          "b": "sin(sin(y))",
          "g": "sin(sin(y))"
        }
      },
      {
        "fitness": 0,
        "expressions": {
          "r": "(y+x)",
          "b": "(0.4875208+0.83004534)",
          "g": "(x+x)"
        }
      },
      {
        "fitness": 0,
        "expressions": {
          "r": "auh(sin(tan(x)),aud(x,(x+y)))",
          "b": "auh(sin(tan(0.92801964)),aud(y,(x+x)))",
          "g": "auh(sin(tan(y)),aud(0.71972823,(y+0.8541389)))"
        }
      }
    ],
    "timestamp": "19h:18m:34s"
  }],
  "timestamp": "2024-07-14-19-18-32"
}