{
  "id": "m2dbneii-ad1r-c8jm-y6s3-ws6ralpabxx4",
  "parameters": {
    "crossoverRate": 0.30000001192092896,
    "eliteSize": 2,
    "tournamentSize": 3,
    "mutationRate": 0.8999999761581421,
    "populationSize": 10
  },
  "populations": [{
    "generation": 0,
    "id": "j48p4v99-8nsz-z1yr-mzci-svgo1abaw9tx",
    "individuals": [
      {
        "fitness": 0,
        "expressions": {
          "r": "add(y,0.46051258)",
          "b": "add(x,y)",
          "g": "add(x,0.9037149)"
        }
      },
      {
        "fitness": 0,
        "expressions": {
          "r": "add(x,x)",
          "b": "add(x,x)",
          "g": "add(y,y)"
        }
      },
      {
        "fitness": 0,
        "expressions": {
          "r": "auh(0.34113032,0.06579995)",
          "b": "auh(0.25151736,y)",
          "g": "auh(0.5712912,y)"
        }
      },
      {
        "fitness": 0,
        "expressions": {
          "r": "sin(0.97513014)",
          "b": "sin(x)",
          "g": "sin(y)"
        }
      },
      {
        "fitness": 0,
        "expressions": {
          "r": "add(0.71861476,0.60720974)",
          "b": "add(x,x)",
          "g": "add(y,x)"
        }
      },
      {
        "fitness": 0,
        "expressions": {
          "r": "var(0.19218439)",
          "b": "var(x)",
          "g": "var(0.41624057)"
        }
      },
      {
        "fitness": 0,
        "expressions": {
          "r": "var(div(0.6054293,var(var(y))))",
          "b": "var(div(x,var(var(x))))",
          "g": "var(div(0.015190959,var(var(0.84329814))))"
        }
      },
      {
        "fitness": 0,
        "expressions": {
          "r": "max(y,cos(0.3200156))",
          "b": "max(0.36621308,cos(0.9237213))",
          "g": "max(0.0210042,cos(y))"
        }
      },
      {
        "fitness": 0,
        "expressions": {
          "r": "auh(0.37779075,x)",
          "b": "auh(x,x)",
          "g": "auh(0.23856711,y)"
        }
      },
      {
        "fitness": 0,
        "expressions": {
          "r": "sub(add(add(y,x),y),aud(y,x))",
          "b": "sub(add(add(0.030498683,x),x),aud(y,x))",
          "g": "sub(add(add(0.22952038,y),0.007212281),aud(0.29926407,x))"
        }
      },
      {
        "fitness": 0,
        "expressions": {
          "r": "aud(x,var(sub(sin(x),pow(x,x))))",
          "b": "aud(0.55377907,var(sub(sin(y),pow(x,y))))",
          "g": "aud(0.6289555,var(sub(sin(0.63303244),pow(y,0.9053584))))"
        }
      },
      {
        "fitness": 0,
        "expressions": {
          "r": "auh(x,cos(cos(y)))",
          "b": "auh(x,cos(cos(x)))",
          "g": "auh(y,cos(cos(y)))"
        }
      },
      {
        "fitness": 0,
        "expressions": {
          "r": "min(x,y)",
          "b": "min(y,0.76852494)",
          "g": "min(y,0.7982939)"
        }
      },
      {
        "fitness": 0,
        "expressions": {
          "r": "add(y,0.68561196)",
          "b": "add(y,y)",
          "g": "add(0.11468232,y)"
        }
      },
      {
        "fitness": 0,
        "expressions": {
          "r": "mul(div(pow(0.8929918,x),min(pow(aud(pow(0.27300006,y),0.89447325),0.35127676),y)),mul(x,aul(x,add(0.49451154,x))))",
          "b": "mul(div(pow(x,x),min(pow(aud(pow(x,x),0.39456743),x),0.6915305)),mul(0.95174503,aul(x,add(y,x))))",
          "g": "mul(div(pow(0.08514726,x),min(pow(aud(pow(0.1126644,0.22612435),y),0.52150065),0.7481784)),mul(x,aul(x,add(x,0.81735885))))"
        }
      },
      {
        "fitness": 0,
        "expressions": {
          "r": "tan(aud(y,aul(x,pow(0.12412405,x))))",
          "b": "tan(aud(y,aul(0.27842832,pow(x,x))))",
          "g": "tan(aud(x,aul(y,pow(y,x))))"
        }
      },
      {
        "fitness": 0,
        "expressions": {
          "r": "add(0.06407601,y)",
          "b": "add(x,y)",
          "g": "add(x,y)"
        }
      },
      {
        "fitness": 0,
        "expressions": {
          "r": "auh(cos(x),aul(0.012655735,div(mul(max(y,0.5061554),min(y,aul(auh(0.6530725,x),mul(x,cos(aud(var(auh(x,pow(0.14406234,0.845205))),aud(pow(x,mul(0.32289094,0.061262906)),sin(var(auh(aud(0.72740865,x),max(x,x))))))))))),0.25558716)))",
          "b": "auh(cos(0.50268084),aul(0.1261307,div(mul(max(y,x),min(y,aul(auh(0.26561862,x),mul(0.9013481,cos(aud(var(auh(0.51281923,pow(y,y))),aud(pow(y,mul(x,0.48972237)),sin(var(auh(aud(x,0.13946164),max(0.82053494,y))))))))))),x)))",
          "g": "auh(cos(0.5364756),aul(x,div(mul(max(x,y),min(y,aul(auh(y,x),mul(y,cos(aud(var(auh(x,pow(0.77807325,y))),aud(pow(x,mul(x,x)),sin(var(auh(aud(x,x),max(x,0.6430605))))))))))),0.07998669)))"
        }
      }
    ],
    "timestamp": "1h:18m:49s"
  }],
  "timestamp": "2024-07-25-01-18-47"
}