{
  "id": "m3ubvd7r-mvvj-xco3-q8ck-c4wm77z1gh5t",
  "parameters": {
    "crossoverRate": 0.30000001192092896,
    "eliteSize": 2,
    "tournamentSize": 3,
    "mutationRate": 0.8999999761581421,
    "populationSize": 10
  },
  "populations": [{
    "generation": 0,
    "id": "3wtevv0e-hivj-d1ij-m4dd-1vra7o1q1s65",
    "individuals": [
      {
        "fitness": 0,
        "expressions": {
          "r": "tan(var(0.27901644))",
          "b": "tan(var(x))",
          "g": "tan(var(x))"
        }
      },
      {
        "fitness": 0,
        "expressions": {
          "r": "var(tan(sin(aud(add(add(aul(aud(0.76271564,min(cos(aul(x,sub(y,min(0.55985516,var(y))))),0.91156644)),0.4976701),mul(0.4316007,x)),pow(div(add(0.689266,pow(y,max(y,min(x,x)))),x),y)),var(0.19953364)))))",
          "b": "var(tan(sin(aud(add(add(aul(aud(0.6517507,min(cos(aul(y,sub(y,min(0.6734537,var(0.6383804))))),y)),y),mul(0.21998101,0.10027224)),pow(div(add(y,pow(x,max(0.12021303,min(0.41063046,0.45601845)))),0.72294456),y)),var(x)))))",
          "g": "var(tan(sin(aud(add(add(aul(aud(0.42639577,min(cos(aul(0.62835896,sub(y,min(x,var(y))))),y)),0.49867433),mul(y,x)),pow(div(add(0.270634,pow(0.015458465,max(0.124622405,min(0.40648878,0.83030623)))),x),0.16015023)),var(x)))))"
        }
      },
      {
        "fitness": 0,
        "expressions": {
          "r": "pow(add(cos(aud(aud(var(0.7132298),y),tan(y))),0.86319584),tan(add(y,y)))",
          "b": "pow(add(cos(aud(aud(var(x),0.30339593),tan(y))),x),tan(add(y,0.4127689)))",
          "g": "pow(add(cos(aud(aud(var(0.9240344),y),tan(x))),y),tan(add(y,x)))"
        }
      },
      {
        "fitness": 0,
        "expressions": {
          "r": "var(auh(tan(aul(y,0.7411217)),0.5157382))",
          "b": "var(auh(tan(aul(0.90384185,x)),y))",
          "g": "var(auh(tan(aul(y,0.50486755)),0.80220044))"
        }
      },
      {
        "fitness": 0,
        "expressions": {
          "r": "add(y,0.16800982)",
          "b": "add(x,y)",
          "g": "add(0.23498064,y)"
        }
      },
      {
        "fitness": 0,
        "expressions": {
          "r": "add(x,0.18096489)",
          "b": "add(x,0.44871372)",
          "g": "add(0.41503483,y)"
        }
      },
      {
        "fitness": 0,
        "expressions": {
          "r": "aul(sin(0.73342574),x)",
          "b": "aul(sin(0.8508788),y)",
          "g": "aul(sin(x),0.21048957)"
        }
      },
      {
        "fitness": 0,
        "expressions": {
          "r": "add(y,0.26889038)",
          "b": "add(0.79425144,0.5611333)",
          "g": "add(y,0.033836782)"
        }
      },
      {
        "fitness": 0,
        "expressions": {
          "r": "div(min(x,x),x)",
          "b": "div(min(y,x),0.6027065)",
          "g": "div(min(y,x),0.05154437)"
        }
      },
      {
        "fitness": 0,
        "expressions": {
          "r": "add(0.9712647,x)",
          "b": "add(x,y)",
          "g": "add(y,0.4184845)"
        }
      },
      {
        "fitness": 0,
        "expressions": {
          "r": "mul(tan(y),y)",
          "b": "mul(tan(y),y)",
          "g": "mul(tan(0.5473507),x)"
        }
      },
      {
        "fitness": 0,
        "expressions": {
          "r": "aud(y,div(aul(x,y),min(aul(x,y),var(x))))",
          "b": "aud(y,div(aul(y,y),min(aul(x,y),var(x))))",
          "g": "aud(x,div(aul(x,0.9370056),min(aul(y,0.3003037),var(y))))"
        }
      },
      {
        "fitness": 0,
        "expressions": {
          "r": "add(x,y)",
          "b": "add(x,y)",
          "g": "add(x,0.008952677)"
        }
      },
      {
        "fitness": 0,
        "expressions": {
          "r": "pow(pow(sub(tan(sin(aul(aul(y,x),x))),0.4886663),auh(y,max(x,0.14054507))),max(aul(x,0.52522874),aud(mul(0.7865043,min(cos(x),0.7043064)),min(tan(tan(sub(0.6932949,div(min(aud(x,x),div(pow(min(0.22870839,div(aul(y,0.018015683),0.4976837)),min(y,0.9551545)),x)),x)))),0.012627482))))",
          "b": "pow(pow(sub(tan(sin(aul(aul(0.35468298,y),0.56160074))),y),auh(x,max(0.4849214,x))),max(aul(y,y),aud(mul(y,min(cos(y),y)),min(tan(tan(sub(0.19689488,div(min(aud(y,y),div(pow(min(x,div(aul(0.26508915,y),y)),min(0.8009019,0.03274548)),x)),x)))),y))))",
          "g": "pow(pow(sub(tan(sin(aul(aul(x,y),0.63423175))),0.5533882),auh(y,max(y,0.15056062))),max(aul(0.029197633,x),aud(mul(y,min(cos(y),0.6710449)),min(tan(tan(sub(0.4466064,div(min(aud(x,0.98556554),div(pow(min(0.553957,div(aul(0.34068793,x),y)),min(x,0.19500625)),y)),0.44492143)))),x))))"
        }
      },
      {
        "fitness": 0,
        "expressions": {
          "r": "add(x,x)",
          "b": "add(x,y)",
          "g": "add(y,0.97499657)"
        }
      },
      {
        "fitness": 0,
        "expressions": {
          "r": "add(x,x)",
          "b": "add(0.62802047,x)",
          "g": "add(0.7528555,0.53573906)"
        }
      },
      {
        "fitness": 0,
        "expressions": {
          "r": "add(0.4368757,0.7524229)",
          "b": "add(x,y)",
          "g": "add(x,x)"
        }
      },
      {
        "fitness": 0,
        "expressions": {
          "r": "max(y,y)",
          "b": "max(x,x)",
          "g": "max(y,0.4351083)"
        }
      }
    ],
    "timestamp": "23h:23m:15s"
  }],
  "timestamp": "2024-07-25-23-23-11"
}