{
  "id": "msehyb3q-msrn-yzsp-woum-lb535mb6w18d",
  "parameters": {
    "crossoverRate": 0.30000001192092896,
    "eliteSize": 2,
    "tournamentSize": 3,
    "mutationRate": 0.8999999761581421,
    "populationSize": 10
  },
  "populations": [
    {
      "generation": 0,
      "id": "8fgqws2g-ghyh-wss7-7zbh-ytesubpt2yd5",
      "individuals": [
        {
          "fitness": 0,
          "expressions": {
            "r": "(y+x)",
            "b": "(y+x)",
            "g": "(y+x)"
          }
        },
        {
          "fitness": 0,
          "expressions": {
            "r": "(y+y)",
            "b": "(0.64288706+y)",
            "g": "(0.32589948+x)"
          }
        },
        {
          "fitness": 0,
          "expressions": {
            "r": "(0.7272479+x)",
            "b": "(0.6522013+x)",
            "g": "(x+y)"
          }
        },
        {
          "fitness": 0,
          "expressions": {
            "r": "((tan(y)*y)+x)",
            "b": "((tan(y)*0.27089345)+x)",
            "g": "((tan(y)*0.8669504)+x)"
          }
        },
        {
          "fitness": 0,
          "expressions": {
            "r": "cos(0.10809338)",
            "b": "cos(x)",
            "g": "cos(x)"
          }
        },
        {
          "fitness": 0,
          "expressions": {
            "r": "(y+0.49243963)",
            "b": "(y+0.72274536)",
            "g": "(0.737701+x)"
          }
        },
        {
          "fitness": 0,
          "expressions": {
            "r": "tan(min((y*x),x))",
            "b": "tan(min((0.5038583*x),x))",
            "g": "tan(min((0.28785414*y),x))"
          }
        },
        {
          "fitness": 0,
          "expressions": {
            "r": "min((y*var(0.49184543)),auh(x,(x*x)))",
            "b": "min((y*var(y)),auh(y,(x*0.64264655)))",
            "g": "min((y*var(y)),auh(y,(x*0.63445544)))"
          }
        },
        {
          "fitness": 0,
          "expressions": {
            "r": "(x+y)",
            "b": "(y+x)",
            "g": "(y+x)"
          }
        },
        {
          "fitness": 0,
          "expressions": {
            "r": "(0.18202776*(0.8462239/var(0.5111246)))",
            "b": "(x*(x/var(0.36375904)))",
            "g": "(x*(y/var(0.49788272)))"
          }
        },
        {
          "fitness": 0,
          "expressions": {
            "r": "pow(x,0.28494465)",
            "b": "pow(x,y)",
            "g": "pow(x,0.8318562)"
          }
        },
        {
          "fitness": 0,
          "expressions": {
            "r": "(x+x)",
            "b": "(x+0.31403017)",
            "g": "(x+y)"
          }
        },
        {
          "fitness": 0,
          "expressions": {
            "r": "min(y,sin(x))",
            "b": "min(y,sin(x))",
            "g": "min(y,sin(y))"
          }
        },
        {
          "fitness": 0,
          "expressions": {
            "r": "(x+y)",
            "b": "(x+0.5042376)",
            "g": "(y+x)"
          }
        },
        {
          "fitness": 0,
          "expressions": {
            "r": "tan(0.3260386)",
            "b": "tan(y)",
            "g": "tan(x)"
          }
        },
        {
          "fitness": 0,
          "expressions": {
            "r": "(y+x)",
            "b": "(y+0.20982993)",
            "g": "(y+y)"
          }
        },
        {
          "fitness": 0,
          "expressions": {
            "r": "(0.8880025+y)",
            "b": "(0.25926036+y)",
            "g": "(y+0.60326976)"
          }
        },
        {
          "fitness": 0,
          "expressions": {
            "r": "(aud(cos(x),(y-y))*x)",
            "b": "(aud(cos(x),(0.085014045-y))*0.31751812)",
            "g": "(aud(cos(x),(0.5580683-0.94764894))*y)"
          }
        }
      ],
      "timestamp": "1h:26m:20s"
    },
    {
      "generation": 1,
      "ascendantID": "8fgqws2g-ghyh-wss7-7zbh-ytesubpt2yd5",
      "id": "l123u9jj-5i8g-d06i-ck87-ffovq3qk3rx5",
      "individuals": [
        {
          "fitness": 0,
          "expressions": {
            "r": "(y+x)",
            "b": "(y+x)",
            "g": "(y+x)"
          }
        },
        {
          "fitness": 0,
          "expressions": {
            "r": "pow(x,0.044743426)",
            "b": "pow(x,y)",
            "g": "pow(x,0.8318562)"
          }
        },
        {
          "fitness": 0,
          "expressions": {
            "r": "(0.8880025+y)",
            "b": "(0.25926036+y)",
            "g": "(y+0.60326976)"
          }
        },
        {
          "fitness": 0,
          "expressions": {
            "r": "(y+0.49243963)",
            "b": "(y+0.72274536)",
            "g": "(0.737701+x)"
          }
        },
        {
          "fitness": 0,
          "expressions": {
            "r": "(x+x)",
            "b": "(y+x)",
            "g": "(y+y)"
          }
        },
        {
          "fitness": 0,
          "expressions": {
            "r": "(y+y)",
            "b": "(y+x)",
            "g": "(y+x)"
          }
        },
        {
          "fitness": 0,
          "expressions": {
            "r": "min((y*var(0.49184543)),auh(x,(x*x)))",
            "b": "min((y*var(y)),auh(y,(x*0.64264655)))",
            "g": "min((y*var(y)),auh(y,(x*0.63445544)))"
          }
        },
        {
          "fitness": 0,
          "expressions": {
            "r": "pow(x,0.28494465)",
            "b": "pow(x,y)",
            "g": "pow(x,0.8318562)"
          }
        },
        {
          "fitness": 0,
          "expressions": {
            "r": "((tan(y)*y)-x)",
            "b": "((tan(y)*0.27089345)-x)",
            "g": "((tan(y)*0.8669504)-x)"
          }
        },
        {
          "fitness": 0,
          "expressions": {
            "r": "(aud(cos(x),(y*y))*x)",
            "b": "(aud(cos(x),(0.085014045*y))*0.31751812)",
            "g": "(aud(cos(x),(0.5580683*0.94764894))*y)"
          }
        },
        {
          "fitness": 0,
          "expressions": {
            "r": "pow(y,0.28494465)",
            "b": "pow(0.5038583,y)",
            "g": "pow(0.28785414,0.8318562)"
          }
        },
        {
          "fitness": 0,
          "expressions": {
            "r": "tan(min((y-x),x))",
            "b": "tan(min((0.5038583-x),x))",
            "g": "tan(min((0.28785414-y),x))"
          }
        },
        {
          "fitness": 0,
          "expressions": {
            "r": "(x+cos(y))",
            "b": "(x+cos(y))",
            "g": "(y+cos(x))"
          }
        },
        {
          "fitness": 0,
          "expressions": {
            "r": "pow(x,0.4633541)",
            "b": "pow(x,y)",
            "g": "pow(x,0.8318562)"
          }
        },
        {
          "fitness": 0,
          "expressions": {
            "r": "(auh(cos(x),(y-y))*x)",
            "b": "(auh(cos(x),(0.1773425-0.32399386))*0.31751812)",
            "g": "(auh(cos(x),(0.5580683-0.91018367))*y)"
          }
        },
        {
          "fitness": 0,
          "expressions": {
            "r": "(x+tan(0.10809338))",
            "b": "(x+tan(x))",
            "g": "(y+tan(x))"
          }
        },
        {
          "fitness": 0,
          "expressions": {
            "r": "(auh((pow(y,x)-0.40743542),(max(0.8648654,x)-x))*0.75583804)",
            "b": "(auh((pow(y,x)-x),(max(y,0.063948154)-y))*0.15992296)",
            "g": "(auh((pow(0.9321331,x)-y),(max(0.35074693,x)-x))*y)"
          }
        },
        {
          "fitness": 0,
          "expressions": {
            "r": "(auh(x,x)+y)",
            "b": "(auh(0.6626156,x)+x)",
            "g": "(auh(x,y)+x)"
          }
        }
      ],
      "timestamp": "1h:26m:21s"
    },
    {
      "generation": 2,
      "ascendantID": "l123u9jj-5i8g-d06i-ck87-ffovq3qk3rx5",
      "id": "e4uobsux-rnh4-tbud-zov9-a9ng3zpq2e3d",
      "individuals": [
        {
          "fitness": 0,
          "expressions": {
            "r": "(y+x)",
            "b": "(y+x)",
            "g": "(y+x)"
          }
        },
        {
          "fitness": 0,
          "expressions": {
            "r": "pow(y,0.044743426)",
            "b": "pow(y,y)",
            "g": "pow(0.737701,0.8318562)"
          }
        },
        {
          "fitness": 0,
          "expressions": {
            "r": "(aul(x,x)+y)",
            "b": "(aul(0.6626156,x)+x)",
            "g": "(aul(x,y)+0.11506319)"
          }
        },
        {
          "fitness": 0,
          "expressions": {
            "r": "(y+pow(pow(auh(0.70533246,y),aud(x,y)),y))",
            "b": "(y+pow(pow(auh(y,0.44689572),aud(x,y)),0.22917366))",
            "g": "(0.737701+pow(pow(auh(y,0.93615407),aud(x,y)),y))"
          }
        },
        {
          "fitness": 0,
          "expressions": {
            "r": "tan(min((y-x),x))",
            "b": "tan(min((0.5038583-x),y))",
            "g": "tan(min((0.28785414-y),y))"
          }
        },
        {
          "fitness": 0,
          "expressions": {
            "r": "(y+(0.7277502*x))",
            "b": "(y+(y*y))",
            "g": "(0.737701+(y*0.11481732))"
          }
        },
        {
          "fitness": 0,
          "expressions": {
            "r": "min(y,0.28494465)",
            "b": "min(0.5038583,y)",
            "g": "min(0.28785414,0.8318562)"
          }
        },
        {
          "fitness": 0,
          "expressions": {
            "r": "(y+y)",
            "b": "(x+y)",
            "g": "(y+0.60326976)"
          }
        },
        {
          "fitness": 0,
          "expressions": {
            "r": "((x+tan(0.10809338))+y)",
            "b": "((x+tan(x))+x)",
            "g": "((y+tan(x))+x)"
          }
        },
        {
          "fitness": 0,
          "expressions": {
            "r": "pow(x,0.4633541)",
            "b": "pow(x,y)",
            "g": "pow(x,0.84226066)"
          }
        },
        {
          "fitness": 0,
          "expressions": {
            "r": "(x+x)",
            "b": "(y+x)",
            "g": "(y+x)"
          }
        },
        {
          "fitness": 0,
          "expressions": {
            "r": "(auh((pow(y,0.0)+0.40743542),(max(0.8648654,x)-x))*0.75583804)",
            "b": "(auh((pow(y,0.0)+x),(max(y,0.063948154)-y))*0.15992296)",
            "g": "(auh((pow(0.71553564,0.0)+y),(max(0.35074693,x)-x))*y)"
          }
        },
        {
          "fitness": 0,
          "expressions": {
            "r": "((tan(y)*y)-x)",
            "b": "((tan(y)*0.27089345)-x)",
            "g": "((tan(y)*0.8669504)-x)"
          }
        },
        {
          "fitness": 0,
          "expressions": {
            "r": "min((y*aud(0.49184543,x)),max(x,(x*x)))",
            "b": "min((y*aud(y,y)),max(y,(x*0.64264655)))",
            "g": "min((y*aud(y,y)),max(y,(x*0.37076375)))"
          }
        },
        {
          "fitness": 0,
          "expressions": {
            "r": "(x+cos(y))",
            "b": "(x+cos(y))",
            "g": "(y+cos(x))"
          }
        },
        {
          "fitness": 0,
          "expressions": {
            "r": "pow(x,0.28494465)",
            "b": "pow(x,y)",
            "g": "pow(x,0.8318562)"
          }
        },
        {
          "fitness": 0,
          "expressions": {
            "r": "pow(x,0.4633541)",
            "b": "pow(x,y)",
            "g": "pow(x,0.8318562)"
          }
        },
        {
          "fitness": 0,
          "expressions": {
            "r": "pow(x,0.46324906)",
            "b": "pow(x,y)",
            "g": "pow(x,0.60008943)"
          }
        }
      ],
      "timestamp": "1h:26m:22s"
    },
    {
      "generation": 3,
      "ascendantID": "e4uobsux-rnh4-tbud-zov9-a9ng3zpq2e3d",
      "id": "bp3l29nm-ebqw-h0eq-k0hw-hhrtbt81fpgc",
      "individuals": [
        {
          "fitness": 0,
          "expressions": {
            "r": "(y+x)",
            "b": "(y+x)",
            "g": "(y+x)"
          }
        },
        {
          "fitness": 0,
          "expressions": {
            "r": "(x+x)",
            "b": "(y+x)",
            "g": "(y+x)"
          }
        },
        {
          "fitness": 0,
          "expressions": {
            "r": "((tan(y)-var(aud(0.0,y)))-x)",
            "b": "((tan(y)-var(aud(0.0,x)))-x)",
            "g": "((tan(y)-var(aud(0.0,0.041312993)))-x)"
          }
        },
        {
          "fitness": 0,
          "expressions": {
            "r": "pow(y,0.044743426)",
            "b": "pow(y,y)",
            "g": "pow(0.737701,0.8318562)"
          }
        },
        {
          "fitness": 0,
          "expressions": {
            "r": "(x+cos(y))",
            "b": "(x+cos(y))",
            "g": "(y+cos(x))"
          }
        },
        {
          "fitness": 0,
          "expressions": {
            "r": "((tan(0.28494465)*y)-x)",
            "b": "((tan(y)*0.27089345)-x)",
            "g": "((tan(0.8318562)*0.8669504)-x)"
          }
        },
        {
          "fitness": 0,
          "expressions": {
            "r": "(aul(x,x)+y)",
            "b": "(aul(0.6626156,x)+x)",
            "g": "(aul(x,y)+0.11506319)"
          }
        },
        {
          "fitness": 0,
          "expressions": {
            "r": "pow(x,0.044743426)",
            "b": "pow(0.81268036,y)",
            "g": "pow(0.48165572,0.8318562)"
          }
        },
        {
          "fitness": 0,
          "expressions": {
            "r": "tan(min(x,y))",
            "b": "tan(min(y,y))",
            "g": "tan(min(y,0.37855))"
          }
        },
        {
          "fitness": 0,
          "expressions": {
            "r": "pow(x,0.4633541)",
            "b": "pow(x,y)",
            "g": "pow(x,0.84226066)"
          }
        },
        {
          "fitness": 0,
          "expressions": {
            "r": "pow(x,0.4633541)",
            "b": "pow(x,y)",
            "g": "pow(x,0.8318562)"
          }
        },
        {
          "fitness": 0,
          "expressions": {
            "r": "pow((auh(x,(x*y))/var(min(x,x))),0.28494465)",
            "b": "pow((auh(x,(x*y))/var(min(0.90012574,0.6364814))),y)",
            "g": "pow((auh(y,(y*x))/var(min(y,y))),0.8318562)"
          }
        },
        {
          "fitness": 0,
          "expressions": {
            "r": "tan(cos(x))",
            "b": "tan(cos(0.18604249))",
            "g": "tan(cos(x))"
          }
        },
        {
          "fitness": 0,
          "expressions": {
            "r": "(auh((pow(y,0.0)-0.40743542),(max(0.8648654,x)+x))*0.75583804)",
            "b": "(auh((pow(y,0.063900545)-x),(max(y,0.063948154)+y))*0.15992296)",
            "g": "(auh((pow(0.7872221,0.0)-y),(max(0.35074693,x)+x))*y)"
          }
        },
        {
          "fitness": 0,
          "expressions": {
            "r": "pow(x,0.4633541)",
            "b": "pow(x,y)",
            "g": "pow(x,0.84226066)"
          }
        },
        {
          "fitness": 0,
          "expressions": {
            "r": "(x+x)",
            "b": "(y+x)",
            "g": "(y+y)"
          }
        },
        {
          "fitness": 0,
          "expressions": {
            "r": "((tan(y)*y)-(auh(auh(x,y),tan(x))+(min(y,x)*y)))",
            "b": "((tan(y)*0.27089345)-(auh(auh(y,0.42044377),tan(0.65139306))+(min(0.45041317,x)*y)))",
            "g": "((tan(y)*0.8669504)-(auh(auh(0.5538372,y),tan(x))+(min(0.14101088,0.83945864)*x)))"
          }
        },
        {
          "fitness": 0,
          "expressions": {
            "r": "((x+tan(0.10809338))+y)",
            "b": "((x+tan(x))+x)",
            "g": "((y+tan(x))+x)"
          }
        }
      ],
      "timestamp": "1h:26m:22s"
    }
  ],
  "timestamp": "2024-07-23-01-26-17"
}