{
  "id": "mvrodqqu-1cwf-bvdv-k2xz-51cll3e4e01m",
  "parameters": {
    "crossoverRate": 0.30000001192092896,
    "eliteSize": 2,
    "tournamentSize": 3,
    "mutationRate": 0.8999999761581421,
    "populationSize": 10
  },
  "populations": [
    {
      "generation": 0,
      "id": "vzgxbhi1-yfrm-p6hi-oefj-ape437jx1c2l",
      "individuals": [
        {
          "fitness": 0,
          "expressions": {
            "r": "add(x,x)",
            "b": "add(0.6146834,x)",
            "g": "add(0.40987778,x)"
          }
        },
        {
          "fitness": 0,
          "expressions": {
            "r": "add(y,0.045894384)",
            "b": "add(x,y)",
            "g": "add(y,y)"
          }
        },
        {
          "fitness": 0,
          "expressions": {
            "r": "tan(x)",
            "b": "tan(y)",
            "g": "tan(0.42149353)"
          }
        },
        {
          "fitness": 0,
          "expressions": {
            "r": "tan(0.11117482)",
            "b": "tan(0.09446812)",
            "g": "tan(x)"
          }
        },
        {
          "fitness": 0,
          "expressions": {
            "r": "bri(mul(add(cos(sub(bri(cos(var(min(aud(aud(sub(tan(max(x,x)),y),pow(add(0.32845688,tan(y)),x)),y),pow(x,min(cos(0.18160343),bri(0.90977716,y)))))),sin(0.57913494)),bri(0.2974894,0.7583964))),y),y),div(y,y))",
            "b": "bri(mul(add(cos(sub(bri(cos(var(min(aud(aud(sub(tan(max(0.9565046,0.026408434)),x),pow(add(0.55637217,tan(0.17537665)),0.8431468)),x),pow(y,min(cos(x),bri(y,y)))))),sin(x)),bri(y,0.844558))),0.89938664),y),div(x,x))",
            "g": "bri(mul(add(cos(sub(bri(cos(var(min(aud(aud(sub(tan(max(y,0.42945194)),x),pow(add(0.21258235,tan(y)),y)),0.72933364),pow(0.7184534,min(cos(0.9363699),bri(y,0.44839406)))))),sin(0.66346335)),bri(y,0.28508544))),x),x),div(y,x))"
          }
        },
        {
          "fitness": 0,
          "expressions": {
            "r": "add(y,x)",
            "b": "add(y,x)",
            "g": "add(x,y)"
          }
        },
        {
          "fitness": 0,
          "expressions": {
            "r": "min(sub(bri(tan(sub(x,div(sin(tan(x)),mul(bri(0.8376541,y),var(y))))),0.038176775),div(y,pow(mul(x,x),pow(aud(mul(max(sub(add(x,sub(mul(0.6683588,x),div(0.52608395,y))),x),var(add(mul(0.30097413,aud(x,x)),bri(mul(0.83792996,0.39741802),x)))),var(x)),0.67753863),0.50845003)))),mul(div(x,add(pow(0.40830135,sin(y)),var(x))),0.00943923))",
            "b": "min(sub(bri(tan(sub(0.51615715,div(sin(tan(x)),mul(bri(0.4010117,0.760829),var(0.98581886))))),x),div(x,pow(mul(y,x),pow(aud(mul(max(sub(add(y,sub(mul(y,0.82320356),div(y,0.07569265))),0.93128467),var(add(mul(0.6387832,aud(y,y)),bri(mul(0.65426826,x),0.07041502)))),var(x)),x),x)))),mul(div(y,add(pow(0.83506393,sin(0.88386345)),var(x))),x))",
            "g": "min(sub(bri(tan(sub(0.2951908,div(sin(tan(0.8719754)),mul(bri(y,0.9009664),var(0.93090105))))),y),div(y,pow(mul(0.33369112,x),pow(aud(mul(max(sub(add(y,sub(mul(y,y),div(x,x))),x),var(add(mul(0.99619675,aud(y,x)),bri(mul(y,y),0.29984927)))),var(x)),0.41530943),x)))),mul(div(0.7097328,add(pow(y,sin(x)),var(y))),y))"
          }
        },
        {
          "fitness": 0,
          "expressions": {
            "r": "add(x,0.2267952)",
            "b": "add(x,x)",
            "g": "add(x,x)"
          }
        },
        {
          "fitness": 0,
          "expressions": {
            "r": "add(0.816864,x)",
            "b": "add(y,x)",
            "g": "add(0.11869049,y)"
          }
        },
        {
          "fitness": 0,
          "expressions": {
            "r": "bri(0.430753,bri(tan(sin(min(add(max(x,sin(min(x,bri(y,pow(y,max(tan(0.28267574),add(0.609431,tan(y)))))))),cos(bri(sin(max(sin(0.19655848),max(div(x,aud(x,sub(x,y))),x))),x))),bri(y,pow(var(aud(x,div(tan(0.8640542),pow(0.23579526,min(bri(bri(x,0.22856283),div(y,y)),cos(div(0.250396,x))))))),y))))),x))",
            "b": "bri(x,bri(tan(sin(min(add(max(0.18252802,sin(min(0.7791009,bri(x,pow(0.074127436,max(tan(x),add(0.8365593,tan(x)))))))),cos(bri(sin(max(sin(0.023900032),max(div(0.7350557,aud(y,sub(y,0.5407655))),0.016532898))),x))),bri(0.12851763,pow(var(aud(0.90619135,div(tan(0.78903556),pow(y,min(bri(bri(y,x),div(0.55535054,x)),cos(div(0.15483785,x))))))),y))))),y))",
            "g": "bri(y,bri(tan(sin(min(add(max(y,sin(min(0.088552475,bri(x,pow(x,max(tan(y),add(x,tan(0.67085886)))))))),cos(bri(sin(max(sin(x),max(div(x,aud(0.33745384,sub(y,y))),0.12543535))),y))),bri(0.87289286,pow(var(aud(0.55187535,div(tan(x),pow(y,min(bri(bri(x,y),div(y,x)),cos(div(0.85867023,0.606817))))))),x))))),x))"
          }
        },
        {
          "fitness": 0,
          "expressions": {
            "r": "add(y,x)",
            "b": "add(x,y)",
            "g": "add(y,y)"
          }
        },
        {
          "fitness": 0,
          "expressions": {
            "r": "max(sin(tan(0.12253809)),bri(sin(0.610625),pow(0.7679999,x)))",
            "b": "max(sin(tan(x)),bri(sin(x),pow(y,0.6527529)))",
            "g": "max(sin(tan(0.023492813)),bri(sin(x),pow(0.14819646,x)))"
          }
        },
        {
          "fitness": 0,
          "expressions": {
            "r": "add(x,y)",
            "b": "add(y,y)",
            "g": "add(x,0.10081816)"
          }
        },
        {
          "fitness": 0,
          "expressions": {
            "r": "sub(mul(min(add(sub(0.82624197,pow(add(cos(bri(y,0.4125042)),y),0.15267396)),pow(mul(var(0.8997688),y),div(add(x,0.6514416),div(var(y),x)))),y),y),tan(add(y,x)))",
            "b": "sub(mul(min(add(sub(x,pow(add(cos(bri(x,0.6635952)),0.57427835),x)),pow(mul(var(y),x),div(add(x,y),div(var(0.7767048),x)))),x),y),tan(add(x,y)))",
            "g": "sub(mul(min(add(sub(y,pow(add(cos(bri(x,0.07837558)),0.4309163),x)),pow(mul(var(x),y),div(add(x,0.17828345),div(var(x),y)))),y),y),tan(add(0.658463,y)))"
          }
        },
        {
          "fitness": 0,
          "expressions": {
            "r": "pow(max(tan(0.8300781),0.17264414),max(max(add(add(div(add(0.38383555,add(var(max(sub(cos(x),sub(min(y,var(0.075592995)),bri(div(y,0.90325713),min(y,0.3760314)))),add(bri(x,var(mul(x,x))),y))),add(0.7429447,0.51353264))),y),add(bri(y,max(sin(sin(x)),x)),div(x,y))),x),0.94446015),add(bri(0.98576975,sin(x)),var(mul(sub(x,0.83924866),y)))))",
            "b": "pow(max(tan(0.25556278),y),max(max(add(add(div(add(0.6909597,add(var(max(sub(cos(x),sub(min(x,var(x)),bri(div(x,y),min(0.59985304,y)))),add(bri(x,var(mul(0.09242582,x))),y))),add(y,0.49151278))),0.32517743),add(bri(0.93490195,max(sin(sin(x)),y)),div(x,y))),0.39576602),x),add(bri(y,sin(y)),var(mul(sub(y,y),y)))))",
            "g": "pow(max(tan(0.037504673),y),max(max(add(add(div(add(x,add(var(max(sub(cos(y),sub(min(0.37049723,var(x)),bri(div(0.6872058,0.5797057),min(0.31867576,x)))),add(bri(y,var(mul(0.23582959,0.6188984))),y))),add(0.26142216,x))),y),add(bri(x,max(sin(sin(0.08737469)),0.2644515)),div(0.63640046,x))),0.91254234),0.92961216),add(bri(y,sin(x)),var(mul(sub(x,y),x)))))"
          }
        },
        {
          "fitness": 0,
          "expressions": {
            "r": "add(x,y)",
            "b": "add(x,x)",
            "g": "add(0.2044785,0.37541008)"
          }
        },
        {
          "fitness": 0,
          "expressions": {
            "r": "var(0.7237358)",
            "b": "var(y)",
            "g": "var(x)"
          }
        },
        {
          "fitness": 0,
          "expressions": {
            "r": "sin(y)",
            "b": "sin(0.25943828)",
            "g": "sin(y)"
          }
        }
      ],
      "timestamp": "23h:50m:59s"
    },
    {
      "generation": 1,
      "ascendantID": "vzgxbhi1-yfrm-p6hi-oefj-ape437jx1c2l",
      "id": "6wjnqp67-8nfn-xteb-wycl-mv5nyj6bnvld",
      "individuals": [
        {
          "fitness": 0,
          "expressions": {
            "r": "max(sin(tan(0.12253809)),bri(sin(0.610625),pow(0.7679999,x)))",
            "b": "max(sin(tan(x)),bri(sin(x),pow(y,0.6527529)))",
            "g": "max(sin(tan(0.023492813)),bri(sin(x),pow(0.14819646,x)))"
          }
        },
        {
          "fitness": 0,
          "expressions": {
            "r": "add(x,y)",
            "b": "add(y,y)",
            "g": "add(x,0.10081816)"
          }
        },
        {
          "fitness": 0,
          "expressions": {
            "r": "pow(max(tan(0.8300781),0.17264414),max(max(add(add(div(add(0.38383555,add(var(max(sub(cos(x),sub(min(y,aud(0.075592995,y)),bri(div(y,0.90325713),min(y,0.3760314)))),add(bri(x,tan(mul(x,x))),y))),add(0.7429447,0.51353264))),y),sub(bri(y,min(sin(sin(x)),x)),div(x,y))),x),0.94446015),add(max(0.98576975,sin(x)),var(mul(sub(x,0.83924866),y)))))",
            "b": "pow(max(tan(0.25556278),y),max(max(add(add(div(add(0.7334268,add(var(max(sub(cos(x),sub(min(x,aud(x,y)),bri(div(x,y),min(0.59985304,y)))),add(bri(x,tan(mul(0.09242582,x))),y))),add(y,0.49151278))),0.32517743),sub(bri(0.93490195,min(sin(sin(x)),y)),div(x,y))),0.39576602),x),add(max(y,sin(y)),var(mul(sub(y,y),y)))))",
            "g": "pow(max(tan(0.037504673),y),max(max(add(add(div(add(x,add(var(max(sub(cos(y),sub(min(0.37049723,aud(x,y)),bri(div(0.6872058,0.5797057),min(0.31867576,x)))),add(bri(y,tan(mul(0.52031183,0.6188984))),y))),add(0.26142216,x))),y),sub(bri(x,min(sin(sin(0.08737469)),0.2644515)),div(0.63640046,x))),0.91254234),0.92961216),add(max(y,sin(x)),var(mul(sub(x,y),x)))))"
          }
        },
        {
          "fitness": 0,
          "expressions": {
            "r": "max(sin(cos(cos(aud(y,pow(y,x))))),bri(sin(0.610625),pow(0.7679999,x)))",
            "b": "max(sin(cos(cos(aud(x,pow(y,y))))),bri(sin(x),pow(y,0.6527529)))",
            "g": "max(sin(cos(cos(aud(x,pow(y,x))))),bri(sin(x),pow(0.14819646,x)))"
          }
        },
        {
          "fitness": 0,
          "expressions": {
            "r": "bri(mul(add(tan(sub(bri(cos(var(pow(aud(aud(mul(tan(bri(x,x)),y),pow(add(0.32845688,tan(y)),x)),y),pow(x,min(tan(0.18160343),bri(0.90977716,y)))))),sin(0.69729185)),bri(0.1197958,0.7583964))),y),y),div(y,y))",
            "b": "bri(mul(add(tan(sub(bri(cos(var(pow(aud(aud(mul(tan(bri(0.93603134,0.026408434)),x),pow(add(0.55637217,tan(0.17537665)),0.8431468)),x),pow(y,min(tan(x),bri(y,y)))))),sin(x)),bri(y,1.0))),1.0),y),div(x,x))",
            "g": "bri(mul(add(tan(sub(bri(cos(var(pow(aud(aud(mul(tan(bri(y,0.45449948)),x),pow(add(0.21258235,tan(y)),y)),0.72933364),pow(0.7184534,min(tan(0.9363699),bri(y,0.44839406)))))),sin(0.91909695)),bri(y,0.4301648))),x),x),div(y,x))"
          }
        },
        {
          "fitness": 0,
          "expressions": {
            "r": "pow(max(tan(0.8300781),0.17264414),max(max(add(add(div(add(0.38383555,add(var(max(sub(tan(x),sub(pow(y,var(0.075592995)),bri(div(y,mul(x,y)),pow(y,0.3760314)))),add(aud(x,var(mul(x,x))),y))),add(0.7429447,0.51353264))),y),add(aud(y,max(sin(div(x,x)),x)),div(x,y))),x),0.94446015),sub(aud(0.98576975,cos(x)),var(mul(sub(x,0.83924866),y)))))",
            "b": "pow(max(tan(0.25556278),y),max(max(add(add(div(add(0.6909597,add(var(max(sub(tan(x),sub(pow(x,var(x)),bri(div(x,mul(x,0.9389701)),pow(0.59985304,y)))),add(aud(x,var(mul(0.09242582,x))),y))),add(y,0.49151278))),0.32517743),add(aud(0.93490195,max(sin(div(x,0.21872473)),y)),div(x,y))),0.44434094),x),sub(aud(y,cos(y)),var(mul(sub(y,y),y)))))",
            "g": "pow(max(tan(0.037504673),y),max(max(add(add(div(add(x,add(var(max(sub(tan(y),sub(pow(0.37049723,var(x)),bri(div(0.6872058,mul(x,0.7517371)),pow(0.31867576,x)))),add(aud(y,var(mul(0.23582959,0.5433097))),y))),add(0.26142216,x))),y),add(aud(x,max(sin(div(0.08737469,y)),0.24034023)),div(0.63640046,x))),0.8796706),0.92961216),sub(aud(y,cos(x)),var(mul(sub(x,y),x)))))"
          }
        },
        {
          "fitness": 0,
          "expressions": {
            "r": "min(bri(tan(0.8300781),0.17264414),max(max(add(sub(div(add(0.38383555,add(var(min(div(cos(x),sub(min(y,var(0.075592995)),bri(div(y,0.90325713),min(y,0.3760314)))),add(bri(x,aud(mul(x,x),x)),y))),add(0.7429447,0.26537156))),y),add(bri(y,max(sin(sin(x)),x)),div(x,y))),x),0.94446015),add(bri(0.98576975,cos(x)),tan(div(sub(x,0.83924866),y)))))",
            "b": "min(bri(tan(0.25556278),y),max(max(add(sub(div(add(0.6909597,add(var(min(div(cos(x),sub(min(x,var(x)),bri(div(x,y),min(0.59985304,y)))),add(bri(x,aud(mul(0.09242582,x),y)),y))),add(y,0.60465574))),0.32517743),add(bri(0.93490195,max(sin(sin(x)),y)),div(x,y))),0.39576602),x),add(bri(y,cos(y)),tan(div(sub(y,y),y)))))",
            "g": "min(bri(tan(0.037504673),y),max(max(add(sub(div(add(x,add(var(min(div(cos(y),sub(min(0.17415261,var(x)),bri(div(0.6872058,0.5797057),min(0.31867576,x)))),add(bri(y,aud(mul(0.23582959,0.6188984),0.8332591)),y))),add(0.26142216,x))),y),add(bri(x,max(sin(sin(0.08737469)),0.2644515)),div(0.63640046,x))),1.0),0.92961216),add(bri(y,cos(x)),tan(div(sub(x,y),x)))))"
          }
        },
        {
          "fitness": 0,
          "expressions": {
            "r": "max(sin(tan(0.12253809)),aud(sin(0.610625),min(0.5838597,x)))",
            "b": "max(sin(tan(x)),aud(sin(x),min(y,0.6527529)))",
            "g": "max(sin(tan(0.023492813)),aud(sin(x),min(0.14819646,x)))"
          }
        },
        {
          "fitness": 0,
          "expressions": {
            "r": "add(y,x)",
            "b": "add(x,y)",
            "g": "add(y,y)"
          }
        },
        {
          "fitness": 0,
          "expressions": {
            "r": "max(sin(tan(0.12253809)),aud(sin(0.610625),pow(0.8409896,x)))",
            "b": "max(sin(tan(x)),aud(sin(x),pow(y,0.6527529)))",
            "g": "max(sin(tan(0.023492813)),aud(sin(x),pow(0.00516057,x)))"
          }
        },
        {
          "fitness": 0,
          "expressions": {
            "r": "max(cos(cos(x)),max(sin(0.610625),pow(0.7679999,x)))",
            "b": "max(cos(cos(x)),max(sin(x),pow(y,0.6527529)))",
            "g": "max(cos(cos(y)),max(sin(x),pow(0.14819646,x)))"
          }
        },
        {
          "fitness": 0,
          "expressions": {
            "r": "bri(sub(add(cos(sub(bri(cos(var(max(aud(var(sub(tan(sub(x,0.40595365)),y)),y),pow(x,max(cos(0.18160343),y))))),div(0.57913494,y)),bri(0.2974894,0.7583964))),y),y),div(y,y))",
            "b": "bri(sub(add(cos(sub(bri(cos(var(max(aud(var(sub(tan(sub(x,0.97891045)),x)),x),pow(y,max(cos(x),0.25943828))))),div(x,y)),bri(y,0.844558))),0.7704294),y),div(x,x))",
            "g": "bri(sub(add(cos(sub(bri(cos(var(max(aud(var(sub(tan(sub(y,x)),x)),0.72933364),pow(0.7184534,max(cos(0.9363699),y))))),div(0.66346335,x)),bri(y,0.1509738))),x),x),div(y,x))"
          }
        },
        {
          "fitness": 0,
          "expressions": {
            "r": "bri(0.430753,bri(tan(sin(min(add(bri(x,sin(min(x,aud(y,pow(y,max(tan(0.28267574),sub(0.609431,tan(y)))))))),cos(bri(sin(max(sin(0.19655848),min(div(x,aud(x,sub(x,y))),x))),x))),bri(y,pow(var(aud(x,div(tan(0.8640542),pow(0.27875423,min(bri(bri(x,0.22856283),div(y,y)),cos(div(0.4195068,x))))))),y))))),x))",
            "b": "bri(x,bri(tan(sin(min(add(bri(0.18252802,sin(min(0.7791009,aud(x,pow(0.074127436,max(tan(x),sub(0.8365593,tan(x)))))))),cos(bri(sin(max(sin(0.023900032),min(div(0.87629414,aud(y,sub(y,0.5407655))),0.016532898))),x))),bri(2.2172928E-5,pow(var(aud(0.90619135,div(tan(0.78903556),pow(y,min(bri(bri(y,x),div(0.55535054,x)),cos(div(0.15483785,x))))))),y))))),y))",
            "g": "bri(y,bri(tan(sin(min(add(bri(y,sin(min(0.088552475,aud(x,pow(x,max(tan(y),sub(x,tan(0.42717266)))))))),cos(bri(sin(max(sin(x),min(div(x,aud(0.33745384,sub(y,y))),0.12543535))),y))),bri(0.87289286,pow(var(aud(0.55187535,div(tan(x),pow(y,min(bri(bri(x,y),div(y,x)),cos(div(0.85867023,0.606817))))))),x))))),x))"
          }
        },
        {
          "fitness": 0,
          "expressions": {
            "r": "aud(mul(add(cos(sub(max(cos(tan(min(aud(aud(mul(aud(max(x,x),x),y),pow(add(0.32845688,tan(y)),x)),y),min(x,min(cos(0.18160343),bri(0.90977716,y)))))),sin(0.57913494)),bri(0.15589666,0.7583964))),y),y),div(y,y))",
            "b": "aud(mul(add(cos(sub(max(cos(tan(min(aud(aud(mul(aud(max(0.9565046,0.17577624),0.8612921),x),pow(add(0.55637217,tan(0.17537665)),0.8431468)),x),min(y,min(cos(x),bri(y,y)))))),sin(x)),bri(y,0.844558))),0.8966484),y),div(x,x))",
            "g": "aud(mul(add(cos(sub(max(cos(tan(min(aud(aud(mul(aud(max(y,0.42945194),x),x),pow(add(0.21258235,tan(y)),y)),0.72933364),min(0.7184534,min(cos(0.9363699),bri(y,0.62762403)))))),sin(0.66346335)),bri(y,0.28508544))),x),x),div(y,x))"
          }
        },
        {
          "fitness": 0,
          "expressions": {
            "r": "max(0.430753,bri(tan(cos(max(add(max(x,cos(min(x,bri(y,pow(y,max(tan(0.28267574),add(0.42975998,tan(y)))))))),cos(bri(cos(max(sin(0.19655848),min(div(x,var(x)),x))),x))),bri(y,pow(aud(aud(x,div(var(0.8640542),pow(0.23579526,min(bri(bri(x,0.22856283),div(y,y)),cos(mul(0.250396,x)))))),y),y))))),x))",
            "b": "max(x,bri(tan(cos(max(add(max(0.18252802,cos(min(0.7791009,bri(x,pow(0.074127436,max(tan(x),add(0.9712963,tan(x)))))))),cos(bri(cos(max(sin(0.023900032),min(div(0.7350557,var(y)),0.016532898))),x))),bri(0.12851763,pow(aud(aud(0.90619135,div(var(0.78903556),pow(y,min(bri(bri(y,x),div(0.55535054,x)),cos(mul(0.15483785,x)))))),y),y))))),y))",
            "g": "max(y,bri(tan(cos(max(add(max(y,cos(min(0.088552475,bri(x,pow(x,max(tan(y),add(x,tan(0.67085886)))))))),cos(bri(cos(max(sin(x),min(div(x,var(0.30762696)),0.12543535))),y))),bri(0.87289286,pow(aud(aud(0.55187535,div(var(x),pow(y,min(bri(bri(x,y),div(x,x)),cos(mul(0.85867023,0.606817)))))),y),x))))),x))"
          }
        },
        {
          "fitness": 0,
          "expressions": {
            "r": "aud(mul(sub(cos(sub(bri(cos(var(pow(aud(var(add(tan(max(x,x)),y)),y),min(x,min(sin(0.18160343),bri(0.90977716,y)))))),sin(0.57913494)),bri(0.2974894,0.7583964))),y),y),div(y,y))",
            "b": "aud(mul(sub(cos(sub(bri(cos(var(pow(aud(var(add(tan(max(0.9565046,0.026408434)),x)),x),min(y,min(sin(x),bri(y,y)))))),sin(x)),bri(y,0.844558))),0.89938664),y),div(x,x))",
            "g": "aud(mul(sub(cos(sub(bri(cos(var(pow(aud(var(add(tan(max(y,0.42945194)),x)),0.86208034),min(0.6359565,min(sin(0.9363699),bri(y,0.2640884)))))),sin(0.66346335)),bri(y,y))),x),x),div(y,x))"
          }
        },
        {
          "fitness": 0,
          "expressions": {
            "r": "bri(div(tan(sin(y)),x),bri(sin(0.610625),pow(0.7679999,x)))",
            "b": "bri(div(tan(sin(x)),0.26448584),bri(sin(x),pow(y,0.6527529)))",
            "g": "bri(div(tan(sin(0.40466523)),x),bri(sin(x),pow(0.14819646,x)))"
          }
        },
        {
          "fitness": 0,
          "expressions": {
            "r": "bri(mul(sub(cos(sub(max(cos(var(max(aud(var(sub(var(max(x,x)),y)),y),pow(x,min(tan(0.18160343),bri(0.90977716,y)))))),sin(0.57913494)),bri(0.2974894,0.7583964))),y),y),div(y,y))",
            "b": "bri(mul(sub(cos(sub(max(cos(var(max(aud(var(sub(var(max(0.9565046,0.026408434)),x)),x),pow(y,min(tan(x),bri(y,y)))))),sin(x)),bri(y,0.844558))),0.89938664),y),div(x,x))",
            "g": "bri(mul(sub(cos(sub(max(cos(var(max(aud(var(sub(var(max(y,0.42945194)),x)),0.72933364),pow(0.5054712,min(tan(0.9363699),bri(y,0.44839406)))))),sin(0.66346335)),bri(y,0.28508544))),x),x),div(y,x))"
          }
        }
      ],
      "timestamp": "23h:51m:21s"
    },
    {
      "generation": 2,
      "ascendantID": "6wjnqp67-8nfn-xteb-wycl-mv5nyj6bnvld",
      "id": "jxa88x3q-z399-v3as-qfii-9x6tt1ixcu2u",
      "individuals": [
        {
          "fitness": 0,
          "expressions": {
            "r": "max(sin(tan(0.12253809)),bri(sin(0.610625),pow(0.7679999,x)))",
            "b": "max(sin(tan(x)),bri(sin(x),pow(y,0.6527529)))",
            "g": "max(sin(tan(0.023492813)),bri(sin(x),pow(0.14819646,x)))"
          }
        },
        {
          "fitness": 0,
          "expressions": {
            "r": "max(cos(cos(0.12253809)),bri(sin(0.610625),pow(0.7679999,x)))",
            "b": "max(cos(cos(x)),bri(sin(x),pow(y,0.6527529)))",
            "g": "max(cos(cos(0.023492813)),bri(sin(x),pow(0.14819646,x)))"
          }
        },
        {
          "fitness": 0,
          "expressions": {
            "r": "bri(div(tan(sin(y)),x),bri(0.51400375,pow(0.7679999,x)))",
            "b": "bri(div(tan(sin(x)),0.26448584),bri(y,pow(y,0.50739527)))",
            "g": "bri(div(tan(sin(0.40466523)),x),bri(0.10727239,pow(0.14819646,x)))"
          }
        },
        {
          "fitness": 0,
          "expressions": {
            "r": "min(cos(tan(0.12253809)),bri(sin(0.37749958),pow(1.0,x)))",
            "b": "min(cos(tan(x)),bri(sin(x),pow(y,0.6527529)))",
            "g": "min(cos(tan(0.023492813)),bri(sin(x),pow(0.14819646,x)))"
          }
        },
        {
          "fitness": 0,
          "expressions": {
            "r": "min(cos(tan(0.12253809)),aud(sin(0.610625),min(0.5838597,y)))",
            "b": "min(cos(tan(x)),aud(sin(x),min(y,0.10715723)))",
            "g": "min(cos(tan(0.023492813)),aud(sin(x),min(0.14819646,x)))"
          }
        },
        {
          "fitness": 0,
          "expressions": {
            "r": "max(mul(tan(0.12253809),y),bri(sin(0.44067025),pow(0.7679999,x)))",
            "b": "max(mul(tan(x),y),bri(sin(x),pow(y,0.6527529)))",
            "g": "max(mul(tan(0.023492813),y),bri(sin(x),pow(0.14819646,x)))"
          }
        },
        {
          "fitness": 0,
          "expressions": {
            "r": "bri(mul(tan(sin(y)),x),bri(cos(0.33047724),pow(0.7679999,x)))",
            "b": "bri(mul(tan(sin(x)),0.26448584),bri(cos(x),pow(y,0.8667917)))",
            "g": "bri(mul(tan(sin(0.40466523)),x),bri(cos(x),pow(0.14819646,x)))"
          }
        },
        {
          "fitness": 0,
          "expressions": {
            "r": "aud(mul(sub(cos(add(max(cos(tan(min(aud(var(mul(aud(max(x,x),x),y)),y),min(x,min(cos(0.18160343),bri(0.90977716,y)))))),sin(0.57913494)),bri(0.15589666,0.7583964))),y),y),sin(y))",
            "b": "aud(mul(sub(cos(add(max(cos(tan(min(aud(var(mul(aud(max(0.9565046,0.17577624),0.8612921),x)),x),min(y,min(cos(x),bri(y,y)))))),sin(x)),bri(y,0.844558))),0.8966484),y),sin(x))",
            "g": "aud(mul(sub(cos(add(max(cos(tan(min(aud(var(mul(aud(max(y,0.42945194),x),x)),0.72933364),min(0.7184534,min(cos(0.9363699),bri(y,0.62762403)))))),sin(0.66346335)),bri(0.2579391,0.28508544))),x),x),sin(y))"
          }
        },
        {
          "fitness": 0,
          "expressions": {
            "r": "max(cos(tan(0.12253809)),aud(x,pow(0.67724776,x)))",
            "b": "max(cos(tan(x)),aud(0.58441687,pow(y,0.6527529)))",
            "g": "max(cos(tan(0.023492813)),aud(0.24386954,pow(0.00516057,x)))"
          }
        },
        {
          "fitness": 0,
          "expressions": {
            "r": "bri(0.39253926,bri(var(sin(min(add(max(x,sin(max(x,bri(y,pow(y,max(cos(0.28267574),sub(0.609431,var(y)))))))),cos(aud(sin(max(sin(y),pow(div(x,var(x)),x))),x))),bri(y,pow(aud(aud(x,div(cos(0.8640542),pow(0.27875423,min(bri(var(x),div(y,y)),cos(mul(0.4195068,x)))))),y),y))))),x))",
            "b": "bri(x,bri(var(sin(min(add(max(0.18252802,sin(max(0.7791009,bri(x,pow(0.074127436,max(cos(x),sub(0.8365593,var(x)))))))),cos(aud(sin(max(sin(0.023900032),pow(div(0.87629414,var(y)),0.016532898))),x))),bri(2.2172928E-5,pow(aud(aud(0.90619135,div(cos(0.8840349),pow(y,min(bri(var(y),div(0.55535054,x)),cos(mul(0.15483785,x)))))),y),y))))),y))",
            "g": "bri(y,bri(var(sin(min(add(max(y,sin(max(0.088552475,bri(x,pow(x,max(cos(y),sub(x,var(0.42717266)))))))),cos(aud(sin(max(sin(x),pow(div(x,var(0.33745384)),0.12543535))),y))),bri(0.87289286,pow(aud(aud(0.55187535,div(cos(x),pow(y,min(bri(var(x),div(y,x)),cos(mul(0.69657826,0.606817)))))),x),x))))),x))"
          }
        },
        {
          "fitness": 0,
          "expressions": {
            "r": "bri(0.3155973,bri(tan(cos(min(add(max(x,tan(min(x,aud(y,pow(y,max(tan(0.28267574),add(0.42975998,cos(y)))))))),tan(bri(sin(max(cos(0.19655848),min(div(x,aud(x,y)),x))),x))),bri(y,pow(aud(bri(x,sin(var(0.6572051))),y),y))))),x))",
            "b": "bri(x,bri(tan(cos(min(add(max(y,tan(min(0.7791009,aud(x,pow(0.074127436,max(tan(x),add(0.9712963,cos(x)))))))),tan(bri(sin(max(cos(0.023900032),min(div(0.7350557,aud(y,y)),0.016532898))),x))),bri(0.12851763,pow(aud(bri(0.90619135,sin(var(0.78903556))),y),y))))),y))",
            "g": "bri(y,bri(tan(cos(min(add(max(0.06396341,tan(min(y,aud(x,pow(x,max(tan(y),add(x,cos(0.67085886)))))))),tan(bri(sin(max(cos(x),min(div(x,aud(0.30762696,y)),0.12543535))),y))),bri(0.87289286,pow(aud(bri(0.55187535,sin(var(x))),y),x))))),x))"
          }
        },
        {
          "fitness": 0,
          "expressions": {
            "r": "add(y,x)",
            "b": "add(x,y)",
            "g": "add(y,y)"
          }
        },
        {
          "fitness": 0,
          "expressions": {
            "r": "max(cos(cos(x)),max(div(0.85921,x),pow(0.7679999,x)))",
            "b": "max(cos(cos(x)),max(div(x,y),pow(y,0.6527529)))",
            "g": "max(cos(cos(y)),max(div(x,y),pow(0.14819646,x)))"
          }
        },
        {
          "fitness": 0,
          "expressions": {
            "r": "max(div(tan(0.12253809),0.7690973),bri(sin(0.610625),pow(0.7679999,x)))",
            "b": "max(div(tan(x),x),bri(sin(x),pow(y,0.6527529)))",
            "g": "max(div(tan(0.023492813),x),bri(sin(x),pow(0.14819646,x)))"
          }
        },
        {
          "fitness": 0,
          "expressions": {
            "r": "max(mul(add(var(add(bri(cos(var(pow(aud(var(mul(cos(bri(x,x)),y)),y),pow(x,min(tan(0.18160343),max(0.90977716,y)))))),cos(0.69729185)),aud(0.1197958,0.6929023))),y),y),div(y,y))",
            "b": "max(mul(add(var(add(bri(cos(var(pow(aud(var(mul(cos(bri(0.93603134,0.004585266)),x)),x),pow(y,min(tan(x),max(y,y)))))),cos(x)),aud(y,1.0))),1.0),y),div(x,x))",
            "g": "max(mul(add(var(add(bri(cos(var(pow(aud(var(mul(cos(bri(y,0.25639582)),x)),0.72933364),pow(0.7184534,min(tan(0.9363699),max(y,0.44839406)))))),cos(0.91909695)),aud(y,0.47455788))),x),x),div(y,x))"
          }
        },
        {
          "fitness": 0,
          "expressions": {
            "r": "min(bri(tan(0.8300781),y),bri(max(add(sub(div(add(0.5393367,add(var(max(mul(y,sub(min(y,var(y)),bri(div(y,0.90325713),min(y,0.3760314)))),add(bri(x,aud(mul(x,x),x)),y))),add(0.7429447,0.26537156))),y),add(bri(y,max(sin(sin(x)),x)),div(x,y))),x),0.94446015),add(bri(0.98576975,cos(x)),tan(mul(mul(x,0.83924866),y)))))",
            "b": "min(bri(tan(0.25556278),y),bri(max(add(sub(div(add(0.6909597,add(var(max(mul(0.17537665,sub(min(x,var(x)),bri(div(x,y),min(0.59985304,y)))),add(bri(x,aud(mul(0.09242582,x),y)),y))),add(y,0.60465574))),0.095831394),add(bri(0.93490195,max(sin(sin(x)),y)),div(x,y))),0.39576602),x),add(bri(y,cos(y)),tan(mul(mul(y,y),y)))))",
            "g": "min(bri(tan(0.037504673),y),bri(max(add(sub(div(add(x,add(var(max(mul(y,sub(min(0.17415261,var(y)),bri(div(0.6872058,0.5797057),min(0.31867576,x)))),add(bri(y,aud(mul(0.23582959,0.6188984),0.8332591)),y))),add(0.26142216,x))),y),add(bri(x,max(sin(sin(0.18628812)),0.2644515)),div(0.63640046,x))),1.0),0.92961216),add(bri(y,cos(x)),tan(mul(mul(x,y),x)))))"
          }
        },
        {
          "fitness": 0,
          "expressions": {
            "r": "max(cos(sin(x)),max(sin(0.610625),pow(0.7679999,x)))",
            "b": "max(cos(sin(x)),max(sin(x),pow(y,0.6527529)))",
            "g": "max(cos(sin(y)),max(sin(y),pow(0.14819646,x)))"
          }
        },
        {
          "fitness": 0,
          "expressions": {
            "r": "bri(mul(0.99580836,y),sin(y))",
            "b": "bri(mul(y,y),sin(x))",
            "g": "bri(mul(0.87417746,x),sin(y))"
          }
        }
      ],
      "timestamp": "23h:51m:48s"
    }
  ],
  "timestamp": "2024-07-25-23-50-52"
}