{
  "id": "ncexn54n-bswh-ab3g-8fln-hygdv7r5s1k6",
  "parameters": {
    "crossoverRate": 0,
    "eliteSize": 0,
    "tournamentSize": 0,
    "mutationRate": 0,
    "populationSize": 0
  },
  "populations": [
    {
      "generation": 0,
      "id": "v3wr7zmm-14h5-3ulb-5q79-gk2n7lqf5vdh",
      "individuals": [
        {
          "fitness": 0,
          "expressions": {
            "r": "aud(x,bri(var(var(bri(var(aud(0.037306547,var(aud(0.8050394,0.98833084)))),aud(0.4046631,x)))),0.48650694))",
            "b": "aud(y,bri(var(var(bri(var(aud(x,var(aud(y,x)))),aud(x,x)))),x))",
            "g": "aud(y,bri(var(var(bri(var(aud(y,var(aud(x,x)))),aud(x,0.36847043)))),x))"
          }
        },
        {
          "fitness": 0,
          "expressions": {
            "r": "var(0.9185803)",
            "b": "var(y)",
            "g": "var(0.32796884)"
          }
        },
        {
          "fitness": 0,
          "expressions": {
            "r": "var(0.52000093)",
            "b": "var(x)",
            "g": "var(0.52415204)"
          }
        },
        {
          "fitness": 0,
          "expressions": {
            "r": "var(0.80521536)",
            "b": "var(0.3651595)",
            "g": "var(0.8388045)"
          }
        },
        {
          "fitness": 0,
          "expressions": {
            "r": "var(x)",
            "b": "var(x)",
            "g": "var(0.7402489)"
          }
        },
        {
          "fitness": 0,
          "expressions": {
            "r": "aud(0.25796318,bri(aud(var(0.28913665),var(aud(var(0.20265245),aud(y,aud(x,0.9432981))))),0.51830244))",
            "b": "aud(x,bri(aud(var(0.22764063),var(aud(var(0.75687647),aud(0.30027437,aud(y,y))))),0.072443485))",
            "g": "aud(0.94618654,bri(aud(var(0.31034327),var(aud(var(x),aud(0.026468754,aud(x,x))))),x))"
          }
        },
        {
          "fitness": 0,
          "expressions": {
            "r": "aud(y,bri(aud(var(bri(y,bri(var(aud(var(x),y)),aud(bri(aud(y,0.054926395),var(x)),0.9039364)))),x),aud(var(x),0.4890604)))",
            "b": "aud(y,bri(aud(var(bri(y,bri(var(aud(var(y),y)),aud(bri(aud(x,0.9736271),var(x)),0.9898715)))),x),aud(var(x),y)))",
            "g": "aud(0.35622358,bri(aud(var(bri(x,bri(var(aud(var(x),0.51532674)),aud(bri(aud(x,0.40072107),var(x)),0.8197)))),x),aud(var(0.6536336),0.32690787)))"
          }
        },
        {
          "fitness": 0,
          "expressions": {
            "r": "var(var(x))",
            "b": "var(var(0.7732444))",
            "g": "var(var(0.082246065))"
          }
        },
        {
          "fitness": 0,
          "expressions": {
            "r": "var(x)",
            "b": "var(0.32904315)",
            "g": "var(0.41747093)"
          }
        },
        {
          "fitness": 0,
          "expressions": {
            "r": "aud(x,var(aud(0.7123823,var(0.5461991))))",
            "b": "aud(x,var(aud(x,var(x))))",
            "g": "aud(y,var(aud(x,var(y))))"
          }
        },
        {
          "fitness": 0,
          "expressions": {
            "r": "bri(bri(bri(0.7841437,aud(var(aud(var(bri(bri(y,0.27478313),aud(x,0.54408383))),bri(0.15115786,var(0.20044923)))),var(bri(0.31216478,var(var(aud(y,y))))))),var(aud(0.5934944,y))),y)",
            "b": "bri(bri(bri(x,aud(var(aud(var(bri(bri(x,0.92643785),aud(0.26727414,x))),bri(0.29279327,var(0.9238243)))),var(bri(0.73170924,var(var(aud(x,y))))))),var(aud(0.5418663,0.8032243))),x)",
            "g": "bri(bri(bri(0.52276206,aud(var(aud(var(bri(bri(x,0.0835824),aud(x,y))),bri(y,var(y)))),var(bri(0.7699418,var(var(aud(0.9430189,x))))))),var(aud(x,y))),0.22923994)"
          }
        },
        {
          "fitness": 0,
          "expressions": {
            "r": "var(x)",
            "b": "var(0.11807132)",
            "g": "var(x)"
          }
        },
        {
          "fitness": 0,
          "expressions": {
            "r": "var(0.95505095)",
            "b": "var(y)",
            "g": "var(x)"
          }
        },
        {
          "fitness": 0,
          "expressions": {
            "r": "aud(bri(y,x),0.61543417)",
            "b": "aud(bri(0.29316664,x),0.18732595)",
            "g": "aud(bri(x,y),0.215451)"
          }
        },
        {
          "fitness": 0,
          "expressions": {
            "r": "var(y)",
            "b": "var(y)",
            "g": "var(y)"
          }
        },
        {
          "fitness": 0,
          "expressions": {
            "r": "var(x)",
            "b": "var(x)",
            "g": "var(x)"
          }
        },
        {
          "fitness": 0,
          "expressions": {
            "r": "var(0.21429777)",
            "b": "var(x)",
            "g": "var(y)"
          }
        },
        {
          "fitness": 0,
          "expressions": {
            "r": "var(x)",
            "b": "var(0.089582205)",
            "g": "var(x)"
          }
        }
      ],
      "timestamp": "19h:32m:19s"
    },
    {
      "generation": 1,
      "ascendantID": "v3wr7zmm-14h5-3ulb-5q79-gk2n7lqf5vdh",
      "id": "6yj07v5l-bp6o-fcob-2je9-whk1etq5j4yx",
      "individuals": [
        {
          "fitness": 0,
          "expressions": {
            "r": "aud(bri(y,x),0.61543417)",
            "b": "aud(bri(0.29316664,x),0.18732595)",
            "g": "aud(bri(x,y),0.215451)"
          }
        },
        {
          "fitness": 0,
          "expressions": {
            "r": "var(0.21429777)",
            "b": "var(x)",
            "g": "var(y)"
          }
        },
        {
          "fitness": 0,
          "expressions": {
            "r": "bri(aud(bri(0.7841437,bri(var(aud(var(bri(bri(y,0.27478313),aud(x,0.54408383))),bri(0.15115786,var(0.20044923)))),var(bri(0.31216478,var(var(aud(y,0.0025205612))))))),var(aud(0.5934944,y))),y)",
            "b": "bri(aud(bri(x,bri(var(aud(var(bri(bri(x,0.8042393),aud(0.26727414,x))),bri(0.29279327,var(0.9238243)))),var(bri(0.73170924,var(var(aud(x,y))))))),var(aud(0.5418663,0.8032243))),x)",
            "g": "bri(aud(bri(0.52276206,bri(var(aud(var(bri(bri(x,0.0835824),aud(x,y))),bri(y,var(y)))),var(bri(0.7699418,var(var(aud(0.9430189,x))))))),var(aud(x,y))),0.22923994)"
          }
        },
        {
          "fitness": 0,
          "expressions": {
            "r": "aud(y,var(bri(y,x)))",
            "b": "aud(y,var(bri(0.003433466,x)))",
            "g": "aud(0.41716003,var(bri(0.70204353,x)))"
          }
        },
        {
          "fitness": 0,
          "expressions": {
            "r": "var(0.95505095)",
            "b": "var(y)",
            "g": "var(x)"
          }
        },
        {
          "fitness": 0,
          "expressions": {
            "r": "var(x)",
            "b": "var(x)",
            "g": "var(0.7402489)"
          }
        },
        {
          "fitness": 0,
          "expressions": {
            "r": "var(x)",
            "b": "var(0.32904315)",
            "g": "var(0.41747093)"
          }
        },
        {
          "fitness": 0,
          "expressions": {
            "r": "var(0.52000093)",
            "b": "var(x)",
            "g": "var(0.48441887)"
          }
        },
        {
          "fitness": 0,
          "expressions": {
            "r": "var(x)",
            "b": "var(y)",
            "g": "var(0.9282119)"
          }
        },
        {
          "fitness": 0,
          "expressions": {
            "r": "aud(x,var(aud(var(x),var(0.5461991))))",
            "b": "aud(x,var(aud(var(0.7732444),var(x))))",
            "g": "aud(y,var(aud(var(0.082246065),var(y))))"
          }
        },
        {
          "fitness": 0,
          "expressions": {
            "r": "aud(x,bri(var(var(bri(var(aud(0.037306547,var(aud(0.86538386,0.98833084)))),aud(0.4046631,x)))),0.48650694))",
            "b": "aud(y,bri(var(var(bri(var(aud(x,var(aud(y,x)))),aud(x,x)))),x))",
            "g": "aud(y,bri(var(var(bri(var(aud(y,var(aud(x,x)))),aud(x,0.36847043)))),x))"
          }
        },
        {
          "fitness": 0,
          "expressions": {
            "r": "var(y)",
            "b": "var(0.09682298)",
            "g": "var(y)"
          }
        },
        {
          "fitness": 0,
          "expressions": {
            "r": "aud(0.03074646,bri(bri(var(0.28913665),var(aud(0.9352665,aud(y,0.61543417)))),0.51830244))",
            "b": "aud(x,bri(bri(var(0.22764063),var(aud(y,aud(0.30027437,0.18732595)))),0.18267512))",
            "g": "aud(0.94618654,bri(bri(var(0.31034327),var(aud(y,aud(0.2863965,0.215451)))),x))"
          }
        },
        {
          "fitness": 0,
          "expressions": {
            "r": "bri(bri(bri(0.7841437,aud(var(var(var(bri(bri(y,0.27478313),aud(x,var(x)))))),var(bri(0.40343022,var(var(aud(y,y))))))),var(aud(0.5934944,y))),y)",
            "b": "bri(bri(bri(x,aud(var(var(var(bri(bri(x,0.92643785),aud(0.26727414,var(x)))))),var(bri(0.94574404,var(var(aud(x,y))))))),var(aud(0.5418663,0.8032243))),x)",
            "g": "bri(bri(bri(0.52276206,aud(var(var(var(bri(bri(x,0.0835824),aud(x,var(0.7402489)))))),var(bri(0.63324785,var(var(aud(0.9430189,x))))))),var(aud(x,y))),0.22923994)"
          }
        },
        {
          "fitness": 0,
          "expressions": {
            "r": "aud(x,aud(var(var(bri(var(aud(0.037306547,var(aud(0.037306547,1.0)))),aud(x,x)))),0.48650694))",
            "b": "aud(y,aud(var(var(bri(var(aud(x,var(aud(x,x)))),aud(0.48569226,x)))),x))",
            "g": "aud(y,aud(var(var(bri(var(aud(y,var(aud(y,x)))),aud(x,0.36847043)))),x))"
          }
        },
        {
          "fitness": 0,
          "expressions": {
            "r": "aud(bri(y,y),0.61543417)",
            "b": "aud(bri(0.29316664,x),0.18732595)",
            "g": "aud(bri(x,x),0.215451)"
          }
        },
        {
          "fitness": 0,
          "expressions": {
            "r": "var(0.95505095)",
            "b": "var(y)",
            "g": "var(x)"
          }
        },
        {
          "fitness": 0,
          "expressions": {
            "r": "var(var(var(var(bri(aud(x,y),var(y))))))",
            "b": "var(var(var(var(bri(aud(0.93518543,0.5632379),var(x))))))",
            "g": "var(var(var(var(bri(aud(x,0.28522158),var(y))))))"
          }
        }
      ],
      "timestamp": "19h:32m:45s"
    },
    {
      "generation": 2,
      "ascendantID": "6yj07v5l-bp6o-fcob-2je9-whk1etq5j4yx",
      "id": "dle8r5h7-cq17-iwu7-gyva-kkvsn106xppy",
      "individuals": [
        {
          "fitness": 0,
          "expressions": {
            "r": "aud(bri(y,x),0.61543417)",
            "b": "aud(bri(0.29316664,x),0.18732595)",
            "g": "aud(bri(x,y),0.215451)"
          }
        },
        {
          "fitness": 0,
          "expressions": {
            "r": "aud(bri(y,x),0.61543417)",
            "b": "aud(bri(0.29316664,x),0.18732595)",
            "g": "aud(bri(x,y),0.215451)"
          }
        },
        {
          "fitness": 0,
          "expressions": {
            "r": "var(0.21429777)",
            "b": "var(x)",
            "g": "var(y)"
          }
        },
        {
          "fitness": 0,
          "expressions": {
            "r": "bri(aud(bri(0.7841437,bri(var(aud(var(bri(bri(y,0.27478313),aud(x,0.54408383))),bri(0.15115786,var(0.20044923)))),var(bri(0.31216478,var(bri(0.26045036,x)))))),var(aud(0.5934944,y))),y)",
            "b": "bri(aud(bri(x,bri(var(aud(var(bri(bri(x,0.8042393),aud(0.26727414,x))),bri(0.29279327,var(0.9238243)))),var(bri(0.73170924,var(bri(x,y)))))),var(aud(0.5418663,0.8032243))),x)",
            "g": "bri(aud(bri(0.52276206,bri(var(aud(var(bri(bri(x,0.0835824),aud(x,y))),bri(y,var(y)))),var(bri(0.7699418,var(bri(y,x)))))),var(aud(x,y))),0.22923994)"
          }
        },
        {
          "fitness": 0,
          "expressions": {
            "r": "var(x)",
            "b": "var(y)",
            "g": "var(0.9282119)"
          }
        },
        {
          "fitness": 0,
          "expressions": {
            "r": "aud(0.03074646,bri(aud(var(0.28913665),var(aud(0.9352665,var(0.95505095)))),0.34236145))",
            "b": "aud(x,bri(aud(var(0.22764063),var(aud(y,var(y)))),0.18267512))",
            "g": "aud(0.94618654,bri(aud(var(0.31034327),var(aud(y,var(x)))),x))"
          }
        },
        {
          "fitness": 0,
          "expressions": {
            "r": "var(0.11314964)",
            "b": "var(0.8616152)",
            "g": "var(0.31268883)"
          }
        },
        {
          "fitness": 0,
          "expressions": {
            "r": "var(0.52000093)",
            "b": "var(x)",
            "g": "var(0.48441887)"
          }
        },
        {
          "fitness": 0,
          "expressions": {
            "r": "var(0.51830244)",
            "b": "var(0.18267512)",
            "g": "var(x)"
          }
        },
        {
          "fitness": 0,
          "expressions": {
            "r": "var(0.44287038)",
            "b": "var(x)",
            "g": "var(y)"
          }
        },
        {
          "fitness": 0,
          "expressions": {
            "r": "aud(aud(y,0.76387525),var(bri(y,x)))",
            "b": "aud(aud(0.30027437,y),var(bri(0.003433466,x)))",
            "g": "aud(aud(0.55422115,x),var(bri(0.70204353,x)))"
          }
        },
        {
          "fitness": 0,
          "expressions": {
            "r": "aud(bri(y,x),0.61543417)",
            "b": "aud(bri(0.29316664,x),0.18732595)",
            "g": "aud(bri(x,y),0.215451)"
          }
        },
        {
          "fitness": 0,
          "expressions": {
            "r": "aud(0.03074646,bri(y,0.07996678))",
            "b": "aud(x,bri(0.4676609,x))",
            "g": "aud(0.94618654,bri(y,0.47430468))"
          }
        },
        {
          "fitness": 0,
          "expressions": {
            "r": "var(y)",
            "b": "var(0.09682298)",
            "g": "var(y)"
          }
        },
        {
          "fitness": 0,
          "expressions": {
            "r": "var(var(var(var(bri(aud(x,y),var(y))))))",
            "b": "var(var(var(var(bri(aud(0.93518543,0.5632379),var(x))))))",
            "g": "var(var(var(var(bri(aud(x,0.28522158),var(y))))))"
          }
        },
        {
          "fitness": 0,
          "expressions": {
            "r": "aud(x,var(aud(var(x),x)))",
            "b": "aud(y,var(aud(var(0.7732444),x)))",
            "g": "aud(y,var(aud(var(0.082246065),x)))"
          }
        },
        {
          "fitness": 0,
          "expressions": {
            "r": "aud(x,var(aud(var(x),var(0.5461991))))",
            "b": "aud(x,var(aud(var(0.7732444),var(x))))",
            "g": "aud(y,var(aud(var(0.082246065),var(y))))"
          }
        },
        {
          "fitness": 0,
          "expressions": {
            "r": "bri(bri(bri(0.7841437,aud(var(var(var(bri(bri(y,0.27478313),aud(x,var(x)))))),aud(bri(y,y),0.61543417))),var(aud(0.5934944,y))),y)",
            "b": "bri(bri(bri(x,aud(var(var(var(bri(bri(x,0.92643785),aud(0.26727414,var(x)))))),aud(bri(0.29316664,x),0.18732595))),var(aud(0.5418663,0.8032243))),x)",
            "g": "bri(bri(bri(0.52276206,aud(var(var(var(bri(bri(x,0.0835824),aud(x,var(0.7402489)))))),aud(bri(x,x),0.215451))),var(aud(x,y))),0.46880412)"
          }
        }
      ],
      "timestamp": "19h:33m:5s"
    },
    {
      "generation": 3,
      "ascendantID": "dle8r5h7-cq17-iwu7-gyva-kkvsn106xppy",
      "id": "8vv3bxx0-c77v-laes-gffn-2jjlcfk23d8d",
      "individuals": [
        {
          "fitness": 0,
          "expressions": {
            "r": "aud(bri(y,x),0.61543417)",
            "b": "aud(bri(0.29316664,x),0.18732595)",
            "g": "aud(bri(x,y),0.215451)"
          }
        },
        {
          "fitness": 0,
          "expressions": {
            "r": "aud(bri(y,aud(var(var(x)),0.84709454)),0.61543417)",
            "b": "aud(bri(0.15419912,aud(var(var(y)),y)),0.18732595)",
            "g": "aud(bri(x,aud(var(var(x)),0.6490824)),0.215451)"
          }
        },
        {
          "fitness": 0,
          "expressions": {
            "r": "bri(bri(aud(0.7841437,aud(var(var(var(bri(bri(aud(x,x),bri(x,x)),aud(x,var(x)))))),var(bri(y,x)))),var(aud(0.5934944,y))),y)",
            "b": "bri(bri(aud(x,aud(var(var(var(bri(bri(aud(x,x),bri(x,0.9395118)),aud(0.26727414,var(x)))))),var(bri(0.29316664,x)))),var(aud(0.5418663,0.8032243))),x)",
            "g": "bri(bri(aud(0.52276206,aud(var(var(var(bri(bri(aud(x,x),bri(x,0.178051)),aud(x,var(0.7402489)))))),var(bri(x,x)))),var(aud(x,y))),0.46880412)"
          }
        },
        {
          "fitness": 0,
          "expressions": {
            "r": "var(0.44287038)",
            "b": "var(x)",
            "g": "var(y)"
          }
        },
        {
          "fitness": 0,
          "expressions": {
            "r": "var(bri(y,x))",
            "b": "var(bri(0.29316664,x))",
            "g": "var(bri(x,y))"
          }
        },
        {
          "fitness": 0,
          "expressions": {
            "r": "var(var(var(y)))",
            "b": "var(var(var(x)))",
            "g": "var(var(var(x)))"
          }
        },
        {
          "fitness": 0,
          "expressions": {
            "r": "aud(aud(y,0.76387525),var(bri(x,y)))",
            "b": "aud(aud(0.30027437,y),var(bri(0.003433466,y)))",
            "g": "aud(aud(0.55422115,x),var(bri(0.70204353,0.0030403137)))"
          }
        },
        {
          "fitness": 0,
          "expressions": {
            "r": "var(var(var(var(bri(aud(x,y),var(x))))))",
            "b": "var(var(var(var(bri(aud(0.93518543,0.5632379),var(x))))))",
            "g": "var(var(var(var(bri(aud(x,0.28522158),var(y))))))"
          }
        },
        {
          "fitness": 0,
          "expressions": {
            "r": "var(0.44287038)",
            "b": "var(x)",
            "g": "var(y)"
          }
        },
        {
          "fitness": 0,
          "expressions": {
            "r": "aud(0.03074646,bri(aud(var(0.28913665),var(aud(0.9352665,var(y)))),0.34236145))",
            "b": "aud(x,bri(aud(var(0.17024517),var(aud(y,var(y)))),0.18267512))",
            "g": "aud(0.94618654,bri(aud(var(0.31034327),var(aud(y,var(x)))),x))"
          }
        },
        {
          "fitness": 0,
          "expressions": {
            "r": "var(0.44287038)",
            "b": "var(x)",
            "g": "var(y)"
          }
        },
        {
          "fitness": 0,
          "expressions": {
            "r": "aud(y,bri(aud(var(0.28913665),var(y)),0.34236145))",
            "b": "aud(x,bri(aud(var(0.22764063),var(0.29316664)),0.18267512))",
            "g": "aud(0.74896765,bri(aud(var(0.31034327),var(x)),x))"
          }
        },
        {
          "fitness": 0,
          "expressions": {
            "r": "aud(x,var(aud(var(x),var(0.5461991))))",
            "b": "aud(x,var(aud(var(0.48647046),var(x))))",
            "g": "aud(y,var(aud(var(0.082246065),var(y))))"
          }
        },
        {
          "fitness": 0,
          "expressions": {
            "r": "var(var(var(var(y))))",
            "b": "var(var(var(var(0.09682298))))",
            "g": "var(var(var(var(y))))"
          }
        },
        {
          "fitness": 0,
          "expressions": {
            "r": "var(bri(y,x))",
            "b": "var(bri(0.29316664,x))",
            "g": "var(bri(x,y))"
          }
        },
        {
          "fitness": 0,
          "expressions": {
            "r": "aud(bri(aud(0.15830326,aud(x,x)),var(aud(y,x))),var(aud(var(bri(y,x)),x)))",
            "b": "aud(bri(aud(y,aud(x,x)),var(aud(0.25909042,y))),var(aud(var(bri(0.29316664,x)),x)))",
            "g": "aud(bri(aud(y,aud(x,0.7160983)),var(aud(y,x))),var(aud(var(bri(x,y)),x)))"
          }
        },
        {
          "fitness": 0,
          "expressions": {
            "r": "bri(aud(bri(0.7841437,bri(var(aud(var(bri(bri(y,0.27478313),aud(x,0.54408383))),bri(0.15115786,var(0.39532351)))),var(bri(0.20302749,var(bri(0.26045036,x)))))),var(aud(0.6813388,y))),y)",
            "b": "bri(aud(bri(x,bri(var(aud(var(bri(bri(x,0.5641351),aud(0.26727414,x))),bri(0.124108315,var(0.7435479)))),var(bri(0.85102916,var(bri(x,y)))))),var(aud(0.3908906,0.8032243))),x)",
            "g": "bri(aud(bri(0.52276206,bri(var(aud(var(bri(bri(x,0.0835824),aud(x,y))),bri(y,var(0.2182374)))),var(bri(0.55361414,var(bri(y,x)))))),var(aud(x,y))),0.035261154)"
          }
        },
        {
          "fitness": 0,
          "expressions": {
            "r": "var(0.51830244)",
            "b": "var(0.18267512)",
            "g": "var(x)"
          }
        }
      ],
      "timestamp": "19h:33m:11s"
    },
    {
      "generation": 4,
      "ascendantID": "8vv3bxx0-c77v-laes-gffn-2jjlcfk23d8d",
      "id": "2bgi1uvl-idbr-fia8-5f0j-iudo9aqk6o4o",
      "individuals": [
        {
          "fitness": 0,
          "expressions": {
            "r": "aud(bri(y,x),0.61543417)",
            "b": "aud(bri(0.29316664,x),0.18732595)",
            "g": "aud(bri(x,y),0.215451)"
          }
        },
        {
          "fitness": 0,
          "expressions": {
            "r": "var(bri(y,bri(aud(aud(x,aud(0.8603873,x)),var(x)),x)))",
            "b": "var(bri(0.37111902,bri(aud(aud(0.6250205,aud(y,x)),var(0.27472806)),y)))",
            "g": "var(bri(x,bri(aud(aud(y,aud(y,y)),var(x)),x)))"
          }
        },
        {
          "fitness": 0,
          "expressions": {
            "r": "var(0.03074646)",
            "b": "var(x)",
            "g": "var(0.94618654)"
          }
        },
        {
          "fitness": 0,
          "expressions": {
            "r": "var(bri(y,x))",
            "b": "var(bri(0.29316664,x))",
            "g": "var(bri(x,y))"
          }
        },
        {
          "fitness": 0,
          "expressions": {
            "r": "var(0.51830244)",
            "b": "var(0.18267512)",
            "g": "var(x)"
          }
        },
        {
          "fitness": 0,
          "expressions": {
            "r": "aud(x,var(aud(var(x),var(0.5461991))))",
            "b": "aud(x,var(aud(var(0.48647046),var(x))))",
            "g": "aud(y,var(aud(var(0.082246065),var(y))))"
          }
        },
        {
          "fitness": 0,
          "expressions": {
            "r": "aud(x,var(aud(var(var(bri(0.38296962,bri(aud(var(bri(x,x)),bri(y,0.1530683)),aud(x,0.6140845))))),var(x))))",
            "b": "aud(x,var(aud(var(var(bri(y,bri(aud(var(bri(x,x)),bri(0.16049051,x)),aud(x,0.2974062))))),var(0.003433466))))",
            "g": "aud(y,var(aud(var(var(bri(0.67185307,bri(aud(var(bri(x,x)),bri(y,y)),aud(y,y))))),var(0.70204353))))"
          }
        },
        {
          "fitness": 0,
          "expressions": {
            "r": "aud(y,bri(aud(var(x),var(y)),0.34236145))",
            "b": "aud(x,bri(aud(var(x),var(0.29316664)),0.18267512))",
            "g": "aud(0.74896765,bri(aud(var(0.87255955),var(x)),x))"
          }
        },
        {
          "fitness": 0,
          "expressions": {
            "r": "aud(bri(y,x),y)",
            "b": "aud(bri(0.29316664,x),y)",
            "g": "aud(bri(x,y),x)"
          }
        },
        {
          "fitness": 0,
          "expressions": {
            "r": "aud(aud(y,x),0.3673172)",
            "b": "aud(aud(0.006320238,x),0.18732595)",
            "g": "aud(aud(x,y),0.06315017)"
          }
        },
        {
          "fitness": 0,
          "expressions": {
            "r": "bri(aud(bri(0.7841437,bri(aud(aud(var(bri(bri(y,0.27478313),aud(x,0.54408383))),bri(0.15115786,aud(0.39532351,y))),x),var(bri(0.2605207,var(bri(0.26045036,x)))))),var(aud(0.6813388,y))),y)",
            "b": "bri(aud(bri(x,bri(aud(aud(var(bri(bri(x,0.5641351),aud(0.26727414,x))),bri(0.124108315,aud(0.7435479,x))),x),var(bri(0.9450617,var(bri(x,y)))))),var(aud(0.3908906,0.8032243))),x)",
            "g": "bri(aud(bri(0.52276206,bri(aud(aud(var(bri(bri(x,0.0835824),aud(x,y))),bri(y,aud(0.2182374,y))),y),var(bri(0.55361414,var(bri(y,x)))))),var(aud(x,y))),0.035261154)"
          }
        },
        {
          "fitness": 0,
          "expressions": {
            "r": "var(0.44287038)",
            "b": "var(x)",
            "g": "var(y)"
          }
        },
        {
          "fitness": 0,
          "expressions": {
            "r": "var(0.44287038)",
            "b": "var(x)",
            "g": "var(y)"
          }
        },
        {
          "fitness": 0,
          "expressions": {
            "r": "aud(bri(y,aud(var(var(x)),0.84709454)),0.002183199)",
            "b": "aud(bri(0.15419912,aud(var(var(x)),y)),0.18794632)",
            "g": "aud(bri(x,aud(var(var(x)),0.6490824)),x)"
          }
        },
        {
          "fitness": 0,
          "expressions": {
            "r": "var(var(var(y)))",
            "b": "var(var(var(x)))",
            "g": "var(var(var(x)))"
          }
        },
        {
          "fitness": 0,
          "expressions": {
            "r": "var(aud(x,aud(bri(aud(x,aud(var(bri(x,aud(x,0.087922335))),0.38324332)),var(x)),x)))",
            "b": "var(aud(y,aud(bri(aud(y,aud(var(bri(0.79082155,aud(y,y))),0.022819519)),var(x)),x)))",
            "g": "var(aud(0.10684395,aud(bri(aud(x,aud(var(bri(y,aud(0.27056193,y))),0.18472028)),var(y)),y)))"
          }
        },
        {
          "fitness": 0,
          "expressions": {
            "r": "var(0.44287038)",
            "b": "var(x)",
            "g": "var(y)"
          }
        },
        {
          "fitness": 0,
          "expressions": {
            "r": "aud(bri(y,x),0.61543417)",
            "b": "aud(bri(0.29316664,x),0.18732595)",
            "g": "aud(bri(x,x),0.215451)"
          }
        }
      ],
      "timestamp": "19h:33m:22s"
    },
    {
      "generation": 5,
      "ascendantID": "2bgi1uvl-idbr-fia8-5f0j-iudo9aqk6o4o",
      "id": "lqou2too-eju2-hj9r-5wja-2samwy4kxczb",
      "individuals": [
        {
          "fitness": 0,
          "expressions": {
            "r": "aud(bri(y,x),0.61543417)",
            "b": "aud(bri(0.29316664,x),0.18732595)",
            "g": "aud(bri(x,y),0.215451)"
          }
        },
        {
          "fitness": 0,
          "expressions": {
            "r": "var(var(var(y)))",
            "b": "var(var(var(x)))",
            "g": "var(var(var(x)))"
          }
        },
        {
          "fitness": 0,
          "expressions": {
            "r": "aud(x,var(aud(var(x),var(0.5461991))))",
            "b": "aud(x,var(aud(var(0.48647046),var(x))))",
            "g": "aud(y,var(aud(var(0.082246065),var(y))))"
          }
        },
        {
          "fitness": 0,
          "expressions": {
            "r": "aud(bri(y,y),0.61543417)",
            "b": "aud(bri(0.015296459,0.8987329),0.18732595)",
            "g": "aud(bri(x,y),0.215451)"
          }
        },
        {
          "fitness": 0,
          "expressions": {
            "r": "var(aud(aud(0.45621538,var(var(x))),x))",
            "b": "var(aud(aud(y,var(var(0.5406821))),x))",
            "g": "var(aud(aud(y,var(var(y))),y))"
          }
        },
        {
          "fitness": 0,
          "expressions": {
            "r": "aud(bri(y,bri(y,y)),0.61543417)",
            "b": "aud(bri(0.29316664,bri(0.17606926,y)),0.18732595)",
            "g": "aud(bri(x,bri(0.44324565,0.5640118)),0.215451)"
          }
        },
        {
          "fitness": 0,
          "expressions": {
            "r": "aud(bri(y,x),bri(aud(var(x),var(var(0.1582408))),0.34236145))",
            "b": "aud(bri(0.29316664,x),bri(aud(var(x),var(var(0.7621386))),0.18267512))",
            "g": "aud(bri(x,x),bri(aud(var(0.6039233),var(var(x))),x))"
          }
        },
        {
          "fitness": 0,
          "expressions": {
            "r": "var(var(var(y)))",
            "b": "var(var(var(x)))",
            "g": "var(var(var(x)))"
          }
        },
        {
          "fitness": 0,
          "expressions": {
            "r": "aud(x,var(aud(var(x),var(0.5461991))))",
            "b": "aud(x,var(aud(var(0.48647046),var(x))))",
            "g": "aud(y,var(aud(var(0.082246065),var(y))))"
          }
        },
        {
          "fitness": 0,
          "expressions": {
            "r": "var(0.7050867)",
            "b": "var(x)",
            "g": "var(y)"
          }
        },
        {
          "fitness": 0,
          "expressions": {
            "r": "var(bri(y,bri(aud(aud(x,aud(var(x),x)),var(x)),x)))",
            "b": "var(bri(0.24985075,bri(aud(aud(0.6250205,aud(var(x),x)),var(0.50218105)),y)))",
            "g": "var(bri(x,bri(aud(aud(y,aud(var(0.87255955),y)),var(x)),x)))"
          }
        },
        {
          "fitness": 0,
          "expressions": {
            "r": "var(bri(aud(var(var(var(bri(bri(aud(bri(y,x),0.62742305),aud(aud(x,x),aud(x,x))),x)))),aud(bri(bri(x,aud(var(0.16520286),aud(0.72332096,x))),var(y)),0.65662026)),x))",
            "b": "var(bri(aud(var(var(var(bri(bri(aud(bri(x,x),0.5642309),aud(aud(x,0.50652885),aud(x,0.24450731))),y)))),aud(bri(bri(0.8453734,aud(var(y),aud(0.8874512,0.9292247))),var(0.28573608)),x)),x))",
            "g": "var(bri(aud(var(var(var(bri(bri(aud(bri(x,x),y),aud(aud(x,y),aud(x,y))),y)))),aud(bri(bri(0.68206334,aud(var(x),aud(y,y))),var(x)),x)),y))"
          }
        },
        {
          "fitness": 0,
          "expressions": {
            "r": "var(var(var(y)))",
            "b": "var(var(var(x)))",
            "g": "var(var(var(x)))"
          }
        },
        {
          "fitness": 0,
          "expressions": {
            "r": "var(bri(y,x))",
            "b": "var(bri(0.29316664,x))",
            "g": "var(bri(x,y))"
          }
        },
        {
          "fitness": 0,
          "expressions": {
            "r": "aud(aud(y,x),0.3673172)",
            "b": "aud(aud(0.006320238,x),0.18732595)",
            "g": "aud(aud(x,y),0.06315017)"
          }
        },
        {
          "fitness": 0,
          "expressions": {
            "r": "aud(bri(y,x),y)",
            "b": "aud(bri(0.29316664,x),y)",
            "g": "aud(bri(x,y),x)"
          }
        },
        {
          "fitness": 0,
          "expressions": {
            "r": "var(aud(y,x))",
            "b": "var(aud(0.29316664,x))",
            "g": "var(aud(x,y))"
          }
        },
        {
          "fitness": 0,
          "expressions": {
            "r": "aud(bri(y,x),0.61543417)",
            "b": "aud(bri(0.29316664,x),0.18732595)",
            "g": "aud(bri(x,y),0.215451)"
          }
        }
      ],
      "timestamp": "19h:33m:31s"
    },
    {
      "generation": 6,
      "ascendantID": "lqou2too-eju2-hj9r-5wja-2samwy4kxczb",
      "id": "33i5ff9q-2vl6-kw18-tqti-vf23wxbicvh0",
      "individuals": [
        {
          "fitness": 0,
          "expressions": {
            "r": "aud(bri(y,x),0.61543417)",
            "b": "aud(bri(0.29316664,x),0.18732595)",
            "g": "aud(bri(x,y),0.215451)"
          }
        },
        {
          "fitness": 0,
          "expressions": {
            "r": "var(bri(aud(var(var(var(bri(bri(aud(bri(y,x),0.5822902),aud(aud(x,x),aud(x,x))),x)))),aud(bri(bri(x,aud(var(0.04623294),aud(0.72332096,x))),var(y)),0.65662026)),x))",
            "b": "var(bri(aud(var(var(var(bri(bri(aud(bri(x,0.30520105),0.5642309),aud(aud(x,0.50652885),aud(x,0.24450731))),x)))),aud(bri(bri(0.8453734,aud(var(y),aud(0.8874512,0.9292247))),var(0.28573608)),x)),x))",
            "g": "var(bri(aud(var(var(var(bri(bri(aud(bri(x,0.22880602),y),aud(aud(x,y),aud(x,y))),y)))),aud(bri(bri(0.68206334,aud(var(x),aud(y,y))),var(x)),x)),y))"
          }
        },
        {
          "fitness": 0,
          "expressions": {
            "r": "var(bri(y,bri(aud(bri(x,aud(var(x),x)),var(x)),x)))",
            "b": "var(bri(0.24985075,bri(aud(bri(0.6250205,aud(var(x),x)),var(0.50218105)),y)))",
            "g": "var(bri(x,bri(aud(bri(y,aud(var(0.87255955),y)),var(x)),x)))"
          }
        },
        {
          "fitness": 0,
          "expressions": {
            "r": "var(var(var(y)))",
            "b": "var(var(var(x)))",
            "g": "var(var(var(x)))"
          }
        },
        {
          "fitness": 0,
          "expressions": {
            "r": "aud(x,var(aud(var(x),var(bri(y,x)))))",
            "b": "aud(x,var(aud(var(0.48647046),var(bri(0.29316664,x)))))",
            "g": "aud(y,var(aud(var(0.082246065),var(bri(x,y)))))"
          }
        },
        {
          "fitness": 0,
          "expressions": {
            "r": "var(aud(aud(0.45621538,var(var(x))),x))",
            "b": "var(aud(aud(y,var(var(0.5406821))),x))",
            "g": "var(aud(aud(y,var(var(y))),y))"
          }
        },
        {
          "fitness": 0,
          "expressions": {
            "r": "var(aud(y,x))",
            "b": "var(aud(0.29316664,y))",
            "g": "var(aud(x,0.10532427))"
          }
        },
        {
          "fitness": 0,
          "expressions": {
            "r": "aud(x,var(aud(var(x),var(0.5461991))))",
            "b": "aud(x,var(aud(var(0.48647046),var(x))))",
            "g": "aud(y,var(aud(var(0.082246065),var(y))))"
          }
        },
        {
          "fitness": 0,
          "expressions": {
            "r": "var(0.9555974)",
            "b": "var(x)",
            "g": "var(x)"
          }
        },
        {
          "fitness": 0,
          "expressions": {
            "r": "var(aud(y,x))",
            "b": "var(aud(0.29316664,x))",
            "g": "var(aud(x,y))"
          }
        },
        {
          "fitness": 0,
          "expressions": {
            "r": "aud(bri(y,0.57227373),y)",
            "b": "aud(bri(0.29316664,x),y)",
            "g": "aud(bri(x,y),x)"
          }
        },
        {
          "fitness": 0,
          "expressions": {
            "r": "var(var(0.31287026))",
            "b": "var(var(y))",
            "g": "var(var(x))"
          }
        },
        {
          "fitness": 0,
          "expressions": {
            "r": "var(bri(y,x))",
            "b": "var(bri(0.47169828,x))",
            "g": "var(bri(x,y))"
          }
        },
        {
          "fitness": 0,
          "expressions": {
            "r": "var(bri(y,bri(aud(aud(x,aud(var(x),x)),var(x)),x)))",
            "b": "var(bri(0.24985075,bri(aud(aud(0.6250205,aud(var(x),x)),var(0.50218105)),y)))",
            "g": "var(bri(x,bri(aud(aud(y,aud(var(0.87255955),y)),var(x)),x)))"
          }
        },
        {
          "fitness": 0,
          "expressions": {
            "r": "aud(bri(y,x),0.61543417)",
            "b": "aud(bri(0.29316664,x),0.18732595)",
            "g": "aud(bri(x,y),0.34007382)"
          }
        },
        {
          "fitness": 0,
          "expressions": {
            "r": "aud(bri(bri(x,bri(x,var(aud(y,var(y))))),x),0.61543417)",
            "b": "aud(bri(bri(y,bri(x,var(aud(x,var(x))))),x),0.18732595)",
            "g": "aud(bri(bri(0.5366049,bri(y,var(aud(x,var(y))))),y),0.215451)"
          }
        },
        {
          "fitness": 0,
          "expressions": {
            "r": "var(bri(aud(0.45621538,0.4534812),x))",
            "b": "var(bri(aud(y,y),x))",
            "g": "var(bri(aud(y,0.21259856),y))"
          }
        },
        {
          "fitness": 0,
          "expressions": {
            "r": "var(var(var(y)))",
            "b": "var(var(var(0.90766716)))",
            "g": "var(var(var(0.43421888)))"
          }
        }
      ],
      "timestamp": "19h:33m:39s"
    },
    {
      "generation": 7,
      "ascendantID": "33i5ff9q-2vl6-kw18-tqti-vf23wxbicvh0",
      "id": "j6b4oixj-ft8o-bbqp-c41s-gjxf7v47ejle",
      "individuals": [
        {
          "fitness": 0,
          "expressions": {
            "r": "aud(bri(y,x),0.61543417)",
            "b": "aud(bri(0.29316664,x),0.18732595)",
            "g": "aud(bri(x,y),0.215451)"
          }
        },
        {
          "fitness": 0,
          "expressions": {
            "r": "var(y)",
            "b": "var(y)",
            "g": "var(0.21344995)"
          }
        },
        {
          "fitness": 0,
          "expressions": {
            "r": "var(bri(y,bri(aud(aud(x,aud(var(x),x)),var(x)),x)))",
            "b": "var(bri(0.24985075,bri(aud(aud(0.6250205,aud(var(x),x)),var(0.50218105)),y)))",
            "g": "var(bri(x,bri(aud(aud(y,aud(var(0.87255955),y)),var(x)),x)))"
          }
        },
        {
          "fitness": 0,
          "expressions": {
            "r": "aud(x,var(aud(var(x),var(bri(y,x)))))",
            "b": "aud(x,var(aud(var(0.41963267),var(bri(0.29316664,x)))))",
            "g": "aud(y,var(aud(var(y),var(bri(x,y)))))"
          }
        },
        {
          "fitness": 0,
          "expressions": {
            "r": "aud(bri(y,x),y)",
            "b": "aud(bri(0.29316664,x),x)",
            "g": "aud(bri(x,y),x)"
          }
        },
        {
          "fitness": 0,
          "expressions": {
            "r": "var(var(var(var(aud(y,x)))))",
            "b": "var(var(var(var(aud(0.29316664,y)))))",
            "g": "var(var(var(var(aud(x,0.10532427)))))"
          }
        },
        {
          "fitness": 0,
          "expressions": {
            "r": "var(aud(aud(0.45621538,var(var(x))),x))",
            "b": "var(aud(aud(y,var(var(0.5406821))),x))",
            "g": "var(aud(aud(y,var(var(y))),y))"
          }
        },
        {
          "fitness": 0,
          "expressions": {
            "r": "aud(bri(y,bri(aud(aud(x,aud(var(x),x)),var(x)),x)),x)",
            "b": "aud(bri(0.24985075,bri(aud(aud(0.6250205,aud(var(x),x)),var(0.5946841)),y)),x)",
            "g": "aud(bri(x,bri(aud(aud(y,aud(var(0.87255955),y)),var(x)),x)),0.30343127)"
          }
        },
        {
          "fitness": 0,
          "expressions": {
            "r": "aud(x,var(aud(var(x),var(bri(y,x)))))",
            "b": "aud(x,var(aud(var(0.48647046),var(bri(0.29316664,x)))))",
            "g": "aud(0.040235996,var(aud(var(0.082246065),var(bri(x,y)))))"
          }
        },
        {
          "fitness": 0,
          "expressions": {
            "r": "aud(bri(y,bri(aud(bri(x,aud(x,x)),var(x)),x)),y)",
            "b": "aud(bri(0.24985075,bri(aud(bri(0.6250205,aud(x,x)),var(0.50218105)),y)),y)",
            "g": "aud(bri(x,bri(aud(bri(y,aud(y,y)),var(x)),x)),y)"
          }
        },
        {
          "fitness": 0,
          "expressions": {
            "r": "var(var(var(y)))",
            "b": "var(var(var(0.90766716)))",
            "g": "var(var(var(0.43421888)))"
          }
        },
        {
          "fitness": 0,
          "expressions": {
            "r": "aud(bri(var(y),x),0.61543417)",
            "b": "aud(bri(var(0.90766716),x),0.18732595)",
            "g": "aud(bri(var(0.43421888),y),0.09470558)"
          }
        },
        {
          "fitness": 0,
          "expressions": {
            "r": "aud(bri(var(aud(aud(0.4478264,x),bri(y,0.61993647))),x),0.61543417)",
            "b": "aud(bri(var(aud(aud(x,x),bri(0.99108815,0.26264334))),x),0.18732595)",
            "g": "aud(bri(var(aud(aud(x,x),bri(0.0962131,y))),y),0.215451)"
          }
        },
        {
          "fitness": 0,
          "expressions": {
            "r": "var(aud(y,x))",
            "b": "var(aud(0.29316664,y))",
            "g": "var(aud(x,0.10532427))"
          }
        },
        {
          "fitness": 0,
          "expressions": {
            "r": "var(aud(y,x))",
            "b": "var(aud(0.29316664,y))",
            "g": "var(aud(x,0.10532427))"
          }
        },
        {
          "fitness": 0,
          "expressions": {
            "r": "var(aud(y,x))",
            "b": "var(aud(0.29316664,x))",
            "g": "var(aud(x,y))"
          }
        },
        {
          "fitness": 0,
          "expressions": {
            "r": "aud(bri(y,x),0.61543417)",
            "b": "aud(bri(0.2373004,x),0.18732595)",
            "g": "aud(bri(x,y),0.215451)"
          }
        },
        {
          "fitness": 0,
          "expressions": {
            "r": "var(bri(y,bri(aud(bri(x,aud(var(x),x)),var(x)),x)))",
            "b": "var(bri(0.36989164,bri(aud(bri(0.6250205,aud(var(x),x)),var(0.50218105)),y)))",
            "g": "var(bri(x,bri(aud(bri(y,aud(var(0.87255955),y)),var(x)),x)))"
          }
        }
      ],
      "timestamp": "19h:33m:49s"
    },
    {
      "generation": 8,
      "ascendantID": "j6b4oixj-ft8o-bbqp-c41s-gjxf7v47ejle",
      "id": "9v0yh9hf-1dz6-8v7y-r4p3-30j3kxikn9q8",
      "individuals": [
        {
          "fitness": 0,
          "expressions": {
            "r": "aud(bri(y,x),0.61543417)",
            "b": "aud(bri(0.29316664,x),0.18732595)",
            "g": "aud(bri(x,y),0.215451)"
          }
        },
        {
          "fitness": 0,
          "expressions": {
            "r": "var(bri(y,bri(aud(aud(x,aud(var(x),x)),var(x)),x)))",
            "b": "var(bri(0.24985075,bri(aud(aud(0.6250205,aud(var(x),x)),var(0.50218105)),y)))",
            "g": "var(bri(x,bri(aud(aud(y,aud(var(0.87255955),y)),var(x)),x)))"
          }
        },
        {
          "fitness": 0,
          "expressions": {
            "r": "var(var(var(var(aud(y,x)))))",
            "b": "var(var(var(var(aud(0.43396688,y)))))",
            "g": "var(var(var(var(aud(x,0.10532427)))))"
          }
        },
        {
          "fitness": 0,
          "expressions": {
            "r": "var(bri(bri(var(aud(y,bri(0.9901824,bri(var(x),var(x))))),x),x))",
            "b": "var(bri(bri(var(aud(0.31760216,bri(y,bri(var(x),var(y))))),y),x))",
            "g": "var(bri(bri(var(aud(x,bri(x,bri(var(y),var(0.39760137))))),0.7842696),y))"
          }
        },
        {
          "fitness": 0,
          "expressions": {
            "r": "aud(bri(y,x),0.61543417)",
            "b": "aud(bri(0.29316664,x),0.18732595)",
            "g": "aud(bri(x,y),0.030537128)"
          }
        },
        {
          "fitness": 0,
          "expressions": {
            "r": "aud(bri(y,x),0.61543417)",
            "b": "aud(bri(0.29316664,x),0.18732595)",
            "g": "aud(bri(x,y),0.215451)"
          }
        },
        {
          "fitness": 0,
          "expressions": {
            "r": "var(aud(y,x))",
            "b": "var(aud(0.29316664,y))",
            "g": "var(aud(x,0.10532427))"
          }
        },
        {
          "fitness": 0,
          "expressions": {
            "r": "aud(x,var(aud(var(x),var(var(x)))))",
            "b": "aud(x,var(aud(var(0.48647046),var(var(y)))))",
            "g": "aud(0.040235996,var(aud(var(0.082246065),var(var(x)))))"
          }
        },
        {
          "fitness": 0,
          "expressions": {
            "r": "aud(bri(y,x),0.61543417)",
            "b": "aud(bri(0.2373004,x),0.18732595)",
            "g": "aud(bri(x,y),0.28609228)"
          }
        },
        {
          "fitness": 0,
          "expressions": {
            "r": "aud(bri(y,y),0.61543417)",
            "b": "aud(bri(0.29316664,y),0.18732595)",
            "g": "aud(bri(x,0.21344995),0.215451)"
          }
        },
        {
          "fitness": 0,
          "expressions": {
            "r": "aud(y,y)",
            "b": "aud(0.75569725,x)",
            "g": "aud(x,x)"
          }
        },
        {
          "fitness": 0,
          "expressions": {
            "r": "var(bri(0.026874065,bri(aud(aud(x,aud(var(x),x)),var(x)),x)))",
            "b": "var(bri(0.1928792,bri(aud(aud(0.6250205,aud(var(x),x)),var(0.50218105)),y)))",
            "g": "var(bri(x,bri(aud(aud(y,aud(var(0.87255955),y)),var(x)),x)))"
          }
        },
        {
          "fitness": 0,
          "expressions": {
            "r": "aud(bri(y,x),x)",
            "b": "aud(bri(0.30356455,x),x)",
            "g": "aud(bri(x,y),x)"
          }
        },
        {
          "fitness": 0,
          "expressions": {
            "r": "var(0.042004585)",
            "b": "var(0.33375072)",
            "g": "var(x)"
          }
        },
        {
          "fitness": 0,
          "expressions": {
            "r": "aud(bri(y,x),0.85912514)",
            "b": "aud(bri(0.2373004,y),0.18732595)",
            "g": "aud(bri(x,x),0.215451)"
          }
        },
        {
          "fitness": 0,
          "expressions": {
            "r": "var(var(bri(aud(aud(x,aud(var(x),x)),var(x)),x)))",
            "b": "var(var(bri(aud(aud(0.6250205,aud(var(x),x)),var(0.50218105)),y)))",
            "g": "var(var(bri(aud(aud(y,aud(var(0.87255955),y)),var(x)),x)))"
          }
        },
        {
          "fitness": 0,
          "expressions": {
            "r": "var(bri(0.11079168,bri(aud(bri(x,aud(var(x),x)),var(x)),x)))",
            "b": "var(bri(0.36989164,bri(aud(bri(0.6250205,aud(var(x),x)),var(0.50218105)),y)))",
            "g": "var(bri(x,bri(aud(bri(y,aud(var(0.87255955),y)),var(x)),x)))"
          }
        },
        {
          "fitness": 0,
          "expressions": {
            "r": "aud(bri(var(aud(aud(0.4478264,y),bri(y,0.61993647))),aud(bri(var(y),x),0.61543417)),0.61543417)",
            "b": "aud(bri(var(aud(aud(x,x),bri(0.99108815,0.26264334))),aud(bri(var(0.90766716),x),0.18732595)),0.18732595)",
            "g": "aud(bri(var(aud(aud(x,x),bri(0.0962131,y))),aud(bri(var(0.43421888),y),0.09470558)),0.215451)"
          }
        }
      ],
      "timestamp": "19h:33m:54s"
    },
    {
      "generation": 9,
      "ascendantID": "9v0yh9hf-1dz6-8v7y-r4p3-30j3kxikn9q8",
      "id": "wyn23bin-qjso-vs2d-pjm3-yblfpifw6vig",
      "individuals": [
        {
          "fitness": 0,
          "expressions": {
            "r": "aud(bri(y,x),0.61543417)",
            "b": "aud(bri(0.29316664,x),0.18732595)",
            "g": "aud(bri(x,y),0.215451)"
          }
        },
        {
          "fitness": 0,
          "expressions": {
            "r": "var(bri(0.11079168,bri(aud(bri(x,aud(var(x),x)),var(x)),x)))",
            "b": "var(bri(0.36989164,bri(aud(bri(0.9164958,aud(var(x),x)),var(0.50218105)),y)))",
            "g": "var(bri(x,bri(aud(bri(y,aud(var(0.87255955),y)),var(x)),x)))"
          }
        },
        {
          "fitness": 0,
          "expressions": {
            "r": "var(bri(0.11079168,bri(aud(bri(x,aud(var(x),x)),var(x)),x)))",
            "b": "var(bri(0.36989164,bri(aud(bri(0.6250205,aud(var(x),x)),var(0.50218105)),y)))",
            "g": "var(bri(x,bri(aud(bri(y,aud(var(0.87255955),y)),var(x)),x)))"
          }
        },
        {
          "fitness": 0,
          "expressions": {
            "r": "aud(bri(y,y),bri(var(y),y))",
            "b": "aud(bri(0.29316664,y),bri(var(0.79793715),x))",
            "g": "aud(bri(x,0.21344995),bri(var(y),y))"
          }
        },
        {
          "fitness": 0,
          "expressions": {
            "r": "aud(bri(y,x),x)",
            "b": "aud(bri(0.29316664,x),x)",
            "g": "aud(bri(x,y),x)"
          }
        },
        {
          "fitness": 0,
          "expressions": {
            "r": "aud(bri(y,x),0.65679145)",
            "b": "aud(bri(0.29316664,x),0.18732595)",
            "g": "aud(bri(x,y),0.053883553)"
          }
        },
        {
          "fitness": 0,
          "expressions": {
            "r": "var(0.042004585)",
            "b": "var(0.33375072)",
            "g": "var(x)"
          }
        },
        {
          "fitness": 0,
          "expressions": {
            "r": "aud(bri(y,x),0.61543417)",
            "b": "aud(bri(0.29316664,x),0.18732595)",
            "g": "aud(bri(x,y),0.215451)"
          }
        },
        {
          "fitness": 0,
          "expressions": {
            "r": "var(bri(y,bri(var(0.042004585),x)))",
            "b": "var(bri(0.24985075,bri(var(0.33375072),y)))",
            "g": "var(bri(x,bri(var(x),x)))"
          }
        },
        {
          "fitness": 0,
          "expressions": {
            "r": "var(aud(x,x))",
            "b": "var(aud(0.49165416,y))",
            "g": "var(aud(y,0.10532427))"
          }
        },
        {
          "fitness": 0,
          "expressions": {
            "r": "aud(bri(y,x),0.85912514)",
            "b": "aud(bri(0.2373004,y),0.18732595)",
            "g": "aud(bri(x,x),0.215451)"
          }
        },
        {
          "fitness": 0,
          "expressions": {
            "r": "var(var(bri(aud(aud(x,aud(var(x),x)),var(x)),x)))",
            "b": "var(var(bri(aud(aud(0.6250205,aud(var(x),x)),var(0.50218105)),y)))",
            "g": "var(var(bri(aud(aud(y,aud(var(0.6510532),y)),var(x)),x)))"
          }
        },
        {
          "fitness": 0,
          "expressions": {
            "r": "var(bri(0.026874065,bri(var(var(aud(var(bri(0.27034807,x)),x))),x)))",
            "b": "var(bri(0.1928792,bri(var(var(aud(var(bri(y,y)),0.6932728))),y)))",
            "g": "var(bri(x,bri(var(var(aud(var(bri(x,0.10532427)),x))),x)))"
          }
        },
        {
          "fitness": 0,
          "expressions": {
            "r": "aud(bri(y,x),y)",
            "b": "aud(bri(0.2373004,y),0.20130014)",
            "g": "aud(bri(x,x),0.44458032)"
          }
        },
        {
          "fitness": 0,
          "expressions": {
            "r": "var(aud(bri(var(aud(y,0.06381822)),x),x))",
            "b": "var(aud(bri(var(aud(0.31760216,0.7099304)),y),x))",
            "g": "var(aud(bri(var(aud(x,0.95282865)),0.7842696),y))"
          }
        },
        {
          "fitness": 0,
          "expressions": {
            "r": "aud(bri(y,x),0.86224985)",
            "b": "aud(bri(0.29316664,x),0.18732595)",
            "g": "aud(bri(x,y),0.215451)"
          }
        },
        {
          "fitness": 0,
          "expressions": {
            "r": "var(bri(0.18776059,bri(aud(aud(x,aud(var(x),y)),var(x)),x)))",
            "b": "var(bri(0.24985075,bri(aud(aud(0.6250205,aud(var(x),x)),var(0.50218105)),y)))",
            "g": "var(bri(x,bri(aud(aud(y,aud(var(0.87255955),y)),var(x)),x)))"
          }
        },
        {
          "fitness": 0,
          "expressions": {
            "r": "aud(bri(y,x),var(y))",
            "b": "aud(bri(0.29316664,x),var(0.4069996))",
            "g": "aud(bri(x,y),var(0.957623))"
          }
        }
      ],
      "timestamp": "19h:34m:4s"
    },
    {
      "generation": 10,
      "ascendantID": "wyn23bin-qjso-vs2d-pjm3-yblfpifw6vig",
      "id": "ddvjivug-mmgm-j441-xfti-itcssomkmfe9",
      "individuals": [
        {
          "fitness": 0,
          "expressions": {
            "r": "aud(bri(y,x),0.61543417)",
            "b": "aud(bri(0.29316664,x),0.18732595)",
            "g": "aud(bri(x,y),0.215451)"
          }
        },
        {
          "fitness": 0,
          "expressions": {
            "r": "aud(bri(y,x),0.61543417)",
            "b": "aud(bri(0.79793715,x),0.20975018)",
            "g": "aud(bri(y,y),0.32285333)"
          }
        },
        {
          "fitness": 0,
          "expressions": {
            "r": "var(bri(y,bri(var(0.042004585),x)))",
            "b": "var(bri(0.24985075,bri(var(0.33375072),y)))",
            "g": "var(bri(x,bri(var(x),x)))"
          }
        },
        {
          "fitness": 0,
          "expressions": {
            "r": "aud(x,x)",
            "b": "aud(x,x)",
            "g": "aud(y,x)"
          }
        },
        {
          "fitness": 0,
          "expressions": {
            "r": "aud(bri(y,x),x)",
            "b": "aud(bri(0.29316664,x),x)",
            "g": "aud(bri(x,y),x)"
          }
        },
        {
          "fitness": 0,
          "expressions": {
            "r": "aud(bri(0.85912514,aud(var(0.8582418),aud(bri(var(0.97019124),bri(aud(y,y),aud(bri(0.18684292,bri(var(x),bri(x,0.015876532))),y))),y))),0.61543417)",
            "b": "aud(bri(0.18732595,aud(var(0.23923922),aud(bri(var(0.6387019),bri(aud(y,y),aud(bri(x,bri(var(0.22480917),bri(x,x))),x))),y))),0.18732595)",
            "g": "aud(bri(0.215451,aud(var(y),aud(bri(var(0.43095064),bri(aud(0.7392669,x),aud(bri(0.48762608,bri(var(y),bri(x,x))),x))),0.7498467))),0.215451)"
          }
        },
        {
          "fitness": 0,
          "expressions": {
            "r": "var(0.2289846)",
            "b": "var(y)",
            "g": "var(y)"
          }
        },
        {
          "fitness": 0,
          "expressions": {
            "r": "aud(0.0690341,0.61543417)",
            "b": "aud(0.66025686,0.18732595)",
            "g": "aud(0.028194666,0.47852516)"
          }
        },
        {
          "fitness": 0,
          "expressions": {
            "r": "aud(bri(y,x),0.86224985)",
            "b": "aud(bri(0.29316664,x),0.18732595)",
            "g": "aud(bri(x,y),0.215451)"
          }
        },
        {
          "fitness": 0,
          "expressions": {
            "r": "var(bri(0.026874065,bri(var(var(aud(var(bri(0.27034807,bri(0.59785867,y))),x))),x)))",
            "b": "var(bri(0.1928792,bri(var(var(aud(var(bri(y,bri(y,y))),0.6932728))),y)))",
            "g": "var(bri(x,bri(var(var(aud(var(bri(x,bri(0.8472252,y))),x))),x)))"
          }
        },
        {
          "fitness": 0,
          "expressions": {
            "r": "aud(bri(y,x),0.65679145)",
            "b": "aud(bri(0.29316664,x),0.18732595)",
            "g": "aud(bri(x,y),0.053883553)"
          }
        },
        {
          "fitness": 0,
          "expressions": {
            "r": "var(aud(x,x))",
            "b": "var(aud(0.49165416,y))",
            "g": "var(aud(y,0.10532427))"
          }
        },
        {
          "fitness": 0,
          "expressions": {
            "r": "aud(bri(bri(x,bri(y,aud(bri(var(0.7794535),aud(y,aud(x,0.29868293))),x))),x),0.61543417)",
            "b": "aud(bri(bri(x,bri(x,aud(bri(var(x),aud(0.634748,aud(y,0.8323593))),x))),x),0.18732595)",
            "g": "aud(bri(bri(0.24744725,bri(0.67183304,aud(bri(var(x),aud(0.98213243,aud(0.24916935,x))),y))),y),0.215451)"
          }
        },
        {
          "fitness": 0,
          "expressions": {
            "r": "var(aud(x,x))",
            "b": "var(aud(0.49165416,y))",
            "g": "var(aud(y,0.10532427))"
          }
        },
        {
          "fitness": 0,
          "expressions": {
            "r": "var(aud(0.11079168,x))",
            "b": "var(aud(0.5541105,y))",
            "g": "var(aud(x,0.10532427))"
          }
        },
        {
          "fitness": 0,
          "expressions": {
            "r": "var(0.042004585)",
            "b": "var(0.33375072)",
            "g": "var(x)"
          }
        },
        {
          "fitness": 0,
          "expressions": {
            "r": "aud(bri(y,x),x)",
            "b": "aud(bri(0.29316664,x),x)",
            "g": "aud(bri(x,y),x)"
          }
        },
        {
          "fitness": 0,
          "expressions": {
            "r": "var(bri(0.11079168,bri(aud(bri(x,aud(var(x),x)),var(x)),x)))",
            "b": "var(bri(0.36989164,bri(aud(bri(0.6250205,aud(var(x),x)),var(0.50218105)),y)))",
            "g": "var(bri(x,bri(aud(bri(y,aud(var(0.87255955),y)),var(x)),x)))"
          }
        }
      ],
      "timestamp": "19h:34m:7s"
    },
    {
      "generation": 11,
      "ascendantID": "ddvjivug-mmgm-j441-xfti-itcssomkmfe9",
      "id": "om746pxh-e1fn-9qki-pdxf-3iwvyxbybw9b",
      "individuals": [
        {
          "fitness": 0,
          "expressions": {
            "r": "aud(bri(y,x),0.61543417)",
            "b": "aud(bri(0.29316664,x),0.18732595)",
            "g": "aud(bri(x,y),0.215451)"
          }
        },
        {
          "fitness": 0,
          "expressions": {
            "r": "aud(bri(bri(x,bri(y,aud(bri(var(0.7794535),aud(y,aud(x,0.29868293))),x))),x),0.61543417)",
            "b": "aud(bri(bri(x,bri(x,aud(bri(var(x),aud(0.634748,aud(y,0.8323593))),x))),x),0.18732595)",
            "g": "aud(bri(bri(0.24744725,bri(0.67183304,aud(bri(var(x),aud(0.98213243,aud(0.24916935,x))),y))),y),0.215451)"
          }
        },
        {
          "fitness": 0,
          "expressions": {
            "r": "aud(bri(bri(bri(y,bri(y,var(aud(aud(bri(y,aud(x,x)),aud(aud(x,x),0.36605644)),bri(var(bri(x,y)),bri(y,x)))))),0.6099248),x),x)",
            "b": "aud(bri(bri(bri(0.9888301,bri(0.015194893,var(aud(aud(bri(x,aud(x,0.69646406)),aud(aud(x,0.7000015),y)),bri(var(bri(x,y)),bri(y,0.9972739)))))),y),x),x)",
            "g": "aud(bri(bri(bri(y,bri(y,var(aud(aud(bri(y,aud(x,0.80667305)),aud(aud(x,0.67276),0.08007622)),bri(var(bri(x,y)),bri(y,0.39192128)))))),x),y),x)"
          }
        },
        {
          "fitness": 0,
          "expressions": {
            "r": "aud(0.62829447,x)",
            "b": "aud(y,x)",
            "g": "aud(0.05083227,x)"
          }
        },
        {
          "fitness": 0,
          "expressions": {
            "r": "aud(x,x)",
            "b": "aud(x,x)",
            "g": "aud(y,x)"
          }
        },
        {
          "fitness": 0,
          "expressions": {
            "r": "aud(x,0.61543417)",
            "b": "aud(0.49165416,0.18732595)",
            "g": "aud(y,0.47852516)"
          }
        },
        {
          "fitness": 0,
          "expressions": {
            "r": "var(aud(y,bri(var(0.042004585),x)))",
            "b": "var(aud(0.24985075,bri(var(0.33375072),y)))",
            "g": "var(aud(x,bri(var(x),x)))"
          }
        },
        {
          "fitness": 0,
          "expressions": {
            "r": "aud(bri(y,x),0.61543417)",
            "b": "aud(bri(0.29316664,x),0.18732595)",
            "g": "aud(bri(x,y),0.215451)"
          }
        },
        {
          "fitness": 0,
          "expressions": {
            "r": "aud(bri(y,x),x)",
            "b": "aud(bri(0.29316664,x),x)",
            "g": "aud(bri(x,y),y)"
          }
        },
        {
          "fitness": 0,
          "expressions": {
            "r": "var(aud(bri(var(0.97019124),bri(aud(y,y),aud(bri(0.39448047,bri(var(x),bri(x,y))),y))),x))",
            "b": "var(aud(bri(var(0.6387019),bri(aud(y,y),aud(bri(x,bri(var(0.41601992),bri(x,y))),x))),y))",
            "g": "var(aud(bri(var(0.43095064),bri(aud(0.7392669,x),aud(bri(0.48762608,bri(var(y),bri(x,x))),x))),0.11145759))"
          }
        },
        {
          "fitness": 0,
          "expressions": {
            "r": "aud(bri(y,y),x)",
            "b": "aud(bri(0.29316664,y),x)",
            "g": "aud(bri(x,y),x)"
          }
        },
        {
          "fitness": 0,
          "expressions": {
            "r": "aud(x,x)",
            "b": "aud(x,x)",
            "g": "aud(y,x)"
          }
        },
        {
          "fitness": 0,
          "expressions": {
            "r": "aud(bri(bri(aud(y,bri(var(y),y)),bri(y,aud(bri(var(0.7794535),aud(x,x)),x))),x),0.61543417)",
            "b": "aud(bri(bri(aud(0.62221503,bri(var(x),y)),bri(x,aud(bri(var(x),aud(0.634748,y)),x))),x),0.18732595)",
            "g": "aud(bri(bri(aud(0.7001438,bri(var(x),0.27204132)),bri(0.67183304,aud(bri(var(x),aud(0.98213243,0.10532427)),y))),y),0.215451)"
          }
        },
        {
          "fitness": 0,
          "expressions": {
            "r": "aud(bri(y,x),0.61543417)",
            "b": "aud(bri(0.29316664,x),0.251554)",
            "g": "aud(bri(x,y),0.215451)"
          }
        },
        {
          "fitness": 0,
          "expressions": {
            "r": "aud(bri(bri(x,bri(y,aud(aud(var(0.7794535),aud(y,aud(x,0.29868293))),x))),x),0.61543417)",
            "b": "aud(bri(bri(x,bri(x,aud(aud(var(x),aud(0.634748,aud(y,0.8323593))),x))),x),0.30877495)",
            "g": "aud(bri(bri(0.10073519,bri(0.67183304,aud(aud(var(x),aud(1.0,aud(0.24916935,x))),y))),y),0.215451)"
          }
        },
        {
          "fitness": 0,
          "expressions": {
            "r": "aud(bri(y,x),0.61240673)",
            "b": "aud(bri(0.29316664,x),0.18732595)",
            "g": "aud(bri(x,y),0.43654418)"
          }
        },
        {
          "fitness": 0,
          "expressions": {
            "r": "aud(bri(y,x),x)",
            "b": "aud(bri(0.29316664,x),x)",
            "g": "aud(bri(x,y),x)"
          }
        },
        {
          "fitness": 0,
          "expressions": {
            "r": "aud(bri(y,x),0.61543417)",
            "b": "aud(bri(0.29316664,x),0.18732595)",
            "g": "aud(bri(x,y),0.215451)"
          }
        }
      ],
      "timestamp": "19h:34m:13s"
    },
    {
      "generation": 12,
      "ascendantID": "om746pxh-e1fn-9qki-pdxf-3iwvyxbybw9b",
      "id": "fw810o6i-s5z4-23su-ps4d-qmmmvvayx1wb",
      "individuals": [
        {
          "fitness": 0,
          "expressions": {
            "r": "aud(bri(y,x),0.61543417)",
            "b": "aud(bri(0.29316664,x),0.18732595)",
            "g": "aud(bri(x,y),0.215451)"
          }
        },
        {
          "fitness": 0,
          "expressions": {
            "r": "aud(x,x)",
            "b": "aud(x,x)",
            "g": "aud(y,x)"
          }
        },
        {
          "fitness": 0,
          "expressions": {
            "r": "aud(bri(y,x),0.61240673)",
            "b": "aud(bri(0.29316664,x),0.18732595)",
            "g": "aud(bri(x,y),0.43654418)"
          }
        },
        {
          "fitness": 0,
          "expressions": {
            "r": "var(bri(bri(x,bri(y,aud(bri(var(0.7794535),aud(bri(bri(aud(x,x),y),bri(x,0.41815042)),aud(x,0.43533373))),x))),x))",
            "b": "var(bri(bri(x,bri(x,aud(bri(var(x),aud(bri(bri(aud(x,x),y),bri(y,y)),aud(y,0.8323593))),x))),x))",
            "g": "var(bri(bri(0.10073519,bri(0.67183304,aud(bri(var(x),aud(bri(bri(aud(x,x),0.5583327),bri(y,y)),aud(0.24916935,x))),y))),y))"
          }
        },
        {
          "fitness": 0,
          "expressions": {
            "r": "aud(aud(y,x),0.61240673)",
            "b": "aud(aud(0.33793426,x),0.18732595)",
            "g": "aud(aud(y,y),0.43654418)"
          }
        },
        {
          "fitness": 0,
          "expressions": {
            "r": "aud(bri(bri(x,bri(y,aud(aud(var(0.7794535),aud(y,aud(x,0.29868293))),x))),x),0.61543417)",
            "b": "aud(bri(bri(x,bri(x,aud(aud(var(x),aud(0.634748,aud(y,0.8323593))),x))),x),0.30877495)",
            "g": "aud(bri(bri(0.10073519,bri(0.67183304,aud(aud(var(x),aud(1.0,aud(0.24916935,x))),y))),y),0.215451)"
          }
        },
        {
          "fitness": 0,
          "expressions": {
            "r": "aud(bri(0.69125605,y),0.61543417)",
            "b": "aud(bri(x,0.29316664),0.46789646)",
            "g": "aud(bri(y,x),0.215451)"
          }
        },
        {
          "fitness": 0,
          "expressions": {
            "r": "aud(bri(y,x),0.61543417)",
            "b": "aud(bri(0.1644392,x),0.18732595)",
            "g": "aud(bri(x,y),0.215451)"
          }
        },
        {
          "fitness": 0,
          "expressions": {
            "r": "aud(x,0.6418371)",
            "b": "aud(0.49165416,0.18732595)",
            "g": "aud(y,0.47852516)"
          }
        },
        {
          "fitness": 0,
          "expressions": {
            "r": "aud(aud(y,x),0.61240673)",
            "b": "aud(aud(0.30461454,x),0.18732595)",
            "g": "aud(aud(x,y),0.43654418)"
          }
        },
        {
          "fitness": 0,
          "expressions": {
            "r": "aud(bri(y,x),bri(0.75352216,0.9502349))",
            "b": "aud(bri(0.29316664,x),bri(0.19395137,0.36773777))",
            "g": "aud(bri(x,y),bri(0.249331,x))"
          }
        },
        {
          "fitness": 0,
          "expressions": {
            "r": "var(aud(bri(x,y),x))",
            "b": "var(aud(bri(x,x),x))",
            "g": "var(aud(bri(0.24744725,0.075125694),y))"
          }
        },
        {
          "fitness": 0,
          "expressions": {
            "r": "aud(var(0.48365116),0.61543417)",
            "b": "aud(var(0.5916877),0.18732595)",
            "g": "aud(var(y),0.215451)"
          }
        },
        {
          "fitness": 0,
          "expressions": {
            "r": "aud(aud(y,y),0.61543417)",
            "b": "aud(aud(0.36323142,x),0.18732595)",
            "g": "aud(aud(x,y),0.215451)"
          }
        },
        {
          "fitness": 0,
          "expressions": {
            "r": "aud(aud(bri(var(y),bri(var(bri(var(var(bri(var(x),bri(x,x)))),aud(bri(y,var(x)),var(aud(y,aud(x,y)))))),aud(bri(var(0.7794535),aud(x,x)),x))),x),0.61543417)",
            "b": "aud(aud(bri(var(0.62221503),bri(var(bri(var(var(bri(var(x),bri(x,x)))),aud(bri(x,var(x)),var(aud(y,aud(x,0.05455208)))))),aud(bri(var(x),aud(0.7610853,y)),x))),x),0.40597343)",
            "g": "aud(aud(bri(var(0.7001438),bri(var(bri(var(var(bri(var(x),bri(x,x)))),aud(bri(0.34988332,var(x)),var(aud(x,aud(x,0.9474864)))))),aud(bri(var(x),aud(0.98213243,0.10532427)),x))),y),0.215451)"
          }
        },
        {
          "fitness": 0,
          "expressions": {
            "r": "aud(bri(y,x),0.61543417)",
            "b": "aud(bri(0.18185401,x),0.18732595)",
            "g": "aud(bri(x,y),0.215451)"
          }
        },
        {
          "fitness": 0,
          "expressions": {
            "r": "var(aud(y,bri(var(0.14195824),x)))",
            "b": "var(aud(0.24985075,bri(var(y),y)))",
            "g": "var(aud(x,bri(var(y),x)))"
          }
        },
        {
          "fitness": 0,
          "expressions": {
            "r": "aud(x,x)",
            "b": "aud(x,x)",
            "g": "aud(y,x)"
          }
        }
      ],
      "timestamp": "19h:34m:16s"
    }
  ],
  "timestamp": "2024-07-31-19-32-06"
}