{
  "id": "nd8n3wf9-jfyu-doml-3a6y-thvgq9ypc7me",
  "parameters": {
    "crossoverRate": 0.30000001192092896,
    "eliteSize": 2,
    "tournamentSize": 3,
    "mutationRate": 0.8999999761581421,
    "populationSize": 10
  },
  "populations": [{
    "generation": 0,
    "id": "fxei75ov-5ydw-ifh6-tf80-wbgc91zxmvyk",
    "individuals": [
      {
        "fitness": 0,
        "expressions": {
          "r": "min(0.08741927,sin(cos(x)))",
          "b": "min(y,sin(cos(0.41271168)))",
          "g": "min(0.34312105,sin(cos(y)))"
        }
      },
      {
        "fitness": 0,
        "expressions": {
          "r": "auh(tan(var(0.8884692)),(y/y))",
          "b": "auh(tan(var(0.47735685)),(x/y))",
          "g": "auh(tan(var(0.69239026)),(x/x))"
        }
      },
      {
        "fitness": 0,
        "expressions": {
          "r": "(0.61680347+x)",
          "b": "(y+y)",
          "g": "(y+x)"
        }
      },
      {
        "fitness": 0,
        "expressions": {
          "r": "(0.0638929+y)",
          "b": "(x+0.44561434)",
          "g": "(0.06548685+x)"
        }
      },
      {
        "fitness": 0,
        "expressions": {
          "r": "var(0.062256575)",
          "b": "var(y)",
          "g": "var(x)"
        }
      },
      {
        "fitness": 0,
        "expressions": {
          "r": "(y+x)",
          "b": "(x+y)",
          "g": "(0.6351823+y)"
        }
      },
      {
        "fitness": 0,
        "expressions": {
          "r": "(y+y)",
          "b": "(0.080358446+y)",
          "g": "(x+x)"
        }
      },
      {
        "fitness": 0,
        "expressions": {
          "r": "(0.98760384+x)",
          "b": "(x+y)",
          "g": "(0.26771593+x)"
        }
      },
      {
        "fitness": 0,
        "expressions": {
          "r": "min((aud(0.82301795,x)/0.64288616),aud((y+y),var(y)))",
          "b": "min((aud(0.7738046,x)/0.7001642),aud((y+x),var(x)))",
          "g": "min((aud(0.52266115,0.08470756)/x),aud((y+y),var(x)))"
        }
      },
      {
        "fitness": 0,
        "expressions": {
          "r": "(x+x)",
          "b": "(y+y)",
          "g": "(y+0.34878498)"
        }
      },
      {
        "fitness": 0,
        "expressions": {
          "r": "(y+0.03240323)",
          "b": "(y+x)",
          "g": "(x+x)"
        }
      },
      {
        "fitness": 0,
        "expressions": {
          "r": "(x+y)",
          "b": "(0.39214128+x)",
          "g": "(y+0.13751203)"
        }
      },
      {
        "fitness": 0,
        "expressions": {
          "r": "(x+x)",
          "b": "(y+0.92095953)",
          "g": "(0.17423862+y)"
        }
      },
      {
        "fitness": 0,
        "expressions": {
          "r": "(y+0.03718257)",
          "b": "(y+y)",
          "g": "(x+y)"
        }
      },
      {
        "fitness": 0,
        "expressions": {
          "r": "((y*aud(y,y))/sin(sin(0.08990461)))",
          "b": "((0.69536*aud(x,x))/sin(sin(x)))",
          "g": "((0.10481393*aud(y,x))/sin(sin(y)))"
        }
      },
      {
        "fitness": 0,
        "expressions": {
          "r": "(y+0.29144114)",
          "b": "(y+0.07909387)",
          "g": "(x+x)"
        }
      },
      {
        "fitness": 0,
        "expressions": {
          "r": "cos(aul(0.5514477,aul(x,0.086865306)))",
          "b": "cos(aul(0.2878629,aul(x,x)))",
          "g": "cos(aul(0.70877516,aul(0.07265532,0.37599206)))"
        }
      },
      {
        "fitness": 0,
        "expressions": {
          "r": "(y+x)",
          "b": "(x+0.13557208)",
          "g": "(x+0.11817509)"
        }
      }
    ],
    "timestamp": "23h:18m:13s"
  }],
  "timestamp": "2024-07-24-23-18-11"
}