{
  "id": "nxzb6i35-eipv-def6-7sqg-beyi5bnvcijr",
  "parameters": {
    "crossoverRate": 0.30000001192092896,
    "eliteSize": 2,
    "tournamentSize": 3,
    "mutationRate": 0.8999999761581421,
    "populationSize": 10
  },
  "populations": [
    {
      "generation": 0,
      "id": "z8omm3t7-qccm-yyva-k0xo-3q0ej35ki7tq",
      "individuals": [
        {
          "fitness": 0,
          "expressions": {
            "r": "(sin(y)-tan(cos(x)))",
            "b": "(sin(0.3435833)-tan(cos(0.42816675)))",
            "g": "(sin(y)-tan(cos(y)))"
          }
        },
        {
          "fitness": 0,
          "expressions": {
            "r": "(x+0.6024678)",
            "b": "(x+0.61117995)",
            "g": "(0.04680705+0.9206228)"
          }
        },
        {
          "fitness": 0,
          "expressions": {
            "r": "(y+x)",
            "b": "(y+0.17889225)",
            "g": "(y+y)"
          }
        },
        {
          "fitness": 0,
          "expressions": {
            "r": "(0.68268085+0.47246808)",
            "b": "(0.323348+0.9941252)",
            "g": "(0.021701038+y)"
          }
        },
        {
          "fitness": 0,
          "expressions": {
            "r": "(x+y)",
            "b": "(0.6355269+x)",
            "g": "(y+0.005205989)"
          }
        },
        {
          "fitness": 0,
          "expressions": {
            "r": "(y+0.29694432)",
            "b": "(x+0.7818355)",
            "g": "(x+0.7228859)"
          }
        },
        {
          "fitness": 0,
          "expressions": {
            "r": "(pow(max(0.9013449,0.041187465),(0.38025302*x))+(x+x))",
            "b": "(pow(max(y,y),(x*0.023650646))+(y+x))",
            "g": "(pow(max(x,x),(x*0.14820832))+(0.25055873+y))"
          }
        },
        {
          "fitness": 0,
          "expressions": {
            "r": "auh((x/cos(0.6514179)),auh(0.35378373,auh(y,x)))",
            "b": "auh((0.0016196966/cos(0.62974244)),auh(x,auh(y,y)))",
            "g": "auh((0.7583851/cos(x)),auh(0.72265524,auh(y,x)))"
          }
        },
        {
          "fitness": 0,
          "expressions": {
            "r": "aud(min(0.96479076,tan(y)),0.6670557)",
            "b": "aud(min(y,tan(y)),0.8132023)",
            "g": "aud(min(y,tan(x)),0.61061954)"
          }
        },
        {
          "fitness": 0,
          "expressions": {
            "r": "sin(y)",
            "b": "sin(0.7284486)",
            "g": "sin(0.406308)"
          }
        },
        {
          "fitness": 0,
          "expressions": {
            "r": "(y+x)",
            "b": "(0.70521945+0.91930515)",
            "g": "(x+0.9746166)"
          }
        },
        {
          "fitness": 0,
          "expressions": {
            "r": "(y+y)",
            "b": "(y+y)",
            "g": "(y+0.91799015)"
          }
        },
        {
          "fitness": 0,
          "expressions": {
            "r": "(x+0.786806)",
            "b": "(y+y)",
            "g": "(0.7954552+x)"
          }
        },
        {
          "fitness": 0,
          "expressions": {
            "r": "min(((y*y)/0.7969789),y)",
            "b": "min(((x*0.67715603)/0.83570784),x)",
            "g": "min(((x*x)/0.8561951),0.85881275)"
          }
        },
        {
          "fitness": 0,
          "expressions": {
            "r": "sin(max((y*x),x))",
            "b": "sin(max((0.95363617*x),x))",
            "g": "sin(max((y*0.004297793),0.7162594))"
          }
        },
        {
          "fitness": 0,
          "expressions": {
            "r": "max(aud(0.01790142,auh(y,0.1785627)),auh(x,pow(0.16389745,x)))",
            "b": "max(aud(x,auh(0.7137784,y)),auh(0.99321145,pow(x,0.6128953)))",
            "g": "max(aud(x,auh(0.08097625,0.96999496)),auh(y,pow(y,x)))"
          }
        },
        {
          "fitness": 0,
          "expressions": {
            "r": "(x+0.0060462356)",
            "b": "(0.53026146+0.7915882)",
            "g": "(0.41850525+y)"
          }
        },
        {
          "fitness": 0,
          "expressions": {
            "r": "(x+y)",
            "b": "(y+x)",
            "g": "(0.1502291+0.20835936)"
          }
        }
      ],
      "timestamp": "22h:39m:8s"
    },
    {
      "generation": 1,
      "ascendantID": "z8omm3t7-qccm-yyva-k0xo-3q0ej35ki7tq",
      "id": "kcgr9k6j-3uby-1ttc-2kqe-jcyqhlaqzvoj",
      "individuals": [
        {
          "fitness": 0,
          "expressions": {
            "r": "(sin(y)-tan(cos(x)))",
            "b": "(sin(0.3435833)-tan(cos(0.42816675)))",
            "g": "(sin(y)-tan(cos(y)))"
          }
        },
        {
          "fitness": 0,
          "expressions": {
            "r": "(x+0.6024678)",
            "b": "(x+0.61117995)",
            "g": "(0.04680705+0.9206228)"
          }
        },
        {
          "fitness": 0,
          "expressions": {
            "r": "(y/y)",
            "b": "(0.7284486/0.85748523)",
            "g": "(0.406308/0.11245787)"
          }
        },
        {
          "fitness": 0,
          "expressions": {
            "r": "(x+0.6024678)",
            "b": "(x+0.61117995)",
            "g": "(0.04680705+0.9206228)"
          }
        },
        {
          "fitness": 0,
          "expressions": {
            "r": "(x+0.0060462356)",
            "b": "(0.53026146+0.7915882)",
            "g": "(0.41850525+y)"
          }
        },
        {
          "fitness": 0,
          "expressions": {
            "r": "(x+x)",
            "b": "(0.53026146+x)",
            "g": "(0.41850525+x)"
          }
        },
        {
          "fitness": 0,
          "expressions": {
            "r": "(y+(0.8561976*(min(y,0.029225528)/0.55736107)))",
            "b": "(y+(x*(min(y,0.033965528)/y)))",
            "g": "(y+(x*(min(x,y)/y)))"
          }
        },
        {
          "fitness": 0,
          "expressions": {
            "r": "(y+x)",
            "b": "(y+0.23696893)",
            "g": "(y+y)"
          }
        },
        {
          "fitness": 0,
          "expressions": {
            "r": "(x+0.786806)",
            "b": "(y+y)",
            "g": "(0.7954552+x)"
          }
        },
        {
          "fitness": 0,
          "expressions": {
            "r": "min(((y*y)/0.7969789),y)",
            "b": "min(((x*0.67715603)/0.83570784),x)",
            "g": "min(((x*x)/0.8561951),0.98523283)"
          }
        },
        {
          "fitness": 0,
          "expressions": {
            "r": "max(aud(var(max(0.0,0.0)),auh(y,0.1785627)),auh(x,pow(0.16389745,x)))",
            "b": "max(aud(var(max(0.0,0.0)),auh(0.7137784,y)),auh(0.99321145,pow(x,0.6128953)))",
            "g": "max(aud(var(max(0.0,0.0)),auh(0.08097625,0.8684944)),auh(y,pow(y,x)))"
          }
        },
        {
          "fitness": 0,
          "expressions": {
            "r": "auh((x/tan(0.6514179)),auh(0.08897312,aul(y,x)))",
            "b": "auh((0.0016196966/tan(0.62974244)),auh(y,aul(y,y)))",
            "g": "auh((0.7583851/tan(x)),auh(0.67625594,aul(y,x)))"
          }
        },
        {
          "fitness": 0,
          "expressions": {
            "r": "(x+0.0060462356)",
            "b": "(0.6795539+0.7915882)",
            "g": "(0.41850525+y)"
          }
        },
        {
          "fitness": 0,
          "expressions": {
            "r": "auh((x/cos(0.6514179)),0.47246808)",
            "b": "auh((0.0016196966/cos(0.62974244)),0.9941252)",
            "g": "auh((0.7583851/cos(x)),y)"
          }
        },
        {
          "fitness": 0,
          "expressions": {
            "r": "(y+y)",
            "b": "(y+y)",
            "g": "(y+0.91799015)"
          }
        },
        {
          "fitness": 0,
          "expressions": {
            "r": "(x+0.786806)",
            "b": "(y+y)",
            "g": "(0.7954552+x)"
          }
        },
        {
          "fitness": 0,
          "expressions": {
            "r": "(pow(max(0.9013449,0.041187465),(0.38025302*x))+(x+x))",
            "b": "(pow(max(y,y),(x*0.023650646))+(y+x))",
            "g": "(pow(max(x,x),(x*0.14820832))+(0.25055873+y))"
          }
        },
        {
          "fitness": 0,
          "expressions": {
            "r": "(y+0.29694432)",
            "b": "(x+0.51884913)",
            "g": "(x+0.4742369)"
          }
        }
      ],
      "timestamp": "22h:39m:18s"
    }
  ],
  "timestamp": "2024-07-24-22-39-01"
}