{
  "id": "od827ioy-w8xe-rkdv-jomz-x8qgus3cs07u",
  "parameters": {
    "crossoverRate": 0,
    "eliteSize": 0,
    "tournamentSize": 0,
    "mutationRate": 0,
    "populationSize": 0
  },
  "populations": [{
    "generation": 0,
    "id": "eu230c72-gcze-9jho-rxpl-vxjf80ue4hsh",
    "individuals": [
      {
        "fitness": 0,
        "expressions": {
          "r": "aud(x,y)",
          "b": "aud(x,y)",
          "g": "aud(y,y)"
        }
      },
      {
        "fitness": 0,
        "expressions": {
          "r": "var(y)",
          "b": "var(y)",
          "g": "var(0.5754614)"
        }
      },
      {
        "fitness": 0,
        "expressions": {
          "r": "var(0.5363574)",
          "b": "var(x)",
          "g": "var(y)"
        }
      },
      {
        "fitness": 0,
        "expressions": {
          "r": "var(y)",
          "b": "var(0.7653713)",
          "g": "var(0.6243503)"
        }
      },
      {
        "fitness": 0,
        "expressions": {
          "r": "bri(0.34062433,bri(0.8097892,x))",
          "b": "bri(y,bri(0.56293917,y))",
          "g": "bri(x,bri(x,0.27593327))"
        }
      },
      {
        "fitness": 0,
        "expressions": {
          "r": "var(y)",
          "b": "var(y)",
          "g": "var(x)"
        }
      },
      {
        "fitness": 0,
        "expressions": {
          "r": "bri(aud(0.79677534,x),bri(bri(bri(var(0.09124994),var(y)),0.8567207),x))",
          "b": "bri(aud(x,y),bri(bri(bri(var(0.7421286),var(0.15384579)),x),x))",
          "g": "bri(aud(0.63806224,y),bri(bri(bri(var(x),var(x)),y),0.24888611))"
        }
      },
      {
        "fitness": 0,
        "expressions": {
          "r": "aud(0.7195611,x)",
          "b": "aud(y,y)",
          "g": "aud(x,y)"
        }
      },
      {
        "fitness": 0,
        "expressions": {
          "r": "var(var(x))",
          "b": "var(var(y))",
          "g": "var(var(y))"
        }
      },
      {
        "fitness": 0,
        "expressions": {
          "r": "var(x)",
          "b": "var(0.04507017)",
          "g": "var(0.85403395)"
        }
      },
      {
        "fitness": 0,
        "expressions": {
          "r": "aud(bri(y,aud(x,aud(x,bri(0.8581643,0.79944277)))),y)",
          "b": "aud(bri(y,aud(x,aud(0.086586,bri(x,x)))),y)",
          "g": "aud(bri(x,aud(x,aud(y,bri(0.30938458,y)))),y)"
        }
      },
      {
        "fitness": 0,
        "expressions": {
          "r": "var(0.805392)",
          "b": "var(0.21270585)",
          "g": "var(y)"
        }
      },
      {
        "fitness": 0,
        "expressions": {
          "r": "var(x)",
          "b": "var(y)",
          "g": "var(0.6111345)"
        }
      },
      {
        "fitness": 0,
        "expressions": {
          "r": "var(0.06308174)",
          "b": "var(0.6434629)",
          "g": "var(y)"
        }
      },
      {
        "fitness": 0,
        "expressions": {
          "r": "var(x)",
          "b": "var(x)",
          "g": "var(0.044787645)"
        }
      },
      {
        "fitness": 0,
        "expressions": {
          "r": "var(x)",
          "b": "var(x)",
          "g": "var(y)"
        }
      },
      {
        "fitness": 0,
        "expressions": {
          "r": "var(0.21797252)",
          "b": "var(y)",
          "g": "var(0.9068489)"
        }
      },
      {
        "fitness": 0,
        "expressions": {
          "r": "aud(bri(var(y),bri(0.8409734,bri(var(0.8308785),var(0.18807554)))),bri(0.91169477,0.8896098))",
          "b": "aud(bri(var(x),bri(x,bri(var(y),var(y)))),bri(x,0.3847859))",
          "g": "aud(bri(var(x),bri(0.5031581,bri(var(0.30981016),var(x)))),bri(0.64208627,y))"
        }
      }
    ],
    "timestamp": "19h:16m:37s"
  }],
  "timestamp": "2024-07-31-19-16-11"
}