{
  "id": "oesq518m-fryz-a9xc-rgl3-tlbodnzhqogt",
  "parameters": {
    "crossoverRate": 0,
    "eliteSize": 0,
    "tournamentSize": 0,
    "mutationRate": 0,
    "populationSize": 0
  },
  "populations": [
    {
      "generation": 0,
      "id": "71hx8kqa-pvd0-osq8-6cje-iq8vzm65bth9",
      "individuals": [
        {
          "fitness": 0,
          "expressions": {
            "r": "add(x,y)",
            "b": "add(y,x)",
            "g": "add(x,x)"
          }
        },
        {
          "fitness": 0,
          "expressions": {
            "r": "auh(0.43810463,0.9823954)",
            "b": "auh(x,y)",
            "g": "auh(x,x)"
          }
        },
        {
          "fitness": 0,
          "expressions": {
            "r": "add(x,x)",
            "b": "add(0.80879307,0.49592423)",
            "g": "add(0.23787212,x)"
          }
        },
        {
          "fitness": 0,
          "expressions": {
            "r": "mul(0.6221211,x)",
            "b": "mul(0.36798525,0.3182187)",
            "g": "mul(y,y)"
          }
        },
        {
          "fitness": 0,
          "expressions": {
            "r": "sub(max(x,y),0.17181349)",
            "b": "sub(max(0.18289518,0.7994201),0.8551998)",
            "g": "sub(max(y,y),0.571713)"
          }
        },
        {
          "fitness": 0,
          "expressions": {
            "r": "pow(tan(cos(x)),min(pow(x,aul(aud(0.2049675,div(add(y,0.9004836),0.91227293)),cos(sin(0.7642267)))),y))",
            "b": "pow(tan(cos(y)),min(pow(y,aul(aud(y,div(add(y,y),y)),cos(sin(y)))),x))",
            "g": "pow(tan(cos(0.34895372)),min(pow(y,aul(aud(0.66521835,div(add(0.15107894,0.708025),y)),cos(sin(0.6016567)))),y))"
          }
        },
        {
          "fitness": 0,
          "expressions": {
            "r": "aul(y,var(x))",
            "b": "aul(0.713887,var(x))",
            "g": "aul(x,var(x))"
          }
        },
        {
          "fitness": 0,
          "expressions": {
            "r": "aud(pow(0.083159685,var(0.64186954)),tan(min(y,0.9948194)))",
            "b": "aud(pow(x,var(0.09707165)),tan(min(x,0.13125467)))",
            "g": "aud(pow(y,var(y)),tan(min(0.3029213,0.53257275)))"
          }
        },
        {
          "fitness": 0,
          "expressions": {
            "r": "add(0.24427795,x)",
            "b": "add(0.89813375,y)",
            "g": "add(x,y)"
          }
        },
        {
          "fitness": 0,
          "expressions": {
            "r": "add(x,y)",
            "b": "add(x,0.31142426)",
            "g": "add(y,y)"
          }
        },
        {
          "fitness": 0,
          "expressions": {
            "r": "cos(aud(add(mul(sin(div(mul(add(y,x),sub(0.7251167,0.56895494)),x)),add(mul(mul(y,div(x,x)),aul(max(aul(x,0.757226),x),min(x,0.23936272))),x)),x),cos(0.23323321)))",
            "b": "cos(aud(add(mul(sin(div(mul(add(y,y),sub(x,0.92110705)),0.5650623)),add(mul(mul(y,div(y,x)),aul(max(aul(x,y),x),min(x,0.012863159))),x)),x),cos(y)))",
            "g": "cos(aud(add(mul(sin(div(mul(add(x,y),sub(x,x)),x)),add(mul(mul(x,div(0.8787091,y)),aul(max(aul(y,0.40554428),y),min(0.70460105,y))),y)),y),cos(0.15325451)))"
          }
        },
        {
          "fitness": 0,
          "expressions": {
            "r": "add(y,x)",
            "b": "add(0.076211214,y)",
            "g": "add(x,x)"
          }
        },
        {
          "fitness": 0,
          "expressions": {
            "r": "add(0.7759533,0.5543103)",
            "b": "add(x,0.2875526)",
            "g": "add(0.13452911,x)"
          }
        },
        {
          "fitness": 0,
          "expressions": {
            "r": "sin(pow(aul(x,add(x,x)),add(add(cos(mul(pow(aul(x,mul(y,y)),auh(var(0.6236861),0.9246814)),0.54795504)),x),mul(y,aud(pow(tan(mul(min(x,y),0.5135758)),0.929703),y)))))",
            "b": "sin(pow(aul(y,add(x,y)),add(add(cos(mul(pow(aul(x,mul(0.3972199,y)),auh(var(0.49416018),0.7059593)),x)),x),mul(0.54741454,aud(pow(tan(mul(min(x,0.89234495),x)),0.051154137),y)))))",
            "g": "sin(pow(aul(0.40108895,add(0.09231973,x)),add(add(cos(mul(pow(aul(0.34566736,mul(x,y)),auh(var(x),x)),0.65022874)),0.79245377),mul(0.84379816,aud(pow(tan(mul(min(0.71531343,y),x)),x),0.9989717)))))"
          }
        },
        {
          "fitness": 0,
          "expressions": {
            "r": "add(y,0.6425636)",
            "b": "add(0.36423302,x)",
            "g": "add(0.06777716,0.8456187)"
          }
        },
        {
          "fitness": 0,
          "expressions": {
            "r": "add(x,0.63253117)",
            "b": "add(x,y)",
            "g": "add(y,0.46837735)"
          }
        },
        {
          "fitness": 0,
          "expressions": {
            "r": "add(x,0.41809845)",
            "b": "add(0.9511976,0.7314367)",
            "g": "add(0.17226171,y)"
          }
        },
        {
          "fitness": 0,
          "expressions": {
            "r": "add(y,0.7561939)",
            "b": "add(0.18149638,y)",
            "g": "add(0.11855793,0.87798095)"
          }
        }
      ],
      "timestamp": "19h:42m:22s"
    },
    {
      "generation": 1,
      "ascendantID": "71hx8kqa-pvd0-osq8-6cje-iq8vzm65bth9",
      "id": "a89pf7pn-rdua-hngz-uis1-dfnkogc8oxpk",
      "individuals": [
        {
          "fitness": 0,
          "expressions": {
            "r": "sub(max(x,y),0.17181349)",
            "b": "sub(max(0.18289518,0.7994201),0.8551998)",
            "g": "sub(max(y,y),0.571713)"
          }
        },
        {
          "fitness": 0,
          "expressions": {
            "r": "add(0.7759533,x)",
            "b": "add(x,x)",
            "g": "add(0.13452911,y)"
          }
        },
        {
          "fitness": 0,
          "expressions": {
            "r": "sub(div(sub(y,0.9004836),0.91227293),0.17181349)",
            "b": "sub(div(sub(y,y),y),0.8551998)",
            "g": "sub(div(sub(0.15107894,0.708025),y),0.571713)"
          }
        },
        {
          "fitness": 0,
          "expressions": {
            "r": "cos(var(sub(mul(sin(mul(sub(add(y,x),add(0.7251167,0.56895494)),x)),add(mul(mul(y,div(x,x)),auh(max(max(x,0.757226),x),min(x,0.23936272))),x)),x)))",
            "b": "cos(var(sub(mul(sin(mul(sub(add(y,y),add(x,0.92110705)),0.5650623)),add(mul(mul(y,div(0.09132004,x)),auh(max(max(x,0.07033968),x),min(x,0.012863159))),x)),x)))",
            "g": "cos(var(sub(mul(sin(mul(sub(add(x,y),add(x,x)),x)),add(mul(mul(x,div(0.8787091,y)),auh(max(max(y,0.32387638),y),min(0.70460105,y))),y)),y)))"
          }
        },
        {
          "fitness": 0,
          "expressions": {
            "r": "add(div(x,0.59598875),x)",
            "b": "add(div(y,0.19171596),0.49592423)",
            "g": "add(div(y,y),x)"
          }
        },
        {
          "fitness": 0,
          "expressions": {
            "r": "add(y,0.6425636)",
            "b": "add(0.36423302,x)",
            "g": "add(0.06777716,1.0)"
          }
        },
        {
          "fitness": 0,
          "expressions": {
            "r": "mul(0.6221211,x)",
            "b": "mul(0.5543041,0.9511976)",
            "g": "mul(y,0.17226171)"
          }
        },
        {
          "fitness": 0,
          "expressions": {
            "r": "mul(0.6221211,0.5104456)",
            "b": "mul(0.36798525,0.12665367)",
            "g": "mul(y,y)"
          }
        },
        {
          "fitness": 0,
          "expressions": {
            "r": "sub(max(x,y),0.17181349)",
            "b": "sub(max(0.18289518,0.7994201),0.8551998)",
            "g": "sub(max(0.12667775,y),0.571713)"
          }
        },
        {
          "fitness": 0,
          "expressions": {
            "r": "auh(add(x,auh(x,y)),0.9823954)",
            "b": "auh(add(y,auh(y,x)),y)",
            "g": "auh(add(y,auh(y,y)),x)"
          }
        },
        {
          "fitness": 0,
          "expressions": {
            "r": "add(0.7759533,0.5543103)",
            "b": "add(x,0.2875526)",
            "g": "add(0.13452911,x)"
          }
        },
        {
          "fitness": 0,
          "expressions": {
            "r": "aud(pow(add(max(min(aul(sub(var(var(sin(x))),div(0.2534237,y)),y),auh(sin(0.68050146),x)),var(aul(0.6924083,y))),add(y,add(x,cos(y)))),y),aud(min(y,0.9948194),0.7213335))",
            "b": "aud(pow(add(max(min(aul(sub(var(var(sin(x))),div(x,0.30168557)),0.2684791),auh(sin(y),0.16299438)),var(aul(x,0.5958235))),add(y,add(x,cos(0.8470309)))),0.36423302),aud(min(x,0.13125467),y))",
            "g": "aud(pow(add(max(min(aul(sub(var(var(sin(x))),div(0.3108406,x)),y),auh(sin(y),x)),var(aul(x,y))),add(0.1599729,add(x,cos(x)))),0.06777716),aud(min(0.3029213,0.53257275),y))"
          }
        },
        {
          "fitness": 0,
          "expressions": {
            "r": "mul(max(x,var(tan(x))),0.17181349)",
            "b": "mul(max(0.18289518,var(tan(x))),0.8551998)",
            "g": "mul(max(y,var(tan(0.12365961))),0.571713)"
          }
        },
        {
          "fitness": 0,
          "expressions": {
            "r": "var(pow(auh(var(add(0.3441682,aul(sin(aul(y,tan(div(y,0.44052386)))),sin(y)))),mul(div(y,auh(x,x)),mul(sin(x),y))),cos(0.64186954)))",
            "b": "var(pow(auh(var(add(y,aul(sin(aul(x,tan(div(y,y)))),sin(0.705184)))),mul(div(x,auh(y,x)),mul(sin(0.45465565),0.050691366))),cos(0.09707165)))",
            "g": "var(pow(auh(var(add(y,aul(sin(aul(y,tan(div(x,0.16324472)))),sin(0.24882841)))),mul(div(x,auh(x,0.80927134)),mul(sin(x),0.095165014))),cos(y)))"
          }
        },
        {
          "fitness": 0,
          "expressions": {
            "r": "min(tan(cos(x)),min(pow(x,aul(aud(0.2049675,cos(add(y,0.9004836))),tan(sin(0.7642267)))),var(x)))",
            "b": "min(tan(cos(y)),min(pow(y,aul(aud(y,cos(add(y,y))),tan(sin(y)))),var(x)))",
            "g": "min(tan(cos(0.34895372)),min(pow(y,aul(aud(0.41356277,cos(add(0.15107894,0.708025))),tan(sin(0.46462536)))),var(x)))"
          }
        },
        {
          "fitness": 0,
          "expressions": {
            "r": "add(tan(0.6236861),x)",
            "b": "add(tan(0.49416018),y)",
            "g": "add(tan(x),x)"
          }
        },
        {
          "fitness": 0,
          "expressions": {
            "r": "sin(min(aul(x,add(x,x)),sub(pow(x,y),mul(y,aud(pow(cos(sin(min(x,y))),0.929703),y)))))",
            "b": "sin(min(aul(y,add(x,y)),sub(pow(y,y),mul(0.54741454,aud(pow(cos(sin(min(x,0.89234495))),0.051154137),y)))))",
            "g": "sin(min(aul(0.40108895,add(0.09231973,x)),sub(pow(0.8439851,x),mul(0.84379816,aud(pow(cos(sin(min(0.71531343,y))),x),0.9989717)))))"
          }
        },
        {
          "fitness": 0,
          "expressions": {
            "r": "sub(var(aul(0.12796497,x)),0.3004508)",
            "b": "sub(var(aul(0.43495417,0.9351413)),0.8551998)",
            "g": "sub(var(aul(y,x)),0.571713)"
          }
        }
      ],
      "timestamp": "19h:42m:30s"
    },
    {
      "generation": 2,
      "ascendantID": "a89pf7pn-rdua-hngz-uis1-dfnkogc8oxpk",
      "id": "35lcdmch-xl3t-y4l3-alh3-2k5bwm9rqofz",
      "individuals": [
        {
          "fitness": 0,
          "expressions": {
            "r": "sub(max(x,y),0.17181349)",
            "b": "sub(max(0.18289518,0.7994201),0.8551998)",
            "g": "sub(max(y,y),0.571713)"
          }
        },
        {
          "fitness": 0,
          "expressions": {
            "r": "sub(min(x,y),y)",
            "b": "sub(min(y,0.5791273),0.8551998)",
            "g": "sub(min(0.18258047,y),0.571713)"
          }
        },
        {
          "fitness": 0,
          "expressions": {
            "r": "cos(var(add(div(sin(div(sub(sub(y,x),add(0.7251167,0.56895494)),x)),add(mul(mul(y,div(x,x)),aul(max(max(x,0.757226),x),min(x,0.23936272))),x)),x)))",
            "b": "cos(var(add(div(sin(div(sub(sub(y,y),add(x,0.92110705)),0.5650623)),add(mul(mul(y,div(0.16900992,x)),aul(max(max(x,0.07033968),x),min(x,0.012863159))),x)),x)))",
            "g": "cos(var(add(div(sin(div(sub(sub(x,y),add(x,x)),x)),add(mul(mul(x,div(0.5939312,y)),aul(max(max(y,0.32387638),y),min(0.70460105,y))),y)),y)))"
          }
        },
        {
          "fitness": 0,
          "expressions": {
            "r": "add(div(x,0.59598875),auh(aud(0.19017696,max(var(x),sin(mul(sub(y,y),var(sin(x)))))),min(x,add(sub(0.6345906,sub(0.76893926,pow(auh(mul(tan(0.13715935),x),0.23102283),sin(sub(sub(y,0.48695755),aul(x,y)))))),cos(pow(y,max(auh(x,0.07077122),sin(y))))))))",
            "b": "add(div(y,0.19171596),auh(aud(x,max(var(x),sin(mul(sub(x,0.21327615),var(sin(y)))))),min(y,add(sub(y,sub(0.6199858,pow(auh(mul(tan(y),x),x),sin(sub(sub(y,y),aul(x,x)))))),cos(pow(x,max(auh(0.016856432,x),sin(y))))))))",
            "g": "add(div(y,y),auh(aud(y,max(var(0.57107306),sin(mul(sub(0.6751461,x),var(sin(y)))))),min(y,add(sub(x,sub(y,pow(auh(mul(tan(0.8957679),y),x),sin(sub(sub(x,x),aul(0.32400012,0.21591163)))))),cos(pow(0.7615788,max(auh(0.91321397,y),sin(y))))))))"
          }
        },
        {
          "fitness": 0,
          "expressions": {
            "r": "add(mul(x,0.59598875),x)",
            "b": "add(mul(y,0.19171596),0.49592423)",
            "g": "add(mul(y,y),x)"
          }
        },
        {
          "fitness": 0,
          "expressions": {
            "r": "add(max(x,y),0.17181349)",
            "b": "add(max(0.18289518,0.7994201),0.8551998)",
            "g": "add(max(y,y),0.571713)"
          }
        },
        {
          "fitness": 0,
          "expressions": {
            "r": "mul(tan(aul(0.12796497,auh(x,div(pow(max(aul(div(cos(x),max(y,x)),auh(tan(0.19932461),var(x))),y),y),min(cos(y),sub(y,y)))))),0.3004508)",
            "b": "mul(tan(aul(0.5441003,auh(y,div(pow(max(aul(div(cos(x),max(y,0.16644955)),auh(tan(x),var(x))),y),y),min(cos(x),sub(0.444901,x)))))),0.8551998)",
            "g": "mul(tan(aul(y,auh(x,div(pow(max(aul(div(cos(x),max(0.8386016,y)),auh(tan(y),var(x))),0.5661943),x),min(cos(0.6350136),sub(x,0.58990765)))))),0.571713)"
          }
        },
        {
          "fitness": 0,
          "expressions": {
            "r": "aud(pow(add(max(auh(aul(sub(x,div(0.2534237,y)),y),max(div(0.68050146,x),x)),aud(aul(0.6924083,y),x)),sub(y,add(x,sin(y)))),y),aul(min(y,0.9948194),0.7213335))",
            "b": "aud(pow(add(max(auh(aul(sub(0.21741629,div(x,0.30168557)),0.2684791),max(div(y,0.11167812),0.16299438)),aud(aul(x,0.5958235),y)),sub(y,add(x,sin(0.8470309)))),0.36423302),aul(min(x,0.13125467),y))",
            "g": "aud(pow(add(max(auh(aul(sub(x,div(0.3108406,x)),y),max(div(y,x),x)),aud(aul(x,y),y)),sub(0.1599729,add(x,sin(x)))),0.06777716),aul(min(0.3029213,0.53257275),y))"
          }
        },
        {
          "fitness": 0,
          "expressions": {
            "r": "add(y,0.17181349)",
            "b": "add(x,0.8551998)",
            "g": "add(x,0.571713)"
          }
        },
        {
          "fitness": 0,
          "expressions": {
            "r": "sub(tan(aul(0.12796497,x)),0.3004508)",
            "b": "sub(tan(aul(0.62570524,0.18289518)),0.8551998)",
            "g": "sub(tan(aul(y,y)),0.571713)"
          }
        },
        {
          "fitness": 0,
          "expressions": {
            "r": "add(div(x,tan(y)),x)",
            "b": "add(div(y,tan(0.73287916)),0.49592423)",
            "g": "add(div(y,tan(0.18583655)),x)"
          }
        },
        {
          "fitness": 0,
          "expressions": {
            "r": "add(tan(0.6236861),tan(min(0.54816675,0.7474518)))",
            "b": "add(tan(0.49416018),tan(min(x,y)))",
            "g": "add(tan(x),tan(min(x,0.7434182)))"
          }
        },
        {
          "fitness": 0,
          "expressions": {
            "r": "mul(0.6221211,x)",
            "b": "mul(0.5543041,0.9511976)",
            "g": "mul(y,0.17226171)"
          }
        },
        {
          "fitness": 0,
          "expressions": {
            "r": "mul(y,0.25738096)",
            "b": "mul(x,0.8551998)",
            "g": "mul(y,0.571713)"
          }
        },
        {
          "fitness": 0,
          "expressions": {
            "r": "sub(max(y,y),0.2620654)",
            "b": "sub(max(y,0.7994201),0.8551998)",
            "g": "sub(max(0.19911408,y),0.571713)"
          }
        },
        {
          "fitness": 0,
          "expressions": {
            "r": "sub(max(x,y),0.17181349)",
            "b": "sub(max(0.18289518,1.0),0.8551998)",
            "g": "sub(max(y,y),0.571713)"
          }
        },
        {
          "fitness": 0,
          "expressions": {
            "r": "add(min(auh(mul(y,pow(min(cos(0.042051792),auh(y,y)),0.107748985)),x),x),x)",
            "b": "add(min(auh(mul(x,pow(min(cos(0.7754121),auh(y,0.0338459)),y)),0.3595693),y),x)",
            "g": "add(min(auh(mul(0.5104878,pow(min(cos(0.30345774),auh(y,x)),y)),y),y),y)"
          }
        },
        {
          "fitness": 0,
          "expressions": {
            "r": "sub(var(auh(0.12796497,0.22785902)),0.3004508)",
            "b": "sub(var(auh(0.43495417,y)),0.8551998)",
            "g": "sub(var(auh(y,x)),0.571713)"
          }
        }
      ],
      "timestamp": "19h:42m:56s"
    }
  ],
  "timestamp": "2024-07-31-19-42-20"
}