{
  "id": "pafgni6p-4syd-536p-122m-oyxfux8xxtuc",
  "parameters": {
    "crossoverRate": 0.30000001192092896,
    "eliteSize": 2,
    "tournamentSize": 3,
    "mutationRate": 0.8999999761581421,
    "populationSize": 10
  },
  "populations": [
    {
      "generation": 0,
      "id": "y3slsnv6-3q4u-04do-gsw7-wnkdv8zyadbb",
      "individuals": [
        {
          "fitness": 0,
          "expressions": {
            "r": "(min(y,(y/0.4013831))+y)",
            "b": "(min(y,(y/0.11982465))+x)",
            "g": "(min(x,(0.49296123/0.71191317))+0.5748523)"
          }
        },
        {
          "fitness": 0,
          "expressions": {
            "r": "(0.011347175+y)",
            "b": "(x+x)",
            "g": "(0.9476495+0.3628825)"
          }
        },
        {
          "fitness": 0,
          "expressions": {
            "r": "(var(min(y,y))-tan(aud(x,x)))",
            "b": "(var(min(0.37632036,y))-tan(aud(y,x)))",
            "g": "(var(min(y,x))-tan(aud(y,x)))"
          }
        },
        {
          "fitness": 0,
          "expressions": {
            "r": "(y+y)",
            "b": "(0.07074684+0.5124541)",
            "g": "(x+0.24998975)"
          }
        },
        {
          "fitness": 0,
          "expressions": {
            "r": "(0.38083023+x)",
            "b": "(x+0.7783724)",
            "g": "(x+x)"
          }
        },
        {
          "fitness": 0,
          "expressions": {
            "r": "(0.81010044+x)",
            "b": "(y+x)",
            "g": "(y+0.5826448)"
          }
        },
        {
          "fitness": 0,
          "expressions": {
            "r": "(x+y)",
            "b": "(y+0.7572881)",
            "g": "(x+0.6173156)"
          }
        },
        {
          "fitness": 0,
          "expressions": {
            "r": "(x+y)",
            "b": "(y+y)",
            "g": "(0.3069368+x)"
          }
        },
        {
          "fitness": 0,
          "expressions": {
            "r": "max(0.48491764,x)",
            "b": "max(0.3166836,y)",
            "g": "max(x,x)"
          }
        },
        {
          "fitness": 0,
          "expressions": {
            "r": "auh(sin(x),(0.46882188*aul(y,y)))",
            "b": "auh(sin(y),(x*aul(y,x)))",
            "g": "auh(sin(y),(x*aul(y,x)))"
          }
        },
        {
          "fitness": 0,
          "expressions": {
            "r": "auh(y,tan(0.32055008))",
            "b": "auh(x,tan(x))",
            "g": "auh(y,tan(x))"
          }
        },
        {
          "fitness": 0,
          "expressions": {
            "r": "cos((var(0.8642925)+x))",
            "b": "cos((var(x)+x))",
            "g": "cos((var(y)+x))"
          }
        },
        {
          "fitness": 0,
          "expressions": {
            "r": "aul(aud(pow(0.20833361,0.40383303),aud(0.11198026,x)),auh(y,(y+0.69454944)))",
            "b": "aul(aud(pow(x,y),aud(0.4481297,0.58337206)),auh(0.5168481,(y+y)))",
            "g": "aul(aud(pow(y,0.91892374),aud(x,x)),auh(x,(0.7986746+0.064195275)))"
          }
        },
        {
          "fitness": 0,
          "expressions": {
            "r": "(0.93149185+y)",
            "b": "(x+y)",
            "g": "(0.25144833+x)"
          }
        },
        {
          "fitness": 0,
          "expressions": {
            "r": "(x+y)",
            "b": "(x+x)",
            "g": "(y+0.610491)"
          }
        },
        {
          "fitness": 0,
          "expressions": {
            "r": "(x+x)",
            "b": "(x+y)",
            "g": "(0.97888416+y)"
          }
        },
        {
          "fitness": 0,
          "expressions": {
            "r": "(0.075452685+0.5424063)",
            "b": "(x+y)",
            "g": "(y+0.6102142)"
          }
        },
        {
          "fitness": 0,
          "expressions": {
            "r": "aud(x,tan(x))",
            "b": "aud(0.046591938,tan(0.7886111))",
            "g": "aud(y,tan(0.42957562))"
          }
        }
      ],
      "timestamp": "23h:23m:55s"
    },
    {
      "generation": 1,
      "ascendantID": "y3slsnv6-3q4u-04do-gsw7-wnkdv8zyadbb",
      "id": "w3mnql7l-sl0v-kiou-hnku-b5s8oao8pf6m",
      "individuals": [
        {
          "fitness": 0,
          "expressions": {
            "r": "(min(y,(y/0.4013831))+y)",
            "b": "(min(y,(y/0.11982465))+x)",
            "g": "(min(x,(0.49296123/0.71191317))+0.5748523)"
          }
        },
        {
          "fitness": 0,
          "expressions": {
            "r": "(x+x)",
            "b": "(x+y)",
            "g": "(0.97888416+y)"
          }
        },
        {
          "fitness": 0,
          "expressions": {
            "r": "(x+y)",
            "b": "(x+x)",
            "g": "(y+0.610491)"
          }
        },
        {
          "fitness": 0,
          "expressions": {
            "r": "(0.011347175+y)",
            "b": "(x+x)",
            "g": "(0.9476495+0.3628825)"
          }
        },
        {
          "fitness": 0,
          "expressions": {
            "r": "(y+x)",
            "b": "(x+y)",
            "g": "(0.7731017+y)"
          }
        },
        {
          "fitness": 0,
          "expressions": {
            "r": "(min(y,(y/pow(0.6245801,0.0)))*y)",
            "b": "(min(y,(x/pow(y,0.0)))*x)",
            "g": "(min(x,(0.49296123/pow(x,0.0)))*0.5748523)"
          }
        },
        {
          "fitness": 0,
          "expressions": {
            "r": "(x+(pow(0.4602061,y)-aul(max(y,0.038763106),x)))",
            "b": "(x+(pow(0.9773587,x)-aul(max(0.42548364,y),x)))",
            "g": "(y+(pow(y,x)-aul(max(y,x),x)))"
          }
        },
        {
          "fitness": 0,
          "expressions": {
            "r": "aul(x,tan(x))",
            "b": "aul(0.046591938,tan(0.7886111))",
            "g": "aul(y,tan(0.42957562))"
          }
        },
        {
          "fitness": 0,
          "expressions": {
            "r": "min(0.48491764,x)",
            "b": "min(0.3166836,y)",
            "g": "min(x,x)"
          }
        },
        {
          "fitness": 0,
          "expressions": {
            "r": "(0.0+y)",
            "b": "(x+x)",
            "g": "(0.9476495+0.3628825)"
          }
        },
        {
          "fitness": 0,
          "expressions": {
            "r": "(0.20833361+var(aul(y,sin(y))))",
            "b": "(x+var(aul(x,sin(0.3333065))))",
            "g": "(y+var(aul(0.27366704,sin(x))))"
          }
        },
        {
          "fitness": 0,
          "expressions": {
            "r": "(x+y)",
            "b": "(y+0.52746874)",
            "g": "(0.3069368+0.3161003)"
          }
        },
        {
          "fitness": 0,
          "expressions": {
            "r": "(x+y)",
            "b": "(x+x)",
            "g": "(y+0.610491)"
          }
        },
        {
          "fitness": 0,
          "expressions": {
            "r": "(0.075452685+0.48491764)",
            "b": "(x+0.3166836)",
            "g": "(y+x)"
          }
        },
        {
          "fitness": 0,
          "expressions": {
            "r": "auh(sin(x),x)",
            "b": "auh(sin(y),y)",
            "g": "auh(sin(y),0.03397107)"
          }
        },
        {
          "fitness": 0,
          "expressions": {
            "r": "(0.38083023+x)",
            "b": "(x+0.7783724)",
            "g": "(x+x)"
          }
        },
        {
          "fitness": 0,
          "expressions": {
            "r": "(0.075452685+0.5424063)",
            "b": "(x+y)",
            "g": "(y+0.6102142)"
          }
        },
        {
          "fitness": 0,
          "expressions": {
            "r": "max(0.48491764,cos(x))",
            "b": "max(0.3166836,cos(x))",
            "g": "max(x,cos(x))"
          }
        }
      ],
      "timestamp": "23h:23m:56s"
    }
  ],
  "timestamp": "2024-07-24-23-23-53"
}