{
  "id": "patdxfrg-zfej-qnw0-lw65-rc85zuem4nib",
  "parameters": {
    "crossoverRate": 0.30000001192092896,
    "eliteSize": 2,
    "tournamentSize": 3,
    "mutationRate": 0.8999999761581421,
    "populationSize": 10
  },
  "populations": [{
    "generation": 0,
    "id": "j36pu8kd-vvnd-3f2x-ba4d-xqjv5bi2vxuz",
    "individuals": [
      {
        "fitness": 0,
        "expressions": {
          "r": "(x+y)",
          "b": "(y+x)",
          "g": "(y+0.9510087)"
        }
      },
      {
        "fitness": 0,
        "expressions": {
          "r": "(y+x)",
          "b": "(x+0.9458381)",
          "g": "(y+0.61471814)"
        }
      },
      {
        "fitness": 0,
        "expressions": {
          "r": "auh(y,max((0.20572972+y),sin(x)))",
          "b": "auh(x,max((0.9912788+y),sin(0.5527743)))",
          "g": "auh(y,max((y+y),sin(x)))"
        }
      },
      {
        "fitness": 0,
        "expressions": {
          "r": "aud(y,y)",
          "b": "aud(0.22541302,0.8261488)",
          "g": "aud(y,x)"
        }
      },
      {
        "fitness": 0,
        "expressions": {
          "r": "(((x*x)-min(x,0.3042537))+x)",
          "b": "(((y*0.65072876)-min(0.681066,0.77281755))+x)",
          "g": "(((0.8475053*0.9560598)-min(x,y))+x)"
        }
      },
      {
        "fitness": 0,
        "expressions": {
          "r": "(aud((y*x),max(y,y))+(cos(y)/sin(0.34979331)))",
          "b": "(aud((x*0.7281001),max(y,x))+(cos(0.57290393)/sin(0.07183564)))",
          "g": "(aud((0.513351*y),max(0.27967876,y))+(cos(y)/sin(y)))"
        }
      },
      {
        "fitness": 0,
        "expressions": {
          "r": "tan(y)",
          "b": "tan(0.83470756)",
          "g": "tan(0.5871713)"
        }
      },
      {
        "fitness": 0,
        "expressions": {
          "r": "auh(0.5586952,tan(max(x,0.4292534)))",
          "b": "auh(0.4556222,tan(max(y,y)))",
          "g": "auh(0.10298431,tan(max(y,0.9783105)))"
        }
      },
      {
        "fitness": 0,
        "expressions": {
          "r": "(y+y)",
          "b": "(x+y)",
          "g": "(y+0.75367445)"
        }
      },
      {
        "fitness": 0,
        "expressions": {
          "r": "var(auh((x*x),0.21001428))",
          "b": "var(auh((y*0.37889242),0.67901766))",
          "g": "var(auh((y*x),y))"
        }
      },
      {
        "fitness": 0,
        "expressions": {
          "r": "(x+0.9418248)",
          "b": "(x+y)",
          "g": "(y+x)"
        }
      },
      {
        "fitness": 0,
        "expressions": {
          "r": "(aul((0.27411175+x),y)/sin((y/0.14819884)))",
          "b": "(aul((y+x),x)/sin((y/y)))",
          "g": "(aul((y+x),y)/sin((0.28710955/y)))"
        }
      },
      {
        "fitness": 0,
        "expressions": {
          "r": "(y+0.22647715)",
          "b": "(x+x)",
          "g": "(x+0.27351397)"
        }
      },
      {
        "fitness": 0,
        "expressions": {
          "r": "aud(auh(pow(y,0.71180284),0.655384),aul(x,pow(y,y)))",
          "b": "aud(auh(pow(x,x),y),aul(0.023440182,pow(x,x)))",
          "g": "aud(auh(pow(x,0.38762534),x),aul(0.18587244,pow(0.26013547,x)))"
        }
      },
      {
        "fitness": 0,
        "expressions": {
          "r": "(y-aul((0.058923483+y),(x-0.10542655)))",
          "b": "(y-aul((x+y),(x-x)))",
          "g": "(0.8859451-aul((x+0.3361153),(x-y)))"
        }
      },
      {
        "fitness": 0,
        "expressions": {
          "r": "(y+0.81767195)",
          "b": "(x+0.20321971)",
          "g": "(x+x)"
        }
      },
      {
        "fitness": 0,
        "expressions": {
          "r": "(x+0.533562)",
          "b": "(x+y)",
          "g": "(0.15688795+0.3262748)"
        }
      },
      {
        "fitness": 0,
        "expressions": {
          "r": "(y+x)",
          "b": "(0.62232095+x)",
          "g": "(0.5715646+y)"
        }
      }
    ],
    "timestamp": "18h:2m:32s"
  }],
  "timestamp": "2024-07-04-18-02-30"
}