{
  "id": "peqyp163-g064-jizw-000y-0i65rctlwsi5",
  "parameters": {
    "crossoverRate": 0.30000001192092896,
    "eliteSize": 2,
    "tournamentSize": 3,
    "mutationRate": 0.8999999761581421,
    "populationSize": 10
  },
  "populations": [{
    "generation": 0,
    "id": "5cq786ux-d4fw-dgvb-8qw1-4gyvuhos9c3l",
    "individuals": [
      {
        "fitness": 0,
        "expressions": {
          "r": "(x+y)",
          "b": "(x+y)",
          "g": "(x+y)"
        }
      },
      {
        "fitness": 0,
        "expressions": {
          "r": "(y/aud(0.5914058,0.6800954))",
          "b": "(0.11697328/aud(x,x))",
          "g": "(y/aud(x,y))"
        }
      },
      {
        "fitness": 0,
        "expressions": {
          "r": "(0.59165776+x)",
          "b": "(x+y)",
          "g": "(x+0.05219972)"
        }
      },
      {
        "fitness": 0,
        "expressions": {
          "r": "(0.6831826+0.1902101)",
          "b": "(x+x)",
          "g": "(0.9078419+x)"
        }
      },
      {
        "fitness": 0,
        "expressions": {
          "r": "(0.7385618+0.22761315)",
          "b": "(x+x)",
          "g": "(0.3310184+0.46643436)"
        }
      },
      {
        "fitness": 0,
        "expressions": {
          "r": "(x+y)",
          "b": "(x+0.11125517)",
          "g": "(0.24587578+x)"
        }
      },
      {
        "fitness": 0,
        "expressions": {
          "r": "((var(x)*0.45179933)/aud(aul(0.034423113,y),0.34160775))",
          "b": "((var(x)*x)/aud(aul(0.20092285,0.46598357),0.79637253))",
          "g": "((var(y)*x)/aud(aul(0.3645435,y),y))"
        }
      },
      {
        "fitness": 0,
        "expressions": {
          "r": "pow(sin(min(x,x)),min(y,x))",
          "b": "pow(sin(min(0.49505478,0.5774912)),min(y,x))",
          "g": "pow(sin(min(y,y)),min(y,y))"
        }
      },
      {
        "fitness": 0,
        "expressions": {
          "r": "(x+0.73652744)",
          "b": "(0.8470738+x)",
          "g": "(0.9913936+0.94859505)"
        }
      },
      {
        "fitness": 0,
        "expressions": {
          "r": "min(pow(y,0.8792158),(pow(x,y)-aul(x,0.7735024)))",
          "b": "min(pow(y,y),(pow(y,x)-aul(0.16559422,x)))",
          "g": "min(pow(0.12337124,x),(pow(0.75281686,y)-aul(x,y)))"
        }
      },
      {
        "fitness": 0,
        "expressions": {
          "r": "sin(0.34307188)",
          "b": "sin(x)",
          "g": "sin(x)"
        }
      },
      {
        "fitness": 0,
        "expressions": {
          "r": "(x/0.96351814)",
          "b": "(x/x)",
          "g": "(0.10841292/x)"
        }
      },
      {
        "fitness": 0,
        "expressions": {
          "r": "cos(min(x,(y-0.4911402)))",
          "b": "cos(min(0.82871246,(0.7009483-0.30105633)))",
          "g": "cos(min(0.68357474,(0.48357064-0.35908931)))"
        }
      },
      {
        "fitness": 0,
        "expressions": {
          "r": "var(sin(var(x)))",
          "b": "var(sin(var(y)))",
          "g": "var(sin(var(0.87764704)))"
        }
      },
      {
        "fitness": 0,
        "expressions": {
          "r": "(y+x)",
          "b": "(x+0.28075433)",
          "g": "(y+x)"
        }
      },
      {
        "fitness": 0,
        "expressions": {
          "r": "cos(auh(var(y),x))",
          "b": "cos(auh(var(0.7880126),x))",
          "g": "cos(auh(var(x),x))"
        }
      },
      {
        "fitness": 0,
        "expressions": {
          "r": "(0.13055277+y)",
          "b": "(y+y)",
          "g": "(x+0.4705789)"
        }
      },
      {
        "fitness": 0,
        "expressions": {
          "r": "(0.4490506+x)",
          "b": "(x+0.08884603)",
          "g": "(0.70517474+x)"
        }
      }
    ],
    "timestamp": "17h:38m:47s"
  }],
  "timestamp": "2024-07-04-17-38-46"
}