{
  "id": "pqnusb5i-dyuj-hbs1-s0xb-pmfwj0v65wlw",
  "parameters": {
    "crossoverRate": 0.30000001192092896,
    "eliteSize": 2,
    "tournamentSize": 3,
    "mutationRate": 0.8999999761581421,
    "populationSize": 10
  },
  "populations": [{
    "generation": 0,
    "id": "qfeutgd5-sf0n-52xu-ea53-w91ctofvza9t",
    "individuals": [
      {
        "fitness": 0,
        "expressions": {
          "r": "(y+x)",
          "b": "(x+0.9961617)",
          "g": "(0.99905384+y)"
        }
      },
      {
        "fitness": 0,
        "expressions": {
          "r": "aul((x/x),y)",
          "b": "aul((y/x),0.36802644)",
          "g": "aul((0.29352057/y),y)"
        }
      },
      {
        "fitness": 0,
        "expressions": {
          "r": "(y+0.0045679808)",
          "b": "(y+x)",
          "g": "(y+x)"
        }
      },
      {
        "fitness": 0,
        "expressions": {
          "r": "(0.84108657+x)",
          "b": "(0.7770163+x)",
          "g": "(y+y)"
        }
      },
      {
        "fitness": 0,
        "expressions": {
          "r": "(x+0.71651155)",
          "b": "(y+y)",
          "g": "(y+0.50690407)"
        }
      },
      {
        "fitness": 0,
        "expressions": {
          "r": "(0.49065024+x)",
          "b": "(x+0.86641484)",
          "g": "(x+x)"
        }
      },
      {
        "fitness": 0,
        "expressions": {
          "r": "max(cos((0.63896674*x)),(0.17331326+auh(0.3274244,x)))",
          "b": "max(cos((0.76921624*y)),(y+auh(0.88681966,x)))",
          "g": "max(cos((0.28767496*0.124341846)),(x+auh(x,0.25261492)))"
        }
      },
      {
        "fitness": 0,
        "expressions": {
          "r": "(x+0.3732714)",
          "b": "(x+x)",
          "g": "(0.23053426+y)"
        }
      },
      {
        "fitness": 0,
        "expressions": {
          "r": "(x+0.67610836)",
          "b": "(0.3929202+x)",
          "g": "(0.14607596+0.94287944)"
        }
      },
      {
        "fitness": 0,
        "expressions": {
          "r": "pow(min(x,var(0.7278514)),((x-0.6258411)*sin(0.31846637)))",
          "b": "pow(min(y,var(x)),((x-y)*sin(x)))",
          "g": "pow(min(0.24331051,var(0.4770214)),((0.15533084-0.026203573)*sin(0.7930348)))"
        }
      },
      {
        "fitness": 0,
        "expressions": {
          "r": "(aud(0.5292254,0.9666227)+x)",
          "b": "(aud(0.004024923,x)+0.9881578)",
          "g": "(aud(0.3187666,y)+y)"
        }
      },
      {
        "fitness": 0,
        "expressions": {
          "r": "auh(cos((0.16118467*y)),tan((x-0.826375)))",
          "b": "auh(cos((0.6691008*x)),tan((0.8894289-0.6964717)))",
          "g": "auh(cos((y*y)),tan((x-x)))"
        }
      },
      {
        "fitness": 0,
        "expressions": {
          "r": "aud(cos(cos(0.54515755)),0.089497805)",
          "b": "aud(cos(cos(y)),x)",
          "g": "aud(cos(cos(0.28354937)),x)"
        }
      },
      {
        "fitness": 0,
        "expressions": {
          "r": "(y+0.44123322)",
          "b": "(y+x)",
          "g": "(0.2429527+x)"
        }
      },
      {
        "fitness": 0,
        "expressions": {
          "r": "tan(pow((0.30258983-x),0.9482367))",
          "b": "tan(pow((0.3598922-x),y))",
          "g": "tan(pow((0.560363-y),y))"
        }
      },
      {
        "fitness": 0,
        "expressions": {
          "r": "(0.6932929+0.057215452)",
          "b": "(y+0.20388007)",
          "g": "(0.8156256+y)"
        }
      },
      {
        "fitness": 0,
        "expressions": {
          "r": "(0.2824341+0.37548655)",
          "b": "(0.58608645+0.8037486)",
          "g": "(x+y)"
        }
      },
      {
        "fitness": 0,
        "expressions": {
          "r": "(x+y)",
          "b": "(x+y)",
          "g": "(0.44982362+y)"
        }
      }
    ],
    "timestamp": "17h:13m:10s"
  }],
  "timestamp": "2024-07-04-17-13-08"
}