{
  "id": "pu0hnqnf-vphs-v0me-l3uo-6uh9bwcqem82",
  "parameters": {
    "crossoverRate": 0,
    "eliteSize": 0,
    "tournamentSize": 0,
    "mutationRate": 0,
    "populationSize": 0
  },
  "populations": [{
    "generation": 0,
    "id": "gkjbhcbx-vxx7-0j1e-rmde-h93f3jlxhn1i",
    "individuals": [
      {
        "fitness": 0,
        "expressions": {
          "r": "x",
          "b": "x",
          "g": "y"
        }
      },
      {
        "fitness": 0,
        "expressions": {
          "r": "x",
          "b": "x",
          "g": "0.14153528"
        }
      },
      {
        "fitness": 0,
        "expressions": {
          "r": "y",
          "b": "0.49328732",
          "g": "0.64137125"
        }
      },
      {
        "fitness": 0,
        "expressions": {
          "r": "y",
          "b": "x",
          "g": "x"
        }
      },
      {
        "fitness": 0,
        "expressions": {
          "r": "y",
          "b": "x",
          "g": "0.48840594"
        }
      },
      {
        "fitness": 0,
        "expressions": {
          "r": "y",
          "b": "x",
          "g": "x"
        }
      },
      {
        "fitness": 0,
        "expressions": {
          "r": "y",
          "b": "x",
          "g": "y"
        }
      },
      {
        "fitness": 0,
        "expressions": {
          "r": "y",
          "b": "x",
          "g": "x"
        }
      },
      {
        "fitness": 0,
        "expressions": {
          "r": "0.06954336",
          "b": "0.9184561",
          "g": "y"
        }
      },
      {
        "fitness": 0,
        "expressions": {
          "r": "0.75684094",
          "b": "0.88551426",
          "g": "y"
        }
      },
      {
        "fitness": 0,
        "expressions": {
          "r": "x",
          "b": "y",
          "g": "0.05270934"
        }
      },
      {
        "fitness": 0,
        "expressions": {
          "r": "y",
          "b": "0.18010569",
          "g": "x"
        }
      },
      {
        "fitness": 0,
        "expressions": {
          "r": "0.45165396",
          "b": "x",
          "g": "y"
        }
      },
      {
        "fitness": 0,
        "expressions": {
          "r": "x",
          "b": "x",
          "g": "x"
        }
      },
      {
        "fitness": 0,
        "expressions": {
          "r": "y",
          "b": "y",
          "g": "x"
        }
      },
      {
        "fitness": 0,
        "expressions": {
          "r": "y",
          "b": "y",
          "g": "y"
        }
      },
      {
        "fitness": 0,
        "expressions": {
          "r": "0.9700887",
          "b": "y",
          "g": "x"
        }
      },
      {
        "fitness": 0,
        "expressions": {
          "r": "x",
          "b": "y",
          "g": "x"
        }
      }
    ],
    "timestamp": "0h:12m:3s"
  }],
  "timestamp": "2024-07-27-00-12-01"
}