{
  "id": "py2harf4-6rr4-ar4f-wuts-bpnk4nubyvy3",
  "parameters": {
    "crossoverRate": 0.30000001192092896,
    "eliteSize": 2,
    "tournamentSize": 3,
    "mutationRate": 0.8999999761581421,
    "populationSize": 10
  },
  "populations": [{
    "generation": 0,
    "id": "n0qth05r-vpxu-wp54-gk01-vtqe8qw9ohb0",
    "individuals": [
      {
        "fitness": 0,
        "expressions": {
          "r": "(x+0.42382443)",
          "b": "(0.5250449+y)",
          "g": "(0.2918383+0.09948367)"
        }
      },
      {
        "fitness": 0,
        "expressions": {
          "r": "(min(pow(0.31132418,x),x)/0.61796236)",
          "b": "(min(pow(0.09304798,0.5560359),y)/y)",
          "g": "(min(pow(x,y),x)/x)"
        }
      },
      {
        "fitness": 0,
        "expressions": {
          "r": "(0.82934064+y)",
          "b": "(x+y)",
          "g": "(x+0.896361)"
        }
      },
      {
        "fitness": 0,
        "expressions": {
          "r": "(pow(0.17401028,0.11875445)/aud((x/y),x))",
          "b": "(pow(x,0.11843455)/aud((y/y),x))",
          "g": "(pow(x,0.12779331)/aud((x/x),x))"
        }
      },
      {
        "fitness": 0,
        "expressions": {
          "r": "min(aul(auh(y,0.97079855),y),0.7355073)",
          "b": "min(aul(auh(x,x),0.11270714),x)",
          "g": "min(aul(auh(y,y),x),y)"
        }
      },
      {
        "fitness": 0,
        "expressions": {
          "r": "aul(x,x)",
          "b": "aul(y,y)",
          "g": "aul(0.73250896,y)"
        }
      },
      {
        "fitness": 0,
        "expressions": {
          "r": "(x+x)",
          "b": "(0.16553932+x)",
          "g": "(y+0.5022297)"
        }
      },
      {
        "fitness": 0,
        "expressions": {
          "r": "(x+y)",
          "b": "(0.7226849+0.75706816)",
          "g": "(x+y)"
        }
      },
      {
        "fitness": 0,
        "expressions": {
          "r": "(x+x)",
          "b": "(0.767606+0.14165711)",
          "g": "(y+y)"
        }
      },
      {
        "fitness": 0,
        "expressions": {
          "r": "(0.21487427+x)",
          "b": "(0.35917014+0.3468851)",
          "g": "(y+0.5875692)"
        }
      },
      {
        "fitness": 0,
        "expressions": {
          "r": "pow(x,(min(y,y)-(0.07688445+x)))",
          "b": "pow(0.3231504,(min(0.27059966,y)-(y+y)))",
          "g": "pow(x,(min(x,y)-(0.35606056+y)))"
        }
      },
      {
        "fitness": 0,
        "expressions": {
          "r": "(cos(min(x,0.3797264))+y)",
          "b": "(cos(min(y,x))+x)",
          "g": "(cos(min(y,0.34523088))+x)"
        }
      },
      {
        "fitness": 0,
        "expressions": {
          "r": "aud(min(var(y),(y*x)),tan(aud(x,y)))",
          "b": "aud(min(var(x),(y*y)),tan(aud(x,x)))",
          "g": "aud(min(var(0.4803595),(x*0.5246998)),tan(aud(y,0.8585844)))"
        }
      },
      {
        "fitness": 0,
        "expressions": {
          "r": "(x+y)",
          "b": "(0.8454441+0.83273077)",
          "g": "(0.8003197+y)"
        }
      },
      {
        "fitness": 0,
        "expressions": {
          "r": "(sin((0.6698436*x))*(var(x)*y))",
          "b": "(sin((0.8128524*0.92378014))*(var(0.71211594)*y))",
          "g": "(sin((y*x))*(var(0.14057904)*x))"
        }
      },
      {
        "fitness": 0,
        "expressions": {
          "r": "(0.74287623+x)",
          "b": "(x+x)",
          "g": "(x+y)"
        }
      },
      {
        "fitness": 0,
        "expressions": {
          "r": "(x+y)",
          "b": "(y+y)",
          "g": "(y+x)"
        }
      },
      {
        "fitness": 0,
        "expressions": {
          "r": "aud(0.3308857,0.91185236)",
          "b": "aud(x,y)",
          "g": "aud(0.3673076,y)"
        }
      }
    ],
    "timestamp": "23h:20m:25s"
  }],
  "timestamp": "2024-07-24-23-20-23"
}