{
  "id": "qxa9liel-psgg-s25w-wscu-8nu9af7y3gub",
  "parameters": {
    "crossoverRate": 0.30000001192092896,
    "eliteSize": 2,
    "tournamentSize": 3,
    "mutationRate": 0.8999999761581421,
    "populationSize": 10
  },
  "populations": [
    {
      "generation": 0,
      "id": "ennmayzs-66dj-wyzk-u7ql-ag2iqgtb08yd",
      "individuals": [
        {
          "fitness": 0,
          "expressions": {
            "r": "(0.2047677+x)",
            "b": "(0.0016651154+0.9677444)",
            "g": "(y+y)"
          }
        },
        {
          "fitness": 0,
          "expressions": {
            "r": "pow(pow(auh(0.8758312,x),var(x)),0.006487906)",
            "b": "pow(pow(auh(0.2510113,0.90374905),var(x)),x)",
            "g": "pow(pow(auh(0.9841869,y),var(0.16890013)),0.123396635)"
          }
        },
        {
          "fitness": 0,
          "expressions": {
            "r": "(0.6773193/aud(0.2608298,(0.23942327/y)))",
            "b": "(x/aud(y,(0.48845977/y)))",
            "g": "(x/aud(x,(y/y)))"
          }
        },
        {
          "fitness": 0,
          "expressions": {
            "r": "(x+0.9247822)",
            "b": "(x+0.18348885)",
            "g": "(y+x)"
          }
        },
        {
          "fitness": 0,
          "expressions": {
            "r": "aud(y,x)",
            "b": "aud(0.26527065,x)",
            "g": "aud(y,y)"
          }
        },
        {
          "fitness": 0,
          "expressions": {
            "r": "max(cos(x),var(max(x,0.9720179)))",
            "b": "max(cos(0.83920383),var(max(0.7493756,x)))",
            "g": "max(cos(y),var(max(0.246809,0.65321803)))"
          }
        },
        {
          "fitness": 0,
          "expressions": {
            "r": "sin(cos(aud(y,0.2610494)))",
            "b": "sin(cos(aud(y,0.43332303)))",
            "g": "sin(cos(aud(0.05862522,y)))"
          }
        },
        {
          "fitness": 0,
          "expressions": {
            "r": "(x+0.44048738)",
            "b": "(0.55459946+0.7737862)",
            "g": "(x+y)"
          }
        },
        {
          "fitness": 0,
          "expressions": {
            "r": "cos(x)",
            "b": "cos(y)",
            "g": "cos(y)"
          }
        },
        {
          "fitness": 0,
          "expressions": {
            "r": "pow((0.15595812/sin(y)),(x+(x*y)))",
            "b": "pow((y/sin(y)),(x+(0.62848556*y)))",
            "g": "pow((0.13727939/sin(y)),(x+(0.6919373*y)))"
          }
        },
        {
          "fitness": 0,
          "expressions": {
            "r": "var(aul((0.3789736+0.5529422),cos(x)))",
            "b": "var(aul((y+x),cos(x)))",
            "g": "var(aul((y+y),cos(0.7905666)))"
          }
        },
        {
          "fitness": 0,
          "expressions": {
            "r": "cos(0.20408428)",
            "b": "cos(0.32854646)",
            "g": "cos(y)"
          }
        },
        {
          "fitness": 0,
          "expressions": {
            "r": "(y+y)",
            "b": "(y+y)",
            "g": "(x+x)"
          }
        },
        {
          "fitness": 0,
          "expressions": {
            "r": "auh(max(sin(x),0.089108706),y)",
            "b": "auh(max(sin(y),x),y)",
            "g": "auh(max(sin(x),x),y)"
          }
        },
        {
          "fitness": 0,
          "expressions": {
            "r": "(x+0.62809575)",
            "b": "(0.6384596+x)",
            "g": "(0.30527562+x)"
          }
        },
        {
          "fitness": 0,
          "expressions": {
            "r": "(x+0.34705925)",
            "b": "(x+y)",
            "g": "(0.6981411+0.2534287)"
          }
        },
        {
          "fitness": 0,
          "expressions": {
            "r": "(y+y)",
            "b": "(0.85375303+x)",
            "g": "(0.9943637+y)"
          }
        },
        {
          "fitness": 0,
          "expressions": {
            "r": "(pow(pow(y,x),(x-x))*((x*0.22160357)+y))",
            "b": "(pow(pow(y,x),(0.36015344-x))*((y*y)+x))",
            "g": "(pow(pow(y,0.12591237),(y-x))*((y*0.42178166)+y))"
          }
        }
      ],
      "timestamp": "23h:25m:1s"
    },
    {
      "generation": 1,
      "ascendantID": "ennmayzs-66dj-wyzk-u7ql-ag2iqgtb08yd",
      "id": "zvw2tkc2-rg6t-xqpb-zi56-zeovgbp49iib",
      "individuals": [
        {
          "fitness": 0,
          "expressions": {
            "r": "(0.2047677+x)",
            "b": "(0.0016651154+0.9677444)",
            "g": "(y+y)"
          }
        },
        {
          "fitness": 0,
          "expressions": {
            "r": "sin(x)",
            "b": "sin(0.7493756)",
            "g": "sin(0.246809)"
          }
        },
        {
          "fitness": 0,
          "expressions": {
            "r": "aud(y,x)",
            "b": "aud(0.26527065,x)",
            "g": "aud(y,y)"
          }
        },
        {
          "fitness": 0,
          "expressions": {
            "r": "(y+y)",
            "b": "(y+y)",
            "g": "(x+x)"
          }
        },
        {
          "fitness": 0,
          "expressions": {
            "r": "(x+(0.6773193/aud(0.2608298,(0.23942327/y))))",
            "b": "(x+(x/aud(y,(0.48845977/y))))",
            "g": "(y+(x/aud(y,(y/y))))"
          }
        },
        {
          "fitness": 0,
          "expressions": {
            "r": "max(cos(x),aud(auh(x,0.9720179),x))",
            "b": "max(cos(0.83920383),aud(auh(0.7493756,x),y))",
            "g": "max(cos(y),aud(auh(0.23319471,0.65321803),y))"
          }
        },
        {
          "fitness": 0,
          "expressions": {
            "r": "cos((cos(min(y,0.0))/y))",
            "b": "cos((cos(min(0.33653623,0.0))/x))",
            "g": "cos((cos(min(y,0.0))/y))"
          }
        },
        {
          "fitness": 0,
          "expressions": {
            "r": "(x+0.34705925)",
            "b": "(x+y)",
            "g": "(0.6981411+0.3176248)"
          }
        },
        {
          "fitness": 0,
          "expressions": {
            "r": "(x+(((x+y)+aud(x,0.97683316))*0.18719888))",
            "b": "(x+(((y+y)+aud(0.60786366,x))*0.38304323))",
            "g": "(y+(((y+x)+aud(0.7862481,y))*0.98702055))"
          }
        },
        {
          "fitness": 0,
          "expressions": {
            "r": "max(cos(x),tan(max(x,0.9723614)))",
            "b": "max(cos(0.83920383),tan(max(0.7493756,x)))",
            "g": "max(cos(y),tan(max(0.246809,0.5258064)))"
          }
        },
        {
          "fitness": 0,
          "expressions": {
            "r": "sin(cos(aud(y,cos(x))))",
            "b": "sin(cos(aud(y,cos(0.83920383))))",
            "g": "sin(cos(aud(0.05862522,cos(y))))"
          }
        },
        {
          "fitness": 0,
          "expressions": {
            "r": "cos(0.20408428)",
            "b": "cos(0.32854646)",
            "g": "cos(y)"
          }
        },
        {
          "fitness": 0,
          "expressions": {
            "r": "pow((y/sin(y)),(x+(x*y)))",
            "b": "pow((x/sin(y)),(x+(0.70342636*y)))",
            "g": "pow((y/sin(y)),(x+(0.9178555*y)))"
          }
        },
        {
          "fitness": 0,
          "expressions": {
            "r": "pow(pow(auh(0.8758312,0.9720179),var(x)),0.006487906)",
            "b": "pow(pow(auh(0.2510113,x),var(x)),x)",
            "g": "pow(pow(auh(0.9841869,0.65321803),var(0.16890013)),0.32023954)"
          }
        },
        {
          "fitness": 0,
          "expressions": {
            "r": "(y+((x*0.22160357)+y))",
            "b": "(0.85375303+((y*y)+x))",
            "g": "(0.9943637+((y*0.5426525)+y))"
          }
        },
        {
          "fitness": 0,
          "expressions": {
            "r": "(y+y)",
            "b": "(y+y)",
            "g": "(x+x)"
          }
        },
        {
          "fitness": 0,
          "expressions": {
            "r": "(pow(pow(y,x),(x+x))*((x/0.22160357)+y))",
            "b": "(pow(pow(y,x),(0.2325228+x))*((y/y)+x))",
            "g": "(pow(pow(y,0.12591237),(y+x))*((y/0.5778403)+y))"
          }
        },
        {
          "fitness": 0,
          "expressions": {
            "r": "min(tan(x),0.6621292)",
            "b": "min(tan(0.83920383),0.6623565)",
            "g": "min(tan(y),y)"
          }
        }
      ],
      "timestamp": "23h:25m:3s"
    },
    {
      "generation": 2,
      "ascendantID": "zvw2tkc2-rg6t-xqpb-zi56-zeovgbp49iib",
      "id": "mfuhrtgv-ad05-2f2f-jq3m-kibfprgy9y7q",
      "individuals": [
        {
          "fitness": 0,
          "expressions": {
            "r": "(0.2047677+x)",
            "b": "(0.0016651154+0.9677444)",
            "g": "(y+y)"
          }
        },
        {
          "fitness": 0,
          "expressions": {
            "r": "(x/0.49714994)",
            "b": "(0.7739165/y)",
            "g": "(0.3080958/0.35513574)"
          }
        },
        {
          "fitness": 0,
          "expressions": {
            "r": "(y+((x-0.22160357)+y))",
            "b": "(0.85375303+((y-y)+x))",
            "g": "(0.9943637+((y-0.5426525)+y))"
          }
        },
        {
          "fitness": 0,
          "expressions": {
            "r": "(y+y)",
            "b": "(y+y)",
            "g": "(x+x)"
          }
        },
        {
          "fitness": 0,
          "expressions": {
            "r": "(x+0.34705925)",
            "b": "(x+y)",
            "g": "(0.6981411+0.3176248)"
          }
        },
        {
          "fitness": 0,
          "expressions": {
            "r": "(x+0.34705925)",
            "b": "(x+y)",
            "g": "(0.48652562+0.3176248)"
          }
        },
        {
          "fitness": 0,
          "expressions": {
            "r": "min(tan(x),0.6621292)",
            "b": "min(tan(0.83920383),0.5282558)",
            "g": "min(tan(y),y)"
          }
        },
        {
          "fitness": 0,
          "expressions": {
            "r": "(0.2047677+x)",
            "b": "(0.0016651154+0.9677444)",
            "g": "(y+y)"
          }
        },
        {
          "fitness": 0,
          "expressions": {
            "r": "(cos(aud(y,tan(x)))/y)",
            "b": "(cos(aud(y,tan(0.56487626)))/0.2299118)",
            "g": "(cos(aud(0.23598096,tan(x)))/y)"
          }
        },
        {
          "fitness": 0,
          "expressions": {
            "r": "sin(auh(x,0.95675576))",
            "b": "sin(auh(x,0.7243493))",
            "g": "sin(auh(x,0.02143997))"
          }
        },
        {
          "fitness": 0,
          "expressions": {
            "r": "pow((y/sin(y)),(x+(x-y)))",
            "b": "pow((x/sin(y)),(x+(0.70342636-y)))",
            "g": "pow((y/sin(y)),(x+(0.9178555-y)))"
          }
        },
        {
          "fitness": 0,
          "expressions": {
            "r": "sin(cos(aul(y,tan(x))))",
            "b": "sin(cos(aul(y,tan(0.83920383))))",
            "g": "sin(cos(aul(0.05862522,tan(y))))"
          }
        },
        {
          "fitness": 0,
          "expressions": {
            "r": "((cos(cos(0.41259938))/y)+y)",
            "b": "((cos(cos(x))/x)+y)",
            "g": "((cos(cos(y))/y)+x)"
          }
        },
        {
          "fitness": 0,
          "expressions": {
            "r": "pow(pow(auh(0.8758312,0.9720179),var(x)),0.006487906)",
            "b": "pow(pow(auh(0.2510113,x),var(x)),x)",
            "g": "pow(pow(auh(0.9841869,0.65321803),var(0.16890013)),0.32023954)"
          }
        },
        {
          "fitness": 0,
          "expressions": {
            "r": "(pow(pow(y,x),(0.9646119+x))*((x*0.22160357)+y))",
            "b": "(pow(pow(y,x),(0.06842296+x))*((y*y)+x))",
            "g": "(pow(pow(y,0.12591237),(y+x))*((y*0.5778403)+y))"
          }
        },
        {
          "fitness": 0,
          "expressions": {
            "r": "(var(y)+x)",
            "b": "(var(0.26527065)+0.78409535)",
            "g": "(var(y)+y)"
          }
        },
        {
          "fitness": 0,
          "expressions": {
            "r": "(y-y)",
            "b": "(y-y)",
            "g": "(x-x)"
          }
        },
        {
          "fitness": 0,
          "expressions": {
            "r": "max(sin(x),aud(auh(x,0.9720179),x))",
            "b": "max(sin(x),aud(auh(0.7493756,x),y))",
            "g": "max(sin(y),aud(auh(0.23319471,0.82467616),y))"
          }
        }
      ],
      "timestamp": "23h:25m:12s"
    }
  ],
  "timestamp": "2024-07-24-23-24-59"
}