{
  "id": "r301c4kd-o9jy-vsjb-nmtf-jrdwbkgpb3g1",
  "parameters": {
    "crossoverRate": 0.30000001192092896,
    "eliteSize": 2,
    "tournamentSize": 3,
    "mutationRate": 0.8999999761581421,
    "populationSize": 10
  },
  "populations": [{
    "generation": 0,
    "id": "45zzaul8-0t4x-pln8-6j2q-obhdnxnttk0m",
    "individuals": [
      {
        "fitness": 0,
        "expressions": {
          "r": "add(y,y)",
          "b": "add(x,x)",
          "g": "add(x,x)"
        }
      },
      {
        "fitness": 0,
        "expressions": {
          "r": "add(var(0.4511571),var(0.24315834))",
          "b": "add(x,var(0.89065075))",
          "g": "add(y,var(0.36776733))"
        }
      },
      {
        "fitness": 0,
        "expressions": {
          "r": "add(var(0.44162798),y)",
          "b": "add(var(0.4049468),y)",
          "g": "add(y,var(0.938936))"
        }
      },
      {
        "fitness": 0,
        "expressions": {
          "r": "div(max(max(var(0.4857862),y),cos(cos(div(max(sin(0.30724263),0.27903318),tan(var(0.27910757)))))),x)",
          "b": "div(max(max(y,var(0.29568458)),cos(cos(div(max(sin(0.52970433),0.39701486),tan(var(0.47603393)))))),0.8896401)",
          "g": "div(max(max(y,0.6681838),cos(cos(div(max(sin(0.6737921),var(0.6970923)),tan(0.9041083))))),x)"
        }
      },
      {
        "fitness": 0,
        "expressions": {
          "r": "pow(var(0.107084036),x)",
          "b": "pow(y,0.93886256)",
          "g": "pow(x,x)"
        }
      },
      {
        "fitness": 0,
        "expressions": {
          "r": "sin(0.49657536)",
          "b": "sin(var(0.92880654))",
          "g": "sin(y)"
        }
      },
      {
        "fitness": 0,
        "expressions": {
          "r": "mul(div(max(0.17179418,pow(y,y)),add(add(max(tan(x),0.25017953),max(y,sin(mul(min(x,0.06488252),max(x,tan(var(0.20900273))))))),tan(add(max(cos(y),tan(x)),max(y,y))))),min(0.4332397,pow(y,add(sin(tan(sub(div(var(0.73003554),tan(0.9376221)),max(min(cos(x),tan(div(y,sub(max(var(0.7181332),tan(var(0.8162997))),x)))),sub(y,max(0.20195007,sub(y,0.5671432))))))),var(0.024863958)))))",
          "b": "mul(div(max(0.5425389,pow(0.25899506,x)),add(add(max(tan(x),y),max(var(0.8419852),sin(mul(min(0.8070822,y),max(x,tan(x)))))),tan(add(max(cos(x),tan(x)),max(0.7845633,var(0.53461313)))))),min(var(0.6094625),pow(x,add(sin(tan(sub(div(0.8823714,tan(y)),max(min(cos(y),tan(div(0.045491695,sub(max(0.98146844,tan(0.71940875)),0.42565942)))),sub(0.16491318,max(y,sub(var(0.6075721),var(0.53048277)))))))),var(0.30750823)))))",
          "g": "mul(div(max(0.4030242,pow(0.26080346,x)),add(add(max(tan(x),0.11217618),max(y,sin(mul(min(y,0.83844066),max(x,tan(x)))))),tan(add(max(cos(y),tan(0.255924)),max(y,0.4524138))))),min(x,pow(0.49052477,add(sin(tan(sub(div(y,tan(var(0.65238667))),max(min(cos(x),tan(div(0.07297635,sub(max(y,tan(x)),0.6372607)))),sub(x,max(y,sub(var(0.01245904),0.59837866))))))),y))))"
        }
      },
      {
        "fitness": 0,
        "expressions": {
          "r": "sub(pow(sub(y,0.36774874),add(var(0.4394219),sin(0.44867206))),mul(tan(y),pow(add(sub(pow(min(add(min(x,sub(mul(mul(sin(add(x,0.99133706)),sin(x)),div(var(0.5203273),y)),add(x,y))),y),x),var(0.24043894)),var(0.7311249)),div(min(mul(max(0.064516306,mul(var(0.42262435),x)),cos(0.4396)),var(0.96799994)),cos(div(div(var(0.73769903),x),0.8164818)))),sub(var(0.21697855),max(pow(max(var(0.6960952),x),div(cos(min(0.6543367,var(0.580148))),div(y,cos(var(0.08973861))))),x)))))",
          "b": "sub(pow(sub(0.3613348,0.32565808),add(x,sin(x))),mul(tan(x),pow(add(sub(pow(min(add(min(y,sub(mul(mul(sin(add(0.7796693,x)),sin(0.14851332)),div(y,y)),add(var(0.08791208),y))),var(0.06703949)),y),var(0.4620371)),0.1291976),div(min(mul(max(var(0.77866864),mul(x,0.8711672)),cos(x)),y),cos(div(div(var(0.3605132),var(0.429991)),0.5489254)))),sub(y,max(pow(max(x,var(0.71896625)),div(cos(min(0.89270806,x)),div(0.54482746,cos(x)))),0.8786397)))))",
          "g": "sub(pow(sub(y,0.1950922),add(y,sin(x))),mul(tan(y),pow(add(sub(pow(min(add(min(var(0.6395886),sub(mul(mul(sin(add(x,var(0.8223686))),sin(y)),div(y,0.021397829)),add(y,var(0.43673682)))),0.74579954),x),0.6393571),y),div(min(mul(max(var(0.42371964),mul(x,x)),cos(x)),y),cos(div(div(0.02787447,x),x)))),sub(y,max(pow(max(x,y),div(cos(min(y,0.9709439)),div(y,cos(y)))),y)))))"
        }
      },
      {
        "fitness": 0,
        "expressions": {
          "r": "add(var(0.41297197),x)",
          "b": "add(x,0.36140323)",
          "g": "add(y,0.76118827)"
        }
      },
      {
        "fitness": 0,
        "expressions": {
          "r": "div(x,x)",
          "b": "div(0.5659425,x)",
          "g": "div(0.1847732,y)"
        }
      },
      {
        "fitness": 0,
        "expressions": {
          "r": "add(0.47705603,var(0.27467012))",
          "b": "add(y,0.572906)",
          "g": "add(0.35593462,0.0057468414)"
        }
      },
      {
        "fitness": 0,
        "expressions": {
          "r": "mul(y,cos(x))",
          "b": "mul(y,cos(var(0.54166436)))",
          "g": "mul(y,cos(0.9689176))"
        }
      },
      {
        "fitness": 0,
        "expressions": {
          "r": "min(tan(y),mul(min(var(0.89992404),pow(add(x,min(min(cos(x),0.44760442),max(max(y,cos(cos(div(min(max(pow(var(0.29744148),var(0.49174857)),div(x,var(0.013566256))),pow(tan(y),sub(y,x))),cos(0.46993828))))),var(0.051207304)))),x)),min(mul(0.2694385,min(cos(x),sub(mul(0.6139307,var(0.6115606)),y))),var(0.032939196))))",
          "b": "min(tan(var(0.67265654)),mul(min(x,pow(add(0.034896612,min(min(cos(var(0.77615356)),var(0.42910242)),max(max(0.44187784,cos(cos(div(min(max(pow(0.4002757,x),div(0.71951246,0.60715294)),pow(tan(var(0.957911)),sub(y,var(0.6247523)))),cos(x))))),0.36114812))),var(0.51356554))),min(mul(var(0.099769115),min(cos(y),sub(mul(0.35229206,x),x))),var(0.6569116))))",
          "g": "min(tan(x),mul(min(var(0.39050508),pow(add(0.8427565,min(min(cos(0.35676455),x),max(max(y,cos(cos(div(min(max(pow(0.009996176,y),div(x,x)),pow(tan(var(0.7922218)),sub(0.7389648,var(0.6008847)))),cos(x))))),x))),0.30198264)),min(mul(0.34628963,min(cos(y),sub(mul(var(0.28246427),var(0.36332726)),0.50878954))),y)))"
        }
      },
      {
        "fitness": 0,
        "expressions": {
          "r": "sin(sin(x))",
          "b": "sin(sin(var(0.7065146)))",
          "g": "sin(sin(x))"
        }
      },
      {
        "fitness": 0,
        "expressions": {
          "r": "sub(var(0.60673594),x)",
          "b": "sub(x,y)",
          "g": "sub(x,var(0.99438167))"
        }
      },
      {
        "fitness": 0,
        "expressions": {
          "r": "pow(x,var(0.7636168))",
          "b": "pow(y,var(0.7447293))",
          "g": "pow(y,0.8300829)"
        }
      },
      {
        "fitness": 0,
        "expressions": {
          "r": "pow(0.95126176,div(0.03155017,0.7856114))",
          "b": "pow(x,div(y,y))",
          "g": "pow(y,div(var(0.54420495),0.8106513))"
        }
      },
      {
        "fitness": 0,
        "expressions": {
          "r": "mul(sub(mul(min(y,var(0.08895278)),add(mul(x,y),cos(0.52452016))),div(cos(0.55789113),max(y,sub(tan(min(y,max(add(0.6540897,mul(var(0.16062188),y)),var(0.13927841)))),x)))),max(max(var(0.963279),div(var(0.2639203),tan(var(0.13185453)))),x))",
          "b": "mul(sub(mul(min(var(0.87380576),y),add(mul(var(0.22857523),x),cos(0.7028699))),div(cos(var(0.62358046)),max(0.5182221,sub(tan(min(var(0.9095619),max(add(y,mul(var(0.30871534),var(0.099200726))),0.5142338))),var(0.61937475))))),max(max(y,div(0.59246874,tan(x))),y))",
          "g": "mul(sub(mul(min(y,0.91701865),add(mul(var(0.65567183),var(0.166399)),cos(0.51082325))),div(cos(x),max(x,sub(tan(min(var(0.14811254),max(add(x,mul(var(0.533406),0.6489551)),x))),y)))),max(max(x,div(0.04872012,tan(y))),var(0.9797797)))"
        }
      }
    ],
    "timestamp": "23h:39m:45s"
  }],
  "timestamp": "2024-07-25-23-39-38"
}