{
  "id": "rag0hslk-bn7g-v63z-dmeu-atbcfieoiu0z",
  "parameters": {
    "crossoverRate": 0.30000001192092896,
    "eliteSize": 2,
    "tournamentSize": 3,
    "mutationRate": 0.8999999761581421,
    "populationSize": 10
  },
  "populations": [{
    "generation": 0,
    "id": "0dgtqvwi-aakf-kl9b-sd87-ddvtvqeiv4zk",
    "individuals": [
      {
        "fitness": 0,
        "expressions": {
          "r": "auh(min(y,y),aud(x,pow(y,0.4862287)))",
          "b": "auh(min(y,y),aud(0.8882121,pow(y,x)))",
          "g": "auh(min(y,x),aud(x,pow(0.28564954,0.8447975)))"
        }
      },
      {
        "fitness": 0,
        "expressions": {
          "r": "(0.46490157+x)",
          "b": "(x+x)",
          "g": "(y+y)"
        }
      },
      {
        "fitness": 0,
        "expressions": {
          "r": "var(y)",
          "b": "var(0.7575778)",
          "g": "var(0.1895966)"
        }
      },
      {
        "fitness": 0,
        "expressions": {
          "r": "tan(min(bri(0.91937774,x),x))",
          "b": "tan(min(bri(0.5369282,y),y))",
          "g": "tan(min(bri(0.5048193,x),y))"
        }
      },
      {
        "fitness": 0,
        "expressions": {
          "r": "(0.60814244+y)",
          "b": "(y+y)",
          "g": "(0.037065983+0.48616558)"
        }
      },
      {
        "fitness": 0,
        "expressions": {
          "r": "(aud(x,min(y,y))*(var(y)/y))",
          "b": "(aud(x,min(y,y))*(var(x)/y))",
          "g": "(aud(y,min(y,x))*(var(x)/y))"
        }
      },
      {
        "fitness": 0,
        "expressions": {
          "r": "var(aud(y,tan(x)))",
          "b": "var(aud(y,tan(y)))",
          "g": "var(aud(y,tan(x)))"
        }
      },
      {
        "fitness": 0,
        "expressions": {
          "r": "(y+x)",
          "b": "(0.2952962+x)",
          "g": "(0.3997475+y)"
        }
      },
      {
        "fitness": 0,
        "expressions": {
          "r": "(0.28439802+x)",
          "b": "(x+x)",
          "g": "(0.7290918+0.4666636)"
        }
      },
      {
        "fitness": 0,
        "expressions": {
          "r": "(y+0.4994082)",
          "b": "(y+0.5262759)",
          "g": "(0.35169858+x)"
        }
      },
      {
        "fitness": 0,
        "expressions": {
          "r": "bri(0.3021235,0.16532475)",
          "b": "bri(x,0.0227952)",
          "g": "bri(0.8454809,0.4225731)"
        }
      },
      {
        "fitness": 0,
        "expressions": {
          "r": "(y+0.16085404)",
          "b": "(y+y)",
          "g": "(x+x)"
        }
      },
      {
        "fitness": 0,
        "expressions": {
          "r": "max(var(aud(0.03704703,0.051561534)),x)",
          "b": "max(var(aud(y,0.1498214)),x)",
          "g": "max(var(aud(0.86624336,x)),x)"
        }
      },
      {
        "fitness": 0,
        "expressions": {
          "r": "(y+x)",
          "b": "(x+0.6111374)",
          "g": "(0.37195265+x)"
        }
      },
      {
        "fitness": 0,
        "expressions": {
          "r": "max(aud((x*y),0.42078978),0.21246296)",
          "b": "max(aud((0.20558524*0.9679014),0.22425681),0.43518877)",
          "g": "max(aud((0.22137791*x),y),0.5473323)"
        }
      },
      {
        "fitness": 0,
        "expressions": {
          "r": "(0.7365589+y)",
          "b": "(x+x)",
          "g": "(x+x)"
        }
      },
      {
        "fitness": 0,
        "expressions": {
          "r": "(0.30857956+0.9372411)",
          "b": "(x+x)",
          "g": "(x+x)"
        }
      },
      {
        "fitness": 0,
        "expressions": {
          "r": "(0.43512332+x)",
          "b": "(y+y)",
          "g": "(y+0.7416129)"
        }
      }
    ],
    "timestamp": "22h:18m:2s"
  }],
  "timestamp": "2024-07-03-22-17-57"
}