{
  "id": "rs8zbz9l-w2u6-wyva-3toh-3s0y33wh22hg",
  "parameters": {
    "crossoverRate": 0,
    "eliteSize": 0,
    "tournamentSize": 0,
    "mutationRate": 0,
    "populationSize": 0
  },
  "populations": [{
    "generation": 0,
    "id": "ihzldr6s-rzpb-hrmt-r1pr-63r6t16e7yjx",
    "individuals": [
      {
        "fitness": 0,
        "expressions": {
          "r": "mod(x,x)",
          "b": "mod(x,x)",
          "g": "mod(0.25419116,x)"
        }
      },
      {
        "fitness": 0,
        "expressions": {
          "r": "sin(y)",
          "b": "sin(x)",
          "g": "sin(y)"
        }
      },
      {
        "fitness": 0,
        "expressions": {
          "r": "min(0.34781528,0.92674184)",
          "b": "min(x,x)",
          "g": "min(y,y)"
        }
      },
      {
        "fitness": 0,
        "expressions": {
          "r": "add(x,y)",
          "b": "add(0.6149883,0.8023443)",
          "g": "add(x,0.8273225)"
        }
      },
      {
        "fitness": 0,
        "expressions": {
          "r": "add(x,0.28652)",
          "b": "add(x,y)",
          "g": "add(x,y)"
        }
      },
      {
        "fitness": 0,
        "expressions": {
          "r": "add(0.04185176,0.45461297)",
          "b": "add(x,x)",
          "g": "add(x,y)"
        }
      },
      {
        "fitness": 0,
        "expressions": {
          "r": "var(y)",
          "b": "var(y)",
          "g": "var(x)"
        }
      },
      {
        "fitness": 0,
        "expressions": {
          "r": "add(x,x)",
          "b": "add(y,y)",
          "g": "add(0.016026258,y)"
        }
      },
      {
        "fitness": 0,
        "expressions": {
          "r": "add(x,y)",
          "b": "add(y,0.15589762)",
          "g": "add(x,x)"
        }
      },
      {
        "fitness": 0,
        "expressions": {
          "r": "add(x,y)",
          "b": "add(y,x)",
          "g": "add(y,y)"
        }
      },
      {
        "fitness": 0,
        "expressions": {
          "r": "pow(x,x)",
          "b": "pow(0.33325768,0.24393702)",
          "g": "pow(0.8701823,x)"
        }
      },
      {
        "fitness": 0,
        "expressions": {
          "r": "add(y,0.333699)",
          "b": "add(y,0.38961196)",
          "g": "add(x,y)"
        }
      },
      {
        "fitness": 0,
        "expressions": {
          "r": "add(0.23939133,0.95863605)",
          "b": "add(0.64288473,y)",
          "g": "add(x,y)"
        }
      },
      {
        "fitness": 0,
        "expressions": {
          "r": "var(x)",
          "b": "var(x)",
          "g": "var(0.034934282)"
        }
      },
      {
        "fitness": 0,
        "expressions": {
          "r": "add(y,x)",
          "b": "add(0.25384998,0.6833687)",
          "g": "add(y,x)"
        }
      },
      {
        "fitness": 0,
        "expressions": {
          "r": "var(x)",
          "b": "var(x)",
          "g": "var(y)"
        }
      },
      {
        "fitness": 0,
        "expressions": {
          "r": "add(0.08834338,x)",
          "b": "add(y,x)",
          "g": "add(0.91156673,0.80299115)"
        }
      },
      {
        "fitness": 0,
        "expressions": {
          "r": "add(y,x)",
          "b": "add(y,x)",
          "g": "add(y,0.37919044)"
        }
      }
    ],
    "timestamp": "16h:34m:52s"
  }],
  "timestamp": "2024-08-02-16-34-37"
}