{
  "id": "rvzqzqop-blrv-3xeb-8h53-1fw76yzgp2i9",
  "parameters": {
    "crossoverRate": 0.30000001192092896,
    "eliteSize": 2,
    "tournamentSize": 3,
    "mutationRate": 0.8999999761581421,
    "populationSize": 10
  },
  "populations": [{
    "generation": 0,
    "id": "npvmtj0e-ix6c-61d8-fz37-inac6sleesej",
    "individuals": [
      {
        "fitness": 0,
        "expressions": {
          "r": "aul(x,y)",
          "b": "aul(y,y)",
          "g": "aul(0.36618018,y)"
        }
      },
      {
        "fitness": 0,
        "expressions": {
          "r": "(y+0.84192663)",
          "b": "(0.10178554+0.3513204)",
          "g": "(x+0.7369414)"
        }
      },
      {
        "fitness": 0,
        "expressions": {
          "r": "var(bri(y,y))",
          "b": "var(bri(0.9500556,0.37318218))",
          "g": "var(bri(0.7432206,y))"
        }
      },
      {
        "fitness": 0,
        "expressions": {
          "r": "aud((cos(x)*0.25848752),y)",
          "b": "aud((cos(y)*0.054659843),y)",
          "g": "aud((cos(x)*x),x)"
        }
      },
      {
        "fitness": 0,
        "expressions": {
          "r": "bri(0.8055183,x)",
          "b": "bri(y,y)",
          "g": "bri(x,y)"
        }
      },
      {
        "fitness": 0,
        "expressions": {
          "r": "(x+0.11405611)",
          "b": "(y+0.87709916)",
          "g": "(y+y)"
        }
      },
      {
        "fitness": 0,
        "expressions": {
          "r": "(0.24622965+x)",
          "b": "(0.7236126+y)",
          "g": "(x+0.21754575)"
        }
      },
      {
        "fitness": 0,
        "expressions": {
          "r": "aul(y,((y/x)+tan(x)))",
          "b": "aul(x,((y/0.40422106)+tan(x)))",
          "g": "aul(x,((y/0.80686927)+tan(0.5663919)))"
        }
      },
      {
        "fitness": 0,
        "expressions": {
          "r": "max(y,0.7552954)",
          "b": "max(x,0.6983571)",
          "g": "max(y,0.13051003)"
        }
      },
      {
        "fitness": 0,
        "expressions": {
          "r": "(y+0.54181767)",
          "b": "(x+x)",
          "g": "(y+x)"
        }
      },
      {
        "fitness": 0,
        "expressions": {
          "r": "(pow(x,pow(0.36163473,y))/max(x,(0.42894226-x)))",
          "b": "(pow(x,pow(0.61485547,x))/max(0.34849924,(x-0.01138562)))",
          "g": "(pow(x,pow(y,0.113310814))/max(x,(x-y)))"
        }
      },
      {
        "fitness": 0,
        "expressions": {
          "r": "(x+0.72431463)",
          "b": "(y+y)",
          "g": "(x+y)"
        }
      },
      {
        "fitness": 0,
        "expressions": {
          "r": "(0.93850064+y)",
          "b": "(y+y)",
          "g": "(y+y)"
        }
      },
      {
        "fitness": 0,
        "expressions": {
          "r": "(y-(aul(0.89635223,y)+(y-y)))",
          "b": "(0.6239369-(aul(y,x)+(y-y)))",
          "g": "(y-(aul(x,y)+(0.0070833564-y)))"
        }
      },
      {
        "fitness": 0,
        "expressions": {
          "r": "(y+0.6225577)",
          "b": "(x+x)",
          "g": "(x+0.9819347)"
        }
      },
      {
        "fitness": 0,
        "expressions": {
          "r": "bri(x,y)",
          "b": "bri(y,0.16486788)",
          "g": "bri(0.5109458,0.49986756)"
        }
      },
      {
        "fitness": 0,
        "expressions": {
          "r": "(y+0.09604597)",
          "b": "(x+y)",
          "g": "(x+y)"
        }
      },
      {
        "fitness": 0,
        "expressions": {
          "r": "auh((x/0.58284223),(max(x,y)-auh(y,x)))",
          "b": "auh((x/x),(max(y,x)-auh(0.077793896,y)))",
          "g": "auh((0.9805611/0.33791256),(max(0.17703527,x)-auh(0.37786388,x)))"
        }
      }
    ],
    "timestamp": "22h:52m:4s"
  }],
  "timestamp": "2024-07-24-22-52-00"
}