{
  "id": "rw9jgqoa-kac3-b8rc-azl5-nxv9ohhgwewc",
  "parameters": {
    "crossoverRate": 0.30000001192092896,
    "eliteSize": 2,
    "tournamentSize": 3,
    "mutationRate": 0.8999999761581421,
    "populationSize": 10
  },
  "populations": [
    {
      "generation": 0,
      "id": "ynildlcj-76s4-6vqx-dvpm-qa70rl4lg9zo",
      "individuals": [
        {
          "fitness": 0,
          "expressions": {
            "r": "aud(y,x)",
            "b": "aud(0.021822453,y)",
            "g": "aud(0.18961322,x)"
          }
        },
        {
          "fitness": 0,
          "expressions": {
            "r": "((0.7095775/sin(0.5810757))*y)",
            "b": "((0.24046147/sin(0.29592007))*0.7824211)",
            "g": "((x/sin(y))*y)"
          }
        },
        {
          "fitness": 0,
          "expressions": {
            "r": "(y-var((0.40243596+x)))",
            "b": "(y-var((x+0.3689391)))",
            "g": "(y-var((y+0.8351444)))"
          }
        },
        {
          "fitness": 0,
          "expressions": {
            "r": "(0.39131534+x)",
            "b": "(y+0.90489775)",
            "g": "(x+x)"
          }
        },
        {
          "fitness": 0,
          "expressions": {
            "r": "auh(max(x,x),aul(max(y,0.25840616),x))",
            "b": "auh(max(y,x),aul(max(y,y),y))",
            "g": "auh(max(y,0.5329592),aul(max(0.7444909,0.8162901),0.61616814))"
          }
        },
        {
          "fitness": 0,
          "expressions": {
            "r": "(x+x)",
            "b": "(x+x)",
            "g": "(0.74134237+y)"
          }
        },
        {
          "fitness": 0,
          "expressions": {
            "r": "(y+y)",
            "b": "(0.09717357+0.7873687)",
            "g": "(y+y)"
          }
        },
        {
          "fitness": 0,
          "expressions": {
            "r": "(0.32342327+0.8286091)",
            "b": "(x+0.80080014)",
            "g": "(x+y)"
          }
        },
        {
          "fitness": 0,
          "expressions": {
            "r": "(y+y)",
            "b": "(y+y)",
            "g": "(x+x)"
          }
        },
        {
          "fitness": 0,
          "expressions": {
            "r": "(y+0.0493564)",
            "b": "(x+x)",
            "g": "(0.48274076+0.99732757)"
          }
        },
        {
          "fitness": 0,
          "expressions": {
            "r": "var(max(pow(y,y),0.8791149))",
            "b": "var(max(pow(x,x),0.29989207))",
            "g": "var(max(pow(x,0.31958753),y))"
          }
        },
        {
          "fitness": 0,
          "expressions": {
            "r": "tan((0.55386436*y))",
            "b": "tan((x*y))",
            "g": "tan((0.34382576*y))"
          }
        },
        {
          "fitness": 0,
          "expressions": {
            "r": "auh((y/aud(y,y)),pow(y,aud(x,0.26178664)))",
            "b": "auh((y/aud(0.7775892,x)),pow(0.64898604,aud(y,y)))",
            "g": "auh((0.4521237/aud(0.73122615,0.24216682)),pow(0.7344911,aud(y,x)))"
          }
        },
        {
          "fitness": 0,
          "expressions": {
            "r": "(var((x*0.4342389))*auh(var(0.48768926),0.8986981))",
            "b": "(var((y*0.43154472))*auh(var(0.44338918),0.72501236))",
            "g": "(var((x*y))*auh(var(0.7301064),x))"
          }
        },
        {
          "fitness": 0,
          "expressions": {
            "r": "var(y)",
            "b": "var(0.6057619)",
            "g": "var(0.32661474)"
          }
        },
        {
          "fitness": 0,
          "expressions": {
            "r": "auh(y,min((y-x),min(0.44879633,0.7194162)))",
            "b": "auh(x,min((0.1763447-y),min(x,y)))",
            "g": "auh(0.88427174,min((y-0.99301904),min(y,0.17428279)))"
          }
        },
        {
          "fitness": 0,
          "expressions": {
            "r": "(y+x)",
            "b": "(y+0.67029923)",
            "g": "(y+x)"
          }
        },
        {
          "fitness": 0,
          "expressions": {
            "r": "(x+max(cos(0.73514897),0.92887276))",
            "b": "(x+max(cos(x),0.79606855))",
            "g": "(x+max(cos(x),0.26561183))"
          }
        }
      ],
      "timestamp": "2h:44m:19s"
    },
    {
      "generation": 1,
      "ascendantID": "ynildlcj-76s4-6vqx-dvpm-qa70rl4lg9zo",
      "id": "0fb1w4wx-96zn-hjan-a9e6-b3sut37eem5a",
      "individuals": [
        {
          "fitness": 0,
          "expressions": {
            "r": "(y+y)",
            "b": "(y+y)",
            "g": "(x+x)"
          }
        },
        {
          "fitness": 0,
          "expressions": {
            "r": "(x+x)",
            "b": "(x+x)",
            "g": "(0.74134237+y)"
          }
        },
        {
          "fitness": 0,
          "expressions": {
            "r": "tan((((0.0*y)+0.11614537)*y))",
            "b": "tan((((0.0*x)+y)*y))",
            "g": "tan((((0.0*y)+0.9801607)*y))"
          }
        },
        {
          "fitness": 0,
          "expressions": {
            "r": "auh(max(y,(0.39869267+0.76609236)),aul(auh((y+y),0.25840616),x))",
            "b": "auh(max(y,(x+0.5481189)),aul(auh((0.3959629+y),y),y))",
            "g": "auh(max(x,(0.34641176+y)),aul(auh((x+y),0.8162901),0.61616814))"
          }
        },
        {
          "fitness": 0,
          "expressions": {
            "r": "tan(((x+y)*y))",
            "b": "tan(((x+y)*y))",
            "g": "tan(((x+0.5411936)*y))"
          }
        },
        {
          "fitness": 0,
          "expressions": {
            "r": "(y+(x+0.23349953))",
            "b": "(y+(0.9181432+x))",
            "g": "(x+(0.116413236+y))"
          }
        },
        {
          "fitness": 0,
          "expressions": {
            "r": "aud(y,y)",
            "b": "aud(0.021822453,0.09717357)",
            "g": "aud(0.18961322,y)"
          }
        },
        {
          "fitness": 0,
          "expressions": {
            "r": "((y+x)+x)",
            "b": "((y+x)+0.90489775)",
            "g": "((x+0.43917418)+x)"
          }
        },
        {
          "fitness": 0,
          "expressions": {
            "r": "var(max(pow(y,y),0.8791149))",
            "b": "var(max(pow(x,x),0.29989207))",
            "g": "var(max(pow(x,0.31958753),y))"
          }
        },
        {
          "fitness": 0,
          "expressions": {
            "r": "((y+0.7956546)+(x+0.47973043))",
            "b": "((0.5588166+x)+(y+y))",
            "g": "((0.43431777+0.31066436)+(y+x))"
          }
        },
        {
          "fitness": 0,
          "expressions": {
            "r": "(min(0.12120062,min(0.4759428,x))+x)",
            "b": "(min(x,min(0.70648456,0.9643437))+0.67029923)",
            "g": "(min(x,min(0.19917119,x))+x)"
          }
        },
        {
          "fitness": 0,
          "expressions": {
            "r": "(x+y)",
            "b": "(x+y)",
            "g": "(y+x)"
          }
        },
        {
          "fitness": 0,
          "expressions": {
            "r": "(y+y)",
            "b": "(0.09717357+0.7873687)",
            "g": "(y+y)"
          }
        },
        {
          "fitness": 0,
          "expressions": {
            "r": "(aul(((x+y)-0.4342389),0.6026092)*auh(var((0.370812+0.18861508)),0.8986981))",
            "b": "(aul(((x+x)-0.43154472),y)*auh(var((y+y)),0.72501236))",
            "g": "(aul(((x+0.12615073)-y),0.18294132)*auh(var((y+0.16401333)),x))"
          }
        },
        {
          "fitness": 0,
          "expressions": {
            "r": "auh(y,min(((0.65151805+y)-x),min(y,0.7194162)))",
            "b": "auh(x,min(((y+y)-y),min(y,y)))",
            "g": "auh(0.88427174,min(((x+0.54533476)-0.99301904),min(y,0.17428279)))"
          }
        },
        {
          "fitness": 0,
          "expressions": {
            "r": "(y+0.58849704)",
            "b": "(y+x)",
            "g": "(y+x)"
          }
        },
        {
          "fitness": 0,
          "expressions": {
            "r": "(0.39131534+(x+auh(var(0.8892569),auh(y,0.0))))",
            "b": "(y+(x+auh(var(y),auh(x,0.0))))",
            "g": "(x+(x+auh(var(0.36347473),auh(x,0.0))))"
          }
        },
        {
          "fitness": 0,
          "expressions": {
            "r": "(y+(y+y))",
            "b": "(y+(x+0.35295367))",
            "g": "(x+(x+0.73079306))"
          }
        }
      ],
      "timestamp": "2h:44m:24s"
    }
  ],
  "timestamp": "2024-07-01-02-44-11"
}