{
  "id": "rx3087hw-0rjw-it3c-zhjv-8j8m2ale00vj",
  "parameters": {
    "crossoverRate": 0.30000001192092896,
    "eliteSize": 2,
    "tournamentSize": 3,
    "mutationRate": 0.8999999761581421,
    "populationSize": 10
  },
  "populations": [
    {
      "generation": 0,
      "id": "f6efmg9g-cuiz-8ipy-taiq-9fzdxlvsn9fi",
      "individuals": [
        {
          "fitness": 0,
          "expressions": {
            "r": "(x+y)",
            "b": "(0.713302+x)",
            "g": "(y+x)"
          }
        },
        {
          "fitness": 0,
          "expressions": {
            "r": "(y+x)",
            "b": "(0.2525062+0.007954359)",
            "g": "(x+y)"
          }
        },
        {
          "fitness": 0,
          "expressions": {
            "r": "max(auh(tan(x),tan(y)),0.35148114)",
            "b": "max(auh(tan(x),tan(y)),0.061653435)",
            "g": "max(auh(tan(x),tan(x)),x)"
          }
        },
        {
          "fitness": 0,
          "expressions": {
            "r": "(0.36089963+0.73219764)",
            "b": "(0.024395764+y)",
            "g": "(0.23983794+x)"
          }
        },
        {
          "fitness": 0,
          "expressions": {
            "r": "(x+y)",
            "b": "(x+x)",
            "g": "(x+x)"
          }
        },
        {
          "fitness": 0,
          "expressions": {
            "r": "max(x,y)",
            "b": "max(y,x)",
            "g": "max(0.06737208,0.79023904)"
          }
        },
        {
          "fitness": 0,
          "expressions": {
            "r": "min(aul((x/0.7902453),0.29755783),y)",
            "b": "min(aul((0.6143294/y),0.18737018),y)",
            "g": "min(aul((0.085228086/x),y),x)"
          }
        },
        {
          "fitness": 0,
          "expressions": {
            "r": "(y+cos(max(x,0.29253066)))",
            "b": "(0.045616686+cos(max(0.2717092,0.61957186)))",
            "g": "(x+cos(max(x,y)))"
          }
        },
        {
          "fitness": 0,
          "expressions": {
            "r": "(pow(y,(x/y))/(y*y))",
            "b": "(pow(y,(0.68809944/0.6746219))/(y*y))",
            "g": "(pow(0.4476335,(x/y))/(x*0.13882756))"
          }
        },
        {
          "fitness": 0,
          "expressions": {
            "r": "(0.7153169+0.9949411)",
            "b": "(0.549605+x)",
            "g": "(y+0.69002545)"
          }
        },
        {
          "fitness": 0,
          "expressions": {
            "r": "(y+y)",
            "b": "(y+0.7643423)",
            "g": "(0.7303092+x)"
          }
        },
        {
          "fitness": 0,
          "expressions": {
            "r": "var(aul(x,min(0.22094196,x)))",
            "b": "var(aul(x,min(0.20881659,y)))",
            "g": "var(aul(0.5341224,min(0.34613818,0.59542733)))"
          }
        },
        {
          "fitness": 0,
          "expressions": {
            "r": "max(0.056562066,max(x,max(0.055099368,x)))",
            "b": "max(x,max(0.004687965,max(x,0.60034525)))",
            "g": "max(y,max(x,max(y,x)))"
          }
        },
        {
          "fitness": 0,
          "expressions": {
            "r": "tan(aud(y,x))",
            "b": "tan(aud(x,x))",
            "g": "tan(aud(y,x))"
          }
        },
        {
          "fitness": 0,
          "expressions": {
            "r": "min(y,cos(0.24053049))",
            "b": "min(0.35221732,cos(x))",
            "g": "min(y,cos(y))"
          }
        },
        {
          "fitness": 0,
          "expressions": {
            "r": "(tan(0.41400003)/min(x,(0.84829617*x)))",
            "b": "(tan(y)/min(y,(x*0.2102902)))",
            "g": "(tan(0.24238086)/min(y,(y*x)))"
          }
        },
        {
          "fitness": 0,
          "expressions": {
            "r": "(y+x)",
            "b": "(y+x)",
            "g": "(0.6707248+0.405486)"
          }
        },
        {
          "fitness": 0,
          "expressions": {
            "r": "max(0.5781269,y)",
            "b": "max(y,y)",
            "g": "max(0.2141549,x)"
          }
        }
      ],
      "timestamp": "0h:21m:4s"
    },
    {
      "generation": 0,
      "ascendantID": "f6efmg9g-cuiz-8ipy-taiq-9fzdxlvsn9fi",
      "id": "ku2wp4nv-hhdl-3x6g-bs7c-ab0q6hfe6kqg",
      "individuals": [
        {
          "fitness": 0,
          "expressions": {
            "r": "(x+y)",
            "b": "(0.013339162+0.068813324)",
            "g": "(y+x)"
          }
        },
        {
          "fitness": 0,
          "expressions": {
            "r": "(x+x)",
            "b": "(y+y)",
            "g": "(x+0.2302773)"
          }
        },
        {
          "fitness": 0,
          "expressions": {
            "r": "(y+0.94882876)",
            "b": "(y+y)",
            "g": "(y+y)"
          }
        },
        {
          "fitness": 0,
          "expressions": {
            "r": "(x+0.79741466)",
            "b": "(x+y)",
            "g": "(y+y)"
          }
        },
        {
          "fitness": 0,
          "expressions": {
            "r": "(x+0.9679164)",
            "b": "(0.2905392+x)",
            "g": "(0.6856726+y)"
          }
        },
        {
          "fitness": 0,
          "expressions": {
            "r": "(0.58880424+0.2410149)",
            "b": "(x+0.68967927)",
            "g": "(0.28024006+y)"
          }
        },
        {
          "fitness": 0,
          "expressions": {
            "r": "((min(0.11399406,0.09485096)*pow(y,x))+pow((y+x),tan(x)))",
            "b": "((min(y,x)*pow(x,x))+pow((x+y),tan(x)))",
            "g": "((min(0.0058118105,0.560361)*pow(0.35662258,y))+pow((0.13404036+0.8106707),tan(0.09653753)))"
          }
        },
        {
          "fitness": 0,
          "expressions": {
            "r": "max(((0.47046232/x)+y),noi(noi(0.468225,y),(0.6486404/x)))",
            "b": "max(((y/x)+0.94349384),noi(noi(y,0.40002126),(y/0.044181168)))",
            "g": "max(((y/0.44120497)+x),noi(noi(x,0.53098816),(0.8294842/0.9275982)))"
          }
        },
        {
          "fitness": 0,
          "expressions": {
            "r": "(0.8659065+sin((0.8628441/y)))",
            "b": "(0.8606783+sin((x/y)))",
            "g": "(x+sin((x/y)))"
          }
        },
        {
          "fitness": 0,
          "expressions": {
            "r": "tan(0.63813365)",
            "b": "tan(y)",
            "g": "tan(y)"
          }
        },
        {
          "fitness": 0,
          "expressions": {
            "r": "(y*tan(cos(0.0054650903)))",
            "b": "(y*tan(cos(y)))",
            "g": "(0.8940114*tan(cos(0.038601637)))"
          }
        },
        {
          "fitness": 0,
          "expressions": {
            "r": "(x*0.7806548)",
            "b": "(x*x)",
            "g": "(0.12216139*y)"
          }
        },
        {
          "fitness": 0,
          "expressions": {
            "r": "(x+0.62332946)",
            "b": "(y+x)",
            "g": "(x+0.024849415)"
          }
        },
        {
          "fitness": 0,
          "expressions": {
            "r": "min(0.0529595,(tan(x)+y))",
            "b": "min(0.67181253,(tan(0.62189037)+y))",
            "g": "min(x,(tan(x)+x))"
          }
        },
        {
          "fitness": 0,
          "expressions": {
            "r": "tan(pow(pow(0.21500105,x),max(0.390481,0.7227264)))",
            "b": "tan(pow(pow(x,0.019163132),max(0.8001033,x)))",
            "g": "tan(pow(pow(y,y),max(y,x)))"
          }
        },
        {
          "fitness": 0,
          "expressions": {
            "r": "sin((cos(y)/tan(0.73974)))",
            "b": "sin((cos(y)/tan(0.97633284)))",
            "g": "sin((cos(0.36416405)/tan(y)))"
          }
        },
        {
          "fitness": 0,
          "expressions": {
            "r": "(x+0.62323916)",
            "b": "(x+y)",
            "g": "(x+0.3662601)"
          }
        },
        {
          "fitness": 0,
          "expressions": {
            "r": "(sin(0.79112756)/y)",
            "b": "(sin(0.5738055)/0.013172865)",
            "g": "(sin(y)/y)"
          }
        }
      ],
      "timestamp": "0h:21m:16s"
    },
    {
      "generation": 1,
      "ascendantID": "ku2wp4nv-hhdl-3x6g-bs7c-ab0q6hfe6kqg",
      "id": "wx9lwnsh-eg96-n5le-s327-9jatxum0yame",
      "individuals": [
        {
          "fitness": 0,
          "expressions": {
            "r": "(x+y)",
            "b": "(0.013339162+0.068813324)",
            "g": "(y+x)"
          }
        },
        {
          "fitness": 0,
          "expressions": {
            "r": "(x+x)",
            "b": "(y+x)",
            "g": "(x+0.12216139)"
          }
        },
        {
          "fitness": 0,
          "expressions": {
            "r": "((min(0.11399406,0.09485096)*pow(y,x))+pow((y-x),tan(x)))",
            "b": "((min(y,x)*pow(x,x))+pow((y-y),tan(x)))",
            "g": "((min(0.0058118105,0.560361)*pow(0.35662258,y))+pow((0.2462784-0.8106707),tan(0.014806196)))"
          }
        },
        {
          "fitness": 0,
          "expressions": {
            "r": "tan(pow(pow(0.45443052,x),max(0.390481,0.7227264)))",
            "b": "tan(pow(pow(x,0.019163132),max(0.8001033,x)))",
            "g": "tan(pow(pow(0.16168764,y),max(y,x)))"
          }
        },
        {
          "fitness": 0,
          "expressions": {
            "r": "max(((0.53226125/x)+y),noi(noi(0.40496802,y),(0.6486404/x)))",
            "b": "max(((y/x)+0.94349384),noi(noi(y,0.40002126),(y/0.019352272)))",
            "g": "max(((y/0.44120497)+x),noi(noi(x,0.53098816),(0.8294842/0.9275982)))"
          }
        },
        {
          "fitness": 0,
          "expressions": {
            "r": "(x+0.79741466)",
            "b": "(x+y)",
            "g": "(y+y)"
          }
        },
        {
          "fitness": 0,
          "expressions": {
            "r": "max((sin(0.47046232)+y),noi(pow(0.468225,y),(0.6486404/x)))",
            "b": "max((sin(y)+0.94349384),noi(pow(y,0.1434926),(y/0.044181168)))",
            "g": "max((sin(y)+x),noi(pow(x,0.53098816),(0.8294842/0.9275982)))"
          }
        },
        {
          "fitness": 0,
          "expressions": {
            "r": "((x+y)+y)",
            "b": "((0.013339162+0.068813324)+0.4189319)",
            "g": "((y+x)+x)"
          }
        },
        {
          "fitness": 0,
          "expressions": {
            "r": "(x+y)",
            "b": "(0.013339162+0.068813324)",
            "g": "(y+x)"
          }
        },
        {
          "fitness": 0,
          "expressions": {
            "r": "(sin(max((0.9411932-0.7720417),min(0.59611595,x)))+0.7918151)",
            "b": "(sin(max((y-x),min(y,0.09096569)))+y)",
            "g": "(sin(max((y-x),min(y,0.59199196)))+y)"
          }
        },
        {
          "fitness": 0,
          "expressions": {
            "r": "tan(0.63813365)",
            "b": "tan(y)",
            "g": "tan(y)"
          }
        },
        {
          "fitness": 0,
          "expressions": {
            "r": "max(0.0529595,(tan(x)+y))",
            "b": "max(0.51446974,(tan(0.6040178)+y))",
            "g": "max(x,(tan(x)+x))"
          }
        },
        {
          "fitness": 0,
          "expressions": {
            "r": "(sin(0.79112756)*y)",
            "b": "(sin(0.5738055)*0.013172865)",
            "g": "(sin(y)*y)"
          }
        },
        {
          "fitness": 0,
          "expressions": {
            "r": "((y/tan(tan(0.0054650903)))+0.62332946)",
            "b": "((y/tan(tan(y)))+x)",
            "g": "((0.8940114/tan(tan(0.038601637)))+0.09376775)"
          }
        },
        {
          "fitness": 0,
          "expressions": {
            "r": "(0.064359605+0.94882876)",
            "b": "(x+y)",
            "g": "(y+y)"
          }
        },
        {
          "fitness": 0,
          "expressions": {
            "r": "(y+0.9679164)",
            "b": "(0.37075356+x)",
            "g": "(0.39324808+y)"
          }
        },
        {
          "fitness": 0,
          "expressions": {
            "r": "tan(0.74398327)",
            "b": "tan(y)",
            "g": "tan(y)"
          }
        },
        {
          "fitness": 0,
          "expressions": {
            "r": "(x+0.3121469)",
            "b": "(0.013339162+0.14845777)",
            "g": "(y+x)"
          }
        }
      ],
      "timestamp": "0h:21m:18s"
    },
    {
      "generation": 2,
      "ascendantID": "wx9lwnsh-eg96-n5le-s327-9jatxum0yame",
      "id": "7ic0c5a5-equa-c54b-6afk-wd5qairwic06",
      "individuals": [
        {
          "fitness": 0,
          "expressions": {
            "r": "(x+y)",
            "b": "(0.013339162+0.068813324)",
            "g": "(y+x)"
          }
        },
        {
          "fitness": 0,
          "expressions": {
            "r": "(0.064359605+0.94882876)",
            "b": "(x+y)",
            "g": "(y+y)"
          }
        },
        {
          "fitness": 0,
          "expressions": {
            "r": "(0.064359605+0.94882876)",
            "b": "(x+y)",
            "g": "(y+y)"
          }
        },
        {
          "fitness": 0,
          "expressions": {
            "r": "tan(cos(y))",
            "b": "tan(cos(x))",
            "g": "tan(cos(0.0063977838))"
          }
        },
        {
          "fitness": 0,
          "expressions": {
            "r": "max(0.0529595,(tan(x)+y))",
            "b": "max(0.51446974,(tan(0.6040178)+y))",
            "g": "max(x,(tan(x)+x))"
          }
        },
        {
          "fitness": 0,
          "expressions": {
            "r": "(y+y)",
            "b": "(0.37075356+x)",
            "g": "(0.39324808+x)"
          }
        },
        {
          "fitness": 0,
          "expressions": {
            "r": "(x+0.3121469)",
            "b": "(0.013339162+0.14845777)",
            "g": "(y+x)"
          }
        },
        {
          "fitness": 0,
          "expressions": {
            "r": "((x+y)+y)",
            "b": "((0.013339162+0.068813324)+0.4189319)",
            "g": "((y+x)+x)"
          }
        },
        {
          "fitness": 0,
          "expressions": {
            "r": "((min(0.11399406,0.09485096)-pow(y,x))+pow((y-x),tan(x)))",
            "b": "((min(y,x)-pow(x,x))+pow((y-y),tan(x)))",
            "g": "((min(0.0058118105,0.560361)-pow(0.35662258,y))+pow((0.101678364-0.8106707),tan(0.014806196)))"
          }
        },
        {
          "fitness": 0,
          "expressions": {
            "r": "(x+0.77888364)",
            "b": "(y+y)",
            "g": "(y+y)"
          }
        },
        {
          "fitness": 0,
          "expressions": {
            "r": "((noi(0.118610814,0.09485096)*pow(y,x))+pow((y*x),cos(y)))",
            "b": "((noi(y,x)*pow(x,x))+pow((y*y),cos(y)))",
            "g": "((noi(0.066755064,0.560361)*pow(0.27391475,y))+pow((0.2462784*0.8106707),cos(x)))"
          }
        },
        {
          "fitness": 0,
          "expressions": {
            "r": "((max(0.11399406,0.09485096)*pow(y,x))+pow((y-x),tan(x)))",
            "b": "((max(y,x)*pow(x,x))+pow((y-y),tan(x)))",
            "g": "((max(0.0058118105,0.560361)*pow(0.35662258,y))+pow((0.2462784-0.8106707),tan(0.014806196)))"
          }
        },
        {
          "fitness": 0,
          "expressions": {
            "r": "tan(pow(pow(0.45443052,x),min(0.390481,0.7227264)))",
            "b": "tan(pow(pow(x,0.019163132),min(0.8001033,x)))",
            "g": "tan(pow(pow(0.16168764,y),min(y,x)))"
          }
        },
        {
          "fitness": 0,
          "expressions": {
            "r": "(x+y)",
            "b": "(0.0+0.068813324)",
            "g": "(y+x)"
          }
        },
        {
          "fitness": 0,
          "expressions": {
            "r": "(x+0.79741466)",
            "b": "(x+y)",
            "g": "(y+y)"
          }
        },
        {
          "fitness": 0,
          "expressions": {
            "r": "((min(0.11399406,0.09485096)*pow(y,x))+pow((y-x),tan(x)))",
            "b": "((min(y,x)*pow(x,x))+pow((y-y),tan(x)))",
            "g": "((min(0.0058118105,0.560361)*pow(0.35662258,y))+pow((0.20374683-0.8106707),tan(0.014806196)))"
          }
        },
        {
          "fitness": 0,
          "expressions": {
            "r": "((x+y)+y)",
            "b": "((0.013339162+0.068813324)+0.4189319)",
            "g": "((y+x)+x)"
          }
        },
        {
          "fitness": 0,
          "expressions": {
            "r": "tan((sin(0.47046232)+y))",
            "b": "tan((sin(y)+0.94349384))",
            "g": "tan((sin(y)+x))"
          }
        }
      ],
      "timestamp": "0h:21m:20s"
    },
    {
      "generation": 3,
      "ascendantID": "7ic0c5a5-equa-c54b-6afk-wd5qairwic06",
      "id": "nosw9mwc-q1w7-9gy2-9zg6-gy33e9jngq02",
      "individuals": [
        {
          "fitness": 0,
          "expressions": {
            "r": "(x+y)",
            "b": "(0.013339162+0.068813324)",
            "g": "(y+x)"
          }
        },
        {
          "fitness": 0,
          "expressions": {
            "r": "((max(0.11399406,0.09485096)*noi(y,x))+pow((y-x),tan(x)))",
            "b": "((max(y,x)*noi(x,x))+pow((y-y),tan(x)))",
            "g": "((max(0.0058118105,0.560361)*noi(0.35662258,y))+pow((0.37603074-0.8106707),tan(0.0)))"
          }
        },
        {
          "fitness": 0,
          "expressions": {
            "r": "((x+y)+y)",
            "b": "((0.013339162+x)+0.4189319)",
            "g": "((y+y)+x)"
          }
        },
        {
          "fitness": 0,
          "expressions": {
            "r": "((min(0.118610814,x)*pow(y,x))+pow((y*x),tan(y)))",
            "b": "((min(y,x)*pow(x,x))+pow((y*y),tan(y)))",
            "g": "((min(0.066755064,y)*pow(0.27391475,y))+pow((0.2462784*0.8106707),tan(x)))"
          }
        },
        {
          "fitness": 0,
          "expressions": {
            "r": "(x+(noi(0.37388706,tan(0.8392346))*min(x,min(0.5286289,0.46826738))))",
            "b": "(0.013339162+(noi(0.19476092,tan(0.79583967))*min(y,min(x,y))))",
            "g": "(y+(noi(0.8559419,tan(x))*min(x,min(x,x))))"
          }
        },
        {
          "fitness": 0,
          "expressions": {
            "r": "(min(0.5283446,min(min(0.72951096,y),cos(y)))+0.77888364)",
            "b": "(min(y,min(min(x,0.6602177),cos(0.6040989)))+y)",
            "g": "(min(0.28038597,min(min(0.6095397,y),cos(y)))+y)"
          }
        },
        {
          "fitness": 0,
          "expressions": {
            "r": "max(0.0529595,(x+0.77888364))",
            "b": "max(0.36147934,(y+y))",
            "g": "max(x,(y+y))"
          }
        },
        {
          "fitness": 0,
          "expressions": {
            "r": "tan((sin(0.47046232)-y))",
            "b": "tan((sin(y)-0.94349384))",
            "g": "tan((sin(y)-x))"
          }
        },
        {
          "fitness": 0,
          "expressions": {
            "r": "(y+y)",
            "b": "(0.37075356+x)",
            "g": "(0.39324808+x)"
          }
        },
        {
          "fitness": 0,
          "expressions": {
            "r": "(x+y)",
            "b": "(0.0+0.068813324)",
            "g": "(y+x)"
          }
        },
        {
          "fitness": 0,
          "expressions": {
            "r": "(x+0.3121469)",
            "b": "(0.013339162+0.14845777)",
            "g": "(y+x)"
          }
        },
        {
          "fitness": 0,
          "expressions": {
            "r": "tan(sin(y))",
            "b": "tan(sin(x))",
            "g": "tan(sin(0.0063977838))"
          }
        },
        {
          "fitness": 0,
          "expressions": {
            "r": "((max(tan(y),0.004798472)+0.79741466)+y)",
            "b": "((max(tan(y),x)+y)+0.4189319)",
            "g": "((max(tan(x),y)+y)+x)"
          }
        },
        {
          "fitness": 0,
          "expressions": {
            "r": "(y+x)",
            "b": "(x+0.11335069)",
            "g": "(0.0063977838+x)"
          }
        },
        {
          "fitness": 0,
          "expressions": {
            "r": "(y+y)",
            "b": "(0.37075356+x)",
            "g": "(0.39324808+x)"
          }
        },
        {
          "fitness": 0,
          "expressions": {
            "r": "(max(max(y,min(0.00943011,0.980881)),sin(tan(0.7286816)))+0.79741466)",
            "b": "(max(max(y,min(y,y)),sin(tan(y)))+y)",
            "g": "(max(max(0.5663722,min(0.95104855,y)),sin(tan(x)))+y)"
          }
        },
        {
          "fitness": 0,
          "expressions": {
            "r": "(x+0.79741466)",
            "b": "(x+y)",
            "g": "(y+y)"
          }
        },
        {
          "fitness": 0,
          "expressions": {
            "r": "tan(sin(y))",
            "b": "tan(sin(x))",
            "g": "tan(sin(0.0063977838))"
          }
        }
      ],
      "timestamp": "0h:21m:21s"
    },
    {
      "generation": 4,
      "ascendantID": "nosw9mwc-q1w7-9gy2-9zg6-gy33e9jngq02",
      "id": "wwd71nju-0sjz-p2eb-jhl3-bul2ymcvhh47",
      "individuals": [
        {
          "fitness": 0,
          "expressions": {
            "r": "(x+y)",
            "b": "(0.013339162+0.068813324)",
            "g": "(y+x)"
          }
        },
        {
          "fitness": 0,
          "expressions": {
            "r": "(x+0.79741466)",
            "b": "(x+y)",
            "g": "(y+y)"
          }
        },
        {
          "fitness": 0,
          "expressions": {
            "r": "(min(max(y,min(0.00943011,0.0)),sin(0.00943011))+0.79741466)",
            "b": "(min(max(y,min(y,0.0)),sin(y))+y)",
            "g": "(min(max(0.5663722,min(0.792157,0.0)),sin(0.95104855))+y)"
          }
        },
        {
          "fitness": 0,
          "expressions": {
            "r": "(y+y)",
            "b": "(0.37075356+x)",
            "g": "(0.39324808+x)"
          }
        },
        {
          "fitness": 0,
          "expressions": {
            "r": "(x+y)",
            "b": "(0.0+0.068813324)",
            "g": "(y+x)"
          }
        },
        {
          "fitness": 0,
          "expressions": {
            "r": "(min(max(y,max(0.00943011,0.980881)),cos(tan(0.7286816)))+0.79741466)",
            "b": "(min(max(y,max(y,y)),cos(tan(y)))+y)",
            "g": "(min(max(0.5663722,max(0.95104855,x)),cos(tan(x)))+y)"
          }
        },
        {
          "fitness": 0,
          "expressions": {
            "r": "tan(sin(y))",
            "b": "tan(sin(x))",
            "g": "tan(sin(0.0063977838))"
          }
        },
        {
          "fitness": 0,
          "expressions": {
            "r": "(x+0.79741466)",
            "b": "(x+y)",
            "g": "(y+y)"
          }
        },
        {
          "fitness": 0,
          "expressions": {
            "r": "(max(max(y,min(0.00943011,0.980881)),sin(tan(0.7286816)))+0.79741466)",
            "b": "(max(max(y,min(y,y)),sin(tan(y)))+y)",
            "g": "(max(max(0.775682,min(0.95104855,y)),sin(tan(x)))+y)"
          }
        },
        {
          "fitness": 0,
          "expressions": {
            "r": "cos(cos(y))",
            "b": "cos(cos(y))",
            "g": "cos(cos(y))"
          }
        },
        {
          "fitness": 0,
          "expressions": {
            "r": "(x+y)",
            "b": "(0.37075356+x)",
            "g": "(0.39324808+x)"
          }
        },
        {
          "fitness": 0,
          "expressions": {
            "r": "tan((sin(0.47046232)+y))",
            "b": "tan((sin(y)+0.94349384))",
            "g": "tan((sin(y)+x))"
          }
        },
        {
          "fitness": 0,
          "expressions": {
            "r": "(y+y)",
            "b": "(0.41899082+0.409024)",
            "g": "(0.6452855+0.30029422)"
          }
        },
        {
          "fitness": 0,
          "expressions": {
            "r": "tan(cos(y))",
            "b": "tan(cos(x))",
            "g": "tan(cos(0.0063977838))"
          }
        },
        {
          "fitness": 0,
          "expressions": {
            "r": "(y+y)",
            "b": "(0.37075356+x)",
            "g": "(0.39324808+x)"
          }
        },
        {
          "fitness": 0,
          "expressions": {
            "r": "((min(0.118610814,x)*pow(y,x))+pow((y*x),cos(y)))",
            "b": "((min(y,x)*pow(x,x))+pow((y*y),cos(y)))",
            "g": "((min(0.066755064,y)*pow(0.27391475,y))+pow((0.2462784*0.8106707),cos(x)))"
          }
        },
        {
          "fitness": 0,
          "expressions": {
            "r": "max(0.6030586,(x+0.77888364))",
            "b": "max(y,(y+y))",
            "g": "max(x,(y+y))"
          }
        },
        {
          "fitness": 0,
          "expressions": {
            "r": "(sin(y)+x)",
            "b": "(sin(x)+x)",
            "g": "(sin(0.0063977838)+y)"
          }
        }
      ],
      "timestamp": "0h:21m:22s"
    },
    {
      "generation": 5,
      "ascendantID": "wwd71nju-0sjz-p2eb-jhl3-bul2ymcvhh47",
      "id": "22cqpmca-khh6-9x88-fg9n-zh8q14s1bd7s",
      "individuals": [
        {
          "fitness": 0,
          "expressions": {
            "r": "(x+y)",
            "b": "(0.013339162+0.068813324)",
            "g": "(y+x)"
          }
        },
        {
          "fitness": 0,
          "expressions": {
            "r": "(min(max(y,min(0.0,0.7617166)),cos(tan(0.7286816)))+0.5276931)",
            "b": "(min(max(y,min(y,y)),cos(tan(y)))+y)",
            "g": "(min(max(0.5663722,min(0.95104855,x)),cos(tan(x)))+y)"
          }
        },
        {
          "fitness": 0,
          "expressions": {
            "r": "(x+y)",
            "b": "(0.0+0.068813324)",
            "g": "(y+x)"
          }
        },
        {
          "fitness": 0,
          "expressions": {
            "r": "cos(sin(cos(noi(x,0.0))))",
            "b": "cos(sin(cos(noi(x,0.0))))",
            "g": "cos(sin(cos(noi(x,0.0))))"
          }
        },
        {
          "fitness": 0,
          "expressions": {
            "r": "(min(max(y,min(0.00943011,0.0)),sin(0.00943011))+0.79741466)",
            "b": "(min(max(0.6515674,min(y,0.0)),sin(y))+y)",
            "g": "(min(max(0.18828142,min(0.792157,0.0)),sin(0.95104855))+y)"
          }
        },
        {
          "fitness": 0,
          "expressions": {
            "r": "(x+0.72919965)",
            "b": "(0.0+y)",
            "g": "(y+x)"
          }
        },
        {
          "fitness": 0,
          "expressions": {
            "r": "((min(0.8960724,(y/0.34952813))/y)+y)",
            "b": "((min(0.516427,(0.73734945/x))/y)+0.068813324)",
            "g": "((min(x,(x/x))/x)+x)"
          }
        },
        {
          "fitness": 0,
          "expressions": {
            "r": "cos((sin(0.47046232)+y))",
            "b": "cos((sin(y)+0.94349384))",
            "g": "cos((sin(x)+x))"
          }
        },
        {
          "fitness": 0,
          "expressions": {
            "r": "cos(cos(y))",
            "b": "cos(cos(y))",
            "g": "cos(cos(y))"
          }
        },
        {
          "fitness": 0,
          "expressions": {
            "r": "(cos(y)+x)",
            "b": "(cos(x)+x)",
            "g": "(cos(0.0063977838)+y)"
          }
        },
        {
          "fitness": 0,
          "expressions": {
            "r": "max(0.6030586,(x+0.77888364))",
            "b": "max(x,(y+y))",
            "g": "max(x,(y+y))"
          }
        },
        {
          "fitness": 0,
          "expressions": {
            "r": "(x+0.79741466)",
            "b": "(x+y)",
            "g": "(y+y)"
          }
        },
        {
          "fitness": 0,
          "expressions": {
            "r": "(y+y)",
            "b": "(0.37075356+x)",
            "g": "(0.39324808+x)"
          }
        },
        {
          "fitness": 0,
          "expressions": {
            "r": "(x+y)",
            "b": "(0.37075356+x)",
            "g": "(0.29796708+x)"
          }
        },
        {
          "fitness": 0,
          "expressions": {
            "r": "(x+y)",
            "b": "(0.0+0.068813324)",
            "g": "(y+x)"
          }
        },
        {
          "fitness": 0,
          "expressions": {
            "r": "(y+0.79741466)",
            "b": "(x+y)",
            "g": "(0.0063977838+y)"
          }
        },
        {
          "fitness": 0,
          "expressions": {
            "r": "(y-x)",
            "b": "(0.41899082-x)",
            "g": "(0.6452855-y)"
          }
        },
        {
          "fitness": 0,
          "expressions": {
            "r": "min(0.6030586,(0.14785194+0.77888364))",
            "b": "min(y,(0.4090029+y))",
            "g": "min(x,(0.49811393+y))"
          }
        }
      ],
      "timestamp": "0h:21m:23s"
    },
    {
      "generation": 6,
      "ascendantID": "22cqpmca-khh6-9x88-fg9n-zh8q14s1bd7s",
      "id": "k2htaay7-zrfh-ne61-lbox-30xm7hhhni0m",
      "individuals": [
        {
          "fitness": 0,
          "expressions": {
            "r": "(x+y)",
            "b": "(0.013339162+0.068813324)",
            "g": "(y+x)"
          }
        },
        {
          "fitness": 0,
          "expressions": {
            "r": "(x+y)",
            "b": "(0.0+0.068813324)",
            "g": "(y+x)"
          }
        },
        {
          "fitness": 0,
          "expressions": {
            "r": "(x+0.79741466)",
            "b": "(x+x)",
            "g": "(y+y)"
          }
        },
        {
          "fitness": 0,
          "expressions": {
            "r": "((min(0.8960724,sin(0.0))/y)+y)",
            "b": "((min(0.516427,sin(0.0))/y)+0.068813324)",
            "g": "((min(x,sin(0.0))/x)+x)"
          }
        },
        {
          "fitness": 0,
          "expressions": {
            "r": "(x+(cos(cos(x))-(tan(y)/tan(x))))",
            "b": "(0.0+(cos(cos(y))-(tan(0.36527234)/tan(x))))",
            "g": "(y+(cos(cos(0.023318589))-(tan(y)/tan(x))))"
          }
        },
        {
          "fitness": 0,
          "expressions": {
            "r": "min(0.6030586,(noi(0.607236,min(0.49184382,0.0))+0.85048467))",
            "b": "min(y,(noi(x,min(y,0.0))+y))",
            "g": "min(x,(noi(0.54535604,min(x,0.0))+y))"
          }
        },
        {
          "fitness": 0,
          "expressions": {
            "r": "(cos(y)+x)",
            "b": "(cos(x)+x)",
            "g": "(cos(0.06764053)+0.33670682)"
          }
        },
        {
          "fitness": 0,
          "expressions": {
            "r": "(y+y)",
            "b": "(0.37075356+x)",
            "g": "(0.47191286+x)"
          }
        },
        {
          "fitness": 0,
          "expressions": {
            "r": "(y+y)",
            "b": "(x+0.068813324)",
            "g": "(0.8955293+x)"
          }
        },
        {
          "fitness": 0,
          "expressions": {
            "r": "(y+max(0.833983,0.3364892))",
            "b": "(x+max(y,0.5332548))",
            "g": "(0.0063977838+max(x,y))"
          }
        },
        {
          "fitness": 0,
          "expressions": {
            "r": "(x+y)",
            "b": "(0.0+0.9662095)",
            "g": "(y+y)"
          }
        },
        {
          "fitness": 0,
          "expressions": {
            "r": "(0.7894424+0.49509162)",
            "b": "(x+y)",
            "g": "(x+x)"
          }
        },
        {
          "fitness": 0,
          "expressions": {
            "r": "(min(0.0,0.7617166)+y)",
            "b": "(min(y,y)+x)",
            "g": "(min(0.95104855,x)+x)"
          }
        },
        {
          "fitness": 0,
          "expressions": {
            "r": "(x+y)",
            "b": "(0.0+0.068813324)",
            "g": "(y+x)"
          }
        },
        {
          "fitness": 0,
          "expressions": {
            "r": "cos((sin(0.47046232)+y))",
            "b": "cos((sin(y)+0.94349384))",
            "g": "cos((sin(x)+x))"
          }
        },
        {
          "fitness": 0,
          "expressions": {
            "r": "max(sin((x-y)),y)",
            "b": "max(sin((y-x)),x)",
            "g": "max(sin((y-0.7022422)),x)"
          }
        },
        {
          "fitness": 0,
          "expressions": {
            "r": "(y+x)",
            "b": "(0.068813324+0.88382524)",
            "g": "(x+x)"
          }
        },
        {
          "fitness": 0,
          "expressions": {
            "r": "(y+0.8746578)",
            "b": "(x+y)",
            "g": "(0.0063977838+y)"
          }
        }
      ],
      "timestamp": "0h:21m:23s"
    },
    {
      "generation": 7,
      "ascendantID": "k2htaay7-zrfh-ne61-lbox-30xm7hhhni0m",
      "id": "m0ljr2cw-6uku-pyu9-34ju-sq9fv5s4ljqo",
      "individuals": [
        {
          "fitness": 0,
          "expressions": {
            "r": "(x+y)",
            "b": "(0.013339162+0.068813324)",
            "g": "(y+x)"
          }
        },
        {
          "fitness": 0,
          "expressions": {
            "r": "(y+(cos(cos(x))+(tan(y)/tan(x))))",
            "b": "(0.9454016+(cos(cos(y))+(tan(0.19663703)/tan(x))))",
            "g": "(0.06544715+(cos(cos(0.023318589))+(tan(y)/tan(x))))"
          }
        },
        {
          "fitness": 0,
          "expressions": {
            "r": "(cos(y)+(x+y))",
            "b": "(cos(x)+(0.0+0.025637269))",
            "g": "(cos(0.06764053)+(y+x))"
          }
        },
        {
          "fitness": 0,
          "expressions": {
            "r": "(y+y)",
            "b": "(x+0.068813324)",
            "g": "(0.7041669+x)"
          }
        },
        {
          "fitness": 0,
          "expressions": {
            "r": "(y+x)",
            "b": "(0.068813324+0.88382524)",
            "g": "(x+x)"
          }
        },
        {
          "fitness": 0,
          "expressions": {
            "r": "(y+y)",
            "b": "(0.068813324+0.068813324)",
            "g": "(0.89905196+x)"
          }
        },
        {
          "fitness": 0,
          "expressions": {
            "r": "(x+y)",
            "b": "(0.0+0.31560546)",
            "g": "(y+x)"
          }
        },
        {
          "fitness": 0,
          "expressions": {
            "r": "(min(0.85092044,(0.29155934+y))+y)",
            "b": "(min(x,(0.56828177+y))+x)",
            "g": "(min(y,(0.4679337+0.9568391))+x)"
          }
        },
        {
          "fitness": 0,
          "expressions": {
            "r": "(y+0.35071152)",
            "b": "(0.068813324+0.6319851)",
            "g": "(x+0.81364363)"
          }
        },
        {
          "fitness": 0,
          "expressions": {
            "r": "max(cos((x-y)),x)",
            "b": "max(cos((y-x)),0.27847445)",
            "g": "max(cos((y-0.7022422)),y)"
          }
        },
        {
          "fitness": 0,
          "expressions": {
            "r": "(0.7617166+y)",
            "b": "(y+0.068813324)",
            "g": "(x+x)"
          }
        },
        {
          "fitness": 0,
          "expressions": {
            "r": "(0.7894424+(sin(max(0.8730721,y))/tan((y+y))))",
            "b": "(x+(sin(max(x,x))/tan((y+y))))",
            "g": "(x+(sin(max(y,x))/tan((0.2714104+x))))"
          }
        },
        {
          "fitness": 0,
          "expressions": {
            "r": "(y+y)",
            "b": "(x+0.03707367)",
            "g": "(0.8955293+x)"
          }
        },
        {
          "fitness": 0,
          "expressions": {
            "r": "(y+max(0.833983,0.3364892))",
            "b": "(x+max(y,0.5332548))",
            "g": "(0.0063977838+max(x,y))"
          }
        },
        {
          "fitness": 0,
          "expressions": {
            "r": "(y+(x+y))",
            "b": "(0.068813324+(0.0+0.0130408555))",
            "g": "(x+(y+x))"
          }
        },
        {
          "fitness": 0,
          "expressions": {
            "r": "(x+y)",
            "b": "(0.0+0.068813324)",
            "g": "(y+x)"
          }
        },
        {
          "fitness": 0,
          "expressions": {
            "r": "(x+0.79741466)",
            "b": "(x+y)",
            "g": "(y+y)"
          }
        },
        {
          "fitness": 0,
          "expressions": {
            "r": "(x+y)",
            "b": "(0.0+0.068813324)",
            "g": "(y+x)"
          }
        }
      ],
      "timestamp": "0h:21m:24s"
    },
    {
      "generation": 8,
      "ascendantID": "m0ljr2cw-6uku-pyu9-34ju-sq9fv5s4ljqo",
      "id": "a5hbm51i-a1x4-b94i-0kc2-eygrvyxegm0m",
      "individuals": [
        {
          "fitness": 0,
          "expressions": {
            "r": "(x+y)",
            "b": "(0.013339162+0.068813324)",
            "g": "(y+x)"
          }
        },
        {
          "fitness": 0,
          "expressions": {
            "r": "(x+max(noi(noi(x,y),(0.9463057-x)),y))",
            "b": "(0.013339162+max(noi(noi(0.7620662,y),(y-y)),x))",
            "g": "(y+max(noi(noi(y,x),(y-y)),x))"
          }
        },
        {
          "fitness": 0,
          "expressions": {
            "r": "(y+(x+y))",
            "b": "(0.109892+(0.0+0.0130408555))",
            "g": "(x+(y+x))"
          }
        },
        {
          "fitness": 0,
          "expressions": {
            "r": "(y+y)",
            "b": "(0.068813324+x)",
            "g": "(x+0.3032375)"
          }
        },
        {
          "fitness": 0,
          "expressions": {
            "r": "(y+0.19655532)",
            "b": "(0.0+0.89447576)",
            "g": "(0.83714247+y)"
          }
        },
        {
          "fitness": 0,
          "expressions": {
            "r": "(0.3364892+(x+y))",
            "b": "(0.5332548+(0.0+0.0130408555))",
            "g": "(y+(y+x))"
          }
        },
        {
          "fitness": 0,
          "expressions": {
            "r": "(y+(cos(sin(x))+(tan(y)/tan(x))))",
            "b": "(0.9454016+(cos(sin(y))+(tan(0.19663703)/tan(x))))",
            "g": "(0.06544715+(cos(sin(0.023318589))+(tan(y)/tan(x))))"
          }
        },
        {
          "fitness": 0,
          "expressions": {
            "r": "(y+x)",
            "b": "(0.068813324+0.88382524)",
            "g": "(x+x)"
          }
        },
        {
          "fitness": 0,
          "expressions": {
            "r": "(y+(x+(y+(x+x))))",
            "b": "(0.068813324+(0.0+(0.068813324+(0.019724116+y))))",
            "g": "(0.7064583+(y+(x+(y+0.07666916))))"
          }
        },
        {
          "fitness": 0,
          "expressions": {
            "r": "(y+y)",
            "b": "(0.068813324+y)",
            "g": "(x+0.2714104)"
          }
        },
        {
          "fitness": 0,
          "expressions": {
            "r": "(x+y)",
            "b": "(0.0+0.068813324)",
            "g": "(y+x)"
          }
        },
        {
          "fitness": 0,
          "expressions": {
            "r": "(0.7617166+y)",
            "b": "(y+0.068813324)",
            "g": "(x+x)"
          }
        },
        {
          "fitness": 0,
          "expressions": {
            "r": "(y+(x+y))",
            "b": "(0.068813324+(0.0+0.0130408555))",
            "g": "(x+(y+x))"
          }
        },
        {
          "fitness": 0,
          "expressions": {
            "r": "(min(0.85092044,(0.29155934+y))+y)",
            "b": "(min(x,(0.56828177+y))+x)",
            "g": "(min(y,(0.4679337+0.9568391))+x)"
          }
        },
        {
          "fitness": 0,
          "expressions": {
            "r": "(sin(0.56500214)+y)",
            "b": "(sin(y)+0.068813324)",
            "g": "(sin(0.031481802)+x)"
          }
        },
        {
          "fitness": 0,
          "expressions": {
            "r": "(y-y)",
            "b": "(0.068813324-0.068813324)",
            "g": "(x-x)"
          }
        },
        {
          "fitness": 0,
          "expressions": {
            "r": "(y+y)",
            "b": "(x+0.03707367)",
            "g": "(0.8955293+x)"
          }
        },
        {
          "fitness": 0,
          "expressions": {
            "r": "(cos(y)+0.758629)",
            "b": "(cos(x)+0.86628395)",
            "g": "(cos(0.06764053)+y)"
          }
        }
      ],
      "timestamp": "0h:21m:25s"
    },
    {
      "generation": 9,
      "ascendantID": "a5hbm51i-a1x4-b94i-0kc2-eygrvyxegm0m",
      "id": "ckul053s-ahhe-4dav-9f8c-8rnhz2lxvlxf",
      "individuals": [
        {
          "fitness": 0,
          "expressions": {
            "r": "(x+y)",
            "b": "(0.013339162+0.068813324)",
            "g": "(y+x)"
          }
        },
        {
          "fitness": 0,
          "expressions": {
            "r": "(y+(x+y))",
            "b": "(0.0+(0.0+0.0))",
            "g": "(x+(y+0.9660213))"
          }
        },
        {
          "fitness": 0,
          "expressions": {
            "r": "(max(x,y)+y)",
            "b": "(max(y,y)+0.03707367)",
            "g": "(max(0.2329756,y)+x)"
          }
        },
        {
          "fitness": 0,
          "expressions": {
            "r": "(y+x)",
            "b": "(x+0.03707367)",
            "g": "(0.8955293+x)"
          }
        },
        {
          "fitness": 0,
          "expressions": {
            "r": "(0.8775292+x)",
            "b": "(y+0.88382524)",
            "g": "(y+x)"
          }
        },
        {
          "fitness": 0,
          "expressions": {
            "r": "(max(0.85092044,(0.29155934+y))+y)",
            "b": "(max(x,(0.51053375+y))+y)",
            "g": "(max(y,(0.61092865+0.9568391))+x)"
          }
        },
        {
          "fitness": 0,
          "expressions": {
            "r": "(y+0.19655532)",
            "b": "(0.0+0.89447576)",
            "g": "(0.83714247+y)"
          }
        },
        {
          "fitness": 0,
          "expressions": {
            "r": "(y+x)",
            "b": "(0.068813324+0.88382524)",
            "g": "(x+x)"
          }
        },
        {
          "fitness": 0,
          "expressions": {
            "r": "((min(0.85092044,(0.29155934+y))+y)+min((min(0.0,0.0)*(0.65488243*y)),y))",
            "b": "((min(y,(0.56828177+y))+x)+min((min(0.0,0.0)*(x*y)),x))",
            "g": "((min(y,(0.4679337+0.9568391))+x)+min((min(0.0,0.0)*(y*y)),x))"
          }
        },
        {
          "fitness": 0,
          "expressions": {
            "r": "(y+(cos(sin(x))+(tan(y)/tan(x))))",
            "b": "(0.9454016+(cos(sin(y))+(tan(0.19663703)/tan(x))))",
            "g": "(0.06544715+(cos(sin(0.023318589))+(tan(y)/tan(x))))"
          }
        },
        {
          "fitness": 0,
          "expressions": {
            "r": "(sin((x+y))+y)",
            "b": "(sin((0.0+0.0130408555))+0.068813324)",
            "g": "(sin((y+x))+x)"
          }
        },
        {
          "fitness": 0,
          "expressions": {
            "r": "(y+(x+y))",
            "b": "(0.109892+(0.0+0.0130408555))",
            "g": "(x+(y+x))"
          }
        },
        {
          "fitness": 0,
          "expressions": {
            "r": "(y+((0.18416083+(x+y))+(y+(x+x))))",
            "b": "(0.068813324+((0.5332548+(0.0+0.0130408555))+(0.31313264+(0.019724116+y))))",
            "g": "(0.7064583+((y+(y+x))+(x+(y+0.0))))"
          }
        },
        {
          "fitness": 0,
          "expressions": {
            "r": "(y+(x+y))",
            "b": "(0.068813324+(0.0+0.0130408555))",
            "g": "(0.7267178+(y+x))"
          }
        },
        {
          "fitness": 0,
          "expressions": {
            "r": "(y+0.19655532)",
            "b": "(0.0+0.89447576)",
            "g": "(0.83714247+y)"
          }
        },
        {
          "fitness": 0,
          "expressions": {
            "r": "(y+(x+(y+(x+x))))",
            "b": "(0.068813324+(0.0+(0.068813324+(0.019724116+y))))",
            "g": "(0.7064583+(y+(x+(y+0.07666916))))"
          }
        },
        {
          "fitness": 0,
          "expressions": {
            "r": "(y+0.19655532)",
            "b": "(0.0+0.89447576)",
            "g": "(0.666209+y)"
          }
        },
        {
          "fitness": 0,
          "expressions": {
            "r": "(y+y)",
            "b": "(x+x)",
            "g": "(0.009461224+0.3032375)"
          }
        }
      ],
      "timestamp": "0h:21m:26s"
    },
    {
      "generation": 10,
      "ascendantID": "ckul053s-ahhe-4dav-9f8c-8rnhz2lxvlxf",
      "id": "f5f0zqel-8imv-lhhi-ptcw-wjsy145s9613",
      "individuals": [
        {
          "fitness": 0,
          "expressions": {
            "r": "(x+y)",
            "b": "(0.013339162+0.068813324)",
            "g": "(y+x)"
          }
        },
        {
          "fitness": 0,
          "expressions": {
            "r": "(y+0.19655532)",
            "b": "(0.0+0.89447576)",
            "g": "(0.666209+y)"
          }
        },
        {
          "fitness": 0,
          "expressions": {
            "r": "(y+(x+y))",
            "b": "(0.109892+(0.0+0.0130408555))",
            "g": "(x+(y+x))"
          }
        },
        {
          "fitness": 0,
          "expressions": {
            "r": "(cos((min(0.9741234,x)+(0.11504066+0.79692256)))+y)",
            "b": "(cos((min(y,x)+(y+y)))+y)",
            "g": "(cos((min(0.8458389,0.8370756)+(y+y)))+x)"
          }
        },
        {
          "fitness": 0,
          "expressions": {
            "r": "(y+(max(y,x)+y))",
            "b": "(0.0+(max(0.40486783,0.65433794)+0.0))",
            "g": "(x+(max(y,x)+0.9660213))"
          }
        },
        {
          "fitness": 0,
          "expressions": {
            "r": "(y+y)",
            "b": "(0.068813324+0.0872941)",
            "g": "(0.7064583+x)"
          }
        },
        {
          "fitness": 0,
          "expressions": {
            "r": "(y+(x+y))",
            "b": "(0.068813324+(0.0+0.0130408555))",
            "g": "(0.7267178+(y+0.8876692))"
          }
        },
        {
          "fitness": 0,
          "expressions": {
            "r": "(y+(cos(sin(x))+(cos(0.0)/tan(x))))",
            "b": "(0.9454016+(cos(sin(y))+(cos(0.0)/tan(x))))",
            "g": "(0.06544715+(cos(sin(0.023318589))+(cos(0.0)/tan(x))))"
          }
        },
        {
          "fitness": 0,
          "expressions": {
            "r": "(max(x,(0.29155934+y))+y)",
            "b": "(max(x,(0.51053375+y))+y)",
            "g": "(max(y,(0.61092865+0.9568391))+x)"
          }
        },
        {
          "fitness": 0,
          "expressions": {
            "r": "(y+(x+(y+(x+x))))",
            "b": "(0.068813324+(0.0+(0.068813324+(0.019724116+y))))",
            "g": "(0.7064583+(y+(x+(y+0.07666916))))"
          }
        },
        {
          "fitness": 0,
          "expressions": {
            "r": "(y+(x+y))",
            "b": "(0.0+(0.0+0.0))",
            "g": "(x+(y+x))"
          }
        },
        {
          "fitness": 0,
          "expressions": {
            "r": "(max(0.85092044,(0.3554392+y))+y)",
            "b": "(max(x,(0.51053375+y))+y)",
            "g": "(max(y,(0.64506376+0.9568391))+x)"
          }
        },
        {
          "fitness": 0,
          "expressions": {
            "r": "(y+(x+y))",
            "b": "(0.109892+(0.0+0.0130408555))",
            "g": "(x+(y+0.8834524))"
          }
        },
        {
          "fitness": 0,
          "expressions": {
            "r": "(y+(x+(y+(x+x))))",
            "b": "(0.068813324+(0.0+(0.068813324+(0.019724116+y))))",
            "g": "(0.7064583+(y+(x+(y+0.07666916))))"
          }
        },
        {
          "fitness": 0,
          "expressions": {
            "r": "(x+y)",
            "b": "(0.013339162+0.068813324)",
            "g": "(y+x)"
          }
        },
        {
          "fitness": 0,
          "expressions": {
            "r": "(y+x)",
            "b": "(x+0.03707367)",
            "g": "(0.6947578+x)"
          }
        },
        {
          "fitness": 0,
          "expressions": {
            "r": "(y+(cos(tan(x))+(tan(y)/max(0.83132064,0.9616996))))",
            "b": "(0.9454016+(cos(tan(y))+(tan(0.19663703)/max(0.8388042,x))))",
            "g": "(0.06544715+(cos(tan(0.023318589))+(tan(y)/max(x,y))))"
          }
        },
        {
          "fitness": 0,
          "expressions": {
            "r": "(x+y)",
            "b": "(0.013339162+0.068813324)",
            "g": "(y+x)"
          }
        }
      ],
      "timestamp": "0h:21m:26s"
    },
    {
      "generation": 11,
      "ascendantID": "f5f0zqel-8imv-lhhi-ptcw-wjsy145s9613",
      "id": "3cses4kj-ku29-nm3n-16yk-j21jopmmgiml",
      "individuals": [
        {
          "fitness": 0,
          "expressions": {
            "r": "(x+y)",
            "b": "(0.013339162+0.068813324)",
            "g": "(y+x)"
          }
        },
        {
          "fitness": 0,
          "expressions": {
            "r": "(max(cos((y/0.031339467)),((0.43106174*y)/0.7822264))+0.29155934)",
            "b": "(max(cos((x/y)),((y*0.25559503)/x))+0.51053375)",
            "g": "(max(cos((y/x)),((y*x)/y))+0.37480947)"
          }
        },
        {
          "fitness": 0,
          "expressions": {
            "r": "(sin((min(0.9741234,x)+(0.11504066+0.79692256)))+y)",
            "b": "(sin((min(y,x)+(y+y)))+y)",
            "g": "(sin((min(0.8458389,0.8370756)+(y+y)))+x)"
          }
        },
        {
          "fitness": 0,
          "expressions": {
            "r": "(y+(x+(y+(x+x))))",
            "b": "(0.04102309+(0.0+(0.068813324+(0.019724116+y))))",
            "g": "(0.9982107+(y+(x+(y+0.07666916))))"
          }
        },
        {
          "fitness": 0,
          "expressions": {
            "r": "(y+y)",
            "b": "(0.068813324+0.0)",
            "g": "(0.6648804+0.666209)"
          }
        },
        {
          "fitness": 0,
          "expressions": {
            "r": "((0.8008257-0.6371203)+y)",
            "b": "((0.62908334-0.25739872)+0.068813324)",
            "g": "((y-x)+x)"
          }
        },
        {
          "fitness": 0,
          "expressions": {
            "r": "(y+(max(y,x)+y))",
            "b": "(0.0+(max(0.34477502,0.65433794)+0.0))",
            "g": "(x+(max(y,x)+0.9660213))"
          }
        },
        {
          "fitness": 0,
          "expressions": {
            "r": "(y+x)",
            "b": "(x+0.045403607)",
            "g": "(0.6947578+x)"
          }
        },
        {
          "fitness": 0,
          "expressions": {
            "r": "(y+(y+(x+y)))",
            "b": "(0.068813324+(0.109892+(0.0+0.0130408555)))",
            "g": "(0.7064583+(x+(y+0.8834524)))"
          }
        },
        {
          "fitness": 0,
          "expressions": {
            "r": "(y+0.33233726)",
            "b": "(0.0+0.656494)",
            "g": "(0.666209+y)"
          }
        },
        {
          "fitness": 0,
          "expressions": {
            "r": "(y+(x+(y+(x+x))))",
            "b": "(0.068813324+(0.0+(0.088379726+(0.019724116+y))))",
            "g": "(0.7064583+(y+(x+(y+0.32057515))))"
          }
        },
        {
          "fitness": 0,
          "expressions": {
            "r": "(y+(x+((x-x)*(0.0/0.0))))",
            "b": "(0.0+(0.0+((0.72525716-0.36714667)*(0.0/0.0))))",
            "g": "(0.7402191+(y+((x-0.6993971)*(0.0/0.0))))"
          }
        },
        {
          "fitness": 0,
          "expressions": {
            "r": "(y+(max(y,(0.0*0.0))+y))",
            "b": "(0.0+(max(0.40486783,(0.0*0.0))+0.0))",
            "g": "(0.8833085+(max(y,(0.0*0.0))+0.9389836))"
          }
        },
        {
          "fitness": 0,
          "expressions": {
            "r": "(tan(0.85092044)+sin((y+y)))",
            "b": "(tan(x)+sin((y+x)))",
            "g": "(tan(y)+sin((y+x)))"
          }
        },
        {
          "fitness": 0,
          "expressions": {
            "r": "(y+(x+y))",
            "b": "(0.0+(0.0+0.0130408555))",
            "g": "(x+(y+x))"
          }
        },
        {
          "fitness": 0,
          "expressions": {
            "r": "(y+min(noi(sin(x),(y+y)),sin(y)))",
            "b": "(0.0+min(noi(sin(0.17465186),(0.14226383+y)),sin(0.84069926)))",
            "g": "(x+min(noi(sin(0.021319449),(0.5765124+0.42588848)),sin(y)))"
          }
        },
        {
          "fitness": 0,
          "expressions": {
            "r": "(y+(cos(cos(x))+(tan(y)/max(x,x))))",
            "b": "(0.9454016+(cos(cos(y))+(tan(0.19663703)/max(0.34690636,x))))",
            "g": "(0.06544715+(cos(cos(0.25897494))+(tan(y)/max(0.33491242,y))))"
          }
        },
        {
          "fitness": 0,
          "expressions": {
            "r": "(y+(x+y))",
            "b": "(0.0016907528+(0.0+0.0130408555))",
            "g": "(x+(y+x))"
          }
        }
      ],
      "timestamp": "0h:21m:27s"
    },
    {
      "generation": 12,
      "ascendantID": "3cses4kj-ku29-nm3n-16yk-j21jopmmgiml",
      "id": "7i5akxcj-4fji-rydu-tkpt-9skj0q73jvbc",
      "individuals": [
        {
          "fitness": 0,
          "expressions": {
            "r": "(x+y)",
            "b": "(0.013339162+0.068813324)",
            "g": "(y+x)"
          }
        },
        {
          "fitness": 0,
          "expressions": {
            "r": "(y+(y-(x+y)))",
            "b": "(0.0+(0.109892-(0.0+0.21185368)))",
            "g": "(0.81038857+(x-(y+0.6244409)))"
          }
        },
        {
          "fitness": 0,
          "expressions": {
            "r": "(tan(0.85092044)+tan(min((x-y),x)))",
            "b": "(tan(x)+tan(min((y-x),x)))",
            "g": "(tan(y)+tan(min((y-x),0.4798529)))"
          }
        },
        {
          "fitness": 0,
          "expressions": {
            "r": "(tan(0.85092044)+sin((pow(y,y)+y)))",
            "b": "(tan(x)+sin((pow(0.20747584,x)+x)))",
            "g": "(tan(y)+sin((pow(0.54964185,y)+x)))"
          }
        },
        {
          "fitness": 0,
          "expressions": {
            "r": "(y+(y+y))",
            "b": "(0.0+(0.0+0.0))",
            "g": "(0.8833085+(0.39989674+0.9389836))"
          }
        },
        {
          "fitness": 0,
          "expressions": {
            "r": "(y+(x+y))",
            "b": "(0.0+(x+0.0))",
            "g": "(0.8833085+(0.68895346+0.9389836))"
          }
        },
        {
          "fitness": 0,
          "expressions": {
            "r": "(y+(y-(x+y)))",
            "b": "(0.068813324+(0.109892-(0.017471552+0.060031146)))",
            "g": "(0.7064583+(x-(y+0.8834524)))"
          }
        },
        {
          "fitness": 0,
          "expressions": {
            "r": "((0.8008257-y)+y)",
            "b": "((0.62908334-x)+0.068813324)",
            "g": "((y-x)+x)"
          }
        },
        {
          "fitness": 0,
          "expressions": {
            "r": "(y+x)",
            "b": "(0.0+x)",
            "g": "(x+0.11395168)"
          }
        },
        {
          "fitness": 0,
          "expressions": {
            "r": "(y+(x+y))",
            "b": "(0.0016907528+(0.0+0.0130408555))",
            "g": "(x+(y+x))"
          }
        },
        {
          "fitness": 0,
          "expressions": {
            "r": "(x+(x-x))",
            "b": "(0.0016907528+(0.0-0.0))",
            "g": "(x+(y-0.8974639))"
          }
        },
        {
          "fitness": 0,
          "expressions": {
            "r": "(y-(y+(x+y)))",
            "b": "(0.068813324-(0.109892+(0.13212228+0.0130408555)))",
            "g": "(0.9422159-(x+(y+0.8834524)))"
          }
        },
        {
          "fitness": 0,
          "expressions": {
            "r": "(y+(cos(cos(x))+sin(tan(0.0))))",
            "b": "(0.9454016+(cos(cos(y))+sin(tan(0.0))))",
            "g": "(0.06544715+(cos(cos(0.25897494))+sin(tan(0.0))))"
          }
        },
        {
          "fitness": 0,
          "expressions": {
            "r": "((0.8008257-min(max(y,y),cos(0.0)))+y)",
            "b": "((0.62908334-min(max(y,y),cos(0.0)))+0.068813324)",
            "g": "((y-min(max(y,0.5194938),cos(0.0)))+x)"
          }
        },
        {
          "fitness": 0,
          "expressions": {
            "r": "(y+x)",
            "b": "(0.0+0.72525716)",
            "g": "(0.666209+x)"
          }
        },
        {
          "fitness": 0,
          "expressions": {
            "r": "(y+(cos(cos(x))+(tan(y)/max(x,x))))",
            "b": "(0.9454016+(cos(cos(y))+(tan(0.12814043)/max(0.34690636,x))))",
            "g": "(0.06544715+(cos(cos(0.25897494))+(tan(y)/max(0.20269252,y))))"
          }
        },
        {
          "fitness": 0,
          "expressions": {
            "r": "(x+y)",
            "b": "(0.013339162+0.0)",
            "g": "(y+0.8470675)"
          }
        },
        {
          "fitness": 0,
          "expressions": {
            "r": "(y+(cos((0.0*0.84469056))+(tan(y)*max(x,x))))",
            "b": "(0.97605944+(cos((0.0*y))+(tan(0.19663703)*max(0.34690636,x))))",
            "g": "(0.06544715+(cos((0.0*x))+(tan(y)*max(0.33491242,y))))"
          }
        }
      ],
      "timestamp": "0h:21m:27s"
    },
    {
      "generation": 13,
      "ascendantID": "7i5akxcj-4fji-rydu-tkpt-9skj0q73jvbc",
      "id": "gfb5gnd8-kj7w-cexa-0txa-6el6wedr1mo3",
      "individuals": [
        {
          "fitness": 0,
          "expressions": {
            "r": "(x+y)",
            "b": "(0.013339162+0.068813324)",
            "g": "(y+x)"
          }
        },
        {
          "fitness": 0,
          "expressions": {
            "r": "(tan(0.85092044)+tan(min((x-y),x)))",
            "b": "(tan(x)+tan(min((y-x),x)))",
            "g": "(tan(y)+tan(min((y-x),0.4798529)))"
          }
        },
        {
          "fitness": 0,
          "expressions": {
            "r": "((0.8008257-min(max(y,y),cos(0.0)))+y)",
            "b": "((0.62908334-min(max(y,y),cos(0.0)))+0.25429842)",
            "g": "((y-min(max(y,0.5194938),cos(0.0)))+x)"
          }
        },
        {
          "fitness": 0,
          "expressions": {
            "r": "(y+(y-(x+y)))",
            "b": "(0.068813324+(0.109892-(0.017471552+0.060031146)))",
            "g": "(0.7064583+(x-(y+0.8834524)))"
          }
        },
        {
          "fitness": 0,
          "expressions": {
            "r": "(y+(y-(x+y)))",
            "b": "(0.0+(0.109892-(0.0+0.21185368)))",
            "g": "(0.81038857+(x-(y+0.6244409)))"
          }
        },
        {
          "fitness": 0,
          "expressions": {
            "r": "((0.8008257-min(max(y,y),cos(0.0)))+y)",
            "b": "((0.62908334-min(max(y,y),cos(0.0)))+0.068813324)",
            "g": "((y-min(max(y,0.5194938),cos(0.0)))+x)"
          }
        },
        {
          "fitness": 0,
          "expressions": {
            "r": "(y+(y+y))",
            "b": "(0.0+(0.0+0.0))",
            "g": "(0.8833085+(0.39989674+0.9389836))"
          }
        },
        {
          "fitness": 0,
          "expressions": {
            "r": "((0.56690085-y)+y)",
            "b": "((0.62908334-x)+0.068813324)",
            "g": "((y-x)+x)"
          }
        },
        {
          "fitness": 0,
          "expressions": {
            "r": "(cos(0.85092044)+tan(max((x-y),x)))",
            "b": "(cos(x)+tan(max((y-x),x)))",
            "g": "(cos(y)+tan(max((y-x),0.4798529)))"
          }
        },
        {
          "fitness": 0,
          "expressions": {
            "r": "(y+(sin(cos(x))+sin(tan(0.0))))",
            "b": "(0.8703884+(sin(cos(y))+sin(tan(0.0))))",
            "g": "(0.0+(sin(cos(0.07477263))+sin(tan(0.0))))"
          }
        },
        {
          "fitness": 0,
          "expressions": {
            "r": "(y-(y+(y+y)))",
            "b": "(0.068813324-(0.109892+(0.0+0.0130408555)))",
            "g": "(0.9422159-(0.8114281+(0.88976157+0.8834524)))"
          }
        },
        {
          "fitness": 0,
          "expressions": {
            "r": "((0.8008257+min(max(y,y),sin(0.0)))+y)",
            "b": "((0.62908334+min(max(y,y),sin(0.0)))+0.068813324)",
            "g": "((y+min(max(y,0.51452625),sin(0.0)))+x)"
          }
        },
        {
          "fitness": 0,
          "expressions": {
            "r": "(y+(y-tan(0.0)))",
            "b": "(0.0+(0.26207626-tan(0.0)))",
            "g": "(0.81038857+(x-tan(0.0)))"
          }
        },
        {
          "fitness": 0,
          "expressions": {
            "r": "(x+y)",
            "b": "(0.013339162+0.068813324)",
            "g": "(y+x)"
          }
        },
        {
          "fitness": 0,
          "expressions": {
            "r": "(y+x)",
            "b": "(0.0+0.72525716)",
            "g": "(0.666209+x)"
          }
        },
        {
          "fitness": 0,
          "expressions": {
            "r": "(y+(y*(x+y)))",
            "b": "(0.068813324+(0.109892*(0.017471552+0.060031146)))",
            "g": "(0.7064583+(x*(y+0.8834524)))"
          }
        },
        {
          "fitness": 0,
          "expressions": {
            "r": "(y+(noi(0.85284144,0.8729984)-(x+y)))",
            "b": "(0.0+(noi(x,x)-(0.0+0.21185368)))",
            "g": "(0.58465236+(noi(x,0.5477763)-(y+0.6244409)))"
          }
        },
        {
          "fitness": 0,
          "expressions": {
            "r": "(x+0.51215154)",
            "b": "(0.013339162+0.6263459)",
            "g": "(y+0.9038181)"
          }
        }
      ],
      "timestamp": "0h:21m:28s"
    },
    {
      "generation": 14,
      "ascendantID": "gfb5gnd8-kj7w-cexa-0txa-6el6wedr1mo3",
      "id": "gmw9yisw-vrgg-sdoa-ip34-e05uzs16tzh2",
      "individuals": [
        {
          "fitness": 0,
          "expressions": {
            "r": "(x+y)",
            "b": "(0.013339162+0.068813324)",
            "g": "(y+x)"
          }
        },
        {
          "fitness": 0,
          "expressions": {
            "r": "(y-x)",
            "b": "(0.0-0.72525716)",
            "g": "(0.666209-x)"
          }
        },
        {
          "fitness": 0,
          "expressions": {
            "r": "((x+y)+0.63551116)",
            "b": "((0.013339162+0.068813324)+0.37063873)",
            "g": "((y+x)+y)"
          }
        },
        {
          "fitness": 0,
          "expressions": {
            "r": "(y-(y-(y+y)))",
            "b": "(0.068813324-(0.109892-(0.0+0.0130408555)))",
            "g": "(0.9422159-(0.8114281-(0.88976157+0.8834524)))"
          }
        },
        {
          "fitness": 0,
          "expressions": {
            "r": "((min(0.85284144,(0.83857566*0.4856792))*(x+y))+y)",
            "b": "((min(x,(x*x))*(0.0+0.21185368))+0.068813324)",
            "g": "((min(x,(x*y))*(y+0.6244409))+x)"
          }
        },
        {
          "fitness": 0,
          "expressions": {
            "r": "(y+(y*(x+y)))",
            "b": "(0.068813324+(0.109892*(0.24199852+0.060031146)))",
            "g": "(0.9718065+(x*(y+0.8834524)))"
          }
        },
        {
          "fitness": 0,
          "expressions": {
            "r": "((cos(0.85092044)+tan(max(0.0,x)))-((x+y)-(x+y)))",
            "b": "((cos(x)+tan(max(0.0,x)))-((y+y)-(0.0+0.21185368)))",
            "g": "((cos(y)+tan(max(0.0,0.4798529)))-((0.81293696+0.8809367)-(y+0.6244409)))"
          }
        },
        {
          "fitness": 0,
          "expressions": {
            "r": "(y-x)",
            "b": "(0.0-0.72525716)",
            "g": "(0.666209-x)"
          }
        },
        {
          "fitness": 0,
          "expressions": {
            "r": "(y+pow((y/sin(y)),(cos(y)+pow(x,0.96369535))))",
            "b": "(0.0+pow((0.3718813/sin(x)),(cos(x)+pow(y,y))))",
            "g": "(0.8833085+pow((y/sin(0.2383967)),(cos(x)+pow(0.75089926,x))))"
          }
        },
        {
          "fitness": 0,
          "expressions": {
            "r": "(y+(max(noi(0.0,0.0),min(0.0,0.0))*(x+noi(0.85284144,0.8729984))))",
            "b": "(0.068813324+(max(noi(0.0,0.0),min(0.0,0.0))*(0.017471552+noi(x,x))))",
            "g": "(0.7064583+(max(noi(0.0,0.0),min(0.0,0.0))*(y+noi(x,0.5477763))))"
          }
        },
        {
          "fitness": 0,
          "expressions": {
            "r": "(max(x,0.9900863)+max(max((x-y),x),y))",
            "b": "(max(x,y)+max(max((y-x),0.9850538),0.6235809))",
            "g": "(max(y,y)+max(max((y-x),0.6444735),x))"
          }
        },
        {
          "fitness": 0,
          "expressions": {
            "r": "(y+min(y,0.9241131))",
            "b": "(0.0+min(0.5693593,0.2146951))",
            "g": "(0.81038857+min(x,0.14805704))"
          }
        },
        {
          "fitness": 0,
          "expressions": {
            "r": "(sin(0.7847723)+tan(max((x-y),x)))",
            "b": "(sin(x)+tan(max((y-x),x)))",
            "g": "(sin(y)+tan(max((y-x),0.4798529)))"
          }
        },
        {
          "fitness": 0,
          "expressions": {
            "r": "(y+(sin(cos(x))+sin(tan(0.0))))",
            "b": "(0.8703884+(sin(cos(y))+sin(tan(0.0))))",
            "g": "(0.0+(sin(cos(0.07477263))+sin(tan(0.0))))"
          }
        },
        {
          "fitness": 0,
          "expressions": {
            "r": "(x+y)",
            "b": "(0.013339162+0.068813324)",
            "g": "(y+x)"
          }
        },
        {
          "fitness": 0,
          "expressions": {
            "r": "(x+y)",
            "b": "(0.03527838+0.068813324)",
            "g": "(y+x)"
          }
        },
        {
          "fitness": 0,
          "expressions": {
            "r": "((0.8008257-min(min(y,y),cos(0.0)))+y)",
            "b": "((0.62908334-min(min(0.0,y),cos(0.0)))+0.068813324)",
            "g": "((y-min(min(0.69775456,0.5194938),cos(0.0)))+x)"
          }
        },
        {
          "fitness": 0,
          "expressions": {
            "r": "(y+(sin(tan(x))+sin(tan(0.0))))",
            "b": "(0.8703884+(sin(tan(y))+sin(tan(0.0))))",
            "g": "(0.0+(sin(tan(0.07477263))+sin(tan(0.0))))"
          }
        }
      ],
      "timestamp": "0h:21m:29s"
    },
    {
      "generation": 0,
      "ascendantID": "gmw9yisw-vrgg-sdoa-ip34-e05uzs16tzh2",
      "id": "efdd9trz-i1bm-fg1k-evsk-fcct3bzovvfa",
      "individuals": [
        {
          "fitness": 0,
          "expressions": {
            "r": "pow(sin(tan(sin(y))),0.6655841)",
            "b": "pow(sin(tan(sin(0.24750066))),y)",
            "g": "pow(sin(tan(sin(y))),x)"
          }
        },
        {
          "fitness": 0,
          "expressions": {
            "r": "(0.34015596+x)",
            "b": "(x+x)",
            "g": "(x+x)"
          }
        },
        {
          "fitness": 0,
          "expressions": {
            "r": "(0.8329475+0.78002715)",
            "b": "(0.88514525+y)",
            "g": "(y+y)"
          }
        },
        {
          "fitness": 0,
          "expressions": {
            "r": "(min(x,0.06894994)*(x+y))",
            "b": "(min(y,0.78658605)*(0.63380885+x))",
            "g": "(min(x,x)*(y+x))"
          }
        },
        {
          "fitness": 0,
          "expressions": {
            "r": "(y-sin(x))",
            "b": "(y-sin(0.13999218))",
            "g": "(0.71154-sin(x))"
          }
        },
        {
          "fitness": 0,
          "expressions": {
            "r": "pow(x,noi((x/cos(sin(x))),(((x-x)+0.37123096)/x)))",
            "b": "pow(x,noi((y/cos(sin(x))),(((y-0.23153919)+x)/0.19831896)))",
            "g": "pow(0.80500156,noi((x/cos(sin(x))),(((y-x)+x)/x)))"
          }
        },
        {
          "fitness": 0,
          "expressions": {
            "r": "(y+0.2297777)",
            "b": "(0.28832674+y)",
            "g": "(0.7614248+x)"
          }
        },
        {
          "fitness": 0,
          "expressions": {
            "r": "(cos(max(y,x))*x)",
            "b": "(cos(max(0.86598283,x))*0.64460063)",
            "g": "(cos(max(x,0.90249807))*0.81490606)"
          }
        },
        {
          "fitness": 0,
          "expressions": {
            "r": "(0.6552921+x)",
            "b": "(y+0.39793736)",
            "g": "(x+x)"
          }
        },
        {
          "fitness": 0,
          "expressions": {
            "r": "(noi(0.037142694,cos(pow((y+x),(x+0.61000943))))-(sin(y)/pow(x,sin(0.46102524))))",
            "b": "(noi(y,cos(pow((0.5660709+y),(y+y))))-(sin(0.60871285)/pow(x,sin(y))))",
            "g": "(noi(y,cos(pow((0.3741426+0.6671968),(y+y))))-(sin(y)/pow(0.5571642,sin(0.39620894))))"
          }
        },
        {
          "fitness": 0,
          "expressions": {
            "r": "noi(((((0.4245504-0.10814685)-(y*y))-0.77103764)*sin(x)),(sin((y/noi(y,x)))-max(x,sin((0.09544551*0.5018236)))))",
            "b": "noi(((((0.57391566-0.23532361)-(x*x))-x)*sin(y)),(sin((y/noi(0.75578713,x)))-max(x,sin((y*0.5003677)))))",
            "g": "noi(((((0.8792317-x)-(x*x))-x)*sin(0.7690283)),(sin((y/noi(x,0.39585793)))-max(0.95525104,sin((y*x)))))"
          }
        },
        {
          "fitness": 0,
          "expressions": {
            "r": "(x+x)",
            "b": "(0.105392754+0.9453106)",
            "g": "(y+x)"
          }
        },
        {
          "fitness": 0,
          "expressions": {
            "r": "cos((noi(max(y,0.4645595),noi(noi(0.7902104,y),y))*min(x,tan(y))))",
            "b": "cos((noi(max(0.10875034,x),noi(noi(x,x),x))*min(x,tan(y))))",
            "g": "cos((noi(max(x,0.16952509),noi(noi(0.9755264,x),0.7981909))*min(y,tan(x))))"
          }
        },
        {
          "fitness": 0,
          "expressions": {
            "r": "(0.7976557+x)",
            "b": "(0.7638016+0.24216127)",
            "g": "(y+x)"
          }
        },
        {
          "fitness": 0,
          "expressions": {
            "r": "cos(min((noi(y,pow(0.2089001,0.7999896))/y),x))",
            "b": "cos(min((noi(x,pow(y,0.62337774))/y),0.61662304))",
            "g": "cos(min((noi(x,pow(y,0.4675743))/y),x))"
          }
        },
        {
          "fitness": 0,
          "expressions": {
            "r": "(y/(0.55789304/y))",
            "b": "(y/(0.4168083/y))",
            "g": "(0.57594323/(0.38456047/0.9212553))"
          }
        },
        {
          "fitness": 0,
          "expressions": {
            "r": "(x+x)",
            "b": "(x+0.5348697)",
            "g": "(0.9829774+x)"
          }
        },
        {
          "fitness": 0,
          "expressions": {
            "r": "(0.47419792+x)",
            "b": "(y+y)",
            "g": "(x+0.1948809)"
          }
        }
      ],
      "timestamp": "0h:21m:32s"
    },
    {
      "generation": 1,
      "ascendantID": "efdd9trz-i1bm-fg1k-evsk-fcct3bzovvfa",
      "id": "y9c6mwo4-bgcs-zwv3-vas3-pxd224yhq51p",
      "individuals": [
        {
          "fitness": 0,
          "expressions": {
            "r": "pow(sin(tan(sin(y))),0.6655841)",
            "b": "pow(sin(tan(sin(0.24750066))),y)",
            "g": "pow(sin(tan(sin(y))),x)"
          }
        },
        {
          "fitness": 0,
          "expressions": {
            "r": "pow(sin(cos(cos(y))),(min(x,0.06894994)*(x+y)))",
            "b": "pow(sin(cos(cos(0.24750066))),(min(y,0.78658605)*(0.63380885+x)))",
            "g": "pow(sin(cos(cos(y))),(min(x,x)*(y+x)))"
          }
        },
        {
          "fitness": 0,
          "expressions": {
            "r": "(0.34015596+x)",
            "b": "(x+x)",
            "g": "(x+x)"
          }
        },
        {
          "fitness": 0,
          "expressions": {
            "r": "(0.8329475+0.78002715)",
            "b": "(0.88514525+y)",
            "g": "(y+y)"
          }
        },
        {
          "fitness": 0,
          "expressions": {
            "r": "(y*(x*(x+pow(0.588739,tan((0.18534869/0.0))))))",
            "b": "(y*(y*(y+pow(x,tan((y/0.0))))))",
            "g": "(0.71154*(y*(y+pow(y,tan((0.4966246/0.0))))))"
          }
        },
        {
          "fitness": 0,
          "expressions": {
            "r": "(x+x)",
            "b": "(x+0.5348697)",
            "g": "(0.9829774+x)"
          }
        },
        {
          "fitness": 0,
          "expressions": {
            "r": "cos((noi(max(y,0.4645595),noi(noi(0.7902104,y),y))*min(x,0.55789304)))",
            "b": "cos((noi(max(0.10875034,y),noi(noi(x,x),x))*min(x,0.4168083)))",
            "g": "cos((noi(max(x,0.0),noi(noi(x,x),0.7981909))*min(y,0.38456047)))"
          }
        },
        {
          "fitness": 0,
          "expressions": {
            "r": "(x+x)",
            "b": "(0.105392754+0.9453106)",
            "g": "(y+x)"
          }
        },
        {
          "fitness": 0,
          "expressions": {
            "r": "pow(x,noi((x/cos((x/x))),(((x+x)+0.37123096)/x)))",
            "b": "pow(x,noi((y/cos((x/y))),(((y+0.23153919)+x)/0.19831896)))",
            "g": "pow(0.80500156,noi((x/cos((x/y))),(((y+x)+x)/x)))"
          }
        },
        {
          "fitness": 0,
          "expressions": {
            "r": "(y+x)",
            "b": "(0.92318773+0.24216127)",
            "g": "(y+x)"
          }
        },
        {
          "fitness": 0,
          "expressions": {
            "r": "(0.8329475+0.78002715)",
            "b": "(0.88514525+y)",
            "g": "(y+y)"
          }
        },
        {
          "fitness": 0,
          "expressions": {
            "r": "pow(sin(tan(0.40170568)),0.6655841)",
            "b": "pow(sin(tan(y)),y)",
            "g": "pow(sin(tan(y)),x)"
          }
        },
        {
          "fitness": 0,
          "expressions": {
            "r": "(min(x,0.06894994)*(x+y))",
            "b": "(min(y,0.8945072)*(0.63380885+x))",
            "g": "(min(x,x)*(y+x))"
          }
        },
        {
          "fitness": 0,
          "expressions": {
            "r": "((y*x)-x)",
            "b": "((0.92278683*y)-0.39793736)",
            "g": "((0.31003958*0.97977054)-x)"
          }
        },
        {
          "fitness": 0,
          "expressions": {
            "r": "(noi(0.2297777,tan(pow((y+x),(x+0.61000943))))-(sin(y)/pow(x,sin(0.46102524))))",
            "b": "(noi(y,tan(pow((0.6031606+y),(y+y))))-(sin(0.60871285)/pow(x,sin(y))))",
            "g": "(noi(x,tan(pow((0.3741426+0.6671968),(y+y))))-(sin(y)/pow(0.5571642,sin(0.39620894))))"
          }
        },
        {
          "fitness": 0,
          "expressions": {
            "r": "cos((0.5247538/min(x,tan(y))))",
            "b": "cos((0.77443403/min(x,tan(y))))",
            "g": "cos((0.8594926/min(y,tan(x))))"
          }
        },
        {
          "fitness": 0,
          "expressions": {
            "r": "(0.5925005+0.2089001)",
            "b": "(y+y)",
            "g": "(0.6180296+y)"
          }
        },
        {
          "fitness": 0,
          "expressions": {
            "r": "(0.34015596+(y/noi(y,tan(0.70523393))))",
            "b": "(x+(0.35636884/noi(0.5815689,tan(y))))",
            "g": "(x+(0.29316902/noi(0.32807833,tan(y))))"
          }
        }
      ],
      "timestamp": "0h:21m:35s"
    },
    {
      "generation": 2,
      "ascendantID": "y9c6mwo4-bgcs-zwv3-vas3-pxd224yhq51p",
      "id": "5rtg732g-albe-gmww-58ta-auc92iv8y4px",
      "individuals": [
        {
          "fitness": 0,
          "expressions": {
            "r": "pow(sin(tan(sin(y))),0.6655841)",
            "b": "pow(sin(tan(sin(0.24750066))),y)",
            "g": "pow(sin(tan(sin(y))),x)"
          }
        },
        {
          "fitness": 0,
          "expressions": {
            "r": "pow(sin(tan(0.40170568)),0.6655841)",
            "b": "pow(sin(tan(y)),y)",
            "g": "pow(sin(tan(y)),x)"
          }
        },
        {
          "fitness": 0,
          "expressions": {
            "r": "pow(cos(max(0.40170568,y)),0.6655841)",
            "b": "pow(cos(max(y,y)),y)",
            "g": "pow(cos(max(y,y)),x)"
          }
        },
        {
          "fitness": 0,
          "expressions": {
            "r": "((y*x)-x)",
            "b": "((0.92278683*y)-0.39793736)",
            "g": "((0.31003958*0.97977054)-x)"
          }
        },
        {
          "fitness": 0,
          "expressions": {
            "r": "(max(cos((0.9377294+cos(noi(x,x)))),(noi(x,((x/0.23414218)*(x-x)))+0.6352796))+0.78002715)",
            "b": "(max(cos((x+cos(noi(y,y)))),(noi(x,((y/0.7223872)*(0.8183795-y)))+x))+y)",
            "g": "(max(cos((0.1638397+cos(noi(0.3155231,0.18645823)))),(noi(0.07952213,((x/y)*(y-y)))+0.21188486))+y)"
          }
        },
        {
          "fitness": 0,
          "expressions": {
            "r": "noi(sin(max(0.40170568,x)),0.41054088)",
            "b": "noi(sin(max(y,y)),y)",
            "g": "noi(sin(max(y,0.07832426)),x)"
          }
        },
        {
          "fitness": 0,
          "expressions": {
            "r": "(0.2801742+x)",
            "b": "(x+x)",
            "g": "(x+x)"
          }
        },
        {
          "fitness": 0,
          "expressions": {
            "r": "(y*(x*(x+noi(0.588739,tan(sin(0.18534869))))))",
            "b": "(y*(y*(y+noi(x,tan(sin(y))))))",
            "g": "(0.5504564*(y*(y+noi(y,tan(sin(0.4966246))))))"
          }
        },
        {
          "fitness": 0,
          "expressions": {
            "r": "(0.62601846+(y/0.60617137))",
            "b": "(x+(0.35636884/0.9436394))",
            "g": "(x+(0.29316902/0.6391872))"
          }
        },
        {
          "fitness": 0,
          "expressions": {
            "r": "cos((noi(max(y,0.4645595),pow(noi(0.7902104,y),y))*min(x,0.55789304)))",
            "b": "cos((noi(max(0.10875034,y),pow(noi(x,x),x))*min(x,0.4168083)))",
            "g": "cos((noi(max(x,0.0),pow(noi(x,x),0.7981909))*min(y,0.38456047)))"
          }
        },
        {
          "fitness": 0,
          "expressions": {
            "r": "pow(x,pow((x/cos(sin(x))),(0.5908601/x)))",
            "b": "pow(x,pow((y/cos(sin(x))),(y/0.19831896)))",
            "g": "pow(0.80500156,pow((x/cos(sin(x))),(y/x)))"
          }
        },
        {
          "fitness": 0,
          "expressions": {
            "r": "(x+x)",
            "b": "(x+0.5348697)",
            "g": "(0.9829774+x)"
          }
        },
        {
          "fitness": 0,
          "expressions": {
            "r": "noi(sin(cos(cos(x))),(min(x,0.06894994)-(x+y)))",
            "b": "noi(sin(cos(cos(0.24216127))),(min(y,0.78658605)-(0.63380885+x)))",
            "g": "noi(sin(cos(cos(x))),(min(x,x)-(y+x)))"
          }
        },
        {
          "fitness": 0,
          "expressions": {
            "r": "pow(sin(sin(cos(y))),(min(0.9306046,0.06894994)/(x+(x/y))))",
            "b": "pow(sin(sin(cos(0.24750066))),(min(y,0.78658605)/(0.63380885+(x/y))))",
            "g": "pow(sin(sin(cos(y))),(min(x,x)/(y+(y/y))))"
          }
        },
        {
          "fitness": 0,
          "expressions": {
            "r": "pow(sin(tan(sin(y))),(min(0.9749265,0.06894994)*(x+y)))",
            "b": "pow(sin(tan(sin(0.24750066))),(min(y,0.78658605)*(0.63380885+x)))",
            "g": "pow(sin(tan(sin(y))),(min(x,x)*(y+x)))"
          }
        },
        {
          "fitness": 0,
          "expressions": {
            "r": "(min(x,x)*(x+y))",
            "b": "(min(y,y)*(0.63380885+x))",
            "g": "(min(x,x)*(y+x))"
          }
        },
        {
          "fitness": 0,
          "expressions": {
            "r": "tan((pow(max(y,0.4645595),noi(noi(0.7902104,y),y))*min(x,0.55789304)))",
            "b": "tan((pow(max(0.10875034,y),noi(noi(x,x),x))*min(x,0.4168083)))",
            "g": "tan((pow(max(x,0.0),noi(noi(x,x),0.7981909))*min(y,0.38456047)))"
          }
        },
        {
          "fitness": 0,
          "expressions": {
            "r": "((tan(max((0.7319473+max(0.9733742,x)),y))-cos(0.37875777))+(y/noi(y,tan(0.70523393))))",
            "b": "((tan(max((x+max(0.9235096,0.100016)),y))-cos(x))+(0.35636884/noi(0.5815689,tan(y))))",
            "g": "((tan(max((y+max(y,x)),0.0052571297))-cos(0.68643737))+(0.29316902/noi(0.32807833,tan(y))))"
          }
        }
      ],
      "timestamp": "0h:22m:8s"
    },
    {
      "generation": 3,
      "ascendantID": "5rtg732g-albe-gmww-58ta-auc92iv8y4px",
      "id": "ee350v5z-xoiq-k1ai-27mb-od7pdkl52yxc",
      "individuals": [
        {
          "fitness": 0,
          "expressions": {
            "r": "((tan(max((0.7319473+max(0.9733742,x)),y))-cos(0.37875777))+(y/noi(y,tan(0.70523393))))",
            "b": "((tan(max((x+max(0.9235096,0.100016)),y))-cos(x))+(0.35636884/noi(0.5815689,tan(y))))",
            "g": "((tan(max((y+max(y,x)),0.0052571297))-cos(0.68643737))+(0.29316902/noi(0.32807833,tan(y))))"
          }
        },
        {
          "fitness": 0,
          "expressions": {
            "r": "(max(cos((0.9377294+cos(pow(x,x)))),(noi(x,((0.0*0.23414218)*(x-x)))+0.6352796))+0.48839235)",
            "b": "(max(cos((x+cos(pow(y,x)))),(noi(x,((0.0*0.7223872)*(0.8183795-y)))+x))+y)",
            "g": "(max(cos((0.1638397+cos(pow(0.3155231,0.18645823)))),(noi(0.07952213,((0.0*y)*(y-y)))+0.21188486))+y)"
          }
        },
        {
          "fitness": 0,
          "expressions": {
            "r": "(max(cos((0.9377294+sin(noi(x,x)))),(noi(x,((x/0.23414218)*(x*x)))+0.6352796))+0.78002715)",
            "b": "(max(cos((x+sin(noi(y,y)))),(noi(x,((y/0.7223872)*(0.8183795*y)))+x))+y)",
            "g": "(max(cos((0.1638397+sin(noi(0.3155231,0.18645823)))),(noi(0.07952213,((x/y)*(y*y)))+0.21188486))+y)"
          }
        },
        {
          "fitness": 0,
          "expressions": {
            "r": "pow(cos(tan(0.40170568)),(0.4503765-x))",
            "b": "pow(cos(tan(y)),(y-0.846495))",
            "g": "pow(cos(tan(y)),(0.35578305-0.1440838))"
          }
        },
        {
          "fitness": 0,
          "expressions": {
            "r": "(0.47382593+x)",
            "b": "(x+x)",
            "g": "(x+x)"
          }
        },
        {
          "fitness": 0,
          "expressions": {
            "r": "((tan(y)-cos(0.37875777))+(0.42192972/noi(min(0.21104246,pow(x,y)),(x+x))))",
            "b": "((tan(0.10875034)-cos(x))+(0.36900598/noi(min(0.42667508,pow(x,y)),(x+y))))",
            "g": "((tan(x)-cos(0.68643737))+(y/noi(min(y,pow(y,y)),(y+x))))"
          }
        },
        {
          "fitness": 0,
          "expressions": {
            "r": "(max(sin((0.9377294+sin(noi(x,x)))),(noi(x,((x/0.23414218)*(x*x)))+0.65022904))+0.51253134)",
            "b": "(max(sin((x+sin(noi(y,y)))),(noi(x,((y/0.7223872)*(0.8183795*y)))+x))+y)",
            "g": "(max(sin((0.1638397+sin(noi(0.3155231,0.18645823)))),(noi(0.07952213,((x/y)*(y*y)))+0.20515615))+y)"
          }
        },
        {
          "fitness": 0,
          "expressions": {
            "r": "pow(sin(cos(cos(x))),(min(x,0.06894994)-(x+y)))",
            "b": "pow(sin(cos(cos(0.24216127))),(min(y,0.78658605)-(0.63380885+x)))",
            "g": "pow(sin(cos(cos(x))),(min(x,x)-(y+x)))"
          }
        },
        {
          "fitness": 0,
          "expressions": {
            "r": "pow(sin(max(sin(y),0.52773607)),0.6655841)",
            "b": "pow(sin(max(sin(0.24750066),y)),y)",
            "g": "pow(sin(max(sin(y),y)),x)"
          }
        },
        {
          "fitness": 0,
          "expressions": {
            "r": "pow(cos(max(sin(y),y)),0.67992216)",
            "b": "pow(cos(max(sin(0.24750066),x)),y)",
            "g": "pow(cos(max(sin(y),x)),x)"
          }
        },
        {
          "fitness": 0,
          "expressions": {
            "r": "((max((min(y,max(0.0,x))-y),pow(tan(pow(x,0.0)),y))*0.92334855)-x)",
            "b": "((max((min(y,max(0.0,y))-0.42318088),pow(tan(pow(x,0.0)),0.3860137))*y)-0.39793736)",
            "g": "((max((min(0.13279313,max(0.0,x))-x),pow(tan(pow(0.46552956,0.0)),x))*0.97977054)-x)"
          }
        },
        {
          "fitness": 0,
          "expressions": {
            "r": "(0.4742158+(0.7319473+max(0.9733742,x)))",
            "b": "(x+(x+max(0.9235096,0.100016)))",
            "g": "(x+(y+max(y,0.946162)))"
          }
        },
        {
          "fitness": 0,
          "expressions": {
            "r": "cos((noi(max(y,0.4645595),pow(noi(0.7902104,y),y))/max(x,0.55789304)))",
            "b": "cos((noi(max(0.10875034,y),pow(noi(y,x),x))/max(x,0.4168083)))",
            "g": "cos((noi(max(x,0.0),pow(noi(x,x),0.7981909))/max(y,0.38456047)))"
          }
        },
        {
          "fitness": 0,
          "expressions": {
            "r": "(x+sin(y))",
            "b": "(x+sin(0.35636884))",
            "g": "(0.31673974+sin(0.11862108))"
          }
        },
        {
          "fitness": 0,
          "expressions": {
            "r": "pow(cos(max(0.40170568,(0.01943618*x))),0.6655841)",
            "b": "pow(cos(max(y,(y*y))),y)",
            "g": "pow(cos(max(y,(0.15485859*x))),x)"
          }
        },
        {
          "fitness": 0,
          "expressions": {
            "r": "(min(x,x)*(x+0.27391988))",
            "b": "(min(y,y)*(0.63380885+x))",
            "g": "(min(x,x)*(y+x))"
          }
        },
        {
          "fitness": 0,
          "expressions": {
            "r": "cos((noi(min(y,0.4645595),pow(min(0.7902104,y),y))*min(x,0.27538162)))",
            "b": "cos((noi(min(0.10875034,y),pow(min(x,x),x))*min(x,0.4168083)))",
            "g": "cos((noi(min(x,0.0),pow(min(x,x),0.7981909))*min(y,0.6339009)))"
          }
        },
        {
          "fitness": 0,
          "expressions": {
            "r": "tan((noi(max(y,0.4645595),pow(noi(0.7902104,y),y))*min(x,0.55789304)))",
            "b": "tan((noi(max(0.10875034,y),pow(noi(x,x),x))*min(x,0.4168083)))",
            "g": "tan((noi(max(y,0.0),pow(noi(x,x),0.7981909))*min(y,0.38456047)))"
          }
        }
      ],
      "timestamp": "0h:22m:28s"
    }
  ],
  "timestamp": "2024-07-23-00-21-01"
}