{
  "id": "s7wmuhtf-fgsr-bowz-nd9p-33i7vfy9pn6k",
  "parameters": {
    "crossoverRate": 0.30000001192092896,
    "eliteSize": 2,
    "tournamentSize": 3,
    "mutationRate": 0.8999999761581421,
    "populationSize": 10
  },
  "populations": [{
    "generation": 0,
    "id": "3x36jild-0bb7-uwwh-wuwt-m7ll74zpqmk8",
    "individuals": [
      {
        "fitness": 0,
        "expressions": {
          "r": "(x+0.44121623)",
          "b": "(y+y)",
          "g": "(x+x)"
        }
      },
      {
        "fitness": 0,
        "expressions": {
          "r": "(0.81158495+0.8394411)",
          "b": "(y+0.28739244)",
          "g": "(0.74799174+x)"
        }
      },
      {
        "fitness": 0,
        "expressions": {
          "r": "(0.41720492+0.950442)",
          "b": "(x+y)",
          "g": "(0.46506232+0.7748725)"
        }
      },
      {
        "fitness": 0,
        "expressions": {
          "r": "max(0.6872651,(x/0.13516814))",
          "b": "max(0.91233444,(x/x))",
          "g": "max(x,(y/y))"
        }
      },
      {
        "fitness": 0,
        "expressions": {
          "r": "auh(x,bri(min(x,y),(x-x)))",
          "b": "auh(y,bri(min(y,y),(y-x)))",
          "g": "auh(0.7930382,bri(min(y,x),(y-0.49619132)))"
        }
      },
      {
        "fitness": 0,
        "expressions": {
          "r": "(x+y)",
          "b": "(y+0.38856715)",
          "g": "(y+0.38027018)"
        }
      },
      {
        "fitness": 0,
        "expressions": {
          "r": "(y+y)",
          "b": "(y+x)",
          "g": "(x+x)"
        }
      },
      {
        "fitness": 0,
        "expressions": {
          "r": "(aul(pow(0.7514663,0.3974535),0.7607553)*x)",
          "b": "(aul(pow(x,x),y)*0.22660679)",
          "g": "(aul(pow(y,y),y)*y)"
        }
      },
      {
        "fitness": 0,
        "expressions": {
          "r": "max(y,0.68740815)",
          "b": "max(x,0.90431875)",
          "g": "max(x,x)"
        }
      },
      {
        "fitness": 0,
        "expressions": {
          "r": "(x+y)",
          "b": "(0.94050264+0.9049149)",
          "g": "(y+x)"
        }
      },
      {
        "fitness": 0,
        "expressions": {
          "r": "(0.010419846+y)",
          "b": "(x+x)",
          "g": "(x+y)"
        }
      },
      {
        "fitness": 0,
        "expressions": {
          "r": "sin(y)",
          "b": "sin(x)",
          "g": "sin(y)"
        }
      },
      {
        "fitness": 0,
        "expressions": {
          "r": "max(tan(x),cos(cos(0.08448011)))",
          "b": "max(tan(0.8629335),cos(cos(y)))",
          "g": "max(tan(y),cos(cos(y)))"
        }
      },
      {
        "fitness": 0,
        "expressions": {
          "r": "(0.17953652+x)",
          "b": "(x+x)",
          "g": "(y+y)"
        }
      },
      {
        "fitness": 0,
        "expressions": {
          "r": "sin(y)",
          "b": "sin(y)",
          "g": "sin(x)"
        }
      },
      {
        "fitness": 0,
        "expressions": {
          "r": "aul(aul(min(0.91618145,0.78777176),bri(x,x)),y)",
          "b": "aul(aul(min(0.4173637,0.5986587),bri(x,0.08558321)),x)",
          "g": "aul(aul(min(y,y),bri(y,0.37914026)),y)"
        }
      },
      {
        "fitness": 0,
        "expressions": {
          "r": "(x+y)",
          "b": "(x+y)",
          "g": "(0.29868793+x)"
        }
      },
      {
        "fitness": 0,
        "expressions": {
          "r": "(x+x)",
          "b": "(y+x)",
          "g": "(y+0.8739352)"
        }
      }
    ],
    "timestamp": "17h:49m:47s"
  }],
  "timestamp": "2024-07-04-17-49-44"
}