{
  "id": "sjh7ntyi-pbfw-1pu1-bfrv-d8o3klxxew7d",
  "parameters": {
    "crossoverRate": 0.30000001192092896,
    "eliteSize": 2,
    "tournamentSize": 3,
    "mutationRate": 0.8999999761581421,
    "populationSize": 10
  },
  "populations": [{
    "generation": 0,
    "id": "tfv2vvha-gzvf-58pk-mutl-vy3y6dh6fibb",
    "individuals": [
      {
        "fitness": 0,
        "expressions": {
          "r": "(x+x)",
          "b": "(y+y)",
          "g": "(x+x)"
        }
      },
      {
        "fitness": 0,
        "expressions": {
          "r": "(y*aud(y,cos(0.04859823)))",
          "b": "(x*aud(x,cos(x)))",
          "g": "(x*aud(x,cos(y)))"
        }
      },
      {
        "fitness": 0,
        "expressions": {
          "r": "(x+0.36283064)",
          "b": "(0.85537523+x)",
          "g": "(y+x)"
        }
      },
      {
        "fitness": 0,
        "expressions": {
          "r": "auh(cos(auh(y,x)),0.1043635)",
          "b": "auh(cos(auh(y,x)),y)",
          "g": "auh(cos(auh(0.43436033,0.45683938)),0.8016279)"
        }
      },
      {
        "fitness": 0,
        "expressions": {
          "r": "(x+0.79733026)",
          "b": "(x+x)",
          "g": "(0.6577742+x)"
        }
      },
      {
        "fitness": 0,
        "expressions": {
          "r": "max(min(aul(x,0.37779343),pow(x,x)),(y-cos(0.6435946)))",
          "b": "max(min(aul(x,0.8437827),pow(x,0.8716335)),(y-cos(0.8356499)))",
          "g": "max(min(aul(y,0.466282),pow(x,0.3995222)),(0.30674672-cos(y)))"
        }
      },
      {
        "fitness": 0,
        "expressions": {
          "r": "var(auh((x*0.7359089),min(x,y)))",
          "b": "var(auh((y*y),min(y,x)))",
          "g": "var(auh((y*y),min(y,y)))"
        }
      },
      {
        "fitness": 0,
        "expressions": {
          "r": "(0.057210803+0.13252133)",
          "b": "(0.031933308+x)",
          "g": "(x+0.33649045)"
        }
      },
      {
        "fitness": 0,
        "expressions": {
          "r": "max(y,0.14447254)",
          "b": "max(x,x)",
          "g": "max(x,0.16567755)"
        }
      },
      {
        "fitness": 0,
        "expressions": {
          "r": "(x+x)",
          "b": "(x+0.123372495)",
          "g": "(y+x)"
        }
      },
      {
        "fitness": 0,
        "expressions": {
          "r": "sin(max((x/x),x))",
          "b": "sin(max((y/0.32503438),0.031354666))",
          "g": "sin(max((x/x),0.31343043))"
        }
      },
      {
        "fitness": 0,
        "expressions": {
          "r": "(y+x)",
          "b": "(0.6036687+x)",
          "g": "(y+x)"
        }
      },
      {
        "fitness": 0,
        "expressions": {
          "r": "(x+y)",
          "b": "(y+0.6829523)",
          "g": "(0.11511344+0.83328134)"
        }
      },
      {
        "fitness": 0,
        "expressions": {
          "r": "(x+y)",
          "b": "(x+x)",
          "g": "(0.118119836+y)"
        }
      },
      {
        "fitness": 0,
        "expressions": {
          "r": "(0.35489792+x)",
          "b": "(0.8772998+x)",
          "g": "(x+0.8493086)"
        }
      },
      {
        "fitness": 0,
        "expressions": {
          "r": "(y+0.88809335)",
          "b": "(0.29700673+y)",
          "g": "(y+y)"
        }
      },
      {
        "fitness": 0,
        "expressions": {
          "r": "(x+x)",
          "b": "(x+x)",
          "g": "(y+0.0482558)"
        }
      },
      {
        "fitness": 0,
        "expressions": {
          "r": "(0.6713646+0.07975334)",
          "b": "(0.7801237+y)",
          "g": "(y+y)"
        }
      }
    ],
    "timestamp": "17h:12m:1s"
  }],
  "timestamp": "2024-07-04-17-11-59"
}