{
  "id": "smrva962-kdh0-eozj-5hqt-g2zxsxg8npb9",
  "parameters": {
    "crossoverRate": 0.30000001192092896,
    "eliteSize": 2,
    "tournamentSize": 3,
    "mutationRate": 0.8999999761581421,
    "populationSize": 10
  },
  "populations": [
    {
      "generation": 0,
      "id": "jzoickof-63f7-mv8w-glek-k3ac5a7qylx3",
      "individuals": [
        {
          "fitness": 0,
          "expressions": {
            "r": "auh(tan(auh(x,y)),x)",
            "b": "auh(tan(auh(y,y)),y)",
            "g": "auh(tan(auh(0.78247833,y)),0.94163024)"
          }
        },
        {
          "fitness": 0,
          "expressions": {
            "r": "mul(cos(min(x,0.54487)),aul(min(0.20957422,y),max(x,y)))",
            "b": "mul(cos(min(0.639218,0.63543177)),aul(min(0.6229064,0.99434406),max(y,x)))",
            "g": "mul(cos(min(y,0.7947149)),aul(min(0.02426666,x),max(y,y)))"
          }
        },
        {
          "fitness": 0,
          "expressions": {
            "r": "pow(add(0.1882394,max(0.20412397,0.33705443)),aud(tan(y),aud(y,y)))",
            "b": "pow(add(y,max(y,y)),aud(tan(x),aud(x,x)))",
            "g": "pow(add(x,max(y,x)),aud(tan(x),aud(x,0.7075106)))"
          }
        },
        {
          "fitness": 0,
          "expressions": {
            "r": "add(x,x)",
            "b": "add(0.8346557,x)",
            "g": "add(x,0.9014883)"
          }
        },
        {
          "fitness": 0,
          "expressions": {
            "r": "add(x,y)",
            "b": "add(0.74293435,x)",
            "g": "add(0.99600273,y)"
          }
        },
        {
          "fitness": 0,
          "expressions": {
            "r": "pow(y,add(y,div(y,x)))",
            "b": "pow(0.9002132,add(y,div(x,0.92688346)))",
            "g": "pow(y,add(0.92838013,div(x,x)))"
          }
        },
        {
          "fitness": 0,
          "expressions": {
            "r": "sin(sin(div(y,x)))",
            "b": "sin(sin(div(0.91993904,y)))",
            "g": "sin(sin(div(y,y)))"
          }
        },
        {
          "fitness": 0,
          "expressions": {
            "r": "add(y,y)",
            "b": "add(y,x)",
            "g": "add(y,0.68594635)"
          }
        },
        {
          "fitness": 0,
          "expressions": {
            "r": "aud(mul(y,0.9232317),y)",
            "b": "aud(mul(y,x),y)",
            "g": "aud(mul(0.6107551,y),y)"
          }
        },
        {
          "fitness": 0,
          "expressions": {
            "r": "div(x,tan(var(0.44518214)))",
            "b": "div(x,tan(var(x)))",
            "g": "div(0.9549751,tan(var(x)))"
          }
        },
        {
          "fitness": 0,
          "expressions": {
            "r": "add(x,0.6537069)",
            "b": "add(x,y)",
            "g": "add(x,x)"
          }
        },
        {
          "fitness": 0,
          "expressions": {
            "r": "aul(x,sin(div(y,0.36684948)))",
            "b": "aul(0.019872665,sin(div(y,0.8304092)))",
            "g": "aul(0.87056404,sin(div(0.08928108,y)))"
          }
        },
        {
          "fitness": 0,
          "expressions": {
            "r": "add(tan(y),0.08001369)",
            "b": "add(tan(x),y)",
            "g": "add(tan(x),y)"
          }
        },
        {
          "fitness": 0,
          "expressions": {
            "r": "add(y,0.8935266)",
            "b": "add(0.11191195,y)",
            "g": "add(y,0.22464055)"
          }
        },
        {
          "fitness": 0,
          "expressions": {
            "r": "sub(y,0.42378223)",
            "b": "sub(y,y)",
            "g": "sub(x,y)"
          }
        },
        {
          "fitness": 0,
          "expressions": {
            "r": "add(0.6659959,0.645011)",
            "b": "add(y,0.39248443)",
            "g": "add(0.67724776,x)"
          }
        },
        {
          "fitness": 0,
          "expressions": {
            "r": "sin(0.15914404)",
            "b": "sin(x)",
            "g": "sin(x)"
          }
        },
        {
          "fitness": 0,
          "expressions": {
            "r": "add(y,0.85658455)",
            "b": "add(y,0.80893636)",
            "g": "add(x,x)"
          }
        }
      ],
      "timestamp": "0h:38m:1s"
    },
    {
      "generation": 1,
      "ascendantID": "jzoickof-63f7-mv8w-glek-k3ac5a7qylx3",
      "id": "tchpoq6p-admf-k1yu-j9e0-yknio8i6m3nt",
      "individuals": [
        {
          "fitness": 0,
          "expressions": {
            "r": "auh(tan(auh(x,y)),x)",
            "b": "auh(tan(auh(y,y)),y)",
            "g": "auh(tan(auh(0.78247833,y)),0.94163024)"
          }
        },
        {
          "fitness": 0,
          "expressions": {
            "r": "cos(0.15914404)",
            "b": "cos(x)",
            "g": "cos(x)"
          }
        },
        {
          "fitness": 0,
          "expressions": {
            "r": "add(tan(y),0.08001369)",
            "b": "add(tan(x),y)",
            "g": "add(tan(x),y)"
          }
        },
        {
          "fitness": 0,
          "expressions": {
            "r": "aul(x,sin(div(y,0.36684948)))",
            "b": "aul(0.0,sin(div(y,0.8304092)))",
            "g": "aul(0.87056404,sin(div(0.08928108,y)))"
          }
        },
        {
          "fitness": 0,
          "expressions": {
            "r": "pow(add(0.1882394,max(0.20412397,0.33705443)),aud(tan(y),aud(y,y)))",
            "b": "pow(add(y,max(y,y)),aud(tan(x),aud(x,x)))",
            "g": "pow(add(x,max(y,x)),aud(tan(x),aud(x,0.7075106)))"
          }
        },
        {
          "fitness": 0,
          "expressions": {
            "r": "add(x,0.6537069)",
            "b": "add(x,y)",
            "g": "add(x,x)"
          }
        },
        {
          "fitness": 0,
          "expressions": {
            "r": "aud(mul(sub(sub(0.0,x),min(x,y)),x),y)",
            "b": "aud(mul(sub(sub(0.0,y),min(y,y)),x),y)",
            "g": "aud(mul(sub(sub(0.0,x),min(x,0.17637724)),y),y)"
          }
        },
        {
          "fitness": 0,
          "expressions": {
            "r": "add(y,y)",
            "b": "add(x,x)",
            "g": "add(0.3933869,0.68594635)"
          }
        },
        {
          "fitness": 0,
          "expressions": {
            "r": "div(x,tan(var(0.44518214)))",
            "b": "div(x,tan(var(x)))",
            "g": "div(0.9549751,tan(var(x)))"
          }
        },
        {
          "fitness": 0,
          "expressions": {
            "r": "add(y,y)",
            "b": "add(y,x)",
            "g": "add(y,0.68594635)"
          }
        },
        {
          "fitness": 0,
          "expressions": {
            "r": "sin(div(div(y,x),y))",
            "b": "sin(div(div(x,y),0.81344765))",
            "g": "sin(div(div(y,y),x))"
          }
        },
        {
          "fitness": 0,
          "expressions": {
            "r": "add(y,0.85658455)",
            "b": "add(y,0.80893636)",
            "g": "add(x,x)"
          }
        },
        {
          "fitness": 0,
          "expressions": {
            "r": "add(y,0.08001369)",
            "b": "add(0.11191195,y)",
            "g": "add(y,y)"
          }
        },
        {
          "fitness": 0,
          "expressions": {
            "r": "mul(cos(min(x,0.54487)),aul(max(0.20957422,y),max(x,y)))",
            "b": "mul(cos(min(0.639218,0.63543177)),aul(max(0.6229064,0.99434406),max(y,x)))",
            "g": "mul(cos(min(y,0.7947149)),aul(max(0.02426666,x),max(y,y)))"
          }
        },
        {
          "fitness": 0,
          "expressions": {
            "r": "pow(add(0.1882394,max(0.20412397,0.33705443)),var(tan(y)))",
            "b": "pow(add(y,max(y,y)),var(tan(x)))",
            "g": "pow(add(x,max(y,x)),var(tan(x)))"
          }
        },
        {
          "fitness": 0,
          "expressions": {
            "r": "add(aud(tan(y),aud(y,y)),y)",
            "b": "add(aud(tan(x),aud(x,x)),x)",
            "g": "add(aud(tan(x),aud(x,0.8993901)),0.68594635)"
          }
        },
        {
          "fitness": 0,
          "expressions": {
            "r": "sin(0.15914404)",
            "b": "sin(x)",
            "g": "sin(x)"
          }
        },
        {
          "fitness": 0,
          "expressions": {
            "r": "add(y,y)",
            "b": "add(y,x)",
            "g": "add(y,0.68594635)"
          }
        }
      ],
      "timestamp": "0h:38m:3s"
    },
    {
      "generation": 2,
      "ascendantID": "tchpoq6p-admf-k1yu-j9e0-yknio8i6m3nt",
      "id": "2cmxqgx5-muim-1uwv-e0em-18gktfnw6z6j",
      "individuals": [
        {
          "fitness": 0,
          "expressions": {
            "r": "auh(tan(auh(x,y)),x)",
            "b": "auh(tan(auh(y,y)),y)",
            "g": "auh(tan(auh(0.78247833,y)),0.94163024)"
          }
        },
        {
          "fitness": 0,
          "expressions": {
            "r": "pow(add(0.1882394,auh(0.20412397,0.2012317)),aul(aud(cos(y),x),y))",
            "b": "pow(add(y,auh(y,y)),aul(aud(cos(x),y),y))",
            "g": "pow(add(x,auh(y,x)),aul(aud(cos(x),0.7170659),0.06157869))"
          }
        },
        {
          "fitness": 0,
          "expressions": {
            "r": "pow(sub(0.1882394,max(0.20412397,0.51147187)),aud(tan(y),0.8814778))",
            "b": "pow(sub(y,max(y,y)),aud(tan(x),x))",
            "g": "pow(sub(x,max(y,x)),aud(tan(x),0.34358668))"
          }
        },
        {
          "fitness": 0,
          "expressions": {
            "r": "aul(x,sin(mul(y,0.36684948)))",
            "b": "aul(0.0,sin(mul(y,0.8304092)))",
            "g": "aul(0.87056404,sin(mul(0.08928108,y)))"
          }
        },
        {
          "fitness": 0,
          "expressions": {
            "r": "add(x,0.6537069)",
            "b": "add(x,y)",
            "g": "add(x,x)"
          }
        },
        {
          "fitness": 0,
          "expressions": {
            "r": "add(0.15914404,0.08001369)",
            "b": "add(x,y)",
            "g": "add(x,y)"
          }
        },
        {
          "fitness": 0,
          "expressions": {
            "r": "add(var(0.08001369),0.08001369)",
            "b": "add(var(y),y)",
            "g": "add(var(y),y)"
          }
        },
        {
          "fitness": 0,
          "expressions": {
            "r": "add(y,y)",
            "b": "add(x,x)",
            "g": "add(0.3933869,0.68594635)"
          }
        },
        {
          "fitness": 0,
          "expressions": {
            "r": "add(y,y)",
            "b": "add(y,x)",
            "g": "add(y,0.68594635)"
          }
        },
        {
          "fitness": 0,
          "expressions": {
            "r": "add(x,0.6496415)",
            "b": "add(x,y)",
            "g": "add(x,x)"
          }
        },
        {
          "fitness": 0,
          "expressions": {
            "r": "add(x,0.6537069)",
            "b": "add(x,y)",
            "g": "add(x,x)"
          }
        },
        {
          "fitness": 0,
          "expressions": {
            "r": "add(tan(y),mul(x,mul(0.48036987,0.09140557)))",
            "b": "add(tan(x),mul(0.7988829,mul(x,0.5151719)))",
            "g": "add(tan(x),mul(y,mul(y,x)))"
          }
        },
        {
          "fitness": 0,
          "expressions": {
            "r": "mul(cos(min(x,0.54487)),aul(max(0.20957422,y),max(x,y)))",
            "b": "mul(cos(min(0.639218,0.63543177)),aul(max(0.8506867,0.7555293),max(y,x)))",
            "g": "mul(cos(min(y,0.7947149)),aul(max(0.0,x),max(y,y)))"
          }
        },
        {
          "fitness": 0,
          "expressions": {
            "r": "pow(add(0.1882394,max(0.20412397,0.33705443)),var(var(y)))",
            "b": "pow(add(y,max(y,y)),var(var(x)))",
            "g": "pow(add(x,max(y,x)),var(var(x)))"
          }
        },
        {
          "fitness": 0,
          "expressions": {
            "r": "aud(mul(mul(sub(0.0,x),min(x,y)),x),y)",
            "b": "aud(mul(mul(sub(0.0,y),min(y,y)),x),y)",
            "g": "aud(mul(mul(sub(0.0,x),min(x,0.17637724)),x),y)"
          }
        },
        {
          "fitness": 0,
          "expressions": {
            "r": "pow(sub(0.1882394,max(0.20412397,0.33705443)),tan(var(y)))",
            "b": "pow(sub(y,max(y,y)),tan(var(x)))",
            "g": "pow(sub(x,max(y,x)),tan(var(x)))"
          }
        },
        {
          "fitness": 0,
          "expressions": {
            "r": "pow(add(0.1882394,max(0.20412397,0.33705443)),aud(tan(y),aud(y,y)))",
            "b": "pow(add(y,max(y,y)),aud(tan(x),aud(x,x)))",
            "g": "pow(add(x,max(y,x)),aud(tan(y),aud(x,0.7075106)))"
          }
        },
        {
          "fitness": 0,
          "expressions": {
            "r": "auh(tan(auh(sin(y),y)),x)",
            "b": "auh(tan(auh(sin(y),x)),y)",
            "g": "auh(tan(auh(sin(y),y)),0.94163024)"
          }
        }
      ],
      "timestamp": "0h:38m:4s"
    },
    {
      "generation": 3,
      "ascendantID": "2cmxqgx5-muim-1uwv-e0em-18gktfnw6z6j",
      "id": "1zgezjwv-yxbm-9hat-pswx-tuzgr61nb1hp",
      "individuals": [
        {
          "fitness": 0,
          "expressions": {
            "r": "auh(tan(auh(x,y)),x)",
            "b": "auh(tan(auh(y,y)),y)",
            "g": "auh(tan(auh(0.78247833,y)),0.94163024)"
          }
        },
        {
          "fitness": 0,
          "expressions": {
            "r": "pow(sub(0.1882394,max(0.20412397,0.14433026)),var(y))",
            "b": "pow(sub(y,max(y,y)),var(y))",
            "g": "pow(sub(x,max(y,x)),var(0.37240022))"
          }
        },
        {
          "fitness": 0,
          "expressions": {
            "r": "add(y,sin(x))",
            "b": "add(y,sin(0.31957555))",
            "g": "add(y,sin(0.55367696))"
          }
        },
        {
          "fitness": 0,
          "expressions": {
            "r": "add(0.15914404,0.08001369)",
            "b": "add(x,y)",
            "g": "add(x,y)"
          }
        },
        {
          "fitness": 0,
          "expressions": {
            "r": "pow(sub(0.40690282,max(0.1319523,0.51147187)),aud(tan(y),0.8814778))",
            "b": "pow(sub(y,max(y,y)),aud(tan(x),x))",
            "g": "pow(sub(x,max(y,x)),aud(tan(x),0.34358668))"
          }
        },
        {
          "fitness": 0,
          "expressions": {
            "r": "add(var(0.08001369),0.08001369)",
            "b": "add(var(y),y)",
            "g": "add(var(y),y)"
          }
        },
        {
          "fitness": 0,
          "expressions": {
            "r": "pow(add(0.1882394,auh(0.49624532,0.2012317)),aud(aud(cos(y),x),y))",
            "b": "pow(add(y,auh(y,y)),aud(aud(cos(x),y),y))",
            "g": "pow(add(x,auh(y,x)),aud(aud(cos(x),0.7170659),0.06157869))"
          }
        },
        {
          "fitness": 0,
          "expressions": {
            "r": "aul(x,cos(mul(add(0.15914404,0.08001369),0.47470415)))",
            "b": "aul(0.0,cos(mul(add(x,y),0.838281)))",
            "g": "aul(0.87056404,cos(mul(add(x,y),y)))"
          }
        },
        {
          "fitness": 0,
          "expressions": {
            "r": "aul(x,sin(mul(y,0.36684948)))",
            "b": "aul(0.0,sin(mul(y,0.8304092)))",
            "g": "aul(0.87056404,sin(mul(0.08928108,y)))"
          }
        },
        {
          "fitness": 0,
          "expressions": {
            "r": "add(y,0.6537069)",
            "b": "add(y,y)",
            "g": "add(y,x)"
          }
        },
        {
          "fitness": 0,
          "expressions": {
            "r": "pow(add(x,min(max(y,0.0),aul(0.0,0.0))),var(var(y)))",
            "b": "pow(add(x,min(max(0.43260026,0.0),aul(0.0,0.0))),var(var(x)))",
            "g": "pow(add(y,min(max(0.38095272,0.0),aul(0.0,0.0))),var(var(x)))"
          }
        },
        {
          "fitness": 0,
          "expressions": {
            "r": "pow(add(0.1882394,max(0.20412397,0.33705443)),tan(var(y)))",
            "b": "pow(add(y,max(y,y)),tan(var(y)))",
            "g": "pow(add(x,max(y,x)),tan(var(y)))"
          }
        },
        {
          "fitness": 0,
          "expressions": {
            "r": "add(var(0.08001369),0.08001369)",
            "b": "add(var(y),y)",
            "g": "add(var(y),y)"
          }
        },
        {
          "fitness": 0,
          "expressions": {
            "r": "auh(cos(auh(sin(y),y)),0.5865932)",
            "b": "auh(cos(auh(sin(y),x)),0.8744465)",
            "g": "auh(cos(auh(sin(y),y)),y)"
          }
        },
        {
          "fitness": 0,
          "expressions": {
            "r": "aud(mul(mul(sub(0.0,x),min(x,y)),x),y)",
            "b": "aud(mul(mul(sub(0.0,y),min(y,y)),x),y)",
            "g": "aud(mul(mul(sub(0.075843774,y),min(x,0.17637724)),x),y)"
          }
        },
        {
          "fitness": 0,
          "expressions": {
            "r": "add(y,y)",
            "b": "add(x,x)",
            "g": "add(0.3933869,0.68594635)"
          }
        },
        {
          "fitness": 0,
          "expressions": {
            "r": "add(tan(0.14053881),0.08001369)",
            "b": "add(tan(y),y)",
            "g": "add(tan(y),x)"
          }
        },
        {
          "fitness": 0,
          "expressions": {
            "r": "add(var(0.08001369),0.08001369)",
            "b": "add(var(y),y)",
            "g": "add(var(y),y)"
          }
        }
      ],
      "timestamp": "0h:38m:5s"
    }
  ],
  "timestamp": "2024-07-25-00-37-56"
}