{
  "id": "sxtnr2eh-jozl-5ljy-mnen-9tcj026ez946",
  "parameters": {
    "crossoverRate": 0.30000001192092896,
    "eliteSize": 2,
    "tournamentSize": 3,
    "mutationRate": 0.8999999761581421,
    "populationSize": 10
  },
  "populations": [{
    "generation": 0,
    "id": "38nvewv8-cgl3-xk6s-mqtb-9tvnknjml0cy",
    "individuals": [
      {
        "fitness": 0,
        "expressions": {
          "r": "(y+x)",
          "b": "(x+0.46338075)",
          "g": "(0.4605968+x)"
        }
      },
      {
        "fitness": 0,
        "expressions": {
          "r": "(y+x)",
          "b": "(x+0.4257111)",
          "g": "(y+0.7976006)"
        }
      },
      {
        "fitness": 0,
        "expressions": {
          "r": "(0.11738795+0.54091984)",
          "b": "(y+0.3763227)",
          "g": "(0.15081918+x)"
        }
      },
      {
        "fitness": 0,
        "expressions": {
          "r": "(x+x)",
          "b": "(x+x)",
          "g": "(0.8748234+x)"
        }
      },
      {
        "fitness": 0,
        "expressions": {
          "r": "(y+0.3795297)",
          "b": "(x+y)",
          "g": "(y+0.91937935)"
        }
      },
      {
        "fitness": 0,
        "expressions": {
          "r": "max(aul(0.76940256,x),x)",
          "b": "max(aul(x,y),y)",
          "g": "max(aul(0.77013266,y),y)"
        }
      },
      {
        "fitness": 0,
        "expressions": {
          "r": "sin(min(tan(0.8759195),(0.85568655-y)))",
          "b": "sin(min(tan(x),(y-0.048563898)))",
          "g": "sin(min(tan(y),(0.03246367-y)))"
        }
      },
      {
        "fitness": 0,
        "expressions": {
          "r": "(y+0.95792985)",
          "b": "(x+y)",
          "g": "(0.36081505+x)"
        }
      },
      {
        "fitness": 0,
        "expressions": {
          "r": "auh(auh(0.5036164,tan(x)),x)",
          "b": "auh(auh(0.38517326,tan(x)),0.66290635)",
          "g": "auh(auh(x,tan(x)),0.17345095)"
        }
      },
      {
        "fitness": 0,
        "expressions": {
          "r": "(0.57636416+max(y,y))",
          "b": "(0.59515357+max(0.033812642,y))",
          "g": "(x+max(x,x))"
        }
      },
      {
        "fitness": 0,
        "expressions": {
          "r": "tan(sin(x))",
          "b": "tan(sin(x))",
          "g": "tan(sin(y))"
        }
      },
      {
        "fitness": 0,
        "expressions": {
          "r": "(y+0.8116717)",
          "b": "(x+x)",
          "g": "(y+0.5684851)"
        }
      },
      {
        "fitness": 0,
        "expressions": {
          "r": "(aul(aud(x,x),0.67494035)-cos((y*0.48965102)))",
          "b": "(aul(aud(x,y),x)-cos((y*y)))",
          "g": "(aul(aud(x,y),x)-cos((x*x)))"
        }
      },
      {
        "fitness": 0,
        "expressions": {
          "r": "max(x,tan(x))",
          "b": "max(x,tan(y))",
          "g": "max(x,tan(y))"
        }
      },
      {
        "fitness": 0,
        "expressions": {
          "r": "(x+0.43647927)",
          "b": "(x+0.8425632)",
          "g": "(0.950471+0.662121)"
        }
      },
      {
        "fitness": 0,
        "expressions": {
          "r": "min(x,x)",
          "b": "min(0.8228538,y)",
          "g": "min(0.69207215,0.63683975)"
        }
      },
      {
        "fitness": 0,
        "expressions": {
          "r": "(sin(x)/y)",
          "b": "(sin(0.121944666)/x)",
          "g": "(sin(y)/x)"
        }
      },
      {
        "fitness": 0,
        "expressions": {
          "r": "auh(pow((y+x),tan(0.47125375)),aul(y,sin(0.8759206)))",
          "b": "auh(pow((0.7582045+y),tan(y)),aul(y,sin(y)))",
          "g": "auh(pow((0.8835021+x),tan(y)),aul(0.7257385,sin(x)))"
        }
      }
    ],
    "timestamp": "18h:8m:59s"
  }],
  "timestamp": "2024-07-04-18-08-56"
}