{
  "id": "sz433o41-fvhv-pfor-8sre-d63htkskya11",
  "parameters": {
    "crossoverRate": 0,
    "eliteSize": 0,
    "tournamentSize": 0,
    "mutationRate": 0,
    "populationSize": 0
  },
  "populations": [{
    "generation": 0,
    "id": "073bfqna-o9ch-rson-q09f-gzjvd1t3uteh",
    "individuals": [
      {
        "fitness": 0,
        "expressions": {
          "r": "0.7688196",
          "b": "y",
          "g": "x"
        }
      },
      {
        "fitness": 0,
        "expressions": {
          "r": "x",
          "b": "0.8735311",
          "g": "x"
        }
      },
      {
        "fitness": 0,
        "expressions": {
          "r": "0.08158326",
          "b": "0.54806995",
          "g": "x"
        }
      },
      {
        "fitness": 0,
        "expressions": {
          "r": "y",
          "b": "0.77030516",
          "g": "0.26181364"
        }
      },
      {
        "fitness": 0,
        "expressions": {
          "r": "y",
          "b": "0.9763346",
          "g": "y"
        }
      },
      {
        "fitness": 0,
        "expressions": {
          "r": "0.4057176",
          "b": "0.22409105",
          "g": "x"
        }
      },
      {
        "fitness": 0,
        "expressions": {
          "r": "y",
          "b": "y",
          "g": "y"
        }
      },
      {
        "fitness": 0,
        "expressions": {
          "r": "0.6526773",
          "b": "0.45464778",
          "g": "0.9671676"
        }
      },
      {
        "fitness": 0,
        "expressions": {
          "r": "x",
          "b": "x",
          "g": "0.4633093"
        }
      },
      {
        "fitness": 0,
        "expressions": {
          "r": "0.21569371",
          "b": "y",
          "g": "x"
        }
      },
      {
        "fitness": 0,
        "expressions": {
          "r": "y",
          "b": "y",
          "g": "x"
        }
      },
      {
        "fitness": 0,
        "expressions": {
          "r": "x",
          "b": "y",
          "g": "0.12668347"
        }
      },
      {
        "fitness": 0,
        "expressions": {
          "r": "x",
          "b": "y",
          "g": "0.23234987"
        }
      },
      {
        "fitness": 0,
        "expressions": {
          "r": "y",
          "b": "0.55447745",
          "g": "y"
        }
      },
      {
        "fitness": 0,
        "expressions": {
          "r": "x",
          "b": "0.12422609",
          "g": "0.7686832"
        }
      },
      {
        "fitness": 0,
        "expressions": {
          "r": "y",
          "b": "0.35571074",
          "g": "0.5252564"
        }
      },
      {
        "fitness": 0,
        "expressions": {
          "r": "x",
          "b": "y",
          "g": "x"
        }
      },
      {
        "fitness": 0,
        "expressions": {
          "r": "x",
          "b": "x",
          "g": "x"
        }
      }
    ],
    "timestamp": "0h:15m:23s"
  }],
  "timestamp": "2024-07-27-00-15-20"
}