{
  "id": "tbhae8bb-sue3-zbcx-j2iq-tdyb4mgdztg3",
  "parameters": {
    "crossoverRate": 0,
    "eliteSize": 0,
    "tournamentSize": 0,
    "mutationRate": 0,
    "populationSize": 0
  },
  "populations": [{
    "generation": 0,
    "id": "x3bu012h-0k9v-6j1q-d3vw-njki3gcqic8n",
    "individuals": [
      {
        "fitness": 0,
        "expressions": {
          "r": "sin(tan(0.4910717))",
          "b": "sin(tan(x))",
          "g": "sin(tan(0.19415307))"
        }
      },
      {
        "fitness": 0,
        "expressions": {
          "r": "add(0.46609402,x)",
          "b": "add(x,x)",
          "g": "add(0.93709946,y)"
        }
      },
      {
        "fitness": 0,
        "expressions": {
          "r": "max(x,add(x,y))",
          "b": "max(0.9354389,add(x,0.7704811))",
          "g": "max(x,add(y,0.0352242))"
        }
      },
      {
        "fitness": 0,
        "expressions": {
          "r": "add(noi(0.44127202,0.86419916),pow(y,x))",
          "b": "add(noi(y,y),pow(y,y))",
          "g": "add(noi(x,x),pow(x,y))"
        }
      },
      {
        "fitness": 0,
        "expressions": {
          "r": "tan(sub(y,x))",
          "b": "tan(sub(x,0.6763437))",
          "g": "tan(sub(0.26319122,x))"
        }
      },
      {
        "fitness": 0,
        "expressions": {
          "r": "cos(0.12959266)",
          "b": "cos(x)",
          "g": "cos(0.6745877)"
        }
      },
      {
        "fitness": 0,
        "expressions": {
          "r": "mod(x,add(0.5379255,0.008641481))",
          "b": "mod(y,add(y,y))",
          "g": "mod(y,add(x,0.009672165))"
        }
      },
      {
        "fitness": 0,
        "expressions": {
          "r": "add(y,x)",
          "b": "add(x,y)",
          "g": "add(0.020561934,x)"
        }
      },
      {
        "fitness": 0,
        "expressions": {
          "r": "add(0.58619595,y)",
          "b": "add(x,0.9673941)",
          "g": "add(x,y)"
        }
      },
      {
        "fitness": 0,
        "expressions": {
          "r": "sin(x)",
          "b": "sin(y)",
          "g": "sin(x)"
        }
      },
      {
        "fitness": 0,
        "expressions": {
          "r": "sub(sin(x),noi(x,0.74646664))",
          "b": "sub(sin(y),noi(x,y))",
          "g": "sub(sin(0.33298588),noi(y,x))"
        }
      },
      {
        "fitness": 0,
        "expressions": {
          "r": "add(0.7820387,x)",
          "b": "add(x,x)",
          "g": "add(y,y)"
        }
      },
      {
        "fitness": 0,
        "expressions": {
          "r": "add(0.419847,y)",
          "b": "add(x,0.035939217)",
          "g": "add(x,x)"
        }
      },
      {
        "fitness": 0,
        "expressions": {
          "r": "sub(sin(y),mod(y,y))",
          "b": "sub(sin(0.5165491),mod(y,0.4846716))",
          "g": "sub(sin(y),mod(x,x))"
        }
      },
      {
        "fitness": 0,
        "expressions": {
          "r": "noi(y,0.020958424)",
          "b": "noi(0.84041834,0.48905492)",
          "g": "noi(x,x)"
        }
      },
      {
        "fitness": 0,
        "expressions": {
          "r": "add(x,0.39623165)",
          "b": "add(0.41192985,0.5871303)",
          "g": "add(0.8774662,0.9655075)"
        }
      },
      {
        "fitness": 0,
        "expressions": {
          "r": "add(0.57160974,x)",
          "b": "add(x,x)",
          "g": "add(0.8320582,0.49820423)"
        }
      },
      {
        "fitness": 0,
        "expressions": {
          "r": "add(y,x)",
          "b": "add(0.72067904,y)",
          "g": "add(x,0.40031338)"
        }
      }
    ],
    "timestamp": "22h:31m:10s"
  }],
  "timestamp": "2024-07-31-22-30-58"
}