{
  "id": "trejhbh2-zakn-2dtu-iwsw-s402yk0ug8gc",
  "parameters": {
    "crossoverRate": 0.30000001192092896,
    "eliteSize": 2,
    "tournamentSize": 3,
    "mutationRate": 0.8999999761581421,
    "populationSize": 10
  },
  "populations": [{
    "generation": 0,
    "id": "ydf6uyri-6ue2-fc8r-ppdd-7lf1ux29n6w8",
    "individuals": [
      {
        "fitness": 0,
        "expressions": {
          "r": "pow(auh(0.95338726,cos(0.57584685)),0.7697203)",
          "b": "pow(auh(x,cos(x)),x)",
          "g": "pow(auh(y,cos(0.6695988)),0.84277993)"
        }
      },
      {
        "fitness": 0,
        "expressions": {
          "r": "add(y,0.6886536)",
          "b": "add(0.06555551,x)",
          "g": "add(0.02635163,y)"
        }
      },
      {
        "fitness": 0,
        "expressions": {
          "r": "sub(x,y)",
          "b": "sub(0.64179933,0.26906544)",
          "g": "sub(0.32829773,0.7562567)"
        }
      },
      {
        "fitness": 0,
        "expressions": {
          "r": "add(0.020831287,0.94097364)",
          "b": "add(y,x)",
          "g": "add(0.5857358,y)"
        }
      },
      {
        "fitness": 0,
        "expressions": {
          "r": "auh(y,auh(max(y,min(div(div(0.8414027,min(auh(min(pow(aul(0.7359942,max(x,sin(y))),add(div(add(x,0.60140705),y),add(x,0.17802215))),min(add(x,add(add(x,0.18039572),aud(mul(x,0.7881503),x))),y)),auh(aul(y,0.3155265),x)),aul(add(0.089456856,x),0.40205616))),div(y,mul(add(pow(0.42155707,add(max(y,x),y)),add(sin(x),min(pow(x,div(tan(sub(0.91927636,0.6245656)),0.24170995)),y))),x))),0.30167216)),add(div(pow(tan(add(y,tan(0.26873034))),tan(aul(auh(y,cos(sin(y))),aud(0.60364187,tan(0.9299585))))),cos(div(y,y))),aul(0.6551215,pow(div(add(min(y,pow(cos(add(x,sin(auh(auh(x,x),aud(0.13085335,x))))),x)),x),y),add(x,0.8164728))))))",
          "b": "auh(0.16700453,auh(max(x,min(div(div(y,min(auh(min(pow(aul(x,max(0.044415236,sin(x))),add(div(add(x,y),y),add(0.6666303,x))),min(add(y,add(add(0.6495477,y),aud(mul(y,x),0.23603243))),x)),auh(aul(y,0.8759188),y)),aul(add(x,y),0.5288644))),div(y,mul(add(pow(0.9594092,add(max(x,0.39910036),y)),add(sin(y),min(pow(y,div(tan(sub(x,y)),x)),y))),y))),x)),add(div(pow(tan(add(x,tan(x))),tan(aul(auh(y,cos(sin(x))),aud(y,tan(y))))),cos(div(y,y))),aul(0.46993876,pow(div(add(min(y,pow(cos(add(y,sin(auh(auh(0.8207238,y),aud(y,x))))),0.67902964)),y),0.41597182),add(0.7260266,0.83244056))))))",
          "g": "auh(y,auh(max(y,min(div(div(x,min(auh(min(pow(aul(x,max(x,sin(0.58843696))),add(div(add(0.93006885,y),x),add(y,x))),min(add(x,add(add(0.41136914,y),aud(mul(0.9451019,x),0.41478825))),y)),auh(aul(y,0.7091843),x)),aul(add(y,x),x))),div(x,mul(add(pow(x,add(max(y,0.6301782),y)),add(sin(x),min(pow(x,div(tan(sub(0.84719914,x)),x)),x))),y))),0.5637912)),add(div(pow(tan(add(x,tan(y))),tan(aul(auh(y,cos(sin(x))),aud(y,tan(x))))),cos(div(0.19220424,y))),aul(y,pow(div(add(min(0.012535036,pow(cos(add(0.65864646,sin(auh(auh(x,x),aud(0.16310209,x))))),y)),0.4551823),x),add(x,y))))))"
        }
      },
      {
        "fitness": 0,
        "expressions": {
          "r": "aud(cos(cos(tan(0.062060952))),y)",
          "b": "aud(cos(cos(tan(0.03672409))),y)",
          "g": "aud(cos(cos(tan(0.34388602))),x)"
        }
      },
      {
        "fitness": 0,
        "expressions": {
          "r": "add(0.21936893,x)",
          "b": "add(0.27504963,y)",
          "g": "add(y,y)"
        }
      },
      {
        "fitness": 0,
        "expressions": {
          "r": "aul(y,mul(0.4997422,y))",
          "b": "aul(x,mul(0.68993604,y))",
          "g": "aul(0.86622155,mul(y,x))"
        }
      },
      {
        "fitness": 0,
        "expressions": {
          "r": "auh(add(cos(aud(max(x,max(add(min(y,0.9594496),sub(y,0.70287985)),x)),0.51455945)),x),auh(auh(x,sub(tan(y),div(y,cos(0.61261207)))),aud(aul(y,0.3574857),auh(pow(y,x),min(aud(max(x,add(cos(0.8844057),auh(tan(aud(0.7358086,auh(max(0.8585896,x),mul(y,x)))),cos(add(mul(y,0.89683664),aul(y,aud(0.30137032,aul(x,x)))))))),mul(cos(y),0.90768063)),y)))))",
          "b": "auh(add(cos(aud(max(y,max(add(min(y,x),sub(y,0.25521398)),x)),y)),0.52044886),auh(auh(0.6858659,sub(tan(x),div(x,cos(y)))),aud(aul(y,y),auh(pow(y,x),min(aud(max(y,add(cos(x),auh(tan(aud(y,auh(max(0.2134502,y),mul(y,y)))),cos(add(mul(x,y),aul(0.81504375,aud(0.673024,aul(y,x)))))))),mul(cos(x),0.23374808)),x)))))",
          "g": "auh(add(cos(aud(max(0.75181496,max(add(min(0.37602603,x),sub(y,0.7631221)),y)),x)),0.023701608),auh(auh(x,sub(tan(y),div(x,cos(y)))),aud(aul(0.7289225,x),auh(pow(y,y),min(aud(max(x,add(cos(0.7984246),auh(tan(aud(0.9241567,auh(max(y,y),mul(0.9774045,y)))),cos(add(mul(x,0.9491687),aul(y,aud(y,aul(x,0.8306009)))))))),mul(cos(x),0.7215078)),y)))))"
        }
      },
      {
        "fitness": 0,
        "expressions": {
          "r": "mul(sub(aul(sub(x,0.24347001),tan(x)),y),x)",
          "b": "mul(sub(aul(sub(x,0.039853692),tan(x)),0.8084151),y)",
          "g": "mul(sub(aul(sub(y,y),tan(y)),0.15441656),x)"
        }
      },
      {
        "fitness": 0,
        "expressions": {
          "r": "div(y,div(aul(x,tan(cos(add(pow(min(y,y),x),auh(tan(max(y,max(x,tan(y)))),y))))),min(sub(x,y),0.5601697)))",
          "b": "div(y,div(aul(y,tan(cos(add(pow(min(y,x),0.061928093),auh(tan(max(x,max(x,tan(x)))),0.9809856))))),min(sub(y,0.6851823),0.8885529)))",
          "g": "div(y,div(aul(x,tan(cos(add(pow(min(y,y),y),auh(tan(max(x,max(x,tan(x)))),x))))),min(sub(y,x),y)))"
        }
      },
      {
        "fitness": 0,
        "expressions": {
          "r": "sin(y)",
          "b": "sin(y)",
          "g": "sin(0.4685821)"
        }
      },
      {
        "fitness": 0,
        "expressions": {
          "r": "add(y,y)",
          "b": "add(x,0.8998214)",
          "g": "add(0.4969586,0.39031953)"
        }
      },
      {
        "fitness": 0,
        "expressions": {
          "r": "add(x,0.063628435)",
          "b": "add(0.8375176,y)",
          "g": "add(y,x)"
        }
      },
      {
        "fitness": 0,
        "expressions": {
          "r": "mul(div(x,tan(y)),0.6196849)",
          "b": "mul(div(x,tan(x)),x)",
          "g": "mul(div(y,tan(x)),y)"
        }
      },
      {
        "fitness": 0,
        "expressions": {
          "r": "add(y,x)",
          "b": "add(x,y)",
          "g": "add(x,0.88324124)"
        }
      },
      {
        "fitness": 0,
        "expressions": {
          "r": "min(sub(cos(aul(min(aul(x,pow(x,sub(0.9302738,0.34762198))),x),sub(max(cos(aud(cos(x),0.4740495)),min(0.50422883,x)),x))),tan(0.4034441)),pow(sin(0.56242704),aul(aud(add(div(min(y,0.22314781),min(x,y)),0.046498597),sin(x)),aud(y,0.5372377))))",
          "b": "min(sub(cos(aul(min(aul(0.7942554,pow(0.5471973,sub(x,y))),y),sub(max(cos(aud(cos(x),y)),min(y,0.4909705)),x))),tan(x)),pow(sin(0.40172714),aul(aud(add(div(min(0.56161594,y),min(x,y)),x),sin(x)),aud(x,x))))",
          "g": "min(sub(cos(aul(min(aul(y,pow(x,sub(y,0.22354782))),y),sub(max(cos(aud(cos(0.30563968),y)),min(0.96432495,x)),0.69398046))),tan(y)),pow(sin(0.031605363),aul(aud(add(div(min(x,x),min(x,y)),0.34541273),sin(x)),aud(x,0.26793265))))"
        }
      },
      {
        "fitness": 0,
        "expressions": {
          "r": "add(0.65508753,0.9310693)",
          "b": "add(y,x)",
          "g": "add(x,x)"
        }
      }
    ],
    "timestamp": "23h:23m:32s"
  }],
  "timestamp": "2024-07-25-23-23-28"
}