{
  "id": "tsovwurf-v1rb-sjst-wbe3-xjw5fjsy9h0r",
  "parameters": {
    "crossoverRate": 0.30000001192092896,
    "eliteSize": 2,
    "tournamentSize": 3,
    "mutationRate": 0.8999999761581421,
    "populationSize": 10
  },
  "populations": [{
    "generation": 0,
    "id": "9wjz2jri-gfnc-80tr-pyb7-89zl6e5fekae",
    "individuals": [
      {
        "fitness": 0,
        "expressions": {
          "r": "(y+0.3693627)",
          "b": "(y+0.24975783)",
          "g": "(0.5320473+x)"
        }
      },
      {
        "fitness": 0,
        "expressions": {
          "r": "aud(0.74097204,y)",
          "b": "aud(x,x)",
          "g": "aud(y,x)"
        }
      },
      {
        "fitness": 0,
        "expressions": {
          "r": "sin(tan(y))",
          "b": "sin(tan(y))",
          "g": "sin(tan(0.6793331))"
        }
      },
      {
        "fitness": 0,
        "expressions": {
          "r": "(0.94163793+y)",
          "b": "(y+x)",
          "g": "(x+0.43332177)"
        }
      },
      {
        "fitness": 0,
        "expressions": {
          "r": "(x+y)",
          "b": "(x+x)",
          "g": "(0.8100786+x)"
        }
      },
      {
        "fitness": 0,
        "expressions": {
          "r": "(0.21655405+x)",
          "b": "(y+0.014627516)",
          "g": "(y+0.3492161)"
        }
      },
      {
        "fitness": 0,
        "expressions": {
          "r": "(x+sin((x-y)))",
          "b": "(y+sin((y-0.19319129)))",
          "g": "(y+sin((0.9794984-y)))"
        }
      },
      {
        "fitness": 0,
        "expressions": {
          "r": "(y+y)",
          "b": "(x+x)",
          "g": "(0.3103813+y)"
        }
      },
      {
        "fitness": 0,
        "expressions": {
          "r": "(y+y)",
          "b": "(x+0.85299236)",
          "g": "(x+x)"
        }
      },
      {
        "fitness": 0,
        "expressions": {
          "r": "(x+y)",
          "b": "(y+y)",
          "g": "(0.256635+x)"
        }
      },
      {
        "fitness": 0,
        "expressions": {
          "r": "pow(y,x)",
          "b": "pow(0.47099626,y)",
          "g": "pow(0.7780087,0.847212)"
        }
      },
      {
        "fitness": 0,
        "expressions": {
          "r": "(y/auh(sin(y),0.8820909))",
          "b": "(x/auh(sin(x),y))",
          "g": "(0.4346044/auh(sin(y),x))"
        }
      },
      {
        "fitness": 0,
        "expressions": {
          "r": "(x+y)",
          "b": "(y+y)",
          "g": "(y+y)"
        }
      },
      {
        "fitness": 0,
        "expressions": {
          "r": "(0.038338244+x)",
          "b": "(y+y)",
          "g": "(0.5709908+0.059065282)"
        }
      },
      {
        "fitness": 0,
        "expressions": {
          "r": "cos(x)",
          "b": "cos(x)",
          "g": "cos(x)"
        }
      },
      {
        "fitness": 0,
        "expressions": {
          "r": "aul(cos(y),((0.051790953*x)+x))",
          "b": "aul(cos(y),((x*y)+y))",
          "g": "aul(cos(0.19298261),((0.31090236*x)+y))"
        }
      },
      {
        "fitness": 0,
        "expressions": {
          "r": "(y+x)",
          "b": "(y+0.45490605)",
          "g": "(x+x)"
        }
      },
      {
        "fitness": 0,
        "expressions": {
          "r": "var(y)",
          "b": "var(0.8005997)",
          "g": "var(y)"
        }
      }
    ],
    "timestamp": "23h:0m:59s"
  }],
  "timestamp": "2024-07-24-23-00-57"
}