{
  "id": "tzxem0jg-1pg0-xc6h-0wt8-q4911e3qy6a9",
  "parameters": {
    "crossoverRate": 0.30000001192092896,
    "eliteSize": 2,
    "tournamentSize": 3,
    "mutationRate": 0.8999999761581421,
    "populationSize": 10
  },
  "populations": [{
    "generation": 0,
    "id": "vkf80mve-5an0-ekr7-7ndv-vlmytusyqao7",
    "individuals": [
      {
        "fitness": 0,
        "expressions": {
          "r": "(x+y)",
          "b": "(x+0.18003094)",
          "g": "(0.67660385+0.8138636)"
        }
      },
      {
        "fitness": 0,
        "expressions": {
          "r": "pow(pow(x,tan(y)),y)",
          "b": "pow(pow(y,tan(y)),x)",
          "g": "pow(pow(x,tan(0.850134)),y)"
        }
      },
      {
        "fitness": 0,
        "expressions": {
          "r": "(y+0.009811699)",
          "b": "(y+x)",
          "g": "(0.978575+0.78165936)"
        }
      },
      {
        "fitness": 0,
        "expressions": {
          "r": "(0.61583+0.9665097)",
          "b": "(0.23377436+y)",
          "g": "(x+0.48660296)"
        }
      },
      {
        "fitness": 0,
        "expressions": {
          "r": "(x-sin((x/y)))",
          "b": "(y-sin((x/0.071477294)))",
          "g": "(x-sin((0.24966377/0.98882747)))"
        }
      },
      {
        "fitness": 0,
        "expressions": {
          "r": "(x/y)",
          "b": "(y/0.8989488)",
          "g": "(x/y)"
        }
      },
      {
        "fitness": 0,
        "expressions": {
          "r": "(y+y)",
          "b": "(0.37906587+0.8316738)",
          "g": "(y+y)"
        }
      },
      {
        "fitness": 0,
        "expressions": {
          "r": "aul(((y-0.7237544)*pow(y,x)),0.4680426)",
          "b": "aul(((x-0.71259856)*pow(y,x)),x)",
          "g": "aul(((y-x)*pow(y,x)),0.4319964)"
        }
      },
      {
        "fitness": 0,
        "expressions": {
          "r": "min(tan((x/x)),y)",
          "b": "min(tan((x/y)),x)",
          "g": "min(tan((y/0.7591932)),y)"
        }
      },
      {
        "fitness": 0,
        "expressions": {
          "r": "(x-tan(y))",
          "b": "(0.380979-tan(0.4541468))",
          "g": "(y-tan(y))"
        }
      },
      {
        "fitness": 0,
        "expressions": {
          "r": "sin(y)",
          "b": "sin(y)",
          "g": "sin(x)"
        }
      },
      {
        "fitness": 0,
        "expressions": {
          "r": "(y*0.77655584)",
          "b": "(x*x)",
          "g": "(y*0.90009016)"
        }
      },
      {
        "fitness": 0,
        "expressions": {
          "r": "(x+y)",
          "b": "(0.4196307+y)",
          "g": "(0.15016669+y)"
        }
      },
      {
        "fitness": 0,
        "expressions": {
          "r": "tan(pow(y,var(x)))",
          "b": "tan(pow(y,var(x)))",
          "g": "tan(pow(y,var(x)))"
        }
      },
      {
        "fitness": 0,
        "expressions": {
          "r": "(0.49701637+y)",
          "b": "(y+0.15116858)",
          "g": "(y+y)"
        }
      },
      {
        "fitness": 0,
        "expressions": {
          "r": "cos(cos(y))",
          "b": "cos(cos(x))",
          "g": "cos(cos(0.8568104))"
        }
      },
      {
        "fitness": 0,
        "expressions": {
          "r": "tan((x/aul(0.63081604,0.5621481)))",
          "b": "tan((y/aul(y,y)))",
          "g": "tan((x/aul(0.2549041,0.29705948)))"
        }
      },
      {
        "fitness": 0,
        "expressions": {
          "r": "cos(aul(y,0.5818058))",
          "b": "cos(aul(x,x))",
          "g": "cos(aul(0.93054324,y))"
        }
      }
    ],
    "timestamp": "23h:1m:21s"
  }],
  "timestamp": "2024-07-24-23-01-18"
}