{
  "id": "ue13slo6-o7zj-ktko-natd-qvwsmcnonkbv",
  "parameters": {
    "crossoverRate": 0.30000001192092896,
    "eliteSize": 2,
    "tournamentSize": 3,
    "mutationRate": 0.8999999761581421,
    "populationSize": 10
  },
  "populations": [{
    "generation": 0,
    "id": "lel79ok4-utgj-nz0q-b1my-c66gtoioo134",
    "individuals": [
      {
        "fitness": 0,
        "expressions": {
          "r": "(x+y)",
          "b": "(0.86201817+0.29477227)",
          "g": "(y+0.69808316)"
        }
      },
      {
        "fitness": 0,
        "expressions": {
          "r": "(0.47484756+x)",
          "b": "(x+y)",
          "g": "(0.3008988+0.8084137)"
        }
      },
      {
        "fitness": 0,
        "expressions": {
          "r": "(y+aul(var(0.615918),y))",
          "b": "(y+aul(var(0.64718664),0.63118476))",
          "g": "(0.24258918+aul(var(0.49030137),0.9123811))"
        }
      },
      {
        "fitness": 0,
        "expressions": {
          "r": "(max(auh(y,x),min(0.9270875,x))-0.8887149)",
          "b": "(max(auh(0.5981718,0.8972302),min(x,x))-0.7637125)",
          "g": "(max(auh(0.8174538,x),min(y,x))-y)"
        }
      },
      {
        "fitness": 0,
        "expressions": {
          "r": "(pow((y/x),x)+y)",
          "b": "(pow((y/x),0.6132159)+0.33810693)",
          "g": "(pow((y/0.8964454),0.9784414)+x)"
        }
      },
      {
        "fitness": 0,
        "expressions": {
          "r": "(x+y)",
          "b": "(y+x)",
          "g": "(0.038611293+x)"
        }
      },
      {
        "fitness": 0,
        "expressions": {
          "r": "((cos(0.5011529)+x)/tan(aul(x,0.7751423)))",
          "b": "((cos(0.38958067)+y)/tan(aul(y,x)))",
          "g": "((cos(y)+x)/tan(aul(y,0.4022802)))"
        }
      },
      {
        "fitness": 0,
        "expressions": {
          "r": "min(aud(x,aul(0.5333369,0.7624195)),aul(max(x,y),x))",
          "b": "min(aud(y,aul(x,y)),aul(max(y,0.7815848),0.8796435))",
          "g": "min(aud(x,aul(y,y)),aul(max(x,x),0.75552034))"
        }
      },
      {
        "fitness": 0,
        "expressions": {
          "r": "var((y+(0.19720817-0.95971227)))",
          "b": "var((0.65093493+(0.60388327-y)))",
          "g": "var((x+(x-y)))"
        }
      },
      {
        "fitness": 0,
        "expressions": {
          "r": "((0.23362291*y)+0.67933863)",
          "b": "((y*x)+x)",
          "g": "((0.06787866*x)+y)"
        }
      },
      {
        "fitness": 0,
        "expressions": {
          "r": "tan(y)",
          "b": "tan(0.49722183)",
          "g": "tan(x)"
        }
      },
      {
        "fitness": 0,
        "expressions": {
          "r": "pow(x,tan(aud(y,0.60776836)))",
          "b": "pow(x,tan(aud(y,x)))",
          "g": "pow(x,tan(aud(0.7484933,x)))"
        }
      },
      {
        "fitness": 0,
        "expressions": {
          "r": "(x+0.12157631)",
          "b": "(y+y)",
          "g": "(0.94837224+x)"
        }
      },
      {
        "fitness": 0,
        "expressions": {
          "r": "(y+x)",
          "b": "(0.19920355+x)",
          "g": "(0.9589793+x)"
        }
      },
      {
        "fitness": 0,
        "expressions": {
          "r": "(x+0.27732128)",
          "b": "(0.54965186+x)",
          "g": "(x+0.8734351)"
        }
      },
      {
        "fitness": 0,
        "expressions": {
          "r": "pow(min((x*x),x),(min(x,y)/y))",
          "b": "pow(min((y*0.7809972),x),(min(x,x)/x))",
          "g": "pow(min((y*0.90704817),x),(min(y,0.04469365)/0.168064))"
        }
      },
      {
        "fitness": 0,
        "expressions": {
          "r": "aud(x,0.4694456)",
          "b": "aud(y,y)",
          "g": "aud(y,x)"
        }
      },
      {
        "fitness": 0,
        "expressions": {
          "r": "(x+0.09253925)",
          "b": "(0.91003704+0.33600765)",
          "g": "(0.04870838+0.24434406)"
        }
      }
    ],
    "timestamp": "22h:43m:24s"
  }],
  "timestamp": "2024-07-24-22-43-22"
}