{
  "id": "uqypguox-ywoh-1j21-z791-z08o08m8n283",
  "parameters": {
    "crossoverRate": 0.30000001192092896,
    "eliteSize": 2,
    "tournamentSize": 3,
    "mutationRate": 0.8999999761581421,
    "populationSize": 10
  },
  "populations": [{
    "generation": 0,
    "id": "kdl1hi84-nscv-we42-hvbo-pv0b5kl9s98w",
    "individuals": [
      {
        "fitness": 0,
        "expressions": {
          "r": "add(0.31363267,y)",
          "b": "add(y,0.7519979)",
          "g": "add(0.6867299,x)"
        }
      },
      {
        "fitness": 0,
        "expressions": {
          "r": "aul(tan(x),max(0.93279827,mul(auh(y,x),x)))",
          "b": "aul(tan(y),max(y,mul(auh(x,y),x)))",
          "g": "aul(tan(x),max(0.60266876,mul(auh(x,0.2480455),0.47956628)))"
        }
      },
      {
        "fitness": 0,
        "expressions": {
          "r": "add(x,x)",
          "b": "add(x,y)",
          "g": "add(x,0.17486608)"
        }
      },
      {
        "fitness": 0,
        "expressions": {
          "r": "add(y,x)",
          "b": "add(x,x)",
          "g": "add(0.26824898,0.09468931)"
        }
      },
      {
        "fitness": 0,
        "expressions": {
          "r": "add(0.73219264,0.038858056)",
          "b": "add(x,x)",
          "g": "add(0.51421684,y)"
        }
      },
      {
        "fitness": 0,
        "expressions": {
          "r": "mul(max(div(x,var(x)),auh(max(x,x),sub(aud(y,div(max(div(sin(pow(tan(0.78472155),var(y))),tan(y)),0.091759086),sin(mul(div(auh(x,div(sub(sin(add(0.5222202,x)),y),0.55594915)),y),var(aud(cos(0.88051844),y)))))),tan(y)))),y)",
          "b": "mul(max(div(0.79466593,var(0.70660275)),auh(max(x,y),sub(aud(x,div(max(div(sin(pow(tan(x),var(0.30428374))),tan(0.40243167)),y),sin(mul(div(auh(0.45708632,div(sub(sin(add(x,y)),x),x)),x),var(aud(cos(y),y)))))),tan(0.5548523)))),y)",
          "g": "mul(max(div(x,var(0.6487409)),auh(max(x,0.38659966),sub(aud(0.36895037,div(max(div(sin(pow(tan(0.99745256),var(y))),tan(x)),0.7794419),sin(mul(div(auh(0.7670746,div(sub(sin(add(y,0.93758637)),y),x)),y),var(aud(cos(y),0.151636)))))),tan(0.6498762)))),x)"
        }
      },
      {
        "fitness": 0,
        "expressions": {
          "r": "cos(sin(y))",
          "b": "cos(sin(x))",
          "g": "cos(sin(y))"
        }
      },
      {
        "fitness": 0,
        "expressions": {
          "r": "var(add(div(0.69013023,0.9720821),aud(mul(y,y),add(auh(y,0.7984505),0.53163385))))",
          "b": "var(add(div(0.9723342,0.5354719),aud(mul(0.08939284,y),add(auh(y,x),0.09541601))))",
          "g": "var(add(div(y,0.9460269),aud(mul(x,x),add(auh(0.17966813,y),y))))"
        }
      },
      {
        "fitness": 0,
        "expressions": {
          "r": "add(y,y)",
          "b": "add(y,y)",
          "g": "add(0.49121672,x)"
        }
      },
      {
        "fitness": 0,
        "expressions": {
          "r": "add(x,0.8170899)",
          "b": "add(y,x)",
          "g": "add(0.9386848,y)"
        }
      },
      {
        "fitness": 0,
        "expressions": {
          "r": "add(0.5717486,y)",
          "b": "add(x,0.49918914)",
          "g": "add(0.9183998,y)"
        }
      },
      {
        "fitness": 0,
        "expressions": {
          "r": "max(max(y,0.5908123),0.19378656)",
          "b": "max(max(0.6559866,y),0.6675183)",
          "g": "max(max(y,0.28834426),y)"
        }
      },
      {
        "fitness": 0,
        "expressions": {
          "r": "add(y,mul(aud(0.66151035,y),aul(mul(pow(0.5471978,div(x,0.095808685)),aul(cos(max(tan(0.431252),cos(0.47001368))),0.8147131)),y)))",
          "b": "add(y,mul(aud(0.568813,0.29847872),aul(mul(pow(x,div(0.30556405,y)),aul(cos(max(tan(x),cos(y))),y)),x)))",
          "g": "add(0.029637158,mul(aud(0.6322022,0.06664574),aul(mul(pow(y,div(x,y)),aul(cos(max(tan(x),cos(x))),y)),x)))"
        }
      },
      {
        "fitness": 0,
        "expressions": {
          "r": "add(x,y)",
          "b": "add(x,y)",
          "g": "add(0.005686283,x)"
        }
      },
      {
        "fitness": 0,
        "expressions": {
          "r": "pow(auh(aul(y,y),y),cos(x))",
          "b": "pow(auh(aul(y,x),y),cos(x))",
          "g": "pow(auh(aul(0.3370217,0.79592675),y),cos(0.060237408))"
        }
      },
      {
        "fitness": 0,
        "expressions": {
          "r": "cos(y)",
          "b": "cos(y)",
          "g": "cos(x)"
        }
      },
      {
        "fitness": 0,
        "expressions": {
          "r": "aul(min(aul(max(min(cos(div(var(y),sin(pow(x,y)))),auh(x,min(cos(0.2237016),y))),auh(sin(x),y)),x),max(y,sin(y))),auh(y,y))",
          "b": "aul(min(aul(max(min(cos(div(var(0.38152242),sin(pow(y,y)))),auh(x,min(cos(x),0.7864582))),auh(sin(x),x)),y),max(y,sin(0.074542165))),auh(x,0.9883561))",
          "g": "aul(min(aul(max(min(cos(div(var(x),sin(pow(x,y)))),auh(x,min(cos(0.88319457),0.62978196))),auh(sin(y),x)),x),max(0.12834942,sin(y))),auh(y,x))"
        }
      },
      {
        "fitness": 0,
        "expressions": {
          "r": "add(0.3339361,x)",
          "b": "add(y,0.60862005)",
          "g": "add(0.14961827,x)"
        }
      }
    ],
    "timestamp": "1h:21m:37s"
  }],
  "timestamp": "2024-07-25-01-21-34"
}