{
  "id": "v32m1nmz-igce-2vek-3v7w-z20vnu9wcbxl",
  "parameters": {
    "crossoverRate": 0.30000001192092896,
    "eliteSize": 2,
    "tournamentSize": 3,
    "mutationRate": 0.8999999761581421,
    "populationSize": 10
  },
  "populations": [
    {
      "generation": 0,
      "id": "vvy1abg6-5bsn-yqtr-l0r6-28kq1fgty1jv",
      "individuals": [
        {
          "fitness": 0,
          "expressions": {
            "r": "add(sub(x,var(0.4798355)),cos(x))",
            "b": "add(sub(var(0.91557646),0.46799636),cos(0.6898751))",
            "g": "add(sub(x,0.9101012),cos(0.8261969))"
          }
        },
        {
          "fitness": 0,
          "expressions": {
            "r": "add(x,0.67217946)",
            "b": "add(0.39675522,x)",
            "g": "add(x,x)"
          }
        },
        {
          "fitness": 0,
          "expressions": {
            "r": "add(x,x)",
            "b": "add(x,0.3242643)",
            "g": "add(x,0.3945198)"
          }
        },
        {
          "fitness": 0,
          "expressions": {
            "r": "div(var(0.7947676),var(0.37209845))",
            "b": "div(x,x)",
            "g": "div(x,0.80359244)"
          }
        },
        {
          "fitness": 0,
          "expressions": {
            "r": "cos(var(tan(sin(sub(0.16646409,x)))))",
            "b": "cos(var(tan(sin(sub(var(0.8099284),x)))))",
            "g": "cos(var(tan(sin(sub(var(0.9585128),x)))))"
          }
        },
        {
          "fitness": 0,
          "expressions": {
            "r": "tan(0.3407972)",
            "b": "tan(var(0.079051256))",
            "g": "tan(x)"
          }
        },
        {
          "fitness": 0,
          "expressions": {
            "r": "mul(add(div(sub(var(0.31003308),tan(0.04728341)),tan(0.74663186)),var(0.35530186)),mul(x,sin(sin(0.81230164))))",
            "b": "mul(add(div(sub(x,tan(x)),tan(x)),x),mul(x,sin(sin(x))))",
            "g": "mul(add(div(sub(0.7909627,tan(var(0.80955863))),tan(0.24020123)),x),mul(var(0.29953265),sin(sin(var(0.01944542)))))"
          }
        },
        {
          "fitness": 0,
          "expressions": {
            "r": "add(x,x)",
            "b": "add(x,x)",
            "g": "add(0.35169458,var(0.27428484))"
          }
        },
        {
          "fitness": 0,
          "expressions": {
            "r": "add(x,x)",
            "b": "add(x,x)",
            "g": "add(x,var(0.8109405))"
          }
        },
        {
          "fitness": 0,
          "expressions": {
            "r": "add(x,x)",
            "b": "add(x,0.39342904)",
            "g": "add(0.5532348,x)"
          }
        },
        {
          "fitness": 0,
          "expressions": {
            "r": "add(x,var(0.1774056))",
            "b": "add(0.8841338,var(0.20517755))",
            "g": "add(x,x)"
          }
        },
        {
          "fitness": 0,
          "expressions": {
            "r": "sub(sin(x),0.92131996)",
            "b": "sub(sin(var(0.38216138)),var(0.49392295))",
            "g": "sub(sin(0.8196001),x)"
          }
        },
        {
          "fitness": 0,
          "expressions": {
            "r": "add(x,var(0.22141409))",
            "b": "add(x,x)",
            "g": "add(0.063304424,0.80602026)"
          }
        },
        {
          "fitness": 0,
          "expressions": {
            "r": "add(cos(var(0.39742422)),sub(mul(x,tan(cos(cos(div(var(add(x,tan(x))),tan(div(x,cos(x)))))))),x))",
            "b": "add(cos(var(x)),sub(mul(var(0.027468204),tan(cos(cos(div(var(add(x,tan(x))),tan(div(x,cos(0.7817316)))))))),var(0.018666267)))",
            "g": "add(cos(var(var(0.013891935))),sub(mul(x,tan(cos(cos(div(var(add(x,tan(x))),tan(div(x,cos(x)))))))),0.6713455))"
          }
        },
        {
          "fitness": 0,
          "expressions": {
            "r": "cos(0.25290585)",
            "b": "cos(var(0.8476572))",
            "g": "cos(x)"
          }
        },
        {
          "fitness": 0,
          "expressions": {
            "r": "add(div(mul(x,cos(x)),var(0.904896)),sub(div(div(x,sub(x,var(0.7885752))),var(x)),cos(x)))",
            "b": "add(div(mul(var(0.042471647),cos(0.4572749)),var(0.3534081)),sub(div(div(x,sub(var(0.93626595),x)),var(x)),cos(x)))",
            "g": "add(div(mul(x,cos(0.18075633)),x),sub(div(div(0.5212171,sub(0.18467164,x)),var(0.34792137)),cos(0.9948673)))"
          }
        },
        {
          "fitness": 0,
          "expressions": {
            "r": "sin(add(div(0.38979197,x),div(x,div(div(0.42636466,x),sin(sin(x))))))",
            "b": "sin(add(div(0.13048267,x),div(var(0.52113366),div(div(0.5329077,x),sin(sin(0.32593632))))))",
            "g": "sin(add(div(x,x),div(x,div(div(x,x),sin(sin(x))))))"
          }
        },
        {
          "fitness": 0,
          "expressions": {
            "r": "add(var(0.92091227),0.9565797)",
            "b": "add(x,x)",
            "g": "add(var(0.6920042),x)"
          }
        }
      ],
      "timestamp": "23h:35m:48s"
    },
    {
      "generation": 1,
      "ascendantID": "vvy1abg6-5bsn-yqtr-l0r6-28kq1fgty1jv",
      "id": "lbwq6bda-y7j3-h66a-lo3m-adakhm355vug",
      "individuals": [
        {
          "fitness": 0,
          "expressions": {
            "r": "add(cos(var(0.39742422)),sub(mul(x,tan(cos(cos(div(var(add(x,tan(x))),tan(div(x,cos(x)))))))),x))",
            "b": "add(cos(var(x)),sub(mul(var(0.027468204),tan(cos(cos(div(var(add(x,tan(x))),tan(div(x,cos(0.7817316)))))))),var(0.018666267)))",
            "g": "add(cos(var(var(0.013891935))),sub(mul(x,tan(cos(cos(div(var(add(x,tan(x))),tan(div(x,cos(x)))))))),0.6713455))"
          }
        },
        {
          "fitness": 0,
          "expressions": {
            "r": "div(var(0.7947676),var(0.37209845))",
            "b": "div(x,x)",
            "g": "div(x,0.80359244)"
          }
        },
        {
          "fitness": 0,
          "expressions": {
            "r": "add(sub(x,var(0.4798355)),cos(x))",
            "b": "add(sub(var(1.0),0.46799636),cos(0.6898751))",
            "g": "add(sub(x,0.9101012),cos(0.8261969))"
          }
        },
        {
          "fitness": 0,
          "expressions": {
            "r": "add(x,0.67217946)",
            "b": "add(0.39675522,x)",
            "g": "add(x,x)"
          }
        },
        {
          "fitness": 0,
          "expressions": {
            "r": "add(x,x)",
            "b": "add(x,x)",
            "g": "add(x,var(1.0))"
          }
        },
        {
          "fitness": 0,
          "expressions": {
            "r": "sub(sin(x),var(0.16650558))",
            "b": "sub(sin(var(0.38216138)),var(0.49392295))",
            "g": "sub(sin(0.8196001),x)"
          }
        },
        {
          "fitness": 0,
          "expressions": {
            "r": "add(x,x)",
            "b": "add(x,0.39342904)",
            "g": "add(0.68311834,x)"
          }
        },
        {
          "fitness": 0,
          "expressions": {
            "r": "sub(div(mul(x,tan(x)),var(0.904896)),sub(mul(div(x,add(x,var(1.0))),var(x)),var(0.078139305)))",
            "b": "sub(div(mul(var(0.042471647),tan(0.4572749)),var(0.3534081)),sub(mul(div(x,add(var(1.0),x)),var(x)),x))",
            "g": "sub(div(mul(x,tan(0.18075633)),x),sub(mul(div(0.5212171,add(0.50065494,x)),var(0.34792137)),var(0.9103553)))"
          }
        },
        {
          "fitness": 0,
          "expressions": {
            "r": "cos(var(tan(x)))",
            "b": "cos(var(tan(x)))",
            "g": "cos(var(tan(x)))"
          }
        },
        {
          "fitness": 0,
          "expressions": {
            "r": "add(var(0.5043845),cos(x))",
            "b": "add(x,cos(0.6898751))",
            "g": "add(0.18811893,cos(0.8261969))"
          }
        },
        {
          "fitness": 0,
          "expressions": {
            "r": "add(cos(var(0.019289255)),sub(mul(x,tan(x)),x))",
            "b": "add(cos(var(x)),sub(mul(var(0.027468204),tan(0.7085471)),var(0.018666267)))",
            "g": "add(cos(var(var(0.013891935))),sub(mul(x,tan(var(0.057654858))),0.6713455))"
          }
        },
        {
          "fitness": 0,
          "expressions": {
            "r": "add(x,x)",
            "b": "add(x,x)",
            "g": "add(x,var(0.8109405))"
          }
        },
        {
          "fitness": 0,
          "expressions": {
            "r": "add(mul(mul(x,x),var(0.904896)),add(div(div(x,sub(x,var(0.7885752))),var(x)),tan(x)))",
            "b": "add(mul(mul(var(0.042471647),var(0.5432341)),var(0.3534081)),add(div(div(x,sub(var(0.93626595),x)),var(x)),tan(x)))",
            "g": "add(mul(mul(x,var(0.77113676)),x),add(div(div(0.5212171,sub(0.003581047,x)),var(0.34792137)),tan(0.9948673)))"
          }
        },
        {
          "fitness": 0,
          "expressions": {
            "r": "sub(div(0.2969644,0.2676127),0.92131996)",
            "b": "sub(div(x,x),var(0.49392295))",
            "g": "sub(div(x,var(0.2172451)),x)"
          }
        },
        {
          "fitness": 0,
          "expressions": {
            "r": "div(var(0.7947676),var(0.37209845))",
            "b": "div(x,x)",
            "g": "div(x,0.80359244)"
          }
        },
        {
          "fitness": 0,
          "expressions": {
            "r": "mul(add(div(sub(add(add(var(sub(x,x)),x),0.850893),tan(0.04728341)),tan(0.74663186)),var(0.4790578)),mul(x,sin(x)))",
            "b": "mul(add(div(sub(add(add(var(sub(0.4716444,0.48355532)),x),x),tan(x)),tan(x)),x),mul(x,sin(0.3242643)))",
            "g": "mul(add(div(sub(add(add(var(sub(0.09535241,var(0.22852159))),x),0.92012596),tan(var(0.80955863))),tan(0.24020123)),x),mul(var(0.29953265),sin(0.3945198)))"
          }
        },
        {
          "fitness": 0,
          "expressions": {
            "r": "add(x,x)",
            "b": "add(x,x)",
            "g": "add(x,var(0.8109405))"
          }
        },
        {
          "fitness": 0,
          "expressions": {
            "r": "cos(var(var(0.35530186)))",
            "b": "cos(var(x))",
            "g": "cos(var(x))"
          }
        }
      ],
      "timestamp": "23h:36m:0s"
    },
    {
      "generation": 2,
      "ascendantID": "lbwq6bda-y7j3-h66a-lo3m-adakhm355vug",
      "id": "3jgwjn3w-rx8h-cbrn-9apz-te4qk65s887t",
      "individuals": [
        {
          "fitness": 0,
          "expressions": {
            "r": "add(cos(var(0.39742422)),sub(mul(x,tan(cos(cos(div(var(add(x,tan(x))),tan(div(x,cos(x)))))))),x))",
            "b": "add(cos(var(x)),sub(mul(var(0.027468204),tan(cos(cos(div(var(add(x,tan(x))),tan(div(x,cos(0.7817316)))))))),var(0.018666267)))",
            "g": "add(cos(var(var(0.013891935))),sub(mul(x,tan(cos(cos(div(var(add(x,tan(x))),tan(div(x,cos(x)))))))),0.6713455))"
          }
        },
        {
          "fitness": 0,
          "expressions": {
            "r": "add(x,tan(add(var(div(sin(x),mul(cos(mul(cos(x),sub(x,sub(0.80851054,0.9255476)))),sub(sub(mul(tan(x),tan(var(0.046940327))),cos(x)),x)))),x)))",
            "b": "add(x,tan(add(var(div(sin(x),mul(cos(mul(cos(x),sub(x,sub(x,x)))),sub(sub(mul(tan(var(0.75845265)),tan(var(0.4215064))),cos(0.8577008)),0.08102226)))),x)))",
            "g": "add(0.68311834,tan(add(var(div(sin(x),mul(cos(mul(cos(0.4322455),sub(x,sub(var(0.51861215),x)))),sub(sub(mul(tan(0.99686146),tan(x)),cos(var(0.3984685))),x)))),x)))"
          }
        },
        {
          "fitness": 0,
          "expressions": {
            "r": "add(x,x)",
            "b": "add(x,x)",
            "g": "add(x,var(0.8109405))"
          }
        },
        {
          "fitness": 0,
          "expressions": {
            "r": "add(x,var(var(sin(tan(mul(tan(mul(x,cos(sin(div(x,div(x,sub(0.9097738,x))))))),x))))))",
            "b": "add(x,var(var(sin(tan(mul(tan(mul(0.62719035,cos(sin(div(x,div(var(0.6356497),sub(x,x))))))),x))))))",
            "g": "add(x,var(var(sin(tan(mul(tan(mul(var(0.11121416),cos(sin(div(var(0.6829314),div(var(0.37045074),sub(0.85189223,x))))))),x))))))"
          }
        },
        {
          "fitness": 0,
          "expressions": {
            "r": "add(sub(x,mul(div(var(0.18090248),div(mul(div(var(0.8254738),mul(0.25400972,sin(var(x)))),x),mul(x,x))),x)),cos(x))",
            "b": "add(sub(var(1.0),mul(div(var(0.06926918),div(mul(div(var(0.24128985),mul(x,sin(var(var(0.07932711))))),x),mul(x,var(0.095339775)))),0.5558989)),cos(0.6898751))",
            "g": "add(sub(x,mul(div(0.23544502,div(mul(div(x,mul(x,sin(var(x)))),var(0.22937703)),mul(0.6006427,var(0.57058525)))),var(0.3603158))),cos(0.8261969))"
          }
        },
        {
          "fitness": 0,
          "expressions": {
            "r": "sub(sub(x,var(0.4798355)),cos(x))",
            "b": "sub(sub(var(1.0),0.46799636),cos(0.6898751))",
            "g": "sub(sub(x,var(0.038547754)),cos(0.8261969))"
          }
        },
        {
          "fitness": 0,
          "expressions": {
            "r": "add(0.20541811,x)",
            "b": "add(x,0.27019048)",
            "g": "add(var(0.62825346),x)"
          }
        },
        {
          "fitness": 0,
          "expressions": {
            "r": "add(cos(var(0.39742422)),sub(div(x,tan(cos(cos(div(tan(add(x,x)),tan(div(x,cos(x)))))))),x))",
            "b": "add(cos(var(x)),sub(div(var(0.027468204),tan(cos(cos(div(tan(add(x,0.2441063)),tan(div(x,cos(0.7817316)))))))),var(0.018666267)))",
            "g": "add(cos(var(var(0.013891935))),sub(div(x,tan(cos(cos(div(tan(add(x,var(0.24107647))),tan(div(x,cos(x)))))))),0.6713455))"
          }
        },
        {
          "fitness": 0,
          "expressions": {
            "r": "add(x,x)",
            "b": "add(x,x)",
            "g": "add(x,var(0.8109405))"
          }
        },
        {
          "fitness": 0,
          "expressions": {
            "r": "add(x,x)",
            "b": "add(x,0.39342904)",
            "g": "add(0.68311834,x)"
          }
        },
        {
          "fitness": 0,
          "expressions": {
            "r": "add(add(mul(x,mul(tan(sin(cos(sin(add(var(0.6211145),mul(add(tan(x),div(sub(var(sub(x,var(0.50325346))),var(0.48917603)),x)),0.2347908)))))),tan(x))),sin(tan(x))),x)",
            "b": "add(add(mul(x,mul(tan(sin(cos(sin(add(x,mul(add(tan(0.90274),div(sub(var(sub(x,x)),var(0.7676263)),0.59917784)),0.33117318)))))),tan(x))),sin(tan(var(0.9328804)))),x)",
            "g": "add(add(mul(var(0.8549762),mul(tan(sin(cos(sin(add(x,mul(add(tan(var(0.73958564)),div(sub(var(sub(0.6135266,x)),var(0.7180679)),0.29788423)),x)))))),tan(x))),sin(tan(0.06540871))),var(0.8109405))"
          }
        },
        {
          "fitness": 0,
          "expressions": {
            "r": "add(0.14610171,x)",
            "b": "add(x,0.24073029)",
            "g": "add(x,var(0.72338223))"
          }
        },
        {
          "fitness": 0,
          "expressions": {
            "r": "add(cos(var(0.39742422)),mul(mul(x,tan(cos(cos(div(var(add(x,tan(x))),cos(div(x,sin(x)))))))),x))",
            "b": "add(cos(var(x)),mul(mul(var(0.37214375),tan(cos(cos(div(var(add(x,tan(x))),cos(div(x,sin(0.7817316)))))))),var(0.018666267)))",
            "g": "add(cos(var(var(0.013891935))),mul(mul(x,tan(cos(cos(div(var(add(x,tan(x))),cos(div(x,sin(x)))))))),0.6713455))"
          }
        },
        {
          "fitness": 0,
          "expressions": {
            "r": "sin(var(tan(x)))",
            "b": "sin(var(tan(x)))",
            "g": "sin(var(tan(x)))"
          }
        },
        {
          "fitness": 0,
          "expressions": {
            "r": "add(x,x)",
            "b": "add(x,x)",
            "g": "add(x,var(0.8109405))"
          }
        },
        {
          "fitness": 0,
          "expressions": {
            "r": "div(var(0.7947676),var(0.37209845))",
            "b": "div(x,x)",
            "g": "div(x,0.80359244)"
          }
        },
        {
          "fitness": 0,
          "expressions": {
            "r": "add(sub(x,x),x)",
            "b": "add(sub(x,var(0.018666267)),x)",
            "g": "add(sub(x,0.6713455),var(0.5676868))"
          }
        },
        {
          "fitness": 0,
          "expressions": {
            "r": "add(var(0.5899644),add(add(mul(var(0.4978857),0.44751143),cos(0.8991895)),sub(var(0.7955618),cos(mul(x,var(0.012874365))))))",
            "b": "add(x,add(add(mul(var(0.88267255),0.6707306),cos(x)),sub(var(0.97771525),cos(mul(x,var(0.35792685))))))",
            "g": "add(x,add(add(mul(var(0.46175814),x),cos(var(0.74963784))),sub(x,cos(mul(0.8464227,var(0.6141622))))))"
          }
        }
      ],
      "timestamp": "23h:36m:36s"
    },
    {
      "generation": 3,
      "ascendantID": "3jgwjn3w-rx8h-cbrn-9apz-te4qk65s887t",
      "id": "d6c6oed8-ebl8-bh7m-stud-tsage74yi7rt",
      "individuals": [
        {
          "fitness": 0,
          "expressions": {
            "r": "add(cos(var(0.39742422)),sub(mul(x,tan(cos(cos(div(var(add(x,tan(x))),tan(div(x,cos(x)))))))),x))",
            "b": "add(cos(var(x)),sub(mul(var(0.027468204),tan(cos(cos(div(var(add(x,tan(x))),tan(div(x,cos(0.7817316)))))))),var(0.018666267)))",
            "g": "add(cos(var(var(0.013891935))),sub(mul(x,tan(cos(cos(div(var(add(x,tan(x))),tan(div(x,cos(x)))))))),0.6713455))"
          }
        },
        {
          "fitness": 0,
          "expressions": {
            "r": "add(cos(var(0.39742422)),mul(mul(x,0.76360965),x))",
            "b": "add(cos(var(x)),mul(mul(var(0.500479),0.78405094),var(0.018666267)))",
            "g": "add(cos(var(var(0.013891935))),mul(mul(x,0.037726164),0.6713455))"
          }
        },
        {
          "fitness": 0,
          "expressions": {
            "r": "add(0.14610171,x)",
            "b": "add(x,x)",
            "g": "add(x,x)"
          }
        },
        {
          "fitness": 0,
          "expressions": {
            "r": "add(sub(x,sub(div(var(0.42151237),sin(mul(div(var(0.8254738),mul(0.25400972,sin(var(x)))),x))),x)),cos(x))",
            "b": "add(sub(var(1.0),sub(div(0.15161777,sin(mul(div(var(0.24128985),mul(x,sin(var(var(0.07932711))))),x))),0.5558989)),cos(0.6898751))",
            "g": "add(sub(x,sub(div(x,sin(mul(div(x,mul(x,sin(var(x)))),var(0.22937703)))),var(0.75520897))),cos(0.8261969))"
          }
        },
        {
          "fitness": 0,
          "expressions": {
            "r": "add(x,x)",
            "b": "add(x,x)",
            "g": "add(x,var(0.8109405))"
          }
        },
        {
          "fitness": 0,
          "expressions": {
            "r": "sin(var(add(tan(sub(sub(add(sin(tan(add(add(add(x,sub(var(x),x)),var(0.106677294)),x))),x),sin(x)),div(sub(div(tan(x),x),x),x))),var(0.7025151))))",
            "b": "sin(var(add(tan(sub(sub(add(sin(tan(add(add(add(var(0.42812133),sub(var(x),var(0.2959206))),var(0.21113682)),x))),x),sin(x)),div(sub(div(tan(x),x),var(0.89321303)),x))),var(0.40738297))))",
            "g": "sin(var(add(tan(sub(sub(add(sin(tan(add(add(add(var(0.4922595),sub(var(x),x)),x),var(0.35725856)))),x),sin(x)),div(sub(div(tan(x),var(0.75466037)),var(0.12933683)),x))),var(0.24423361))))"
          }
        },
        {
          "fitness": 0,
          "expressions": {
            "r": "sub(sub(x,var(0.19596505)),cos(add(x,var(0.4798355))))",
            "b": "sub(sub(var(1.0),0.46799636),cos(add(var(1.0),0.46799636)))",
            "g": "sub(sub(x,0.71300507),cos(add(x,0.7622273)))"
          }
        },
        {
          "fitness": 0,
          "expressions": {
            "r": "add(sub(x,var(add(x,mul(sub(mul(div(0.41819906,mul(x,x)),var(0.90608025)),0.7472563),x)))),x)",
            "b": "add(sub(x,var(add(x,mul(sub(mul(div(0.6798873,mul(0.73713803,var(0.50751233))),x),0.9042933),x)))),x)",
            "g": "add(sub(x,var(add(var(0.18735862),mul(sub(mul(div(0.5577247,mul(x,x)),x),0.65917397),x)))),var(0.5676868))"
          }
        },
        {
          "fitness": 0,
          "expressions": {
            "r": "add(0.14610171,x)",
            "b": "add(x,0.041045904)",
            "g": "add(x,var(0.72338223))"
          }
        },
        {
          "fitness": 0,
          "expressions": {
            "r": "mul(var(0.7947676),var(0.37209845))",
            "b": "mul(x,x)",
            "g": "mul(x,0.80359244)"
          }
        },
        {
          "fitness": 0,
          "expressions": {
            "r": "add(0.3419273,sin(tan(0.66529226)))",
            "b": "add(x,sin(tan(x)))",
            "g": "add(x,sin(tan(x)))"
          }
        },
        {
          "fitness": 0,
          "expressions": {
            "r": "div(var(0.45699048),x)",
            "b": "div(x,0.5558989)",
            "g": "div(var(0.56224537),var(0.3603158))"
          }
        },
        {
          "fitness": 0,
          "expressions": {
            "r": "add(x,var(var(div(tan(mul(tan(mul(x,cos(sin(div(x,div(x,sub(0.9097738,x))))))),x)),0.51889515))))",
            "b": "add(x,var(var(div(tan(mul(tan(mul(0.62719035,cos(sin(div(x,div(var(0.6356497),sub(x,x))))))),x)),x))))",
            "g": "add(x,var(var(div(tan(mul(tan(mul(var(0.11121416),cos(sin(div(var(0.6829314),div(var(0.6688132),sub(0.85189223,x))))))),x)),0.37162733))))"
          }
        },
        {
          "fitness": 0,
          "expressions": {
            "r": "add(0.20541811,x)",
            "b": "add(x,0.23579693)",
            "g": "add(var(0.62825346),x)"
          }
        },
        {
          "fitness": 0,
          "expressions": {
            "r": "add(cos(div(var(add(x,tan(x))),tan(div(x,sin(x))))),x)",
            "b": "add(cos(div(var(add(x,tan(x))),tan(div(x,sin(0.5035212))))),x)",
            "g": "add(cos(div(var(add(x,tan(x))),tan(div(x,sin(x))))),var(0.8109405))"
          }
        },
        {
          "fitness": 0,
          "expressions": {
            "r": "add(cos(var(0.39742422)),sub(div(x,tan(cos(cos(mul(var(add(x,cos(x))),tan(div(x,sin(x)))))))),x))",
            "b": "add(cos(var(x)),sub(div(0.91173387,tan(cos(cos(mul(var(add(x,cos(x))),tan(div(x,sin(0.7817316)))))))),var(0.018666267)))",
            "g": "add(cos(var(var(0.013891935))),sub(div(x,tan(cos(cos(mul(var(add(x,cos(x))),tan(div(x,sin(x)))))))),0.6713455))"
          }
        },
        {
          "fitness": 0,
          "expressions": {
            "r": "add(x,x)",
            "b": "add(x,0.69548345)",
            "g": "add(0.68311834,x)"
          }
        },
        {
          "fitness": 0,
          "expressions": {
            "r": "add(add(sub(x,x),x),x)",
            "b": "add(add(sub(x,var(0.018666267)),x),x)",
            "g": "add(add(sub(x,0.6713455),var(0.5676868)),var(0.8109405))"
          }
        }
      ],
      "timestamp": "23h:36m:38s"
    }
  ],
  "timestamp": "2024-07-25-23-35-38"
}