{
  "id": "v7iaghaq-tre0-5ljg-arnt-4c1atme9uegd",
  "parameters": {
    "crossoverRate": 0.30000001192092896,
    "eliteSize": 2,
    "tournamentSize": 3,
    "mutationRate": 0.8999999761581421,
    "populationSize": 10
  },
  "populations": [{
    "generation": 0,
    "id": "z7mnplvg-obgl-c6lm-kck9-9mluumq6h7bk",
    "individuals": [
      {
        "fitness": 0,
        "expressions": {
          "r": "auh(y,(x+(y+y)))",
          "b": "auh(x,(0.20315856+(x+0.64856565)))",
          "g": "auh(x,(0.047239244+(x+y)))"
        }
      },
      {
        "fitness": 0,
        "expressions": {
          "r": "aud(aul(aul(x,0.7634824),auh(x,x)),aud(y,aul(x,0.7990998)))",
          "b": "aud(aul(aul(y,x),auh(0.3790698,0.8417369)),aud(0.8213877,aul(x,y)))",
          "g": "aud(aul(aul(y,y),auh(0.53031474,y)),aud(y,aul(0.102109194,0.22143728)))"
        }
      },
      {
        "fitness": 0,
        "expressions": {
          "r": "auh(y,(0.31520337+aud(y,0.5599521)))",
          "b": "auh(y,(x+aud(x,y)))",
          "g": "auh(y,(y+aud(0.3254004,x)))"
        }
      },
      {
        "fitness": 0,
        "expressions": {
          "r": "(y+y)",
          "b": "(0.10203838+0.9268981)",
          "g": "(y+0.75388384)"
        }
      },
      {
        "fitness": 0,
        "expressions": {
          "r": "aul(aul(auh(0.31241637,0.5111253),aud(y,y)),(aud(x,x)+x))",
          "b": "aul(aul(auh(y,y),aud(0.7163751,x)),(aud(x,0.7568924)+y))",
          "g": "aul(aul(auh(0.039120376,0.5761678),aud(0.8618549,y)),(aud(0.7579939,x)+0.90012306))"
        }
      },
      {
        "fitness": 0,
        "expressions": {
          "r": "auh(0.9163032,auh(x,x))",
          "b": "auh(0.2793138,auh(0.3432033,0.8587702))",
          "g": "auh(x,auh(x,x))"
        }
      },
      {
        "fitness": 0,
        "expressions": {
          "r": "(x+x)",
          "b": "(x+x)",
          "g": "(x+x)"
        }
      },
      {
        "fitness": 0,
        "expressions": {
          "r": "(0.6790393+y)",
          "b": "(y+0.38320827)",
          "g": "(0.9520882+x)"
        }
      },
      {
        "fitness": 0,
        "expressions": {
          "r": "(y+0.6042139)",
          "b": "(0.04901147+x)",
          "g": "(y+x)"
        }
      },
      {
        "fitness": 0,
        "expressions": {
          "r": "((0.87585837+y)+aul(aul(0.08814758,y),(0.20937485+y)))",
          "b": "((x+x)+aul(aul(0.4043625,0.29906255),(x+y)))",
          "g": "((y+0.73004025)+aul(aul(x,y),(0.21374506+0.3612045)))"
        }
      },
      {
        "fitness": 0,
        "expressions": {
          "r": "(0.3321551+y)",
          "b": "(x+y)",
          "g": "(0.35288018+x)"
        }
      },
      {
        "fitness": 0,
        "expressions": {
          "r": "aud(x,aul(aud(0.011091292,y),y))",
          "b": "aud(y,aul(aud(x,0.64927626),y))",
          "g": "aud(0.96820414,aul(aud(0.7711555,y),0.4588884))"
        }
      },
      {
        "fitness": 0,
        "expressions": {
          "r": "(x+y)",
          "b": "(0.07347858+x)",
          "g": "(y+0.031378627)"
        }
      },
      {
        "fitness": 0,
        "expressions": {
          "r": "auh(auh((0.93508404+y),aul(x,x)),aud(aud(y,x),auh(x,x)))",
          "b": "auh(auh((0.579873+y),aul(y,0.98488444)),aud(aud(x,y),auh(y,y)))",
          "g": "auh(auh((0.7125596+x),aul(x,x)),aud(aud(0.8188496,0.2867632),auh(0.23559183,y)))"
        }
      },
      {
        "fitness": 0,
        "expressions": {
          "r": "aul(aul(y,0.1900354),aul(aud(y,y),(y+0.9730244)))",
          "b": "aul(aul(x,0.8795582),aul(aud(x,y),(0.9936204+y)))",
          "g": "aul(aul(y,y),aul(aud(y,x),(0.75514555+x)))"
        }
      },
      {
        "fitness": 0,
        "expressions": {
          "r": "(auh(y,x)+x)",
          "b": "(auh(0.61393404,y)+x)",
          "g": "(auh(x,0.88992655)+0.5842463)"
        }
      },
      {
        "fitness": 0,
        "expressions": {
          "r": "(y+y)",
          "b": "(x+x)",
          "g": "(x+y)"
        }
      },
      {
        "fitness": 0,
        "expressions": {
          "r": "(auh(aud(y,0.5208387),x)+0.9011205)",
          "b": "(auh(aud(0.81716895,y),x)+x)",
          "g": "(auh(aud(y,0.63845587),y)+y)"
        }
      }
    ],
    "timestamp": "22h:46m:57s"
  }],
  "timestamp": "2024-07-24-22-46-50"
}