{
  "id": "vvambibx-v3vw-oc6u-hkbe-32ifi4vddjbv",
  "parameters": {
    "crossoverRate": 0.30000001192092896,
    "eliteSize": 2,
    "tournamentSize": 3,
    "mutationRate": 0.8999999761581421,
    "populationSize": 10
  },
  "populations": [
    {
      "generation": 0,
      "id": "ynctond7-bbkn-3xua-mp0z-0296ao4ozy7b",
      "individuals": [
        {
          "fitness": 0,
          "expressions": {
            "r": "pow(x,sub(var(0.570765),add(var(0.036025763),sin(var(y)))))",
            "b": "pow(x,sub(x,add(x,sin(var(y)))))",
            "g": "pow(x,sub(x,add(var(0.5299368),sin(var(0.41407037)))))"
          }
        },
        {
          "fitness": 0,
          "expressions": {
            "r": "tan(x)",
            "b": "tan(var(0.28380322))",
            "g": "tan(var(0.9806819))"
          }
        },
        {
          "fitness": 0,
          "expressions": {
            "r": "add(x,0.43205953)",
            "b": "add(var(0.38053012),var(0.8478582))",
            "g": "add(var(0.05119896),0.9271302)"
          }
        },
        {
          "fitness": 0,
          "expressions": {
            "r": "add(0.91312194,y)",
            "b": "add(x,x)",
            "g": "add(0.18005848,y)"
          }
        },
        {
          "fitness": 0,
          "expressions": {
            "r": "pow(var(0.85363626),sin(mul(aul(max(auh(min(cos(y),y),y),var(0.23932743)),auh(0.6006186,pow(div(add(var(0.7158332),0.9626589),div(aud(var(0.7708986),tan(y)),var(0.89238024))),0.4678433))),tan(var(0.5245395)))))",
            "b": "pow(y,sin(mul(aul(max(auh(min(cos(var(0.2727003)),y),x),y),auh(0.42542815,pow(div(add(y,0.87013006),div(aud(var(0.05688572),tan(x)),y)),0.6106646))),tan(y))))",
            "g": "pow(x,sin(mul(aul(max(auh(min(cos(x),y),y),0.30701494),auh(y,pow(div(add(var(0.75795555),x),div(aud(x,tan(var(0.013572454))),var(0.049143553))),x))),tan(0.14685655))))"
          }
        },
        {
          "fitness": 0,
          "expressions": {
            "r": "add(var(0.6225295),x)",
            "b": "add(var(0.9175663),0.76805186)",
            "g": "add(0.99508715,0.31379938)"
          }
        },
        {
          "fitness": 0,
          "expressions": {
            "r": "add(x,x)",
            "b": "add(x,var(0.88626075))",
            "g": "add(var(0.0064086914),x)"
          }
        },
        {
          "fitness": 0,
          "expressions": {
            "r": "add(x,y)",
            "b": "add(var(0.11270404),y)",
            "g": "add(0.050334692,0.88790154)"
          }
        },
        {
          "fitness": 0,
          "expressions": {
            "r": "add(var(0.5548315),var(0.38459587))",
            "b": "add(var(0.29272103),x)",
            "g": "add(y,x)"
          }
        },
        {
          "fitness": 0,
          "expressions": {
            "r": "mul(aud(sin(cos(min(aud(mul(cos(max(var(y),sub(x,min(sub(x,x),var(cos(max(0.8118093,var(0.7004311)))))))),pow(pow(var(8.890629E-4),div(var(var(0.782886)),var(var(0.7099407)))),pow(aud(var(0.08528471),var(0.16534233)),tan(var(0.30931664))))),auh(max(x,min(sin(var(0.7829635)),y)),pow(y,aul(var(0.4438355),var(0.7474289))))),max(max(cos(add(cos(y),auh(y,x))),var(0.042850018)),y)))),aul(max(y,var(0.21582103)),y)),min(aul(sub(y,0.1951747),aul(0.44053364,pow(var(0.18703127),auh(aud(x,tan(x)),sin(auh(min(aul(max(max(tan(0.2564435),aul(sin(0.876132),0.837729)),sub(sin(0.73443484),div(y,x))),div(aul(0.291564,max(x,div(0.11550069,y))),x)),var(0.14683628)),y)))))),var(var(0.7611978))))",
            "b": "mul(aud(sin(cos(min(aud(mul(cos(max(var(y),sub(x,min(sub(y,var(0.25639915)),var(cos(max(var(0.4255798),y))))))),pow(pow(y,div(var(y),var(0.49717903))),pow(aud(y,y),tan(0.6185796)))),auh(max(0.5583198,min(sin(var(0.062146902)),x)),pow(y,aul(x,y)))),max(max(cos(add(cos(x),auh(y,0.92819285))),var(0.42116523)),var(0.896368))))),aul(max(y,y),0.25509453)),min(aul(sub(var(0.69872713),var(0.2622614)),aul(0.55335784,pow(0.21204281,auh(aud(var(0.8226483),tan(y)),sin(auh(min(aul(max(max(tan(var(0.54048467)),aul(sin(x),x)),sub(sin(0.8232937),div(var(0.40989923),y))),div(aul(x,max(0.041446686,div(0.3213911,0.23551607))),x)),y),0.661361)))))),var(var(0.58678484))))",
            "g": "mul(aud(sin(cos(min(aud(mul(cos(max(var(x),sub(0.3655901,min(sub(0.19356656,y),var(cos(max(x,x))))))),pow(pow(0.38392282,div(var(y),var(var(0.48390222)))),pow(aud(0.35642028,x),tan(x)))),auh(max(x,min(sin(y),y)),pow(x,aul(y,0.6701803)))),max(max(cos(add(cos(0.8892586),auh(y,0.7126248))),x),0.8918712)))),aul(max(y,var(0.046676874)),0.5313747)),min(aul(sub(x,0.69698),aul(0.1173861,pow(var(0.78864527),auh(aud(0.23644471,tan(var(0.6922529))),sin(auh(min(aul(max(max(tan(x),aul(sin(x),var(0.2165966))),sub(sin(x),div(0.41413856,y))),div(aul(0.04326558,max(y,div(0.43411565,x))),x)),x),y)))))),var(x)))"
          }
        },
        {
          "fitness": 0,
          "expressions": {
            "r": "sin(tan(pow(div(tan(pow(cos(cos(sub(pow(var(0.40791297),0.99141526),pow(max(var(0.29178238),y),0.31549072)))),pow(auh(x,min(pow(var(0.22481179),0.09732485),pow(y,sin(mul(x,mul(div(0.9564574,x),min(x,var(0.6856706)))))))),mul(sin(x),x)))),mul(var(x),cos(y))),cos(sin(x)))))",
            "b": "sin(tan(pow(div(tan(pow(cos(cos(sub(pow(y,y),pow(max(x,0.7692292),x)))),pow(auh(var(0.29229474),min(pow(0.26110673,x),pow(var(0.5938933),sin(mul(var(0.97103906),mul(div(x,x),min(var(0.14857078),var(0.024386644)))))))),mul(sin(y),0.66578627)))),mul(var(x),cos(x))),cos(sin(var(0.56713796))))))",
            "g": "sin(tan(pow(div(tan(pow(cos(cos(sub(pow(x,x),pow(max(0.74007416,var(0.23435116)),x)))),pow(auh(var(0.8363216),min(pow(x,0.51002693),pow(var(0.010761738),sin(mul(0.6711199,mul(div(x,y),min(var(0.0056962967),0.52457905))))))),mul(sin(y),y)))),mul(var(0.4410143),cos(x))),cos(sin(x)))))"
          }
        },
        {
          "fitness": 0,
          "expressions": {
            "r": "sub(tan(aul(auh(sin(aud(x,var(0.9762542))),y),y)),0.5505378)",
            "b": "sub(tan(aul(auh(sin(aud(y,x)),0.78148866),x)),0.8534107)",
            "g": "sub(tan(aul(auh(sin(aud(y,x)),0.50815797),0.4908805)),var(0.72639394))"
          }
        },
        {
          "fitness": 0,
          "expressions": {
            "r": "sub(max(0.7291281,sub(var(0.2738154),sin(sin(var(0.82947636))))),var(0.16365671))",
            "b": "sub(max(var(0.28086615),sub(0.9674244,sin(sin(x)))),y)",
            "g": "sub(max(x,sub(var(0.14816976),sin(sin(0.78734326)))),y)"
          }
        },
        {
          "fitness": 0,
          "expressions": {
            "r": "add(x,0.6479459)",
            "b": "add(y,0.66290355)",
            "g": "add(0.31900477,x)"
          }
        },
        {
          "fitness": 0,
          "expressions": {
            "r": "tan(auh(auh(min(y,cos(y)),mul(0.7092469,var(0.3249836))),var(0.72817254)))",
            "b": "tan(auh(auh(min(0.5170038,cos(var(0.45587778))),mul(y,y)),y))",
            "g": "tan(auh(auh(min(0.6450186,cos(y)),mul(0.17499661,x)),y))"
          }
        },
        {
          "fitness": 0,
          "expressions": {
            "r": "add(var(0.3102064),0.071576595)",
            "b": "add(0.060245752,0.68546176)",
            "g": "add(y,0.70746183)"
          }
        },
        {
          "fitness": 0,
          "expressions": {
            "r": "min(aud(y,sub(var(0.6580086),div(add(auh(0.023495197,aul(pow(var(0.86676264),y),0.39010072)),var(0.528522)),y))),aud(auh(var(y),cos(pow(0.30301237,sin(aud(y,y))))),0.02563858))",
            "b": "min(aud(var(0.14448333),sub(x,div(add(auh(0.5107446,aul(pow(y,y),var(0.43705487))),0.49070883),y))),aud(auh(var(var(0.23020577)),cos(pow(y,sin(aud(var(0.90979004),x))))),x))",
            "g": "min(aud(var(0.5792506),sub(y,div(add(auh(y,aul(pow(x,y),0.49782395)),var(0.39075089)),var(0.7568338)))),aud(auh(var(var(0.23706746)),cos(pow(var(0.45930552),sin(aud(0.18310595,0.7296288))))),x))"
          }
        },
        {
          "fitness": 0,
          "expressions": {
            "r": "add(0.16005683,y)",
            "b": "add(x,y)",
            "g": "add(var(0.6049535),0.59478855)"
          }
        }
      ],
      "timestamp": "23h:37m:23s"
    },
    {
      "generation": 0,
      "ascendantID": "ynctond7-bbkn-3xua-mp0z-0296ao4ozy7b",
      "id": "903xm4tb-e99v-q5ht-eafe-rjpw58aaf7g8",
      "individuals": [
        {
          "fitness": 0,
          "expressions": {
            "r": "add(var(0.040293694),y)",
            "b": "add(var(0.19951963),x)",
            "g": "add(x,y)"
          }
        },
        {
          "fitness": 0,
          "expressions": {
            "r": "sub(cos(0.44847012),x)",
            "b": "sub(cos(y),y)",
            "g": "sub(cos(x),x)"
          }
        },
        {
          "fitness": 0,
          "expressions": {
            "r": "cos(tan(sub(sub(y,y),x)))",
            "b": "cos(tan(sub(sub(var(0.81676483),0.006406307),0.90480304)))",
            "g": "cos(tan(sub(sub(0.26477504,0.69655013),0.8190639)))"
          }
        },
        {
          "fitness": 0,
          "expressions": {
            "r": "div(add(y,y),add(y,mul(var(div(div(mul(var(0.013550997),var(0.8129432)),y),y)),var(y))))",
            "b": "div(add(var(0.12319565),y),add(0.0010750294,mul(var(div(div(mul(0.9446974,var(y)),x),var(0.650357))),var(0.52712107))))",
            "g": "div(add(y,x),add(y,mul(var(div(div(mul(x,var(0.99647284)),var(0.6753824)),0.99908876)),var(0.68285847))))"
          }
        },
        {
          "fitness": 0,
          "expressions": {
            "r": "add(0.7610924,var(0.52681565))",
            "b": "add(x,var(0.63652253))",
            "g": "add(y,var(0.5940988))"
          }
        },
        {
          "fitness": 0,
          "expressions": {
            "r": "add(var(var(add(var(sub(x,mul(0.13512683,y))),tan(cos(0.9627402))))),mul(y,add(sin(0.2287178),0.3470738)))",
            "b": "add(var(var(add(var(sub(var(0.4904387),mul(x,x))),tan(cos(x))))),mul(var(0.47781777),add(sin(x),y)))",
            "g": "add(var(var(add(var(sub(y,mul(x,var(0.60281754)))),tan(cos(y))))),mul(x,add(sin(y),y)))"
          }
        },
        {
          "fitness": 0,
          "expressions": {
            "r": "sin(div(mul(add(add(var(div(var(0.15263987),0.79834366)),y),sin(sub(add(var(0.43272376),y),var(sin(sub(y,0.0651145)))))),tan(x)),x))",
            "b": "sin(div(mul(add(add(var(div(0.84895086,var(0.36314774))),0.6005032),sin(sub(add(var(0.84431577),var(0.21696615)),var(sin(sub(0.6221051,x)))))),tan(x)),y))",
            "g": "sin(div(mul(add(add(var(div(var(0.5044248),0.27576256)),var(0.03639555)),sin(sub(add(var(x),y),var(sin(sub(0.4181893,var(0.66853213))))))),tan(var(0.40006018))),var(0.37451553)))"
          }
        },
        {
          "fitness": 0,
          "expressions": {
            "r": "sub(var(0.22476482),mul(sub(var(0.21838689),add(sub(var(add(add(sub(sub(div(mul(0.478451,var(0.9923322)),mul(x,var(0.8796115))),cos(div(x,add(y,sub(var(0.97935176),var(0.29356813)))))),sin(var(0.18967915))),y),mul(x,sin(var(0.17089558))))),x),sin(sin(0.12785268)))),sub(mul(tan(0.5497105),tan(y)),div(cos(0.08803415),mul(var(0.93567157),div(x,var(x)))))))",
            "b": "sub(x,mul(sub(0.6417055,add(sub(var(add(add(sub(sub(div(mul(0.44130206,y),mul(var(0.77604747),x)),cos(div(var(0.7460072),add(x,sub(y,y))))),sin(y)),0.10753989),mul(x,sin(0.71458364)))),x),sin(sin(y)))),sub(mul(tan(y),tan(x)),div(cos(x),mul(y,div(var(0.4297886),var(x)))))))",
            "g": "sub(var(0.8808813),mul(sub(y,add(sub(var(add(add(sub(sub(div(mul(var(0.14540887),0.16078472),mul(0.6948657,y)),cos(div(var(0.53997254),add(0.16730857,sub(var(0.2692337),y))))),sin(x)),x),mul(x,sin(x)))),x),sin(sin(x)))),sub(mul(tan(0.80331254),tan(x)),div(cos(y),mul(y,div(x,var(var(0.97926235))))))))"
          }
        },
        {
          "fitness": 0,
          "expressions": {
            "r": "sub(add(y,y),sub(y,x))",
            "b": "sub(add(0.48599005,0.3368559),sub(0.67819905,x))",
            "g": "sub(add(x,x),sub(var(0.19877934),x))"
          }
        },
        {
          "fitness": 0,
          "expressions": {
            "r": "add(var(0.53423834),y)",
            "b": "add(x,0.46098757)",
            "g": "add(x,var(0.14516878))"
          }
        },
        {
          "fitness": 0,
          "expressions": {
            "r": "add(0.81982183,var(0.65820074))",
            "b": "add(x,var(0.4375012))",
            "g": "add(0.69871736,0.22710466)"
          }
        },
        {
          "fitness": 0,
          "expressions": {
            "r": "add(x,var(0.9348066))",
            "b": "add(var(0.12375903),y)",
            "g": "add(var(0.72973824),x)"
          }
        },
        {
          "fitness": 0,
          "expressions": {
            "r": "add(0.41183162,var(0.92539835))",
            "b": "add(x,x)",
            "g": "add(var(0.054620743),x)"
          }
        },
        {
          "fitness": 0,
          "expressions": {
            "r": "add(0.51782846,var(0.44590688))",
            "b": "add(y,y)",
            "g": "add(var(0.46761537),var(0.47202182))"
          }
        },
        {
          "fitness": 0,
          "expressions": {
            "r": "sin(var(x))",
            "b": "sin(var(y))",
            "g": "sin(var(x))"
          }
        },
        {
          "fitness": 0,
          "expressions": {
            "r": "div(var(sin(var(0.12837458))),mul(sub(add(div(mul(x,tan(tan(var(0.96628547)))),cos(div(x,div(x,mul(var(0.39863515),div(sub(add(y,x),cos(mul(tan(0.23513651),var(0.9124203)))),x)))))),cos(var(x))),var(mul(x,y))),div(cos(cos(x)),div(add(y,tan(add(0.6249647,var(0.4700837)))),cos(sin(0.4440546))))))",
            "b": "div(var(sin(var(y))),mul(sub(add(div(mul(0.651001,tan(tan(var(0.62978816)))),cos(div(var(0.36441493),div(0.99996734,mul(x,div(sub(add(y,var(0.9397578)),cos(mul(tan(0.8632548),0.6229141))),var(0.71135783))))))),cos(var(x))),var(mul(0.7672322,x))),div(cos(cos(x)),div(add(0.70842505,tan(add(0.2556839,y))),cos(sin(y))))))",
            "g": "div(var(sin(var(y))),mul(sub(add(div(mul(x,tan(tan(y))),cos(div(var(0.68035984),div(y,mul(var(0.3256979),div(sub(add(y,0.75322795),cos(mul(tan(x),var(0.7198663)))),y)))))),cos(var(y))),var(mul(x,y))),div(cos(cos(0.36488056)),div(add(var(0.5628941),tan(add(0.18378139,x))),cos(sin(0.29914403))))))"
          }
        },
        {
          "fitness": 0,
          "expressions": {
            "r": "var(sub(mul(cos(div(var(0.48890495),0.93747306)),mul(var(x),x)),add(x,y)))",
            "b": "var(sub(mul(cos(div(var(0.98920894),y)),mul(var(0.98216724),x)),add(x,x)))",
            "g": "var(sub(mul(cos(div(y,y)),mul(var(0.31778526),var(0.94869804))),add(x,0.33608413)))"
          }
        },
        {
          "fitness": 0,
          "expressions": {
            "r": "sub(0.88074064,var(tan(var(0.8708608))))",
            "b": "sub(var(0.9879787),var(tan(0.8613212)))",
            "g": "sub(0.42601776,var(tan(x)))"
          }
        }
      ],
      "timestamp": "23h:38m:38s"
    }
  ],
  "timestamp": "2024-07-25-23-37-18"
}