{
  "id": "w0351lz6-r5og-t3vt-7azc-6iscu7fe6afd",
  "parameters": {
    "crossoverRate": 0,
    "eliteSize": 0,
    "tournamentSize": 0,
    "mutationRate": 0,
    "populationSize": 0
  },
  "populations": [{
    "generation": 0,
    "id": "b77vbtm9-uxze-5wfe-atid-4vkqn2p8zrlv",
    "individuals": [
      {
        "fitness": 0,
        "expressions": {
          "r": "0.5345633",
          "b": "0.40964866",
          "g": "0.48030138"
        }
      },
      {
        "fitness": 0,
        "expressions": {
          "r": "0.7273798",
          "b": "0.85560536",
          "g": "y"
        }
      },
      {
        "fitness": 0,
        "expressions": {
          "r": "y",
          "b": "x",
          "g": "x"
        }
      },
      {
        "fitness": 0,
        "expressions": {
          "r": "x",
          "b": "y",
          "g": "y"
        }
      },
      {
        "fitness": 0,
        "expressions": {
          "r": "0.13997746",
          "b": "0.8694911",
          "g": "x"
        }
      },
      {
        "fitness": 0,
        "expressions": {
          "r": "0.3304634",
          "b": "x",
          "g": "y"
        }
      },
      {
        "fitness": 0,
        "expressions": {
          "r": "0.74333143",
          "b": "y",
          "g": "y"
        }
      },
      {
        "fitness": 0,
        "expressions": {
          "r": "0.29303622",
          "b": "0.693419",
          "g": "y"
        }
      },
      {
        "fitness": 0,
        "expressions": {
          "r": "0.04695201",
          "b": "0.810127",
          "g": "0.98295975"
        }
      },
      {
        "fitness": 0,
        "expressions": {
          "r": "x",
          "b": "0.67325306",
          "g": "x"
        }
      },
      {
        "fitness": 0,
        "expressions": {
          "r": "x",
          "b": "0.009189606",
          "g": "y"
        }
      },
      {
        "fitness": 0,
        "expressions": {
          "r": "y",
          "b": "y",
          "g": "0.95305514"
        }
      },
      {
        "fitness": 0,
        "expressions": {
          "r": "0.3225279",
          "b": "x",
          "g": "x"
        }
      },
      {
        "fitness": 0,
        "expressions": {
          "r": "y",
          "b": "y",
          "g": "0.49076557"
        }
      },
      {
        "fitness": 0,
        "expressions": {
          "r": "y",
          "b": "y",
          "g": "y"
        }
      },
      {
        "fitness": 0,
        "expressions": {
          "r": "y",
          "b": "x",
          "g": "0.2312522"
        }
      },
      {
        "fitness": 0,
        "expressions": {
          "r": "0.27652478",
          "b": "y",
          "g": "x"
        }
      },
      {
        "fitness": 0,
        "expressions": {
          "r": "x",
          "b": "x",
          "g": "x"
        }
      }
    ],
    "timestamp": "23h:59m:18s"
  }],
  "timestamp": "2024-07-26-23-59-15"
}