{
  "id": "w3md4p5a-92dq-f4ln-in70-6fry888wycz4",
  "parameters": {
    "crossoverRate": 0,
    "eliteSize": 0,
    "tournamentSize": 0,
    "mutationRate": 0,
    "populationSize": 0
  },
  "populations": [{
    "generation": 0,
    "id": "alhz0pne-6l6h-ksf5-r4jc-d5lkb11t7yeg",
    "individuals": [
      {
        "fitness": 0,
        "expressions": {
          "r": "0.15017796",
          "b": "0.3135221",
          "g": "x"
        }
      },
      {
        "fitness": 0,
        "expressions": {
          "r": "y",
          "b": "x",
          "g": "y"
        }
      },
      {
        "fitness": 0,
        "expressions": {
          "r": "0.8864808",
          "b": "0.17861104",
          "g": "x"
        }
      },
      {
        "fitness": 0,
        "expressions": {
          "r": "x",
          "b": "y",
          "g": "x"
        }
      },
      {
        "fitness": 0,
        "expressions": {
          "r": "x",
          "b": "0.24396396",
          "g": "y"
        }
      },
      {
        "fitness": 0,
        "expressions": {
          "r": "x",
          "b": "0.8582549",
          "g": "x"
        }
      },
      {
        "fitness": 0,
        "expressions": {
          "r": "x",
          "b": "0.8268237",
          "g": "0.04103899"
        }
      },
      {
        "fitness": 0,
        "expressions": {
          "r": "0.7519789",
          "b": "0.9891083",
          "g": "x"
        }
      },
      {
        "fitness": 0,
        "expressions": {
          "r": "0.8073914",
          "b": "0.08629775",
          "g": "x"
        }
      },
      {
        "fitness": 0,
        "expressions": {
          "r": "y",
          "b": "x",
          "g": "0.89141536"
        }
      },
      {
        "fitness": 0,
        "expressions": {
          "r": "x",
          "b": "y",
          "g": "y"
        }
      },
      {
        "fitness": 0,
        "expressions": {
          "r": "x",
          "b": "y",
          "g": "y"
        }
      },
      {
        "fitness": 0,
        "expressions": {
          "r": "0.9071832",
          "b": "x",
          "g": "x"
        }
      },
      {
        "fitness": 0,
        "expressions": {
          "r": "x",
          "b": "x",
          "g": "y"
        }
      },
      {
        "fitness": 0,
        "expressions": {
          "r": "y",
          "b": "0.5791044",
          "g": "0.82502127"
        }
      },
      {
        "fitness": 0,
        "expressions": {
          "r": "x",
          "b": "0.0683887",
          "g": "x"
        }
      },
      {
        "fitness": 0,
        "expressions": {
          "r": "x",
          "b": "y",
          "g": "y"
        }
      },
      {
        "fitness": 0,
        "expressions": {
          "r": "0.5852616",
          "b": "y",
          "g": "y"
        }
      }
    ],
    "timestamp": "0h:26m:49s"
  }],
  "timestamp": "2024-07-27-00-26-28"
}