{
  "id": "w539wwc7-w56w-edn4-ih23-bgxoitl4hsjt",
  "parameters": {
    "crossoverRate": 0.30000001192092896,
    "eliteSize": 2,
    "tournamentSize": 3,
    "mutationRate": 0.8999999761581421,
    "populationSize": 10
  },
  "populations": [{
    "generation": 0,
    "id": "vsq9iocn-07zb-vz9d-3vqj-gb8rte9knfqg",
    "individuals": [
      {
        "fitness": 0,
        "expressions": {
          "r": "(x+x)",
          "b": "(y+0.8387468)",
          "g": "(x+0.42199928)"
        }
      },
      {
        "fitness": 0,
        "expressions": {
          "r": "(y+x)",
          "b": "(y+0.7846992)",
          "g": "(0.8346702+x)"
        }
      },
      {
        "fitness": 0,
        "expressions": {
          "r": "(aul(y,y)-tan((y/x)))",
          "b": "(aul(y,0.10500687)-tan((0.6525441/0.3234771)))",
          "g": "(aul(y,x)-tan((0.3285656/x)))"
        }
      },
      {
        "fitness": 0,
        "expressions": {
          "r": "auh(cos(max(y,y)),((y*x)/y))",
          "b": "auh(cos(max(0.7562093,y)),((0.18470317*y)/x))",
          "g": "auh(cos(max(y,0.7515217)),((y*x)/0.0067334175))"
        }
      },
      {
        "fitness": 0,
        "expressions": {
          "r": "(aul((x+0.71780026),x)-0.4474098)",
          "b": "(aul((y+y),x)-y)",
          "g": "(aul((x+0.40139937),0.936573)-x)"
        }
      },
      {
        "fitness": 0,
        "expressions": {
          "r": "min(0.2968279,cos(x))",
          "b": "min(0.4649672,cos(0.92002845))",
          "g": "min(0.25952804,cos(y))"
        }
      },
      {
        "fitness": 0,
        "expressions": {
          "r": "(0.69096476+0.38580966)",
          "b": "(x+0.596703)",
          "g": "(y+y)"
        }
      },
      {
        "fitness": 0,
        "expressions": {
          "r": "cos(y)",
          "b": "cos(y)",
          "g": "cos(0.7001481)"
        }
      },
      {
        "fitness": 0,
        "expressions": {
          "r": "(0.103022754+x)",
          "b": "(0.44318783+0.3146925)",
          "g": "(x+y)"
        }
      },
      {
        "fitness": 0,
        "expressions": {
          "r": "(0.83026385+0.48788148)",
          "b": "(y+0.24174088)",
          "g": "(y+y)"
        }
      },
      {
        "fitness": 0,
        "expressions": {
          "r": "(x+x)",
          "b": "(0.99657154+x)",
          "g": "(0.7742429+y)"
        }
      },
      {
        "fitness": 0,
        "expressions": {
          "r": "(y+0.04493183)",
          "b": "(x+0.09911281)",
          "g": "(x+x)"
        }
      },
      {
        "fitness": 0,
        "expressions": {
          "r": "(x+y)",
          "b": "(0.54735196+y)",
          "g": "(x+x)"
        }
      },
      {
        "fitness": 0,
        "expressions": {
          "r": "(0.7193924+0.78185874)",
          "b": "(x+0.09145188)",
          "g": "(x+x)"
        }
      },
      {
        "fitness": 0,
        "expressions": {
          "r": "cos(aul((y/y),0.46679807))",
          "b": "cos(aul((0.8369095/x),0.036681354))",
          "g": "cos(aul((x/x),x))"
        }
      },
      {
        "fitness": 0,
        "expressions": {
          "r": "var(min(cos(x),(x/x)))",
          "b": "var(min(cos(0.030189157),(y/y)))",
          "g": "var(min(cos(0.30726653),(0.36846095/x)))"
        }
      },
      {
        "fitness": 0,
        "expressions": {
          "r": "(x+y)",
          "b": "(0.36879283+0.2902041)",
          "g": "(y+0.11261827)"
        }
      },
      {
        "fitness": 0,
        "expressions": {
          "r": "tan(tan(min(0.6873661,0.92785746)))",
          "b": "tan(tan(min(x,0.43455023)))",
          "g": "tan(tan(min(0.6421727,x)))"
        }
      }
    ],
    "timestamp": "22h:57m:47s"
  }],
  "timestamp": "2024-07-24-22-57-45"
}