{
  "id": "we2tkls1-4q7v-gpg3-s1hx-prg1fad88azt",
  "parameters": {
    "crossoverRate": 0,
    "eliteSize": 0,
    "tournamentSize": 0,
    "mutationRate": 0,
    "populationSize": 0
  },
  "populations": [{
    "generation": 0,
    "id": "6d56ylow-vh0y-ouif-ftue-s3qpagrmkw3y",
    "individuals": [
      {
        "fitness": 0,
        "expressions": {
          "r": "y",
          "b": "0.5039518",
          "g": "y"
        }
      },
      {
        "fitness": 0,
        "expressions": {
          "r": "y",
          "b": "x",
          "g": "x"
        }
      },
      {
        "fitness": 0,
        "expressions": {
          "r": "0.1144073",
          "b": "y",
          "g": "x"
        }
      },
      {
        "fitness": 0,
        "expressions": {
          "r": "0.4495182",
          "b": "y",
          "g": "y"
        }
      },
      {
        "fitness": 0,
        "expressions": {
          "r": "y",
          "b": "0.12482333",
          "g": "x"
        }
      },
      {
        "fitness": 0,
        "expressions": {
          "r": "y",
          "b": "x",
          "g": "y"
        }
      },
      {
        "fitness": 0,
        "expressions": {
          "r": "x",
          "b": "x",
          "g": "y"
        }
      },
      {
        "fitness": 0,
        "expressions": {
          "r": "x",
          "b": "x",
          "g": "0.029301643"
        }
      },
      {
        "fitness": 0,
        "expressions": {
          "r": "x",
          "b": "0.17958355",
          "g": "x"
        }
      },
      {
        "fitness": 0,
        "expressions": {
          "r": "0.558022",
          "b": "y",
          "g": "y"
        }
      },
      {
        "fitness": 0,
        "expressions": {
          "r": "0.04859996",
          "b": "0.7055869",
          "g": "0.70345926"
        }
      },
      {
        "fitness": 0,
        "expressions": {
          "r": "y",
          "b": "y",
          "g": "y"
        }
      },
      {
        "fitness": 0,
        "expressions": {
          "r": "y",
          "b": "x",
          "g": "0.5943477"
        }
      },
      {
        "fitness": 0,
        "expressions": {
          "r": "y",
          "b": "y",
          "g": "0.024486542"
        }
      },
      {
        "fitness": 0,
        "expressions": {
          "r": "0.15294504",
          "b": "0.69810104",
          "g": "y"
        }
      },
      {
        "fitness": 0,
        "expressions": {
          "r": "0.88410234",
          "b": "0.7986829",
          "g": "y"
        }
      },
      {
        "fitness": 0,
        "expressions": {
          "r": "y",
          "b": "0.4113381",
          "g": "0.26086497"
        }
      },
      {
        "fitness": 0,
        "expressions": {
          "r": "x",
          "b": "x",
          "g": "x"
        }
      }
    ],
    "timestamp": "23h:41m:55s"
  }],
  "timestamp": "2024-07-26-23-41-53"
}