{
  "id": "weu06ck6-3keo-mgc6-5w06-o2xlz6xwnrok",
  "parameters": {
    "crossoverRate": 0,
    "eliteSize": 0,
    "tournamentSize": 0,
    "mutationRate": 0,
    "populationSize": 0
  },
  "populations": [
    {
      "generation": 0,
      "id": "iuddxko2-9tw9-yks7-4q9l-wur0nfv6ac6z",
      "individuals": [
        {
          "fitness": 0,
          "expressions": {
            "r": "var(0.8194492)",
            "b": "var(0.14243293)",
            "g": "var(0.3321619)"
          }
        },
        {
          "fitness": 0,
          "expressions": {
            "r": "add(0.31154203,x)",
            "b": "add(y,x)",
            "g": "add(x,x)"
          }
        },
        {
          "fitness": 0,
          "expressions": {
            "r": "aud(add(sub(y,sub(mul(aud(mul(add(div(y,y),aud(x,x)),x),0.5632317),div(mul(y,div(x,y)),0.61542034)),add(mul(mul(x,aud(0.8584418,x)),y),aud(0.19189477,x)))),sub(0.077968836,mul(mul(0.6827295,x),var(mul(aud(x,0.57541084),y))))),add(y,0.6224375))",
            "b": "aud(add(sub(x,sub(mul(aud(mul(add(div(y,x),aud(0.2440238,0.16369987)),0.13395476),x),div(mul(0.9035063,div(x,0.19125271)),0.525054)),add(mul(mul(y,aud(y,y)),0.062016964),aud(x,0.3529055)))),sub(y,mul(mul(y,x),var(mul(aud(0.046275616,y),y))))),add(y,y))",
            "g": "aud(add(sub(y,sub(mul(aud(mul(add(div(y,0.83879685),aud(x,x)),x),0.6009271),div(mul(y,div(y,x)),0.7114732)),add(mul(mul(y,aud(x,0.026915073)),0.042053938),aud(0.3151908,x)))),sub(y,mul(mul(y,x),var(mul(aud(0.9177222,y),0.105855465))))),add(x,y))"
          }
        },
        {
          "fitness": 0,
          "expressions": {
            "r": "add(x,0.3374505)",
            "b": "add(0.740685,0.04134512)",
            "g": "add(y,x)"
          }
        },
        {
          "fitness": 0,
          "expressions": {
            "r": "div(add(mul(div(var(x),sub(add(x,y),sub(y,x))),mul(mul(y,var(0.7675748)),0.7873206)),x),div(y,aud(y,0.40996194)))",
            "b": "div(add(mul(div(var(y),sub(add(0.708096,0.94757557),sub(y,0.033152103))),mul(mul(x,var(x)),x)),y),div(0.7373185,aud(x,x)))",
            "g": "div(add(mul(div(var(y),sub(add(x,y),sub(y,x))),mul(mul(y,var(x)),0.48643184)),y),div(x,aud(x,x)))"
          }
        },
        {
          "fitness": 0,
          "expressions": {
            "r": "sub(mul(y,var(aud(add(sub(y,div(add(sub(x,0.08262873),var(0.73917866)),div(x,var(0.59758306)))),sub(0.2502327,y)),var(div(0.06547928,div(var(aud(0.15078282,y)),aud(mul(x,0.75048137),add(y,0.91401744)))))))),div(x,aud(aud(x,var(mul(y,0.946362))),x)))",
            "b": "sub(mul(x,var(aud(add(sub(y,div(add(sub(y,y),var(0.84140396)),div(y,var(0.6698227)))),sub(0.34545493,x)),var(div(0.35484314,div(var(aud(0.23483229,y)),aud(mul(y,x),add(y,0.95697784)))))))),div(x,aud(aud(y,var(mul(0.6220641,x))),x)))",
            "g": "sub(mul(y,var(aud(add(sub(y,div(add(sub(0.84177446,x),var(0.037722588)),div(x,var(x)))),sub(y,0.003918171)),var(div(x,div(var(aud(0.25456572,x)),aud(mul(y,x),add(0.79022527,y)))))))),div(x,aud(aud(y,var(mul(x,x))),0.22584295)))"
          }
        },
        {
          "fitness": 0,
          "expressions": {
            "r": "add(x,y)",
            "b": "add(y,x)",
            "g": "add(x,y)"
          }
        },
        {
          "fitness": 0,
          "expressions": {
            "r": "add(y,x)",
            "b": "add(y,0.8202274)",
            "g": "add(0.76445603,0.4712267)"
          }
        },
        {
          "fitness": 0,
          "expressions": {
            "r": "aud(add(0.43404722,0.41880465),0.17802262)",
            "b": "aud(add(y,x),0.04564333)",
            "g": "aud(add(0.096829414,y),y)"
          }
        },
        {
          "fitness": 0,
          "expressions": {
            "r": "div(add(sub(mul(0.6252041,0.6515207),div(div(div(y,x),div(add(x,x),aud(aud(y,mul(x,0.3610642)),x))),x)),add(add(sub(var(x),y),mul(x,sub(y,div(aud(0.70130014,aud(y,y)),var(sub(0.40690088,y)))))),add(div(x,y),var(aud(mul(0.83923125,mul(add(x,0.44093323),div(0.3861513,y))),y))))),mul(add(aud(add(div(y,0.98607993),x),y),aud(x,y)),y))",
            "b": "div(add(sub(mul(y,0.092092514),div(div(div(x,0.053117275),div(add(y,x),aud(aud(y,mul(x,0.56033134)),x))),0.18908262)),add(add(sub(var(0.27851677),x),mul(0.4415393,sub(y,div(aud(x,aud(x,y)),var(sub(x,x)))))),add(div(y,x),var(aud(mul(0.5469582,mul(add(y,x),div(0.76548386,0.48308992))),x))))),mul(add(aud(add(div(x,x),x),y),aud(x,x)),x))",
            "g": "div(add(sub(mul(0.091653585,y),div(div(div(y,0.40631676),div(add(y,x),aud(aud(0.450598,mul(0.2941513,y)),y))),y)),add(add(sub(var(y),0.15176082),mul(x,sub(y,div(aud(y,aud(y,x)),var(sub(x,y)))))),add(div(0.8273492,y),var(aud(mul(x,mul(add(y,y),div(x,y))),x))))),mul(add(aud(add(div(x,y),x),y),aud(x,0.6784415)),x))"
          }
        },
        {
          "fitness": 0,
          "expressions": {
            "r": "sub(aud(div(x,x),sub(0.7372589,sub(0.4177487,aud(y,x)))),0.8154359)",
            "b": "sub(aud(div(x,x),sub(0.5157623,sub(0.4013288,aud(y,y)))),x)",
            "g": "sub(aud(div(y,y),sub(y,sub(x,aud(0.3467331,x)))),0.65865517)"
          }
        },
        {
          "fitness": 0,
          "expressions": {
            "r": "sub(mul(aud(mul(y,aud(add(y,add(aud(y,mul(x,x)),var(mul(0.17913318,y)))),0.48276687)),y),y),mul(aud(aud(mul(add(sub(mul(sub(x,0.40366578),var(0.18223405)),add(mul(x,y),y)),sub(add(x,div(x,0.34185076)),0.044264793)),sub(div(aud(add(y,y),mul(x,0.05613804)),y),0.67162085)),div(var(x),0.12824893)),add(var(aud(y,var(div(var(x),y)))),0.83965063)),0.79123425))",
            "b": "sub(mul(aud(mul(0.47901797,aud(add(y,add(aud(y,mul(0.112510204,0.96336913)),var(mul(y,x)))),0.77214193)),x),y),mul(aud(aud(mul(add(sub(mul(sub(x,y),var(0.8519852)),add(mul(0.36516166,y),y)),sub(add(0.23497248,div(x,x)),y)),sub(div(aud(add(x,y),mul(x,0.027481794)),x),y)),div(var(x),y)),add(var(aud(y,var(div(var(0.070106745),y)))),x)),x))",
            "g": "sub(mul(aud(mul(y,aud(add(y,add(aud(0.1300838,mul(y,0.6475158)),var(mul(y,x)))),0.66167307)),x),y),mul(aud(aud(mul(add(sub(mul(sub(x,x),var(y)),add(mul(0.7218132,y),y)),sub(add(0.7965312,div(x,y)),y)),sub(div(aud(add(y,x),mul(y,y)),y),x)),div(var(0.4166751),0.69623756)),add(var(aud(x,var(div(var(x),y)))),0.24991465)),x))"
          }
        },
        {
          "fitness": 0,
          "expressions": {
            "r": "aud(div(0.19434285,div(add(sub(sub(0.15363121,0.4331665),aud(add(var(y),0.020254135),add(y,0.24636912))),x),x)),y)",
            "b": "aud(div(x,div(add(sub(sub(x,y),aud(add(var(x),x),add(x,x))),y),y)),0.93565845)",
            "g": "aud(div(x,div(add(sub(sub(0.09398627,y),aud(add(var(0.5431831),y),add(0.7589319,x))),y),0.08814931)),0.00710392)"
          }
        },
        {
          "fitness": 0,
          "expressions": {
            "r": "add(y,y)",
            "b": "add(y,y)",
            "g": "add(y,x)"
          }
        },
        {
          "fitness": 0,
          "expressions": {
            "r": "add(var(sub(var(var(y)),y)),add(aud(0.03430271,0.47731447),x))",
            "b": "add(var(sub(var(var(x)),x)),add(aud(0.5607176,y),0.3773594))",
            "g": "add(var(sub(var(var(0.03174472)),y)),add(aud(x,y),y))"
          }
        },
        {
          "fitness": 0,
          "expressions": {
            "r": "add(aud(mul(0.16309285,div(mul(y,0.65739965),sub(mul(var(aud(var(x),y)),var(aud(aud(0.48243427,x),var(0.5782323)))),x))),0.8726444),mul(add(aud(mul(mul(div(0.38190508,sub(0.8610821,y)),0.27200222),y),0.17717314),aud(add(aud(var(sub(aud(y,0.8585713),x)),aud(0.63274574,add(x,x))),x),add(add(add(div(y,add(x,y)),y),add(mul(add(0.7990465,0.54068804),add(x,y)),var(0.9056196))),x))),sub(x,sub(var(add(add(y,y),sub(aud(x,aud(y,x)),y))),add(sub(y,div(y,x)),mul(y,0.7379792))))))",
            "b": "add(aud(mul(x,div(mul(x,x),sub(mul(var(aud(var(x),0.592412)),var(aud(aud(0.014033556,0.1251347),var(x)))),0.2862661))),y),mul(add(aud(mul(mul(div(y,sub(0.7333784,0.47215176)),x),y),0.8858433),aud(add(aud(var(sub(aud(x,x),0.7880206)),aud(0.33814812,add(y,0.8325777))),0.49553967),add(add(add(div(0.6095948,add(0.04570532,x)),y),add(mul(add(x,y),add(0.89588547,x)),var(y))),y))),sub(0.3599043,sub(var(add(add(y,0.6167381),sub(aud(x,aud(y,0.95743537)),x))),add(sub(0.37184024,div(x,x)),mul(0.19117093,x))))))",
            "g": "add(aud(mul(0.038703203,div(mul(0.03912759,x),sub(mul(var(aud(var(x),y)),var(aud(aud(y,0.29909325),var(x)))),x))),x),mul(add(aud(mul(mul(div(y,sub(0.27844906,y)),0.7573488),0.11330652),0.71002436),aud(add(aud(var(sub(aud(y,0.29728818),y)),aud(0.8479364,add(0.75641656,0.36961007))),x),add(add(add(div(x,add(0.9146657,0.25851274)),y),add(mul(add(y,x),add(0.54694605,x)),var(x))),x))),sub(x,sub(var(add(add(y,x),sub(aud(y,aud(y,x)),y))),add(sub(x,div(y,x)),mul(x,y))))))"
          }
        },
        {
          "fitness": 0,
          "expressions": {
            "r": "add(x,0.6655092)",
            "b": "add(y,y)",
            "g": "add(0.44399357,0.3304243)"
          }
        },
        {
          "fitness": 0,
          "expressions": {
            "r": "add(y,y)",
            "b": "add(y,x)",
            "g": "add(y,y)"
          }
        }
      ],
      "timestamp": "19h:36m:13s"
    },
    {
      "generation": 1,
      "ascendantID": "iuddxko2-9tw9-yks7-4q9l-wur0nfv6ac6z",
      "id": "ofy5gyln-uzex-4rg7-f9kk-sl8pn14y3ulh",
      "individuals": [
        {
          "fitness": 0,
          "expressions": {
            "r": "var(0.8194492)",
            "b": "var(0.14243293)",
            "g": "var(0.3321619)"
          }
        },
        {
          "fitness": 0,
          "expressions": {
            "r": "aud(sub(y,0.41880465),0.17802262)",
            "b": "aud(sub(y,x),0.04564333)",
            "g": "aud(sub(y,y),y)"
          }
        },
        {
          "fitness": 0,
          "expressions": {
            "r": "add(x,0.3374505)",
            "b": "add(0.740685,0.04134512)",
            "g": "add(y,x)"
          }
        },
        {
          "fitness": 0,
          "expressions": {
            "r": "aud(add(sub(y,sub(div(aud(sub(add(div(y,y),aud(x,x)),x),0.5632317),div(mul(y,div(x,y)),0.61542034)),add(mul(mul(x,aud(0.7412915,x)),y),aud(0.19189477,var(0.7100184))))),sub(0.077968836,mul(mul(0.6827295,x),var(mul(aud(x,0.57541084),y))))),sub(var(var(y)),y))",
            "b": "aud(add(sub(x,sub(div(aud(sub(add(div(y,x),aud(0.2357328,0.16369987)),0.13395476),x),div(mul(0.9035063,div(x,0.19125271)),0.525054)),add(mul(mul(y,aud(y,0.1592071)),0.062016964),aud(x,var(x))))),sub(y,mul(mul(y,x),var(mul(aud(0.046275616,y),y))))),sub(var(var(x)),x))",
            "g": "aud(add(sub(y,sub(div(aud(sub(add(div(y,0.83879685),aud(x,x)),y),0.6009271),div(mul(y,div(y,x)),0.7114732)),add(mul(mul(y,aud(x,y)),0.059722185),aud(0.3151908,var(y))))),sub(y,mul(mul(y,x),var(mul(aud(0.9177222,y),0.105855465))))),sub(var(var(0.03174472)),y))"
          }
        },
        {
          "fitness": 0,
          "expressions": {
            "r": "add(var(0.59758306),add(aud(y,0.6031363),x))",
            "b": "add(var(0.6698227),add(aud(0.4535737,y),y))",
            "g": "add(var(x),add(aud(x,y),0.03969693))"
          }
        },
        {
          "fitness": 0,
          "expressions": {
            "r": "aud(0.65652823,0.17802262)",
            "b": "aud(x,0.04564333)",
            "g": "aud(0.39924288,y)"
          }
        },
        {
          "fitness": 0,
          "expressions": {
            "r": "add(mul(y,var(aud(add(sub(y,var(add(sub(x,0.08262873),var(0.73917866)))),sub(0.2502327,0.021483421)),div(div(0.06547928,div(var(aud(0.15078282,y)),aud(sub(x,0.75048137),add(y,0.91401744)))),x)))),div(x,aud(aud(x,var(sub(div(sub(y,x),y),y))),x)))",
            "b": "add(mul(x,var(aud(add(sub(y,var(add(sub(y,y),var(0.84140396)))),sub(0.34545493,x)),div(div(0.35484314,div(var(aud(0.23483229,y)),aud(sub(y,x),add(y,0.95697784)))),0.1359384)))),div(x,aud(aud(y,var(sub(div(sub(0.08371782,x),0.5158801),x))),x)))",
            "g": "add(mul(y,var(aud(add(sub(y,var(add(sub(0.84177446,x),var(0.037722588)))),sub(y,0.1072762)),div(div(x,div(var(aud(0.25456572,x)),aud(sub(y,x),add(0.9964533,y)))),y)))),div(x,aud(aud(y,var(sub(div(sub(x,0.7044058),y),0.65994906))),0.22584295)))"
          }
        },
        {
          "fitness": 0,
          "expressions": {
            "r": "add(0.31154203,div(y,var(add(sub(0.8265114,y),aud(aud(x,x),x)))))",
            "b": "add(y,div(x,var(add(sub(y,0.3868432),aud(aud(y,0.27617073),x)))))",
            "g": "add(x,div(0.9963803,var(add(sub(0.2957008,y),aud(aud(x,x),y)))))"
          }
        },
        {
          "fitness": 0,
          "expressions": {
            "r": "add(y,y)",
            "b": "add(y,x)",
            "g": "add(y,x)"
          }
        },
        {
          "fitness": 0,
          "expressions": {
            "r": "div(add(sub(mul(0.6252041,0.6515207),div(div(div(y,x),div(add(x,x),var(var(y)))),x)),add(add(sub(var(x),y),mul(x,sub(y,div(aud(0.7435608,aud(y,y)),var(sub(0.40690088,y)))))),add(div(x,y),var(aud(div(0.83923125,mul(add(x,0.44093323),div(0.3861513,y))),y))))),sub(add(aud(add(div(y,0.98607993),x),y),var(x)),y))",
            "b": "div(add(sub(mul(y,0.092092514),div(div(div(x,0.053117275),div(add(y,x),var(var(y)))),0.18908262)),add(add(sub(var(0.27851677),x),mul(0.4415393,sub(y,div(aud(x,aud(x,y)),var(sub(x,x)))))),add(div(y,x),var(aud(div(0.5469582,mul(add(y,x),div(0.76548386,0.48308992))),x))))),sub(add(aud(add(div(y,x),x),y),var(x)),x))",
            "g": "div(add(sub(mul(0.091653585,y),div(div(div(y,0.40631676),div(add(y,x),var(var(0.450598)))),y)),add(add(sub(var(y),0.15176082),mul(x,sub(y,div(aud(y,aud(y,x)),var(sub(x,y)))))),add(div(0.8273492,y),var(aud(div(x,mul(add(y,y),div(x,y))),x))))),sub(add(aud(add(div(x,y),x),y),var(x)),x))"
          }
        },
        {
          "fitness": 0,
          "expressions": {
            "r": "add(y,y)",
            "b": "add(y,y)",
            "g": "add(y,x)"
          }
        },
        {
          "fitness": 0,
          "expressions": {
            "r": "add(0.52539873,x)",
            "b": "add(0.04134512,0.6459236)",
            "g": "add(x,0.4712267)"
          }
        },
        {
          "fitness": 0,
          "expressions": {
            "r": "aud(div(0.19434285,mul(add(sub(sub(0.15363121,0.4331665),aud(add(var(y),0.020254135),add(y,0.24636912))),x),x)),y)",
            "b": "aud(div(x,mul(add(sub(sub(x,y),aud(add(var(x),x),add(x,x))),y),y)),0.93565845)",
            "g": "aud(div(x,mul(add(sub(sub(0.09398627,y),aud(add(var(0.5431831),y),add(0.7589319,x))),y),0.08814931)),0.00710392)"
          }
        },
        {
          "fitness": 0,
          "expressions": {
            "r": "aud(aud(mul(0.83923125,mul(add(x,0.44093323),mul(0.3861513,y))),y),0.17802262)",
            "b": "aud(aud(mul(0.5469582,mul(add(y,x),mul(0.76548386,0.48308992))),x),0.04564333)",
            "g": "aud(aud(mul(x,mul(add(y,y),mul(x,y))),x),y)"
          }
        },
        {
          "fitness": 0,
          "expressions": {
            "r": "var(add(x,mul(aud(x,var(y)),y)))",
            "b": "var(add(y,mul(aud(y,var(y)),x)))",
            "g": "var(add(0.44399357,mul(aud(0.8938172,var(y)),0.41697407)))"
          }
        },
        {
          "fitness": 0,
          "expressions": {
            "r": "add(aud(mul(0.16309285,div(mul(y,0.65739965),sub(mul(var(aud(var(x),y)),var(aud(aud(0.48243427,x),var(0.5782323)))),x))),0.8726444),sub(add(aud(mul(sub(div(0.38190508,add(0.8610821,y)),0.27200222),y),0.17717314),aud(add(aud(var(sub(aud(y,0.8585713),x)),aud(0.63274574,add(x,x))),x),add(add(add(div(y,add(x,x)),y),add(mul(add(0.82235956,0.54068804),add(x,y)),var(0.9056196))),x))),sub(x,sub(aud(add(add(y,y),sub(aud(x,aud(y,x)),y)),0.4144566),add(sub(y,var(y)),mul(y,0.7379792))))))",
            "b": "add(aud(mul(x,div(mul(x,x),sub(mul(var(aud(var(x),0.592412)),var(aud(aud(0.014033556,0.1251347),var(x)))),0.4016645))),y),sub(add(aud(mul(sub(div(y,add(0.7333784,0.47215176)),x),y),0.8858433),aud(add(aud(var(sub(aud(x,x),0.89962196)),aud(0.33814812,add(y,0.8325777))),0.49553967),add(add(add(div(0.6095948,add(0.04570532,x)),y),add(mul(add(x,y),add(0.89588547,x)),var(y))),x))),sub(0.40220475,sub(aud(add(add(y,0.6167381),sub(aud(x,aud(y,0.95743537)),x)),0.80713034),add(sub(0.37184024,var(x)),mul(0.19117093,x))))))",
            "g": "add(aud(mul(0.038703203,div(mul(0.03912759,x),sub(mul(var(aud(var(x),y)),var(aud(aud(y,0.29909325),var(x)))),x))),x),sub(add(aud(mul(sub(div(y,add(0.27844906,y)),0.7573488),0.11330652),0.71002436),aud(add(aud(var(sub(aud(y,0.29728818),y)),aud(0.8479364,add(0.75641656,0.36961007))),x),add(add(add(div(x,add(0.9146657,0.25851274)),y),add(mul(add(y,x),add(0.54694605,x)),var(x))),x))),sub(x,sub(aud(add(add(y,x),sub(aud(y,aud(y,x)),y)),y),add(sub(x,var(y)),mul(x,y))))))"
          }
        },
        {
          "fitness": 0,
          "expressions": {
            "r": "add(y,x)",
            "b": "add(y,0.98256826)",
            "g": "add(y,y)"
          }
        },
        {
          "fitness": 0,
          "expressions": {
            "r": "add(div(var(x),y),y)",
            "b": "add(div(var(0.070106745),y),x)",
            "g": "add(div(var(x),y),y)"
          }
        }
      ],
      "timestamp": "19h:36m:24s"
    },
    {
      "generation": 2,
      "ascendantID": "ofy5gyln-uzex-4rg7-f9kk-sl8pn14y3ulh",
      "id": "b1lx63sf-cqfc-sfre-26ep-zqhkhl0vocks",
      "individuals": [
        {
          "fitness": 0,
          "expressions": {
            "r": "var(0.8194492)",
            "b": "var(0.14243293)",
            "g": "var(0.3321619)"
          }
        },
        {
          "fitness": 0,
          "expressions": {
            "r": "add(y,y)",
            "b": "add(0.5489752,x)",
            "g": "add(y,x)"
          }
        },
        {
          "fitness": 0,
          "expressions": {
            "r": "var(aud(mul(0.83923125,mul(add(x,y),mul(0.3861513,y))),y))",
            "b": "var(aud(mul(0.6684854,mul(add(y,x),mul(0.76548386,0.48308992))),x))",
            "g": "var(aud(mul(x,mul(add(y,0.6654377),mul(x,y))),x))"
          }
        },
        {
          "fitness": 0,
          "expressions": {
            "r": "aud(0.65652823,0.17802262)",
            "b": "aud(x,0.04564333)",
            "g": "aud(0.39924288,y)"
          }
        },
        {
          "fitness": 0,
          "expressions": {
            "r": "aud(div(0.19434285,mul(add(sub(sub(0.15363121,0.4331665),aud(add(var(y),0.020254135),add(y,0.24636912))),x),x)),y)",
            "b": "aud(div(x,mul(add(sub(sub(x,y),aud(add(var(x),x),add(x,x))),y),y)),0.93565845)",
            "g": "aud(div(x,mul(add(sub(sub(0.09398627,y),aud(add(var(0.5431831),y),add(1.0,x))),y),0.15128231)),0.2188344)"
          }
        },
        {
          "fitness": 0,
          "expressions": {
            "r": "var(add(x,mul(aud(x,var(y)),y)))",
            "b": "var(add(y,mul(aud(y,var(y)),x)))",
            "g": "var(add(0.44399357,mul(aud(0.8938172,var(y)),0.41697407)))"
          }
        },
        {
          "fitness": 0,
          "expressions": {
            "r": "add(x,y)",
            "b": "add(0.740685,y)",
            "g": "add(y,y)"
          }
        },
        {
          "fitness": 0,
          "expressions": {
            "r": "sub(mul(y,var(aud(add(sub(y,var(add(sub(x,0.08262873),var(0.73917866)))),sub(0.2502327,0.021483421)),div(div(y,div(var(aud(y,y)),aud(sub(x,0.75048137),add(y,0.91747093)))),x)))),div(x,aud(aud(x,var(sub(var(sub(y,x)),y))),x)))",
            "b": "sub(mul(x,var(aud(add(sub(y,var(add(sub(y,y),var(0.5745015)))),sub(0.34545493,x)),div(div(0.35484314,div(var(aud(0.23483229,y)),aud(sub(x,x),add(y,0.95250845)))),0.0029411316)))),div(x,aud(aud(y,var(sub(var(sub(0.08371782,x)),x))),x)))",
            "g": "sub(mul(y,var(aud(add(sub(y,var(add(sub(0.84177446,x),var(y)))),sub(y,0.1072762)),div(div(x,div(var(aud(0.25456572,x)),aud(sub(y,x),add(0.9964533,y)))),y)))),div(x,aud(aud(y,var(sub(var(sub(x,0.9714298)),0.65994906))),0.22584295)))"
          }
        },
        {
          "fitness": 0,
          "expressions": {
            "r": "add(mul(y,var(aud(add(sub(y,var(add(sub(x,0.08262873),aud(0.73917866,y)))),sub(0.2502327,0.19360304)),div(div(0.06547928,div(var(aud(0.15078282,y)),aud(sub(x,0.75048137),sub(y,0.91401744)))),x)))),div(x,aud(var(x),x)))",
            "b": "add(mul(x,var(aud(add(sub(y,var(add(sub(y,y),aud(0.84140396,x)))),sub(0.34545493,x)),div(div(0.35484314,div(var(aud(0.23483229,y)),aud(sub(y,x),sub(y,0.95697784)))),0.1359384)))),div(x,aud(var(y),x)))",
            "g": "add(mul(y,var(aud(add(sub(y,var(add(sub(0.84177446,x),aud(0.037722588,x)))),sub(y,0.1072762)),div(div(x,div(var(aud(0.25456572,x)),aud(sub(y,x),sub(0.9964533,y)))),y)))),div(x,aud(var(y),0.22584295)))"
          }
        },
        {
          "fitness": 0,
          "expressions": {
            "r": "add(var(0.59758306),add(div(x,x),div(y,sub(sub(aud(div(mul(add(y,var(0.95883274)),x),x),div(sub(x,0.5949383),mul(var(aud(0.88658667,x)),0.3699956))),var(mul(var(y),0.91815114))),x))))",
            "b": "add(var(0.6698227),add(div(x,x),div(x,sub(sub(aud(div(mul(add(y,var(x)),x),y),div(sub(x,x),mul(var(aud(y,y)),y))),var(mul(var(x),0.048027992))),0.19250965))))",
            "g": "add(var(x),add(div(y,0.65563273),div(y,sub(sub(aud(div(mul(add(y,var(x)),x),0.9227085),div(sub(x,y),mul(var(aud(0.95927024,0.048198223)),x))),var(mul(var(x),0.93020344))),0.524879))))"
          }
        },
        {
          "fitness": 0,
          "expressions": {
            "r": "add(y,y)",
            "b": "add(0.13010383,y)",
            "g": "add(y,x)"
          }
        },
        {
          "fitness": 0,
          "expressions": {
            "r": "add(aud(mul(0.16309285,div(mul(y,0.65739965),sub(mul(var(aud(var(x),y)),var(aud(aud(0.48243427,x),var(0.5782323)))),x))),0.8726444),sub(add(aud(mul(sub(div(0.38190508,add(0.8610821,y)),0.27200222),y),0.17717314),aud(add(aud(var(sub(aud(y,0.8585713),x)),aud(0.63274574,add(x,x))),x),add(add(add(mul(y,add(x,x)),y),add(mul(x,add(x,y)),var(0.9056196))),x))),sub(x,sub(aud(add(add(y,y),add(aud(x,aud(y,x)),y)),0.4144566),add(sub(y,var(y)),mul(y,0.6587038))))))",
            "b": "add(aud(mul(x,div(mul(x,x),sub(mul(var(aud(var(x),0.592412)),var(aud(aud(0.014033556,0.1251347),var(x)))),0.4016645))),y),sub(add(aud(mul(sub(div(y,add(0.7333784,0.47215176)),x),y),1.0),aud(add(aud(var(sub(aud(x,x),1.0)),aud(0.33814812,add(y,0.8325777))),0.49553967),add(add(add(mul(0.6095948,add(0.04570532,x)),y),add(mul(x,add(0.89588547,x)),var(y))),x))),sub(0.5992527,sub(aud(add(add(y,0.6167381),add(aud(x,aud(y,0.95743537)),x)),0.80713034),add(sub(0.37184024,var(x)),mul(0.19117093,y))))))",
            "g": "add(aud(mul(0.038703203,div(mul(0.29587007,x),sub(mul(var(aud(var(x),y)),var(aud(aud(y,0.29909325),var(x)))),x))),x),sub(add(aud(mul(sub(div(y,add(0.27844906,y)),0.7573488),y),0.61001945),aud(add(aud(var(sub(aud(y,0.29728818),y)),aud(0.8479364,add(0.75641656,0.36961007))),x),add(add(add(mul(x,add(0.9146657,0.077685356)),y),add(mul(0.9460764,add(0.54694605,x)),var(x))),x))),sub(x,sub(aud(add(add(y,x),add(aud(y,aud(y,x)),y)),y),add(sub(x,var(y)),mul(x,y))))))"
          }
        },
        {
          "fitness": 0,
          "expressions": {
            "r": "add(var(0.59758306),var(sub(x,x)))",
            "b": "add(var(0.6698227),var(sub(x,0.88960814)))",
            "g": "add(var(x),var(sub(x,x)))"
          }
        },
        {
          "fitness": 0,
          "expressions": {
            "r": "aud(aud(div(0.83923125,mul(add(x,0.44093323),sub(y,0.41880465))),y),0.17802262)",
            "b": "aud(aud(div(0.5469582,mul(add(y,x),sub(y,x))),x),0.04564333)",
            "g": "aud(aud(div(x,mul(add(y,y),sub(y,y))),x),y)"
          }
        },
        {
          "fitness": 0,
          "expressions": {
            "r": "aud(0.65652823,0.28476095)",
            "b": "aud(x,0.04564333)",
            "g": "aud(0.39924288,y)"
          }
        },
        {
          "fitness": 0,
          "expressions": {
            "r": "div(add(sub(mul(0.6252041,0.6515207),div(div(div(y,x),div(add(x,x),var(var(y)))),x)),add(add(sub(var(x),y),mul(x,sub(y,div(mul(y,div(aud(0.7435608,x),var(x))),var(sub(0.40690088,y)))))),add(div(x,y),var(aud(div(0.83923125,div(add(x,0.44093323),div(0.3861513,y))),y))))),sub(add(aud(add(div(y,0.98607993),x),y),var(x)),y))",
            "b": "div(add(sub(mul(y,0.092092514),div(div(div(x,0.053117275),div(add(y,x),var(var(y)))),0.18908262)),add(add(sub(var(0.27851677),x),mul(0.4415393,sub(y,div(mul(y,div(aud(x,x),var(x))),var(sub(x,x)))))),add(div(y,x),var(aud(div(0.5469582,div(add(y,x),div(0.76548386,0.48308992))),x))))),sub(add(aud(add(div(y,x),x),y),var(x)),x))",
            "g": "div(add(sub(mul(0.091653585,y),div(div(div(y,0.40631676),div(add(y,x),var(var(0.450598)))),y)),add(add(sub(var(y),0.15176082),mul(x,sub(y,div(mul(y,div(aud(y,x),var(x))),var(sub(x,y)))))),add(div(0.8878882,y),var(aud(div(x,div(add(y,y),div(x,y))),x))))),sub(add(aud(add(div(x,y),x),y),var(x)),x))"
          }
        },
        {
          "fitness": 0,
          "expressions": {
            "r": "var(0.8194492)",
            "b": "var(0.14243293)",
            "g": "var(0.3321619)"
          }
        },
        {
          "fitness": 0,
          "expressions": {
            "r": "add(mul(y,var(aud(add(sub(y,var(add(sub(x,0.28487754),var(0.73917866)))),sub(0.2502327,0.021483421)),div(div(0.06547928,var(var(aud(0.15078282,y)))),x)))),div(x,x))",
            "b": "add(mul(x,var(aud(add(sub(y,var(add(sub(y,x),var(0.84140396)))),sub(0.47150016,x)),div(div(0.6535301,var(var(aud(0.23483229,y)))),0.1359384)))),div(x,x))",
            "g": "add(mul(y,var(aud(add(sub(y,var(add(sub(0.84177446,0.17733574),var(0.037722588)))),sub(y,0.1072762)),div(div(x,var(var(aud(0.25456572,x)))),y)))),div(x,y))"
          }
        }
      ],
      "timestamp": "19h:37m:31s"
    }
  ],
  "timestamp": "2024-07-31-19-35-52"
}