{
  "id": "wlc84foo-bqa3-jbzt-pidz-svg4ctkprtgf",
  "parameters": {
    "crossoverRate": 0.30000001192092896,
    "eliteSize": 2,
    "tournamentSize": 3,
    "mutationRate": 0.8999999761581421,
    "populationSize": 10
  },
  "populations": [
    {
      "generation": 0,
      "id": "jz1lqmu8-jtl6-6v4m-fqwi-u7zdt9sio4tq",
      "individuals": [
        {
          "fitness": 0,
          "expressions": {
            "r": "(y-0.5174605)",
            "b": "(0.502384-y)",
            "g": "(0.6344585-0.46650213)"
          }
        },
        {
          "fitness": 0,
          "expressions": {
            "r": "(x+y)",
            "b": "(y+x)",
            "g": "(y+y)"
          }
        },
        {
          "fitness": 0,
          "expressions": {
            "r": "(y+y)",
            "b": "(x+x)",
            "g": "(x+x)"
          }
        },
        {
          "fitness": 0,
          "expressions": {
            "r": "bri(bri(x,0.5763645),mod(sin(y),0.88016814))",
            "b": "bri(bri(0.9171921,y),mod(sin(y),y))",
            "g": "bri(bri(x,0.43170172),mod(sin(x),x))"
          }
        },
        {
          "fitness": 0,
          "expressions": {
            "r": "(min(tan(x),sin(x))/x)",
            "b": "(min(tan(x),sin(0.6432876))/y)",
            "g": "(min(tan(x),sin(x))/0.6173503)"
          }
        },
        {
          "fitness": 0,
          "expressions": {
            "r": "(x+y)",
            "b": "(y+x)",
            "g": "(y+0.5426515)"
          }
        },
        {
          "fitness": 0,
          "expressions": {
            "r": "var(pow(y,(y/x)))",
            "b": "var(pow(x,(y/y)))",
            "g": "var(pow(x,(y/x)))"
          }
        },
        {
          "fitness": 0,
          "expressions": {
            "r": "aud((y*y),max((x/x),cos(y)))",
            "b": "aud((x*0.4078322),max((y/y),cos(0.6467537)))",
            "g": "aud((y*y),max((x/y),cos(0.12977421)))"
          }
        },
        {
          "fitness": 0,
          "expressions": {
            "r": "sin(max(0.006862521,0.8120039))",
            "b": "sin(max(y,y))",
            "g": "sin(max(y,0.39359683))"
          }
        },
        {
          "fitness": 0,
          "expressions": {
            "r": "(y+0.88459593)",
            "b": "(x+x)",
            "g": "(y+x)"
          }
        },
        {
          "fitness": 0,
          "expressions": {
            "r": "(y*(var(y)/x))",
            "b": "(0.9949885*(var(x)/x))",
            "g": "(y*(var(y)/x))"
          }
        },
        {
          "fitness": 0,
          "expressions": {
            "r": "(var(y)/(cos(y)/(y/0.0199821)))",
            "b": "(var(x)/(cos(0.013731658)/(y/0.96007687)))",
            "g": "(var(0.09269714)/(cos(0.6889867)/(0.85468626/y)))"
          }
        },
        {
          "fitness": 0,
          "expressions": {
            "r": "(x-x)",
            "b": "(y-y)",
            "g": "(0.17102498-0.49355453)"
          }
        },
        {
          "fitness": 0,
          "expressions": {
            "r": "tan(x)",
            "b": "tan(0.48383242)",
            "g": "tan(y)"
          }
        },
        {
          "fitness": 0,
          "expressions": {
            "r": "bri(var(y),y)",
            "b": "bri(var(y),y)",
            "g": "bri(var(0.5135815),y)"
          }
        },
        {
          "fitness": 0,
          "expressions": {
            "r": "cos(x)",
            "b": "cos(x)",
            "g": "cos(0.37111294)"
          }
        },
        {
          "fitness": 0,
          "expressions": {
            "r": "(x+y)",
            "b": "(y+0.57035816)",
            "g": "(0.5998902+0.4272158)"
          }
        },
        {
          "fitness": 0,
          "expressions": {
            "r": "(y+0.50561553)",
            "b": "(x+x)",
            "g": "(9.7614527E-4+y)"
          }
        }
      ],
      "timestamp": "0h:19m:28s"
    },
    {
      "generation": 1,
      "ascendantID": "jz1lqmu8-jtl6-6v4m-fqwi-u7zdt9sio4tq",
      "id": "1l1h3g2w-7df3-wahe-k54t-hgdsoec5hbd3",
      "individuals": [
        {
          "fitness": 0,
          "expressions": {
            "r": "var(pow(y,(y/x)))",
            "b": "var(pow(x,(y/y)))",
            "g": "var(pow(x,(y/x)))"
          }
        },
        {
          "fitness": 0,
          "expressions": {
            "r": "(y-x)",
            "b": "(0.6516296-y)",
            "g": "(x-0.49355453)"
          }
        },
        {
          "fitness": 0,
          "expressions": {
            "r": "(y+0.50561553)",
            "b": "(y+x)",
            "g": "(x+y)"
          }
        },
        {
          "fitness": 0,
          "expressions": {
            "r": "(var(y)+y)",
            "b": "(var(x)+x)",
            "g": "(var(0.09269714)+y)"
          }
        },
        {
          "fitness": 0,
          "expressions": {
            "r": "var(pow(y,(y/x)))",
            "b": "var(pow(x,(y/y)))",
            "g": "var(pow(x,(y/x)))"
          }
        },
        {
          "fitness": 0,
          "expressions": {
            "r": "(x+y)",
            "b": "(y+x)",
            "g": "(y+0.5426515)"
          }
        },
        {
          "fitness": 0,
          "expressions": {
            "r": "(min(tan(x),sin(x))/(mod(x,0.28498685)+x))",
            "b": "(min(tan(x),sin(0.6432876))/(mod(x,0.030345082)+y))",
            "g": "(min(tan(x),sin(x))/(mod(0.7276488,0.14863998)+x))"
          }
        },
        {
          "fitness": 0,
          "expressions": {
            "r": "(y+0.50561553)",
            "b": "(x+x)",
            "g": "(9.7614527E-4+y)"
          }
        },
        {
          "fitness": 0,
          "expressions": {
            "r": "var(var(x))",
            "b": "var(var(0.0052517653))",
            "g": "var(var(y))"
          }
        },
        {
          "fitness": 0,
          "expressions": {
            "r": "(x+y)",
            "b": "(y+0.57035816)",
            "g": "(0.5998902+0.3797143)"
          }
        },
        {
          "fitness": 0,
          "expressions": {
            "r": "bri(bri(x,0.5763645),pow(y,pow(y,0.79470545)))",
            "b": "bri(bri(0.9171921,y),pow(y,pow(y,y)))",
            "g": "bri(bri(x,0.43170172),pow(x,pow(x,y)))"
          }
        },
        {
          "fitness": 0,
          "expressions": {
            "r": "var((y+x))",
            "b": "var((0.98160946+x))",
            "g": "var((y+x))"
          }
        },
        {
          "fitness": 0,
          "expressions": {
            "r": "aud((y*y),max((x/x),cos(y)))",
            "b": "aud((x*0.4078322),max((x/y),cos(0.6467537)))",
            "g": "aud((y*y),max((x/y),cos(0.11191846)))"
          }
        },
        {
          "fitness": 0,
          "expressions": {
            "r": "(y+0.50561553)",
            "b": "(x+x)",
            "g": "(9.7614527E-4+y)"
          }
        },
        {
          "fitness": 0,
          "expressions": {
            "r": "cos(x)",
            "b": "cos(x)",
            "g": "cos(0.37111294)"
          }
        },
        {
          "fitness": 0,
          "expressions": {
            "r": "var(pow(y,sin(y)))",
            "b": "var(pow(x,sin(y)))",
            "g": "var(pow(x,sin(y)))"
          }
        },
        {
          "fitness": 0,
          "expressions": {
            "r": "var(pow(y,cos(y)))",
            "b": "var(pow(x,cos(y)))",
            "g": "var(pow(x,cos(y)))"
          }
        },
        {
          "fitness": 0,
          "expressions": {
            "r": "var(pow(y,(y/x)))",
            "b": "var(pow(x,(y/y)))",
            "g": "var(pow(x,(y/x)))"
          }
        }
      ],
      "timestamp": "0h:19m:42s"
    },
    {
      "generation": 2,
      "ascendantID": "1l1h3g2w-7df3-wahe-k54t-hgdsoec5hbd3",
      "id": "loxry1rv-roar-13l8-tmfm-ov9fx3vgqt44",
      "individuals": [
        {
          "fitness": 0,
          "expressions": {
            "r": "var(pow(y,(y/x)))",
            "b": "var(pow(x,(y/y)))",
            "g": "var(pow(x,(y/x)))"
          }
        },
        {
          "fitness": 0,
          "expressions": {
            "r": "var(var(x))",
            "b": "var(var(0.0052517653))",
            "g": "var(var(y))"
          }
        },
        {
          "fitness": 0,
          "expressions": {
            "r": "aud((y-x),0.15373135)",
            "b": "aud((0.98160946-x),y)",
            "g": "aud((y-x),0.30880058)"
          }
        },
        {
          "fitness": 0,
          "expressions": {
            "r": "var(pow(y,cos(y)))",
            "b": "var(pow(x,cos(y)))",
            "g": "var(pow(x,cos(y)))"
          }
        },
        {
          "fitness": 0,
          "expressions": {
            "r": "aud(pow(y,0.49474722),x)",
            "b": "aud(pow(x,x),0.21263552)",
            "g": "aud(pow(x,0.6573692),y)"
          }
        },
        {
          "fitness": 0,
          "expressions": {
            "r": "var(cos(x))",
            "b": "var(cos(x))",
            "g": "var(cos(0.37111294))"
          }
        },
        {
          "fitness": 0,
          "expressions": {
            "r": "var(var(x))",
            "b": "var(var(0.0052517653))",
            "g": "var(var(y))"
          }
        },
        {
          "fitness": 0,
          "expressions": {
            "r": "var(mod(y,(y/y)))",
            "b": "var(mod(y,(y/y)))",
            "g": "var(mod(x,(y/x)))"
          }
        },
        {
          "fitness": 0,
          "expressions": {
            "r": "(y-x)",
            "b": "(0.6516296-y)",
            "g": "(x-0.75633234)"
          }
        },
        {
          "fitness": 0,
          "expressions": {
            "r": "aud((y*y),bri((x/x),cos(y)))",
            "b": "aud((x*0.4078322),bri((y/y),cos(0.62422633)))",
            "g": "aud((y*y),bri((x/y),cos(0.11191846)))"
          }
        },
        {
          "fitness": 0,
          "expressions": {
            "r": "tan(x)",
            "b": "tan(x)",
            "g": "tan(0.37111294)"
          }
        },
        {
          "fitness": 0,
          "expressions": {
            "r": "(y-x)",
            "b": "(0.83659613-y)",
            "g": "(x-0.49355453)"
          }
        },
        {
          "fitness": 0,
          "expressions": {
            "r": "tan(cos(x))",
            "b": "tan(cos(x))",
            "g": "tan(cos(0.37111294))"
          }
        },
        {
          "fitness": 0,
          "expressions": {
            "r": "var(pow(y,min((0.0+0.0),x)))",
            "b": "var(pow(x,min((0.0+0.0),x)))",
            "g": "var(pow(x,min((0.0+0.0),y)))"
          }
        },
        {
          "fitness": 0,
          "expressions": {
            "r": "(aud(y,x)+y)",
            "b": "(aud(x,x)+x)",
            "g": "(aud(0.15026718,x)+y)"
          }
        },
        {
          "fitness": 0,
          "expressions": {
            "r": "var(var(x))",
            "b": "var(var(0.0052517653))",
            "g": "var(var(y))"
          }
        },
        {
          "fitness": 0,
          "expressions": {
            "r": "(min(tan(x),sin(x))/(pow(tan(x),0.28498685)+x))",
            "b": "(min(tan(x),sin(0.6432876))/(pow(tan(x),0.030345082)+y))",
            "g": "(min(tan(x),sin(x))/(pow(tan(y),0.14863998)+x))"
          }
        },
        {
          "fitness": 0,
          "expressions": {
            "r": "sin(min(tan(x),sin(x)))",
            "b": "sin(min(tan(x),sin(0.6432876)))",
            "g": "sin(min(tan(x),sin(x)))"
          }
        }
      ],
      "timestamp": "0h:19m:49s"
    },
    {
      "generation": 3,
      "ascendantID": "loxry1rv-roar-13l8-tmfm-ov9fx3vgqt44",
      "id": "wpcp423b-bbbx-n8a6-na0r-3xstwgo1ghk0",
      "individuals": [
        {
          "fitness": 0,
          "expressions": {
            "r": "var(pow(y,(y/x)))",
            "b": "var(pow(x,(y/y)))",
            "g": "var(pow(x,(y/x)))"
          }
        },
        {
          "fitness": 0,
          "expressions": {
            "r": "aud(pow(pow(y,(y*x)),0.49474722),x)",
            "b": "aud(pow(pow(x,(y*y)),x),0.21263552)",
            "g": "aud(pow(pow(x,(y*x)),0.6573692),y)"
          }
        },
        {
          "fitness": 0,
          "expressions": {
            "r": "tan(x)",
            "b": "tan(x)",
            "g": "tan(0.37111294)"
          }
        },
        {
          "fitness": 0,
          "expressions": {
            "r": "var(pow(((y*0.47850394)+x),sin(x)))",
            "b": "var(pow(((y*y)+0.0061134696),sin(y)))",
            "g": "var(pow(((0.70038164*0.26749778)+0.82419455),sin(x)))"
          }
        },
        {
          "fitness": 0,
          "expressions": {
            "r": "var(var(x))",
            "b": "var(var(0.0052517653))",
            "g": "var(var(y))"
          }
        },
        {
          "fitness": 0,
          "expressions": {
            "r": "cos(min(var(x),sin(x)))",
            "b": "cos(min(var(x),sin(0.6432876)))",
            "g": "cos(min(var(x),sin(x)))"
          }
        },
        {
          "fitness": 0,
          "expressions": {
            "r": "(y+(y-x))",
            "b": "(0.83659613+(0.34847778-y))",
            "g": "(x+(x-0.75633234))"
          }
        },
        {
          "fitness": 0,
          "expressions": {
            "r": "var(pow(y,min((0.0+0.0),x)))",
            "b": "var(pow(x,min((0.0+0.0),x)))",
            "g": "var(pow(x,min((0.0+0.0),y)))"
          }
        },
        {
          "fitness": 0,
          "expressions": {
            "r": "aud(pow(y,min((0.0+0.0),x)),0.13872993)",
            "b": "aud(pow(x,min((0.17411241+0.0),x)),0.91343075)",
            "g": "aud(pow(x,min((0.0+0.0),y)),x)"
          }
        },
        {
          "fitness": 0,
          "expressions": {
            "r": "aud((y+x),var(var(x)))",
            "b": "aud((0.98160946+x),var(var(0.0)))",
            "g": "aud((y+x),var(var(y)))"
          }
        },
        {
          "fitness": 0,
          "expressions": {
            "r": "var((y-x))",
            "b": "var((0.6516296-y))",
            "g": "var((x-0.75633234))"
          }
        },
        {
          "fitness": 0,
          "expressions": {
            "r": "(y-x)",
            "b": "(0.83659613-y)",
            "g": "(x-0.49355453)"
          }
        },
        {
          "fitness": 0,
          "expressions": {
            "r": "(y-cos((tan(0.42432582)+x)))",
            "b": "(0.656938-cos((tan(0.488667)+x)))",
            "g": "(x-cos((tan(y)+0.6425398)))"
          }
        },
        {
          "fitness": 0,
          "expressions": {
            "r": "(y-max(y,y))",
            "b": "(0.6516296-max(y,x))",
            "g": "(x-max(0.09353042,y))"
          }
        },
        {
          "fitness": 0,
          "expressions": {
            "r": "aud((y*x),bri((x/x),var(y)))",
            "b": "aud((x*0.4011088),bri((y/y),var(0.62422633)))",
            "g": "aud((y*y),bri((x/y),var(0.11191846)))"
          }
        },
        {
          "fitness": 0,
          "expressions": {
            "r": "(min(tan(x),cos(x))/(pow(tan(x),0.28498685)-x))",
            "b": "(min(tan(x),cos(0.6432876))/(pow(tan(x),0.0)-y))",
            "g": "(min(tan(x),cos(x))/(pow(tan(y),0.3352618)-x))"
          }
        },
        {
          "fitness": 0,
          "expressions": {
            "r": "(y+max(y,0.32330775))",
            "b": "(0.6516296+max(x,x))",
            "g": "(x+max(x,y))"
          }
        },
        {
          "fitness": 0,
          "expressions": {
            "r": "(var(y)+y)",
            "b": "(var(x)+x)",
            "g": "(var(0.15026718)+y)"
          }
        }
      ],
      "timestamp": "0h:19m:51s"
    },
    {
      "generation": 4,
      "ascendantID": "wpcp423b-bbbx-n8a6-na0r-3xstwgo1ghk0",
      "id": "3vmvamo2-6gij-ncfu-fek7-n5nmmcesj7gw",
      "individuals": [
        {
          "fitness": 0,
          "expressions": {
            "r": "var(pow(y,(y/x)))",
            "b": "var(pow(x,(y/y)))",
            "g": "var(pow(x,(y/x)))"
          }
        },
        {
          "fitness": 0,
          "expressions": {
            "r": "var((y-x))",
            "b": "var((0.6516296-x))",
            "g": "var((x-x))"
          }
        },
        {
          "fitness": 0,
          "expressions": {
            "r": "(y-bri(y,min(x,0.79851544)))",
            "b": "(0.6516296-bri(y,min(y,y)))",
            "g": "(x-bri(0.09353042,min(x,x)))"
          }
        },
        {
          "fitness": 0,
          "expressions": {
            "r": "var(min(var(x),(x/x)))",
            "b": "var(min(var(x),(0.6432876/y)))",
            "g": "var(min(var(x),(x/0.50544906)))"
          }
        },
        {
          "fitness": 0,
          "expressions": {
            "r": "aud((y*x),bri((y/x),var(0.5036355)))",
            "b": "aud((x*0.4011088),bri((y/y),var(y)))",
            "g": "aud((y*y),bri((x/y),var(0.9534645)))"
          }
        },
        {
          "fitness": 0,
          "expressions": {
            "r": "tan((y-min(min(0.0,0.87340254),y)))",
            "b": "tan((0.6516296-min(min(0.0,x),0.107904375)))",
            "g": "tan((x-min(min(0.0,y),0.31400442)))"
          }
        },
        {
          "fitness": 0,
          "expressions": {
            "r": "var(var(x))",
            "b": "var(var(0.0052517653))",
            "g": "var(var(y))"
          }
        },
        {
          "fitness": 0,
          "expressions": {
            "r": "(y+(y-x))",
            "b": "(0.7971971+(0.34847778-y))",
            "g": "(x+(x-0.79105234))"
          }
        },
        {
          "fitness": 0,
          "expressions": {
            "r": "(y-cos((sin(x)+x)))",
            "b": "(0.656938-cos((sin(y)+x)))",
            "g": "(x-cos((sin(0.75633234)+0.6425398)))"
          }
        },
        {
          "fitness": 0,
          "expressions": {
            "r": "var(var(x))",
            "b": "var(var(0.0052517653))",
            "g": "var(var(y))"
          }
        },
        {
          "fitness": 0,
          "expressions": {
            "r": "var(x)",
            "b": "var(y)",
            "g": "var(y)"
          }
        },
        {
          "fitness": 0,
          "expressions": {
            "r": "bri(pow(y,mod((0.0+0.0),x)),0.13872993)",
            "b": "bri(pow(x,mod((0.17411241+0.0),x)),0.91343075)",
            "g": "bri(pow(x,mod((0.0+0.0),y)),x)"
          }
        },
        {
          "fitness": 0,
          "expressions": {
            "r": "tan(y)",
            "b": "tan(0.5012052)",
            "g": "tan(x)"
          }
        },
        {
          "fitness": 0,
          "expressions": {
            "r": "((y-x)+max(y,0.32330775))",
            "b": "((0.83659613-y)+max(x,x))",
            "g": "((x-0.49355453)+max(x,y))"
          }
        },
        {
          "fitness": 0,
          "expressions": {
            "r": "aud(pow(y,min((0.0+0.0),max(y,0.32330775))),0.13872993)",
            "b": "aud(pow(x,min((0.17411241+0.0),max(0.8365768,x))),0.91343075)",
            "g": "aud(pow(x,min((0.0+0.0),max(x,y))),x)"
          }
        },
        {
          "fitness": 0,
          "expressions": {
            "r": "(var(y)+y)",
            "b": "(var(x)+x)",
            "g": "(var(0.15026718)+y)"
          }
        },
        {
          "fitness": 0,
          "expressions": {
            "r": "bri((y-x),bri(sin(x),tan(y)))",
            "b": "bri((x-0.4011088),bri(sin(y),tan(0.62422633)))",
            "g": "bri((y-y),bri(sin(x),tan(0.11191846)))"
          }
        },
        {
          "fitness": 0,
          "expressions": {
            "r": "tan(mod(((y/0.47850394)+x),cos(x)))",
            "b": "tan(mod(((y/y)+0.0061134696),cos(x)))",
            "g": "tan(mod(((0.4674104/0.26749778)+0.65506566),cos(x)))"
          }
        }
      ],
      "timestamp": "0h:19m:55s"
    },
    {
      "generation": 5,
      "ascendantID": "3vmvamo2-6gij-ncfu-fek7-n5nmmcesj7gw",
      "id": "ft886p72-epc4-152l-eb5d-ybb3uyj691p3",
      "individuals": [
        {
          "fitness": 0,
          "expressions": {
            "r": "var(pow(y,(y/x)))",
            "b": "var(pow(x,(y/y)))",
            "g": "var(pow(x,(y/x)))"
          }
        },
        {
          "fitness": 0,
          "expressions": {
            "r": "(y-cos((0.79851544+x)))",
            "b": "(0.656938-cos((y+x)))",
            "g": "(x-cos((x+0.6425398)))"
          }
        },
        {
          "fitness": 0,
          "expressions": {
            "r": "aud(x,y)",
            "b": "aud(y,x)",
            "g": "aud(y,0.28553295)"
          }
        },
        {
          "fitness": 0,
          "expressions": {
            "r": "bri(aud(x,0.19587028),(bri(0.50775987,bri(0.019912004,y))+x))",
            "b": "bri(aud(0.0052517653,0.60809505),(bri(x,bri(0.41883677,y))+y))",
            "g": "bri(aud(y,x),(bri(0.18022317,bri(0.6520459,0.20363617))+0.17813051))"
          }
        },
        {
          "fitness": 0,
          "expressions": {
            "r": "var(var(x))",
            "b": "var(var(0.0052517653))",
            "g": "var(var(y))"
          }
        },
        {
          "fitness": 0,
          "expressions": {
            "r": "var(mod(y,(x/x)))",
            "b": "var(mod(0.66455626,(0.7589402/y)))",
            "g": "var(mod(0.7608547,(x/0.50544906)))"
          }
        },
        {
          "fitness": 0,
          "expressions": {
            "r": "bri((y-x),bri(sin(x),tan(y)))",
            "b": "bri((x-0.4011088),bri(sin(y),tan(0.62422633)))",
            "g": "bri((y-y),bri(sin(x),tan(0.11191846)))"
          }
        },
        {
          "fitness": 0,
          "expressions": {
            "r": "(y+(y-x))",
            "b": "(0.7971971+(0.34847778-y))",
            "g": "(x+(x-x))"
          }
        },
        {
          "fitness": 0,
          "expressions": {
            "r": "(y+cos((sin(x)+x)))",
            "b": "(0.47573572+cos((sin(y)+x)))",
            "g": "(x+cos((sin(0.75633234)+0.6425398)))"
          }
        },
        {
          "fitness": 0,
          "expressions": {
            "r": "tan((y-mod(mod(0.0,0.87340254),y)))",
            "b": "tan((0.6516296-mod(mod(0.029418245,x),0.107904375)))",
            "g": "tan((x-mod(mod(0.0,y),0.31400442)))"
          }
        },
        {
          "fitness": 0,
          "expressions": {
            "r": "(y+cos((sin(0.85231894)+x)))",
            "b": "(0.656938+cos((sin(x)+x)))",
            "g": "(x+cos((sin(0.3547849)+0.6425398)))"
          }
        },
        {
          "fitness": 0,
          "expressions": {
            "r": "tan(min(x,tan(x)))",
            "b": "tan(min(y,tan(x)))",
            "g": "tan(min(x,tan(x)))"
          }
        },
        {
          "fitness": 0,
          "expressions": {
            "r": "aud(pow(y,pow((0.0+0.0),x)),0.13872993)",
            "b": "aud(pow(x,pow((0.17411241+0.0),x)),0.91343075)",
            "g": "aud(pow(x,pow((0.0+0.0),y)),x)"
          }
        },
        {
          "fitness": 0,
          "expressions": {
            "r": "aud(x,0.975572)",
            "b": "aud(y,y)",
            "g": "aud(y,0.65421563)"
          }
        },
        {
          "fitness": 0,
          "expressions": {
            "r": "(y-bri(y,pow(cos(x),0.5740546)))",
            "b": "(0.6516296-bri(y,pow(cos(0.28174245),y)))",
            "g": "(x-bri(0.09353042,pow(cos(0.24125487),0.6439013)))"
          }
        },
        {
          "fitness": 0,
          "expressions": {
            "r": "tan(y)",
            "b": "tan(0.4162261)",
            "g": "tan(x)"
          }
        },
        {
          "fitness": 0,
          "expressions": {
            "r": "(y-bri(y,min(x,0.79851544)))",
            "b": "(0.6516296-bri(y,min(y,y)))",
            "g": "(x-bri(0.09353042,min(x,x)))"
          }
        },
        {
          "fitness": 0,
          "expressions": {
            "r": "aud(pow(y,min((0.0+0.0),x)),0.13872993)",
            "b": "aud(pow(x,min((0.17411241+0.0),x)),0.91343075)",
            "g": "aud(pow(x,min((0.0+0.0),y)),x)"
          }
        }
      ],
      "timestamp": "0h:19m:59s"
    },
    {
      "generation": 0,
      "ascendantID": "ft886p72-epc4-152l-eb5d-ybb3uyj691p3",
      "id": "r4qks1vs-oeww-8pqv-hu33-0ytatsbz3liz",
      "individuals": [
        {
          "fitness": 0,
          "expressions": {
            "r": "(x+0.49615735)",
            "b": "(0.88232857+y)",
            "g": "(x+y)"
          }
        },
        {
          "fitness": 0,
          "expressions": {
            "r": "(x+0.18494135)",
            "b": "(y+x)",
            "g": "(x+0.22326511)"
          }
        },
        {
          "fitness": 0,
          "expressions": {
            "r": "mod(x,mod((0.44645548*y),pow(x,x)))",
            "b": "mod(y,mod((y*x),pow(x,y)))",
            "g": "mod(y,mod((y*0.17706299),pow(x,0.09606564)))"
          }
        },
        {
          "fitness": 0,
          "expressions": {
            "r": "(y+0.5522096)",
            "b": "(0.10904914+y)",
            "g": "(0.5771082+0.83056444)"
          }
        },
        {
          "fitness": 0,
          "expressions": {
            "r": "(0.8566468+0.64734685)",
            "b": "(0.3512841+x)",
            "g": "(0.52515846+0.67838323)"
          }
        },
        {
          "fitness": 0,
          "expressions": {
            "r": "(x*tan(mod(x,x)))",
            "b": "(x*tan(mod(0.9388529,0.038821936)))",
            "g": "(y*tan(mod(0.44492573,x)))"
          }
        },
        {
          "fitness": 0,
          "expressions": {
            "r": "tan(mod(x,sin(x)))",
            "b": "tan(mod(0.03473389,sin(y)))",
            "g": "tan(mod(y,sin(0.4857604)))"
          }
        },
        {
          "fitness": 0,
          "expressions": {
            "r": "(0.7087632+y)",
            "b": "(y+y)",
            "g": "(0.03261316+x)"
          }
        },
        {
          "fitness": 0,
          "expressions": {
            "r": "tan((0.635195/aud(y,x)))",
            "b": "tan((x/aud(x,x)))",
            "g": "tan((x/aud(0.20805073,y)))"
          }
        },
        {
          "fitness": 0,
          "expressions": {
            "r": "(y+x)",
            "b": "(y+x)",
            "g": "(y+y)"
          }
        },
        {
          "fitness": 0,
          "expressions": {
            "r": "(0.05542767+x)",
            "b": "(0.22140384+x)",
            "g": "(x+x)"
          }
        },
        {
          "fitness": 0,
          "expressions": {
            "r": "(0.054053307+0.22382265)",
            "b": "(y+x)",
            "g": "(0.86604416+0.22939485)"
          }
        },
        {
          "fitness": 0,
          "expressions": {
            "r": "(0.93599117+y)",
            "b": "(x+0.11917806)",
            "g": "(0.38265753+0.84146297)"
          }
        },
        {
          "fitness": 0,
          "expressions": {
            "r": "mod((x*y),x)",
            "b": "mod((0.14128268*0.4052251),0.9775075)",
            "g": "mod((0.36981297*y),0.20925754)"
          }
        },
        {
          "fitness": 0,
          "expressions": {
            "r": "(0.75402045+0.72805953)",
            "b": "(0.5861864+0.038622916)",
            "g": "(0.6721659+0.7444825)"
          }
        },
        {
          "fitness": 0,
          "expressions": {
            "r": "tan(pow(0.29668164,y))",
            "b": "tan(pow(x,y))",
            "g": "tan(pow(0.16520512,x))"
          }
        },
        {
          "fitness": 0,
          "expressions": {
            "r": "var(0.9332573)",
            "b": "var(0.08798629)",
            "g": "var(y)"
          }
        },
        {
          "fitness": 0,
          "expressions": {
            "r": "aud(0.58713984,0.83163553)",
            "b": "aud(0.718648,y)",
            "g": "aud(0.24614722,0.77197963)"
          }
        }
      ],
      "timestamp": "0h:20m:5s"
    },
    {
      "generation": 1,
      "ascendantID": "r4qks1vs-oeww-8pqv-hu33-0ytatsbz3liz",
      "id": "xljbkabn-lcw2-3tmg-r2jw-g51qjw4guux7",
      "individuals": [
        {
          "fitness": 0,
          "expressions": {
            "r": "(x+0.49615735)",
            "b": "(0.88232857+y)",
            "g": "(x+y)"
          }
        },
        {
          "fitness": 0,
          "expressions": {
            "r": "tan((0.635195/var(y)))",
            "b": "tan((x/var(x)))",
            "g": "tan((x/var(0.20805073)))"
          }
        },
        {
          "fitness": 0,
          "expressions": {
            "r": "(0.054053307+0.22382265)",
            "b": "(y+x)",
            "g": "(0.86604416+0.0)"
          }
        },
        {
          "fitness": 0,
          "expressions": {
            "r": "(0.75402045+0.72805953)",
            "b": "(0.5861864+0.038622916)",
            "g": "(0.6721659+0.48602173)"
          }
        },
        {
          "fitness": 0,
          "expressions": {
            "r": "(x+y)",
            "b": "(y+y)",
            "g": "(x+x)"
          }
        },
        {
          "fitness": 0,
          "expressions": {
            "r": "tan(max(mod(mod(y,y),aud(x,y)),x))",
            "b": "tan(max(mod(mod(y,y),aud(0.3611092,x)),x))",
            "g": "tan(max(mod(mod(x,y),aud(x,0.14149225)),y))"
          }
        },
        {
          "fitness": 0,
          "expressions": {
            "r": "(x+0.056910496)",
            "b": "(y+x)",
            "g": "(x+0.22326511)"
          }
        },
        {
          "fitness": 0,
          "expressions": {
            "r": "(0.93599117+y)",
            "b": "(x+0.11917806)",
            "g": "(0.38265753+0.84146297)"
          }
        },
        {
          "fitness": 0,
          "expressions": {
            "r": "var(pow(0.29668164,y))",
            "b": "var(pow(x,y))",
            "g": "var(pow(0.16520512,x))"
          }
        },
        {
          "fitness": 0,
          "expressions": {
            "r": "(0.75402045+0.72805953)",
            "b": "(0.5861864+0.038622916)",
            "g": "(0.6721659+0.7444825)"
          }
        },
        {
          "fitness": 0,
          "expressions": {
            "r": "min((x*y),x)",
            "b": "min((0.14128268*0.4052251),0.9775075)",
            "g": "min((0.26790488*y),0.20925754)"
          }
        },
        {
          "fitness": 0,
          "expressions": {
            "r": "(x*cos(var(aud(0.0,0.0))))",
            "b": "(x*cos(var(aud(0.0,0.0))))",
            "g": "(y*cos(var(aud(0.0,0.0))))"
          }
        },
        {
          "fitness": 0,
          "expressions": {
            "r": "(x*cos(0.7970338))",
            "b": "(x*cos(y))",
            "g": "(y*cos(0.55929583))"
          }
        },
        {
          "fitness": 0,
          "expressions": {
            "r": "(0.054053307+0.22382265)",
            "b": "(y+x)",
            "g": "(0.86604416+0.22939485)"
          }
        },
        {
          "fitness": 0,
          "expressions": {
            "r": "tan((0.635195/aud(y,(y+0.0))))",
            "b": "tan((x/aud(x,(0.74893695+0.0))))",
            "g": "tan((x/aud(0.20805073,(0.4233427+0.0))))"
          }
        },
        {
          "fitness": 0,
          "expressions": {
            "r": "cos(min(x,sin(pow(0.0,0.0))))",
            "b": "cos(min(0.03473389,sin(pow(0.0,0.0))))",
            "g": "cos(min(y,sin(pow(0.0,0.0))))"
          }
        },
        {
          "fitness": 0,
          "expressions": {
            "r": "aud(0.58713984,0.83163553)",
            "b": "aud(0.549719,y)",
            "g": "aud(0.24614722,0.77197963)"
          }
        },
        {
          "fitness": 0,
          "expressions": {
            "r": "mod(x,mod((0.66930103*y),pow(x,x)))",
            "b": "mod(y,mod((y*x),pow(x,y)))",
            "g": "mod(y,mod((y*0.17706299),pow(x,0.09606564)))"
          }
        }
      ],
      "timestamp": "0h:20m:12s"
    },
    {
      "generation": 2,
      "ascendantID": "xljbkabn-lcw2-3tmg-r2jw-g51qjw4guux7",
      "id": "ggnrhiwh-dq47-6bc0-dr26-t12eze2rptek",
      "individuals": [
        {
          "fitness": 0,
          "expressions": {
            "r": "(x+0.49615735)",
            "b": "(0.88232857+y)",
            "g": "(x+y)"
          }
        },
        {
          "fitness": 0,
          "expressions": {
            "r": "min((x*y),x)",
            "b": "min((0.14128268*0.4052251),0.9775075)",
            "g": "min((0.2518283*y),0.10203541)"
          }
        },
        {
          "fitness": 0,
          "expressions": {
            "r": "aud(0.58713984,0.83163553)",
            "b": "aud(0.549719,y)",
            "g": "aud(0.24614722,0.77197963)"
          }
        },
        {
          "fitness": 0,
          "expressions": {
            "r": "tan(y)",
            "b": "tan(x)",
            "g": "tan(y)"
          }
        },
        {
          "fitness": 0,
          "expressions": {
            "r": "(0.8715107+y)",
            "b": "(0.17965186+y)",
            "g": "(y+x)"
          }
        },
        {
          "fitness": 0,
          "expressions": {
            "r": "var((0.635195*aud(y,0.9594335)))",
            "b": "var((x*aud(x,x)))",
            "g": "var((x*aud(0.20805073,0.6324329)))"
          }
        },
        {
          "fitness": 0,
          "expressions": {
            "r": "var(pow(0.25818676,y))",
            "b": "var(pow(x,y))",
            "g": "var(pow(0.16520512,x))"
          }
        },
        {
          "fitness": 0,
          "expressions": {
            "r": "aud(0.53808963,0.83163553)",
            "b": "aud(0.549719,x)",
            "g": "aud(0.24614722,0.77197963)"
          }
        },
        {
          "fitness": 0,
          "expressions": {
            "r": "(mod(x,mod((0.66930103-y),pow(x,0.68001616)))+y)",
            "b": "(mod(y,mod((y-x),pow(x,0.15676868)))+0.028824583)",
            "g": "(mod(y,mod((y-0.0),pow(x,x)))+0.84146297)"
          }
        },
        {
          "fitness": 0,
          "expressions": {
            "r": "(x*tan(0.7970338))",
            "b": "(x*tan(y))",
            "g": "(y*tan(0.55929583))"
          }
        },
        {
          "fitness": 0,
          "expressions": {
            "r": "tan(max(mod(mod(y,y),mod(x,0.0)),x))",
            "b": "tan(max(mod(mod(y,y),mod(0.67458344,0.0)),x))",
            "g": "tan(max(mod(mod(x,y),mod(x,0.0)),y))"
          }
        },
        {
          "fitness": 0,
          "expressions": {
            "r": "(0.6432636+y)",
            "b": "(x+0.11917806)",
            "g": "(0.38265753+x)"
          }
        },
        {
          "fitness": 0,
          "expressions": {
            "r": "(x+y)",
            "b": "(y+y)",
            "g": "(x+x)"
          }
        },
        {
          "fitness": 0,
          "expressions": {
            "r": "var(tan(0.6321105))",
            "b": "var(tan(0.45951337))",
            "g": "var(tan(x))"
          }
        },
        {
          "fitness": 0,
          "expressions": {
            "r": "tan((0.635195/var(y)))",
            "b": "tan((x/var(x)))",
            "g": "tan((x/var(0.49109423)))"
          }
        },
        {
          "fitness": 0,
          "expressions": {
            "r": "(x+y)",
            "b": "(0.88232857+y)",
            "g": "(x+x)"
          }
        },
        {
          "fitness": 0,
          "expressions": {
            "r": "(0.054053307+0.22382265)",
            "b": "(y+x)",
            "g": "(0.86604416+0.22939485)"
          }
        },
        {
          "fitness": 0,
          "expressions": {
            "r": "(x+((x-(x*0.31765866))*(y*y)))",
            "b": "(y+((x-(x*0.28785914))*(x*y)))",
            "g": "(x+((x-(y*0.41730863))*(0.097406924*y)))"
          }
        }
      ],
      "timestamp": "0h:20m:16s"
    }
  ],
  "timestamp": "2024-07-23-00-19-20"
}