{
  "id": "x4xc7mn5-9sd0-irzw-849a-ffge0rt7o0zw",
  "parameters": {
    "crossoverRate": 0.30000001192092896,
    "eliteSize": 2,
    "tournamentSize": 3,
    "mutationRate": 0.8999999761581421,
    "populationSize": 10
  },
  "populations": [{
    "generation": 0,
    "id": "h7z9me3s-dz11-vvsk-hfja-czfeeh8lcqst",
    "individuals": [
      {
        "fitness": 0,
        "expressions": {
          "r": "(x+y)",
          "b": "(y+y)",
          "g": "(0.75882787+x)"
        }
      },
      {
        "fitness": 0,
        "expressions": {
          "r": "(0.023483634+sin(aud(x,x)))",
          "b": "(x+sin(aud(y,0.12905788)))",
          "g": "(x+sin(aud(0.5152012,x)))"
        }
      },
      {
        "fitness": 0,
        "expressions": {
          "r": "auh(max(pow(y,y),y),aud(y,tan(0.62293124)))",
          "b": "auh(max(pow(x,x),y),aud(x,tan(y)))",
          "g": "auh(max(pow(x,x),y),aud(0.53101087,tan(x)))"
        }
      },
      {
        "fitness": 0,
        "expressions": {
          "r": "(0.023782074+x)",
          "b": "(0.39311635+0.14808637)",
          "g": "(x+0.25001085)"
        }
      },
      {
        "fitness": 0,
        "expressions": {
          "r": "sin(tan(0.8466089))",
          "b": "sin(tan(0.64518374))",
          "g": "sin(tan(x))"
        }
      },
      {
        "fitness": 0,
        "expressions": {
          "r": "tan(var(y))",
          "b": "tan(var(0.8062091))",
          "g": "tan(var(y))"
        }
      },
      {
        "fitness": 0,
        "expressions": {
          "r": "(y+y)",
          "b": "(x+x)",
          "g": "(x+x)"
        }
      },
      {
        "fitness": 0,
        "expressions": {
          "r": "(aud(auh(y,x),sin(x))*y)",
          "b": "(aud(auh(0.2258969,x),sin(0.534224))*x)",
          "g": "(aud(auh(x,0.8471194),sin(y))*0.119651556)"
        }
      },
      {
        "fitness": 0,
        "expressions": {
          "r": "(0.44891578+x)",
          "b": "(x+0.72113246)",
          "g": "(x+x)"
        }
      },
      {
        "fitness": 0,
        "expressions": {
          "r": "(0.48786306-((y+x)-y))",
          "b": "(0.105130434-((x+0.7094341)-y))",
          "g": "(0.1767363-((y+y)-0.11370671))"
        }
      },
      {
        "fitness": 0,
        "expressions": {
          "r": "(x+y)",
          "b": "(0.41597325+x)",
          "g": "(x+x)"
        }
      },
      {
        "fitness": 0,
        "expressions": {
          "r": "auh(min(y,x),((0.5440053*y)*(y-0.3837549)))",
          "b": "auh(min(y,0.5734856),((y*y)*(x-x)))",
          "g": "auh(min(x,x),((y*x)*(y-0.56962395)))"
        }
      },
      {
        "fitness": 0,
        "expressions": {
          "r": "auh(auh((y+y),x),pow((0.14664584*y),(x-y)))",
          "b": "auh(auh((y+x),y),pow((x*0.78489625),(0.9835033-x)))",
          "g": "auh(auh((y+0.46925604),0.35751182),pow((0.057080448*0.99680185),(x-0.2209965)))"
        }
      },
      {
        "fitness": 0,
        "expressions": {
          "r": "(pow(0.27618724,y)-auh((x-0.71544886),0.73535496))",
          "b": "(pow(0.6190864,y)-auh((x-y),y))",
          "g": "(pow(y,x)-auh((0.31196398-x),0.06454539))"
        }
      },
      {
        "fitness": 0,
        "expressions": {
          "r": "(y+y)",
          "b": "(0.2160024+y)",
          "g": "(y+0.6949568)"
        }
      },
      {
        "fitness": 0,
        "expressions": {
          "r": "pow((tan(x)*0.112609506),pow(var(x),(0.6559687/0.7039876)))",
          "b": "pow((tan(y)*x),pow(var(0.9598487),(x/y)))",
          "g": "pow((tan(x)*y),pow(var(0.7638554),(0.9342549/y)))"
        }
      },
      {
        "fitness": 0,
        "expressions": {
          "r": "cos(y)",
          "b": "cos(x)",
          "g": "cos(0.58385414)"
        }
      },
      {
        "fitness": 0,
        "expressions": {
          "r": "(0.052722573+0.030930698)",
          "b": "(0.01983869+x)",
          "g": "(x+y)"
        }
      }
    ],
    "timestamp": "18h:9m:43s"
  }],
  "timestamp": "2024-07-04-18-09-35"
}