{
  "id": "xbd0qh5w-diut-iqwm-1pxo-udery3aklujj",
  "parameters": {
    "crossoverRate": 0.30000001192092896,
    "eliteSize": 2,
    "tournamentSize": 3,
    "mutationRate": 0.8999999761581421,
    "populationSize": 10
  },
  "populations": [{
    "generation": 0,
    "id": "i3dhtyse-ng2a-xfrv-6y5v-inureldipu56",
    "individuals": [
      {
        "fitness": 0,
        "expressions": {
          "r": "(0.3191591+y)",
          "b": "(y+x)",
          "g": "(x+0.6781406)"
        }
      },
      {
        "fitness": 0,
        "expressions": {
          "r": "(y+auh(max(y,y),auh(0.552456,y)))",
          "b": "(x+auh(max(y,x),auh(y,0.557196)))",
          "g": "(x+auh(max(x,x),auh(0.2290011,0.552274)))"
        }
      },
      {
        "fitness": 0,
        "expressions": {
          "r": "(y+y)",
          "b": "(0.79334664+y)",
          "g": "(y+0.996772)"
        }
      },
      {
        "fitness": 0,
        "expressions": {
          "r": "min(x,0.21793449)",
          "b": "min(x,0.78143907)",
          "g": "min(y,x)"
        }
      },
      {
        "fitness": 0,
        "expressions": {
          "r": "(0.997469+x)",
          "b": "(x+x)",
          "g": "(y+x)"
        }
      },
      {
        "fitness": 0,
        "expressions": {
          "r": "(x+0.52154714)",
          "b": "(x+0.61701393)",
          "g": "(y+x)"
        }
      },
      {
        "fitness": 0,
        "expressions": {
          "r": "(0.8768529+0.6354448)",
          "b": "(x+0.65876555)",
          "g": "(x+y)"
        }
      },
      {
        "fitness": 0,
        "expressions": {
          "r": "(y+y)",
          "b": "(x+y)",
          "g": "(y+y)"
        }
      },
      {
        "fitness": 0,
        "expressions": {
          "r": "sin(min((x*x),(x-0.604392)))",
          "b": "sin(min((0.5680407*y),(x-0.9888019)))",
          "g": "sin(min((0.08405113*0.06401271),(x-0.86113036)))"
        }
      },
      {
        "fitness": 0,
        "expressions": {
          "r": "(y+x)",
          "b": "(0.23314422+x)",
          "g": "(0.28259522+y)"
        }
      },
      {
        "fitness": 0,
        "expressions": {
          "r": "(min(x,x)/x)",
          "b": "(min(x,y)/x)",
          "g": "(min(y,0.1536718)/0.56806934)"
        }
      },
      {
        "fitness": 0,
        "expressions": {
          "r": "(y/aud(y,x))",
          "b": "(0.015367985/aud(y,0.99281055))",
          "g": "(y/aud(0.5767327,x))"
        }
      },
      {
        "fitness": 0,
        "expressions": {
          "r": "tan(pow(aud(y,y),sin(x)))",
          "b": "tan(pow(aud(x,x),sin(y)))",
          "g": "tan(pow(aud(0.006297648,x),sin(0.29719734)))"
        }
      },
      {
        "fitness": 0,
        "expressions": {
          "r": "(y+x)",
          "b": "(0.8894284+y)",
          "g": "(y+y)"
        }
      },
      {
        "fitness": 0,
        "expressions": {
          "r": "var(auh(min(0.38868713,x),y))",
          "b": "var(auh(min(y,0.59401524),x))",
          "g": "var(auh(min(x,x),x))"
        }
      },
      {
        "fitness": 0,
        "expressions": {
          "r": "(y+y)",
          "b": "(0.23997742+x)",
          "g": "(y+0.95454025)"
        }
      },
      {
        "fitness": 0,
        "expressions": {
          "r": "(0.5901793+x)",
          "b": "(0.89112264+x)",
          "g": "(x+x)"
        }
      },
      {
        "fitness": 0,
        "expressions": {
          "r": "(y+y)",
          "b": "(y+x)",
          "g": "(0.1658619+x)"
        }
      }
    ],
    "timestamp": "22h:40m:34s"
  }],
  "timestamp": "2024-07-24-22-40-32"
}