{
  "id": "yaiv8c8t-3gv4-f6kd-puef-q5pter9dffml",
  "parameters": {
    "crossoverRate": 0,
    "eliteSize": 0,
    "tournamentSize": 0,
    "mutationRate": 0,
    "populationSize": 0
  },
  "populations": [{
    "generation": 0,
    "id": "gig19l12-zi20-1x3o-of1x-l539nmf1ua9z",
    "individuals": [
      {
        "fitness": 0,
        "expressions": {
          "r": "x",
          "b": "x",
          "g": "x"
        }
      },
      {
        "fitness": 0,
        "expressions": {
          "r": "x",
          "b": "y",
          "g": "0.35268688"
        }
      },
      {
        "fitness": 0,
        "expressions": {
          "r": "0.48611116",
          "b": "x",
          "g": "0.78490615"
        }
      },
      {
        "fitness": 0,
        "expressions": {
          "r": "y",
          "b": "0.79020476",
          "g": "y"
        }
      },
      {
        "fitness": 0,
        "expressions": {
          "r": "y",
          "b": "y",
          "g": "0.8722999"
        }
      },
      {
        "fitness": 0,
        "expressions": {
          "r": "y",
          "b": "x",
          "g": "y"
        }
      },
      {
        "fitness": 0,
        "expressions": {
          "r": "0.23572516",
          "b": "0.97867966",
          "g": "x"
        }
      },
      {
        "fitness": 0,
        "expressions": {
          "r": "0.011236191",
          "b": "0.52940893",
          "g": "y"
        }
      },
      {
        "fitness": 0,
        "expressions": {
          "r": "y",
          "b": "0.13908744",
          "g": "x"
        }
      },
      {
        "fitness": 0,
        "expressions": {
          "r": "0.91583014",
          "b": "y",
          "g": "0.54636574"
        }
      },
      {
        "fitness": 0,
        "expressions": {
          "r": "0.3390658",
          "b": "x",
          "g": "0.53961325"
        }
      },
      {
        "fitness": 0,
        "expressions": {
          "r": "x",
          "b": "y",
          "g": "0.6926658"
        }
      },
      {
        "fitness": 0,
        "expressions": {
          "r": "0.44136834",
          "b": "0.3859675",
          "g": "y"
        }
      },
      {
        "fitness": 0,
        "expressions": {
          "r": "y",
          "b": "y",
          "g": "y"
        }
      },
      {
        "fitness": 0,
        "expressions": {
          "r": "y",
          "b": "x",
          "g": "y"
        }
      },
      {
        "fitness": 0,
        "expressions": {
          "r": "y",
          "b": "x",
          "g": "0.48614502"
        }
      },
      {
        "fitness": 0,
        "expressions": {
          "r": "y",
          "b": "x",
          "g": "x"
        }
      },
      {
        "fitness": 0,
        "expressions": {
          "r": "x",
          "b": "y",
          "g": "y"
        }
      }
    ],
    "timestamp": "23h:40m:42s"
  }],
  "timestamp": "2024-07-26-23-40-39"
}