{
  "id": "yofwi7i3-3f1l-cn3p-gbjn-8unjdo6rd2hq",
  "parameters": {
    "crossoverRate": 0.30000001192092896,
    "eliteSize": 2,
    "tournamentSize": 3,
    "mutationRate": 0.8999999761581421,
    "populationSize": 10
  },
  "populations": [{
    "generation": 0,
    "id": "6htcbjmg-mnlg-t2o1-hprq-pkbmnnspz0b8",
    "individuals": [
      {
        "fitness": 0,
        "expressions": {
          "r": "(x+y)",
          "b": "(x+x)",
          "g": "(0.6787416+0.49704373)"
        }
      },
      {
        "fitness": 0,
        "expressions": {
          "r": "sin(aud(pow(x,x),auh(y,y)))",
          "b": "sin(aud(pow(y,x),auh(y,y)))",
          "g": "sin(aud(pow(y,0.70639694),auh(x,0.5493357)))"
        }
      },
      {
        "fitness": 0,
        "expressions": {
          "r": "(y+x)",
          "b": "(y+0.04731363)",
          "g": "(0.6136449+x)"
        }
      },
      {
        "fitness": 0,
        "expressions": {
          "r": "auh(0.83161336,x)",
          "b": "auh(0.68810284,y)",
          "g": "auh(0.6639753,x)"
        }
      },
      {
        "fitness": 0,
        "expressions": {
          "r": "tan(aud((y/0.43801707),(y*0.49482858)))",
          "b": "tan(aud((0.9318722/y),(x*y)))",
          "g": "tan(aud((x/x),(x*0.30518478)))"
        }
      },
      {
        "fitness": 0,
        "expressions": {
          "r": "(0.9342892+x)",
          "b": "(y+0.5466099)",
          "g": "(0.5249657+x)"
        }
      },
      {
        "fitness": 0,
        "expressions": {
          "r": "(x-(aul(y,0.65165484)+sin(x)))",
          "b": "(0.22250551-(aul(0.47766745,y)+sin(0.7140936)))",
          "g": "(0.35909396-(aul(x,0.63973993)+sin(0.745096)))"
        }
      },
      {
        "fitness": 0,
        "expressions": {
          "r": "(0.60932297+x)",
          "b": "(0.22871768+0.60301816)",
          "g": "(x+0.8450607)"
        }
      },
      {
        "fitness": 0,
        "expressions": {
          "r": "(x+y)",
          "b": "(y+y)",
          "g": "(x+0.86503744)"
        }
      },
      {
        "fitness": 0,
        "expressions": {
          "r": "(tan(cos(y))+y)",
          "b": "(tan(cos(y))+y)",
          "g": "(tan(cos(0.30961847))+x)"
        }
      },
      {
        "fitness": 0,
        "expressions": {
          "r": "(x+x)",
          "b": "(x+x)",
          "g": "(y+0.7219346)"
        }
      },
      {
        "fitness": 0,
        "expressions": {
          "r": "(x+y)",
          "b": "(x+y)",
          "g": "(y+y)"
        }
      },
      {
        "fitness": 0,
        "expressions": {
          "r": "(y-(x+min(y,x)))",
          "b": "(y-(0.76406175+min(0.5249237,0.26317674)))",
          "g": "(x-(x+min(y,y)))"
        }
      },
      {
        "fitness": 0,
        "expressions": {
          "r": "(0.63087595+x)",
          "b": "(0.42371875+y)",
          "g": "(x+x)"
        }
      },
      {
        "fitness": 0,
        "expressions": {
          "r": "min(((y*0.99182045)-tan(0.85388607)),y)",
          "b": "min(((y*y)-tan(y)),x)",
          "g": "min(((y*0.73425347)-tan(x)),y)"
        }
      },
      {
        "fitness": 0,
        "expressions": {
          "r": "(0.027877271+x)",
          "b": "(0.83989656+0.11941981)",
          "g": "(x+y)"
        }
      },
      {
        "fitness": 0,
        "expressions": {
          "r": "max(x,(x/y))",
          "b": "max(x,(0.84129506/0.9542343))",
          "g": "max(y,(y/0.2127623))"
        }
      },
      {
        "fitness": 0,
        "expressions": {
          "r": "tan(var(min(x,0.45979697)))",
          "b": "tan(var(min(0.8500008,x)))",
          "g": "tan(var(min(0.48609298,y)))"
        }
      }
    ],
    "timestamp": "1h:27m:34s"
  }],
  "timestamp": "2024-07-23-01-27-29"
}