{
  "id": "z371xnij-tu2b-p1xe-jp1t-5b793onjy13t",
  "parameters": {
    "crossoverRate": 0.30000001192092896,
    "eliteSize": 2,
    "tournamentSize": 3,
    "mutationRate": 0.8999999761581421,
    "populationSize": 10
  },
  "populations": [{
    "generation": 0,
    "id": "df1ncx24-21g7-bwfu-9466-we08cnxtgvf6",
    "individuals": [
      {
        "fitness": 0,
        "expressions": {
          "r": "sin(max(cos(0.7486133),0.5907517))",
          "b": "sin(max(cos(0.5640743),y))",
          "g": "sin(max(cos(0.1323486),y))"
        }
      },
      {
        "fitness": 0,
        "expressions": {
          "r": "sin(aud(x,(x/y)))",
          "b": "sin(aud(x,(x/y)))",
          "g": "sin(aud(0.2500468,(0.88615465/0.8684392)))"
        }
      },
      {
        "fitness": 0,
        "expressions": {
          "r": "aul(max(cos(0.48375016),min(0.88668233,y)),0.5223266)",
          "b": "aul(max(cos(y),min(0.84204054,y)),x)",
          "g": "aul(max(cos(y),min(x,0.48087662)),x)"
        }
      },
      {
        "fitness": 0,
        "expressions": {
          "r": "(max(0.060546577,y)*x)",
          "b": "(max(0.48898262,y)*x)",
          "g": "(max(x,x)*0.50090754)"
        }
      },
      {
        "fitness": 0,
        "expressions": {
          "r": "(aul(y,x)+y)",
          "b": "(aul(y,0.29877055)+y)",
          "g": "(aul(0.6610354,0.49388552)+x)"
        }
      },
      {
        "fitness": 0,
        "expressions": {
          "r": "(y+0.8886956)",
          "b": "(y+0.74472535)",
          "g": "(y+x)"
        }
      },
      {
        "fitness": 0,
        "expressions": {
          "r": "var(0.37903833)",
          "b": "var(x)",
          "g": "var(y)"
        }
      },
      {
        "fitness": 0,
        "expressions": {
          "r": "max(x,min(x,0.03851813))",
          "b": "max(y,min(x,0.61826974))",
          "g": "max(0.88972306,min(y,y))"
        }
      },
      {
        "fitness": 0,
        "expressions": {
          "r": "aul(pow(x,cos(x)),min((0.45057803/0.7622956),x))",
          "b": "aul(pow(0.40802836,cos(y)),min((0.09779781/x),x))",
          "g": "aul(pow(0.59956527,cos(x)),min((0.8243671/x),0.11394185))"
        }
      },
      {
        "fitness": 0,
        "expressions": {
          "r": "auh(min((y/y),0.6844225),sin(cos(y)))",
          "b": "auh(min((0.89589643/x),x),sin(cos(x)))",
          "g": "auh(min((0.64690197/0.4791271),0.31422812),sin(cos(y)))"
        }
      },
      {
        "fitness": 0,
        "expressions": {
          "r": "var(0.6901789)",
          "b": "var(0.50528276)",
          "g": "var(x)"
        }
      },
      {
        "fitness": 0,
        "expressions": {
          "r": "(0.77099866+0.4691028)",
          "b": "(x+y)",
          "g": "(x+y)"
        }
      },
      {
        "fitness": 0,
        "expressions": {
          "r": "(0.9297597+y)",
          "b": "(x+x)",
          "g": "(x+y)"
        }
      },
      {
        "fitness": 0,
        "expressions": {
          "r": "aul(x,x)",
          "b": "aul(0.4314369,x)",
          "g": "aul(x,x)"
        }
      },
      {
        "fitness": 0,
        "expressions": {
          "r": "auh(0.25869584,x)",
          "b": "auh(0.84414715,y)",
          "g": "auh(y,0.34509248)"
        }
      },
      {
        "fitness": 0,
        "expressions": {
          "r": "(aul(pow(x,x),var(0.6672821))/pow(pow(y,y),0.5613009))",
          "b": "(aul(pow(x,y),var(0.52633166))/pow(pow(0.9932481,x),0.7782122))",
          "g": "(aul(pow(0.5797321,y),var(0.19974947))/pow(pow(y,x),x))"
        }
      },
      {
        "fitness": 0,
        "expressions": {
          "r": "(x+x)",
          "b": "(x+0.0380466)",
          "g": "(x+y)"
        }
      },
      {
        "fitness": 0,
        "expressions": {
          "r": "sin(0.8890121)",
          "b": "sin(0.07718629)",
          "g": "sin(0.4387123)"
        }
      }
    ],
    "timestamp": "22h:20m:5s"
  }],
  "timestamp": "2024-07-03-22-20-03"
}