{
  "id": "z3vmngnq-j519-yaqy-1zv7-6kncuxetck1b",
  "parameters": {
    "crossoverRate": 0.30000001192092896,
    "eliteSize": 2,
    "tournamentSize": 3,
    "mutationRate": 0.8999999761581421,
    "populationSize": 10
  },
  "populations": [
    {
      "generation": 0,
      "id": "61mqhcbo-irum-5149-wyfk-2zsip5ddwyz8",
      "individuals": [
        {
          "fitness": 0,
          "expressions": {
            "r": "cos(max(div(y,tan(max(0.7680366,min(div(0.87506926,div(div(tan(add(mul(sin(max(x,0.905608)),max(mul(y,y),mul(y,x))),0.6665304)),max(y,cos(cos(y)))),x)),y)))),max(0.3913005,max(tan(x),0.07538581))))",
            "b": "cos(max(div(0.09838092,tan(max(0.04172641,min(div(y,div(div(tan(add(mul(sin(max(x,0.98020345)),max(mul(0.5512172,x),mul(y,x))),y)),max(0.10464138,cos(cos(y)))),y)),x)))),max(0.8632888,max(tan(y),y))))",
            "g": "cos(max(div(0.92392695,tan(max(x,min(div(y,div(div(tan(add(mul(sin(max(y,0.34427637)),max(mul(0.96443796,0.9026658),mul(0.1266886,0.5773891))),x)),max(y,cos(cos(y)))),x)),0.55752504)))),max(y,max(tan(y),x))))"
          }
        },
        {
          "fitness": 0,
          "expressions": {
            "r": "add(sin(max(y,tan(x))),y)",
            "b": "add(sin(max(y,tan(y))),0.1939922)",
            "g": "add(sin(max(0.1704297,tan(0.18850833))),y)"
          }
        },
        {
          "fitness": 0,
          "expressions": {
            "r": "add(0.4602549,y)",
            "b": "add(x,x)",
            "g": "add(y,x)"
          }
        },
        {
          "fitness": 0,
          "expressions": {
            "r": "mul(x,0.95155156)",
            "b": "mul(y,x)",
            "g": "mul(y,y)"
          }
        },
        {
          "fitness": 0,
          "expressions": {
            "r": "mul(div(y,0.50953263),y)",
            "b": "mul(div(x,y),y)",
            "g": "mul(div(x,y),0.5726541)"
          }
        },
        {
          "fitness": 0,
          "expressions": {
            "r": "add(y,x)",
            "b": "add(y,y)",
            "g": "add(y,0.12449509)"
          }
        },
        {
          "fitness": 0,
          "expressions": {
            "r": "add(y,x)",
            "b": "add(y,y)",
            "g": "add(y,y)"
          }
        },
        {
          "fitness": 0,
          "expressions": {
            "r": "sin(cos(div(y,tan(cos(div(sub(x,y),max(0.6793817,mul(sin(min(sub(add(div(y,0.98609215),sin(tan(y))),cos(x)),0.17399812)),add(0.25038153,max(0.096443295,add(add(y,tan(max(y,x))),x)))))))))))",
            "b": "sin(cos(div(0.8510306,tan(cos(div(sub(x,y),max(0.07529855,mul(sin(min(sub(add(div(0.5466857,y),sin(tan(x))),cos(0.62390095)),x)),add(y,max(y,add(add(x,tan(max(y,x))),y)))))))))))",
            "g": "sin(cos(div(x,tan(cos(div(sub(0.8693379,0.08937174),max(x,mul(sin(min(sub(add(div(0.19380713,0.48619902),sin(tan(y))),cos(y)),0.33452636)),add(x,max(0.14785427,add(add(y,tan(max(y,y))),0.7081985)))))))))))"
          }
        },
        {
          "fitness": 0,
          "expressions": {
            "r": "tan(0.49864662)",
            "b": "tan(y)",
            "g": "tan(0.1482541)"
          }
        },
        {
          "fitness": 0,
          "expressions": {
            "r": "add(y,y)",
            "b": "add(y,y)",
            "g": "add(0.22674358,y)"
          }
        },
        {
          "fitness": 0,
          "expressions": {
            "r": "tan(tan(0.1406402))",
            "b": "tan(tan(0.3970474))",
            "g": "tan(tan(x))"
          }
        },
        {
          "fitness": 0,
          "expressions": {
            "r": "tan(add(x,x))",
            "b": "tan(add(y,y))",
            "g": "tan(add(0.28838754,y))"
          }
        },
        {
          "fitness": 0,
          "expressions": {
            "r": "sin(mul(div(cos(x),sin(x)),x))",
            "b": "sin(mul(div(cos(y),sin(x)),x))",
            "g": "sin(mul(div(cos(x),sin(x)),y))"
          }
        },
        {
          "fitness": 0,
          "expressions": {
            "r": "add(0.21075511,y)",
            "b": "add(0.32614464,0.40852833)",
            "g": "add(x,0.9602487)"
          }
        },
        {
          "fitness": 0,
          "expressions": {
            "r": "div(sin(min(mul(max(sin(x),add(y,sub(max(div(sub(mul(min(div(add(0.48338717,0.24384964),min(y,0.076115906)),x),sub(y,max(x,sin(x)))),max(y,mul(mul(add(y,y),x),min(y,add(0.83644813,x))))),x),x),x))),min(min(y,cos(min(y,sub(max(x,0.4944316),y)))),max(y,0.72188544))),y)),x)",
            "b": "div(sin(min(mul(max(sin(0.12917215),add(0.71542704,sub(max(div(sub(mul(min(div(add(x,x),min(y,y)),y),sub(x,max(0.73839533,sin(y)))),max(y,mul(mul(add(0.49020123,x),y),min(y,add(y,0.7944272))))),x),y),y))),min(min(0.47191823,cos(min(y,sub(max(x,x),y)))),max(y,y))),0.4228776)),x)",
            "g": "div(sin(min(mul(max(sin(x),add(y,sub(max(div(sub(mul(min(div(add(0.48514885,x),min(y,y)),x),sub(0.057050586,max(0.29196703,sin(x)))),max(0.102386534,mul(mul(add(0.65661496,x),y),min(0.8645316,add(x,0.37251753))))),x),0.9981814),y))),min(min(0.3341387,cos(min(x,sub(max(0.7631752,x),y)))),max(0.8929632,x))),y)),0.21820968)"
          }
        },
        {
          "fitness": 0,
          "expressions": {
            "r": "cos(cos(x))",
            "b": "cos(cos(y))",
            "g": "cos(cos(y))"
          }
        },
        {
          "fitness": 0,
          "expressions": {
            "r": "add(y,0.4669109)",
            "b": "add(0.8537922,y)",
            "g": "add(y,0.8707191)"
          }
        },
        {
          "fitness": 0,
          "expressions": {
            "r": "mul(y,y)",
            "b": "mul(0.07549077,0.9279778)",
            "g": "mul(0.73661613,x)"
          }
        }
      ],
      "timestamp": "22h:28m:37s"
    },
    {
      "generation": 1,
      "ascendantID": "61mqhcbo-irum-5149-wyfk-2zsip5ddwyz8",
      "id": "qjijm512-1way-lo7n-rrw1-inoufdc89c6t",
      "individuals": [
        {
          "fitness": 0,
          "expressions": {
            "r": "sin(cos(div(y,tan(cos(div(sub(x,y),max(0.6793817,mul(sin(min(sub(add(div(y,0.98609215),sin(tan(y))),cos(x)),0.17399812)),add(0.25038153,max(0.096443295,add(add(y,tan(max(y,x))),x)))))))))))",
            "b": "sin(cos(div(0.8510306,tan(cos(div(sub(x,y),max(0.07529855,mul(sin(min(sub(add(div(0.5466857,y),sin(tan(x))),cos(0.62390095)),x)),add(y,max(y,add(add(x,tan(max(y,x))),y)))))))))))",
            "g": "sin(cos(div(x,tan(cos(div(sub(0.8693379,0.08937174),max(x,mul(sin(min(sub(add(div(0.19380713,0.48619902),sin(tan(y))),cos(y)),0.33452636)),add(x,max(0.14785427,add(add(y,tan(max(y,y))),0.7081985)))))))))))"
          }
        },
        {
          "fitness": 0,
          "expressions": {
            "r": "div(sin(min(mul(max(sin(x),add(y,sub(max(div(sub(mul(min(div(add(0.48338717,0.24384964),min(y,0.076115906)),x),sub(y,max(x,sin(x)))),max(y,mul(mul(add(y,y),x),min(y,add(0.83644813,x))))),x),x),x))),min(min(y,cos(min(y,sub(max(x,0.4944316),y)))),max(y,0.72188544))),y)),x)",
            "b": "div(sin(min(mul(max(sin(0.12917215),add(0.71542704,sub(max(div(sub(mul(min(div(add(x,x),min(y,y)),y),sub(x,max(0.73839533,sin(y)))),max(y,mul(mul(add(0.49020123,x),y),min(y,add(y,0.7944272))))),x),y),y))),min(min(0.47191823,cos(min(y,sub(max(x,x),y)))),max(y,y))),0.4228776)),x)",
            "g": "div(sin(min(mul(max(sin(x),add(y,sub(max(div(sub(mul(min(div(add(0.48514885,x),min(y,y)),x),sub(0.057050586,max(0.29196703,sin(x)))),max(0.102386534,mul(mul(add(0.65661496,x),y),min(0.8645316,add(x,0.37251753))))),x),0.9981814),y))),min(min(0.3341387,cos(min(x,sub(max(0.7631752,x),y)))),max(0.8929632,x))),y)),0.21820968)"
          }
        },
        {
          "fitness": 0,
          "expressions": {
            "r": "mul(x,0.95155156)",
            "b": "mul(y,x)",
            "g": "mul(y,y)"
          }
        },
        {
          "fitness": 0,
          "expressions": {
            "r": "sin(cos(div(y,tan(cos(div(sub(x,y),max(0.6793817,mul(sin(min(sub(add(div(y,0.98609215),sin(tan(y))),cos(x)),0.17399812)),add(0.25038153,max(0.096443295,add(add(y,tan(max(y,x))),x)))))))))))",
            "b": "sin(cos(div(0.8510306,tan(cos(div(sub(x,y),max(0.07529855,mul(sin(min(sub(add(div(0.5466857,y),sin(tan(x))),cos(0.62390095)),x)),add(y,max(y,add(add(x,tan(max(y,x))),y)))))))))))",
            "g": "sin(cos(div(x,tan(cos(div(sub(0.8693379,0.08937174),max(x,mul(sin(min(sub(add(div(0.19380713,0.48619902),sin(tan(y))),cos(y)),0.33452636)),add(x,max(0.14785427,add(add(y,tan(max(y,y))),0.7081985)))))))))))"
          }
        },
        {
          "fitness": 0,
          "expressions": {
            "r": "add(y,0.4669109)",
            "b": "add(0.8537922,y)",
            "g": "add(y,0.8707191)"
          }
        },
        {
          "fitness": 0,
          "expressions": {
            "r": "div(sin(min(mul(max(sin(x),add(y,sub(max(div(sub(mul(min(div(add(0.48338717,0.24384964),min(y,0.076115906)),x),sub(y,max(x,sin(x)))),max(y,mul(mul(add(y,y),x),min(y,add(0.83644813,x))))),x),x),x))),min(min(y,cos(min(y,sub(max(x,0.4944316),y)))),max(y,0.72188544))),y)),x)",
            "b": "div(sin(min(mul(max(sin(0.12917215),add(0.71542704,sub(max(div(sub(mul(min(div(add(x,x),min(y,y)),y),sub(x,max(0.73839533,sin(y)))),max(y,mul(mul(add(0.49020123,x),y),min(y,add(y,0.7944272))))),x),y),y))),min(min(0.47191823,cos(min(y,sub(max(x,x),y)))),max(y,y))),0.4228776)),x)",
            "g": "div(sin(min(mul(max(sin(x),add(y,sub(max(div(sub(mul(min(div(add(0.48514885,x),min(y,y)),x),sub(0.057050586,max(0.29196703,sin(x)))),max(0.102386534,mul(mul(add(0.65661496,x),y),min(0.8645316,add(x,0.37251753))))),x),0.9981814),y))),min(min(0.3341387,cos(min(x,sub(max(0.7631752,x),y)))),max(0.8929632,x))),y)),0.21820968)"
          }
        },
        {
          "fitness": 0,
          "expressions": {
            "r": "sin(cos(div(y,tan(cos(div(sub(x,y),max(0.6793817,mul(sin(min(sub(add(div(y,0.98609215),sin(tan(y))),cos(x)),0.17399812)),add(0.25038153,max(0.096443295,add(add(y,tan(max(y,x))),x)))))))))))",
            "b": "sin(cos(div(0.8510306,tan(cos(div(sub(x,y),max(0.07529855,mul(sin(min(sub(add(div(0.5466857,y),sin(tan(x))),cos(0.62390095)),x)),add(y,max(y,add(add(x,tan(max(y,x))),y)))))))))))",
            "g": "sin(cos(div(x,tan(cos(div(sub(0.8693379,0.08937174),max(x,mul(sin(min(sub(add(div(0.19380713,0.48619902),sin(tan(y))),cos(y)),0.33452636)),add(x,max(0.14785427,add(add(y,tan(max(y,y))),0.7081985)))))))))))"
          }
        },
        {
          "fitness": 0,
          "expressions": {
            "r": "add(y,x)",
            "b": "add(y,y)",
            "g": "add(y,0.12449509)"
          }
        },
        {
          "fitness": 0,
          "expressions": {
            "r": "add(y,0.4669109)",
            "b": "add(0.8537922,y)",
            "g": "add(y,0.8707191)"
          }
        },
        {
          "fitness": 0,
          "expressions": {
            "r": "add(0.21075511,y)",
            "b": "add(0.32614464,0.40852833)",
            "g": "add(x,0.9602487)"
          }
        },
        {
          "fitness": 0,
          "expressions": {
            "r": "add(y,x)",
            "b": "add(y,y)",
            "g": "add(y,y)"
          }
        },
        {
          "fitness": 0,
          "expressions": {
            "r": "add(y,x)",
            "b": "add(y,y)",
            "g": "add(y,0.12449509)"
          }
        },
        {
          "fitness": 0,
          "expressions": {
            "r": "sin(cos(div(y,tan(cos(div(sub(x,y),max(0.6793817,mul(sin(min(sub(add(div(y,0.98609215),sin(tan(y))),cos(x)),0.17399812)),add(0.25038153,max(0.096443295,add(add(y,tan(max(y,x))),x)))))))))))",
            "b": "sin(cos(div(0.8510306,tan(cos(div(sub(x,y),max(0.07529855,mul(sin(min(sub(add(div(0.5466857,y),sin(tan(x))),cos(0.62390095)),x)),add(y,max(y,add(add(x,tan(max(y,x))),y)))))))))))",
            "g": "sin(cos(div(x,tan(cos(div(sub(0.8693379,0.08937174),max(x,mul(sin(min(sub(add(div(0.19380713,0.48619902),sin(tan(y))),cos(y)),0.33452636)),add(x,max(0.14785427,add(add(y,tan(max(y,y))),0.7081985)))))))))))"
          }
        },
        {
          "fitness": 0,
          "expressions": {
            "r": "cos(max(div(y,tan(max(0.7680366,min(div(0.87506926,div(div(tan(add(mul(sin(max(x,0.905608)),max(mul(y,y),mul(y,x))),0.6665304)),max(y,cos(cos(y)))),x)),y)))),max(0.3913005,max(tan(x),0.07538581))))",
            "b": "cos(max(div(0.09838092,tan(max(0.04172641,min(div(y,div(div(tan(add(mul(sin(max(x,0.98020345)),max(mul(0.5512172,x),mul(y,x))),y)),max(0.10464138,cos(cos(y)))),y)),x)))),max(0.8632888,max(tan(y),y))))",
            "g": "cos(max(div(0.92392695,tan(max(x,min(div(y,div(div(tan(add(mul(sin(max(y,0.34427637)),max(mul(0.96443796,0.9026658),mul(0.1266886,0.5773891))),x)),max(y,cos(cos(y)))),x)),0.55752504)))),max(y,max(tan(y),x))))"
          }
        },
        {
          "fitness": 0,
          "expressions": {
            "r": "mul(x,0.95155156)",
            "b": "mul(y,x)",
            "g": "mul(y,y)"
          }
        },
        {
          "fitness": 0,
          "expressions": {
            "r": "cos(cos(x))",
            "b": "cos(cos(y))",
            "g": "cos(cos(y))"
          }
        },
        {
          "fitness": 0,
          "expressions": {
            "r": "sin(cos(div(y,tan(cos(div(sub(x,y),max(0.6793817,mul(sin(min(sub(add(div(y,0.98609215),sin(tan(y))),cos(x)),0.17399812)),add(0.25038153,max(0.096443295,add(add(y,tan(max(y,x))),x)))))))))))",
            "b": "sin(cos(div(0.8510306,tan(cos(div(sub(x,y),max(0.07529855,mul(sin(min(sub(add(div(0.5466857,y),sin(tan(x))),cos(0.62390095)),x)),add(y,max(y,add(add(x,tan(max(y,x))),y)))))))))))",
            "g": "sin(cos(div(x,tan(cos(div(sub(0.8693379,0.08937174),max(x,mul(sin(min(sub(add(div(0.19380713,0.48619902),sin(tan(y))),cos(y)),0.33452636)),add(x,max(0.14785427,add(add(y,tan(max(y,y))),0.7081985)))))))))))"
          }
        },
        {
          "fitness": 0,
          "expressions": {
            "r": "add(0.21075511,y)",
            "b": "add(0.32614464,0.40852833)",
            "g": "add(x,0.9602487)"
          }
        }
      ],
      "timestamp": "22h:28m:49s"
    },
    {
      "generation": 0,
      "ascendantID": "qjijm512-1way-lo7n-rrw1-inoufdc89c6t",
      "id": "kenm8v37-9wv1-rcro-f9in-uuu062kpvkxl",
      "individuals": [
        {
          "fitness": 0,
          "expressions": {
            "r": "mul(0.19729453,max(sub(sin(y),sin(add(x,y))),0.54315466))",
            "b": "mul(x,max(sub(sin(x),sin(add(y,x))),0.9755135))",
            "g": "mul(y,max(sub(sin(x),sin(add(0.107411206,y))),0.8095819))"
          }
        },
        {
          "fitness": 0,
          "expressions": {
            "r": "add(y,x)",
            "b": "add(x,x)",
            "g": "add(0.1909132,0.6628747)"
          }
        },
        {
          "fitness": 0,
          "expressions": {
            "r": "div(0.8933678,y)",
            "b": "div(y,0.06783199)",
            "g": "div(y,x)"
          }
        },
        {
          "fitness": 0,
          "expressions": {
            "r": "add(y,x)",
            "b": "add(x,x)",
            "g": "add(x,x)"
          }
        },
        {
          "fitness": 0,
          "expressions": {
            "r": "add(y,y)",
            "b": "add(0.46990585,y)",
            "g": "add(0.05414629,x)"
          }
        },
        {
          "fitness": 0,
          "expressions": {
            "r": "cos(sub(add(y,mul(tan(y),0.38182372)),x))",
            "b": "cos(sub(add(0.89288217,mul(tan(y),x)),0.032331347))",
            "g": "cos(sub(add(x,mul(tan(y),0.6952139)),0.56238))"
          }
        },
        {
          "fitness": 0,
          "expressions": {
            "r": "tan(x)",
            "b": "tan(x)",
            "g": "tan(0.9404454)"
          }
        },
        {
          "fitness": 0,
          "expressions": {
            "r": "tan(tan(0.2519492))",
            "b": "tan(tan(x))",
            "g": "tan(tan(x))"
          }
        },
        {
          "fitness": 0,
          "expressions": {
            "r": "max(y,cos(y))",
            "b": "max(x,cos(0.38658267))",
            "g": "max(y,cos(y))"
          }
        },
        {
          "fitness": 0,
          "expressions": {
            "r": "add(y,0.30126125)",
            "b": "add(x,0.7674263)",
            "g": "add(0.03600204,0.8758877)"
          }
        },
        {
          "fitness": 0,
          "expressions": {
            "r": "add(y,x)",
            "b": "add(x,x)",
            "g": "add(x,y)"
          }
        },
        {
          "fitness": 0,
          "expressions": {
            "r": "add(x,tan(x))",
            "b": "add(y,tan(x))",
            "g": "add(x,tan(x))"
          }
        },
        {
          "fitness": 0,
          "expressions": {
            "r": "min(tan(sub(mul(x,mul(y,tan(add(x,tan(0.6395572))))),x)),y)",
            "b": "min(tan(sub(mul(0.8252982,mul(0.0021638274,tan(add(0.90556866,tan(x))))),0.80478966)),y)",
            "g": "min(tan(sub(mul(x,mul(0.7971593,tan(add(x,tan(0.5915728))))),x)),0.8662593)"
          }
        },
        {
          "fitness": 0,
          "expressions": {
            "r": "add(x,x)",
            "b": "add(0.93239254,0.53873634)",
            "g": "add(0.89592147,x)"
          }
        },
        {
          "fitness": 0,
          "expressions": {
            "r": "tan(sin(sub(0.18839514,y)))",
            "b": "tan(sin(sub(0.75712913,y)))",
            "g": "tan(sin(sub(0.92860705,x)))"
          }
        },
        {
          "fitness": 0,
          "expressions": {
            "r": "add(0.5518631,x)",
            "b": "add(0.048365593,x)",
            "g": "add(y,x)"
          }
        },
        {
          "fitness": 0,
          "expressions": {
            "r": "sin(tan(add(sin(sin(x)),sub(sub(div(max(sub(cos(x),cos(y)),cos(0.77130586)),0.8306941),max(x,max(y,y))),min(y,mul(y,y))))))",
            "b": "sin(tan(add(sin(sin(0.43704557)),sub(sub(div(max(sub(cos(0.606855),cos(0.18532544)),cos(y)),0.90869987),max(0.0645563,max(x,x))),min(y,mul(x,y))))))",
            "g": "sin(tan(add(sin(sin(x)),sub(sub(div(max(sub(cos(0.6449935),cos(0.636073)),cos(x)),y),max(x,max(x,y))),min(y,mul(x,x))))))"
          }
        },
        {
          "fitness": 0,
          "expressions": {
            "r": "add(x,0.12678748)",
            "b": "add(y,0.38277197)",
            "g": "add(y,0.019405603)"
          }
        }
      ],
      "timestamp": "22h:29m:11s"
    },
    {
      "generation": 1,
      "ascendantID": "kenm8v37-9wv1-rcro-f9in-uuu062kpvkxl",
      "id": "2h065akw-sv9q-yrti-tgjh-ecmole5lpqq0",
      "individuals": [
        {
          "fitness": 0,
          "expressions": {
            "r": "min(tan(sub(mul(x,mul(y,tan(add(x,tan(0.6395572))))),x)),y)",
            "b": "min(tan(sub(mul(0.8252982,mul(0.0021638274,tan(add(0.90556866,tan(x))))),0.80478966)),y)",
            "g": "min(tan(sub(mul(x,mul(0.7971593,tan(add(x,tan(0.5915728))))),x)),0.8662593)"
          }
        },
        {
          "fitness": 0,
          "expressions": {
            "r": "min(tan(sub(mul(x,mul(y,tan(add(x,tan(0.6395572))))),x)),y)",
            "b": "min(tan(sub(mul(0.8252982,mul(0.0021638274,tan(add(0.90556866,tan(x))))),0.80478966)),y)",
            "g": "min(tan(sub(mul(x,mul(0.7971593,tan(add(x,tan(0.5915728))))),x)),0.8662593)"
          }
        },
        {
          "fitness": 0,
          "expressions": {
            "r": "max(y,cos(y))",
            "b": "max(x,cos(0.38658267))",
            "g": "max(y,cos(y))"
          }
        },
        {
          "fitness": 0,
          "expressions": {
            "r": "add(y,0.30126125)",
            "b": "add(x,0.7674263)",
            "g": "add(0.03600204,0.8758877)"
          }
        },
        {
          "fitness": 0,
          "expressions": {
            "r": "add(y,x)",
            "b": "add(x,x)",
            "g": "add(x,y)"
          }
        },
        {
          "fitness": 0,
          "expressions": {
            "r": "add(x,x)",
            "b": "add(0.93239254,0.53873634)",
            "g": "add(0.89592147,x)"
          }
        },
        {
          "fitness": 0,
          "expressions": {
            "r": "min(tan(sub(mul(x,mul(y,tan(add(x,tan(0.6395572))))),x)),y)",
            "b": "min(tan(sub(mul(0.8252982,mul(0.0021638274,tan(add(0.90556866,tan(x))))),0.80478966)),y)",
            "g": "min(tan(sub(mul(x,mul(0.7971593,tan(add(x,tan(0.5915728))))),x)),0.8662593)"
          }
        },
        {
          "fitness": 0,
          "expressions": {
            "r": "tan(x)",
            "b": "tan(x)",
            "g": "tan(0.9404454)"
          }
        },
        {
          "fitness": 0,
          "expressions": {
            "r": "add(y,0.30126125)",
            "b": "add(x,0.7674263)",
            "g": "add(0.03600204,0.8758877)"
          }
        },
        {
          "fitness": 0,
          "expressions": {
            "r": "add(y,x)",
            "b": "add(x,x)",
            "g": "add(x,y)"
          }
        },
        {
          "fitness": 0,
          "expressions": {
            "r": "sin(tan(add(sin(sin(x)),sub(sub(div(max(sub(cos(x),cos(y)),cos(0.77130586)),0.8306941),max(x,max(y,y))),min(y,mul(y,y))))))",
            "b": "sin(tan(add(sin(sin(0.43704557)),sub(sub(div(max(sub(cos(0.606855),cos(0.18532544)),cos(y)),0.90869987),max(0.0645563,max(x,x))),min(y,mul(x,y))))))",
            "g": "sin(tan(add(sin(sin(x)),sub(sub(div(max(sub(cos(0.6449935),cos(0.636073)),cos(x)),y),max(x,max(x,y))),min(y,mul(x,x))))))"
          }
        },
        {
          "fitness": 0,
          "expressions": {
            "r": "add(y,x)",
            "b": "add(x,x)",
            "g": "add(x,y)"
          }
        },
        {
          "fitness": 0,
          "expressions": {
            "r": "max(y,cos(y))",
            "b": "max(x,cos(0.38658267))",
            "g": "max(y,cos(y))"
          }
        },
        {
          "fitness": 0,
          "expressions": {
            "r": "add(x,x)",
            "b": "add(0.93239254,0.53873634)",
            "g": "add(0.89592147,x)"
          }
        },
        {
          "fitness": 0,
          "expressions": {
            "r": "add(y,x)",
            "b": "add(x,x)",
            "g": "add(x,y)"
          }
        },
        {
          "fitness": 0,
          "expressions": {
            "r": "add(y,x)",
            "b": "add(x,x)",
            "g": "add(0.1909132,0.6628747)"
          }
        },
        {
          "fitness": 0,
          "expressions": {
            "r": "max(y,cos(y))",
            "b": "max(x,cos(0.38658267))",
            "g": "max(y,cos(y))"
          }
        },
        {
          "fitness": 0,
          "expressions": {
            "r": "min(tan(sub(mul(x,mul(y,tan(add(x,tan(0.6395572))))),x)),y)",
            "b": "min(tan(sub(mul(0.8252982,mul(0.0021638274,tan(add(0.90556866,tan(x))))),0.80478966)),y)",
            "g": "min(tan(sub(mul(x,mul(0.7971593,tan(add(x,tan(0.5915728))))),x)),0.8662593)"
          }
        }
      ],
      "timestamp": "22h:29m:17s"
    },
    {
      "generation": 2,
      "ascendantID": "2h065akw-sv9q-yrti-tgjh-ecmole5lpqq0",
      "id": "4l3svv8q-9b7n-x3fm-5t13-75xv3nnxg9av",
      "individuals": [
        {
          "fitness": 0,
          "expressions": {
            "r": "min(tan(sub(mul(x,mul(y,tan(add(x,tan(0.6395572))))),x)),y)",
            "b": "min(tan(sub(mul(0.8252982,mul(0.0021638274,tan(add(0.90556866,tan(x))))),0.80478966)),y)",
            "g": "min(tan(sub(mul(x,mul(0.7971593,tan(add(x,tan(0.5915728))))),x)),0.8662593)"
          }
        },
        {
          "fitness": 0,
          "expressions": {
            "r": "min(tan(sub(mul(x,mul(y,tan(add(x,tan(0.6395572))))),x)),y)",
            "b": "min(tan(sub(mul(0.8252982,mul(0.0021638274,tan(add(0.90556866,tan(x))))),0.80478966)),y)",
            "g": "min(tan(sub(mul(x,mul(0.7971593,tan(add(x,tan(0.5915728))))),x)),0.8662593)"
          }
        },
        {
          "fitness": 0,
          "expressions": {
            "r": "add(y,x)",
            "b": "add(x,x)",
            "g": "add(0.1909132,0.6628747)"
          }
        },
        {
          "fitness": 0,
          "expressions": {
            "r": "add(y,x)",
            "b": "add(x,x)",
            "g": "add(x,y)"
          }
        },
        {
          "fitness": 0,
          "expressions": {
            "r": "max(y,cos(y))",
            "b": "max(x,cos(0.38658267))",
            "g": "max(y,cos(y))"
          }
        },
        {
          "fitness": 0,
          "expressions": {
            "r": "add(y,x)",
            "b": "add(x,x)",
            "g": "add(x,y)"
          }
        },
        {
          "fitness": 0,
          "expressions": {
            "r": "max(y,cos(y))",
            "b": "max(x,cos(0.38658267))",
            "g": "max(y,cos(y))"
          }
        },
        {
          "fitness": 0,
          "expressions": {
            "r": "add(y,0.30126125)",
            "b": "add(x,0.7674263)",
            "g": "add(0.03600204,0.8758877)"
          }
        },
        {
          "fitness": 0,
          "expressions": {
            "r": "add(x,x)",
            "b": "add(0.93239254,0.53873634)",
            "g": "add(0.89592147,x)"
          }
        },
        {
          "fitness": 0,
          "expressions": {
            "r": "add(y,x)",
            "b": "add(x,x)",
            "g": "add(x,y)"
          }
        },
        {
          "fitness": 0,
          "expressions": {
            "r": "add(y,x)",
            "b": "add(x,x)",
            "g": "add(x,y)"
          }
        },
        {
          "fitness": 0,
          "expressions": {
            "r": "add(y,x)",
            "b": "add(x,x)",
            "g": "add(x,y)"
          }
        },
        {
          "fitness": 0,
          "expressions": {
            "r": "add(y,0.30126125)",
            "b": "add(x,0.7674263)",
            "g": "add(0.03600204,0.8758877)"
          }
        },
        {
          "fitness": 0,
          "expressions": {
            "r": "add(y,0.30126125)",
            "b": "add(x,0.7674263)",
            "g": "add(0.03600204,0.8758877)"
          }
        },
        {
          "fitness": 0,
          "expressions": {
            "r": "add(y,x)",
            "b": "add(x,x)",
            "g": "add(x,y)"
          }
        },
        {
          "fitness": 0,
          "expressions": {
            "r": "add(y,x)",
            "b": "add(x,x)",
            "g": "add(0.1909132,0.6628747)"
          }
        },
        {
          "fitness": 0,
          "expressions": {
            "r": "max(y,cos(y))",
            "b": "max(x,cos(0.38658267))",
            "g": "max(y,cos(y))"
          }
        },
        {
          "fitness": 0,
          "expressions": {
            "r": "add(x,x)",
            "b": "add(0.93239254,0.53873634)",
            "g": "add(0.89592147,x)"
          }
        }
      ],
      "timestamp": "22h:29m:19s"
    },
    {
      "generation": 3,
      "ascendantID": "4l3svv8q-9b7n-x3fm-5t13-75xv3nnxg9av",
      "id": "5y6nzpq5-2o33-brpc-9x56-emjfwjdjfqu5",
      "individuals": [
        {
          "fitness": 0,
          "expressions": {
            "r": "min(tan(sub(mul(x,mul(y,tan(add(x,tan(0.6395572))))),x)),y)",
            "b": "min(tan(sub(mul(0.8252982,mul(0.0021638274,tan(add(0.90556866,tan(x))))),0.80478966)),y)",
            "g": "min(tan(sub(mul(x,mul(0.7971593,tan(add(x,tan(0.5915728))))),x)),0.8662593)"
          }
        },
        {
          "fitness": 0,
          "expressions": {
            "r": "add(y,x)",
            "b": "add(x,x)",
            "g": "add(0.1909132,0.6628747)"
          }
        },
        {
          "fitness": 0,
          "expressions": {
            "r": "add(y,x)",
            "b": "add(x,x)",
            "g": "add(x,y)"
          }
        },
        {
          "fitness": 0,
          "expressions": {
            "r": "add(y,x)",
            "b": "add(x,x)",
            "g": "add(0.1909132,0.6628747)"
          }
        },
        {
          "fitness": 0,
          "expressions": {
            "r": "max(y,cos(y))",
            "b": "max(x,cos(0.38658267))",
            "g": "max(y,cos(y))"
          }
        },
        {
          "fitness": 0,
          "expressions": {
            "r": "add(y,0.30126125)",
            "b": "add(x,0.7674263)",
            "g": "add(0.03600204,0.8758877)"
          }
        },
        {
          "fitness": 0,
          "expressions": {
            "r": "add(y,x)",
            "b": "add(x,x)",
            "g": "add(0.1909132,0.6628747)"
          }
        },
        {
          "fitness": 0,
          "expressions": {
            "r": "min(tan(sub(mul(x,mul(y,tan(add(x,tan(0.6395572))))),x)),y)",
            "b": "min(tan(sub(mul(0.8252982,mul(0.0021638274,tan(add(0.90556866,tan(x))))),0.80478966)),y)",
            "g": "min(tan(sub(mul(x,mul(0.7971593,tan(add(x,tan(0.5915728))))),x)),0.8662593)"
          }
        },
        {
          "fitness": 0,
          "expressions": {
            "r": "add(y,0.30126125)",
            "b": "add(x,0.7674263)",
            "g": "add(0.03600204,0.8758877)"
          }
        },
        {
          "fitness": 0,
          "expressions": {
            "r": "add(y,x)",
            "b": "add(x,x)",
            "g": "add(x,y)"
          }
        },
        {
          "fitness": 0,
          "expressions": {
            "r": "max(y,cos(y))",
            "b": "max(x,cos(0.38658267))",
            "g": "max(y,cos(y))"
          }
        },
        {
          "fitness": 0,
          "expressions": {
            "r": "add(x,x)",
            "b": "add(0.93239254,0.53873634)",
            "g": "add(0.89592147,x)"
          }
        },
        {
          "fitness": 0,
          "expressions": {
            "r": "add(y,x)",
            "b": "add(x,x)",
            "g": "add(x,y)"
          }
        },
        {
          "fitness": 0,
          "expressions": {
            "r": "add(y,0.30126125)",
            "b": "add(x,0.7674263)",
            "g": "add(0.03600204,0.8758877)"
          }
        },
        {
          "fitness": 0,
          "expressions": {
            "r": "add(y,x)",
            "b": "add(x,x)",
            "g": "add(x,y)"
          }
        },
        {
          "fitness": 0,
          "expressions": {
            "r": "add(y,0.30126125)",
            "b": "add(x,0.7674263)",
            "g": "add(0.03600204,0.8758877)"
          }
        },
        {
          "fitness": 0,
          "expressions": {
            "r": "add(y,x)",
            "b": "add(x,x)",
            "g": "add(x,y)"
          }
        },
        {
          "fitness": 0,
          "expressions": {
            "r": "add(y,x)",
            "b": "add(x,x)",
            "g": "add(0.1909132,0.6628747)"
          }
        }
      ],
      "timestamp": "22h:29m:23s"
    },
    {
      "generation": 4,
      "ascendantID": "5y6nzpq5-2o33-brpc-9x56-emjfwjdjfqu5",
      "id": "wsqi9dwn-v92h-1psh-u5iq-kr04dfiflmm0",
      "individuals": [
        {
          "fitness": 0,
          "expressions": {
            "r": "min(tan(sub(mul(x,mul(y,tan(add(x,tan(0.6395572))))),x)),y)",
            "b": "min(tan(sub(mul(0.8252982,mul(0.0021638274,tan(add(0.90556866,tan(x))))),0.80478966)),y)",
            "g": "min(tan(sub(mul(x,mul(0.7971593,tan(add(x,tan(0.5915728))))),x)),0.8662593)"
          }
        },
        {
          "fitness": 0,
          "expressions": {
            "r": "add(y,0.30126125)",
            "b": "add(x,0.7674263)",
            "g": "add(0.03600204,0.8758877)"
          }
        },
        {
          "fitness": 0,
          "expressions": {
            "r": "min(tan(sub(mul(x,mul(y,tan(add(x,tan(0.6395572))))),x)),y)",
            "b": "min(tan(sub(mul(0.8252982,mul(0.0021638274,tan(add(0.90556866,tan(x))))),0.80478966)),y)",
            "g": "min(tan(sub(mul(x,mul(0.7971593,tan(add(x,tan(0.5915728))))),x)),0.8662593)"
          }
        },
        {
          "fitness": 0,
          "expressions": {
            "r": "add(y,x)",
            "b": "add(x,x)",
            "g": "add(x,y)"
          }
        },
        {
          "fitness": 0,
          "expressions": {
            "r": "min(tan(sub(mul(x,mul(y,tan(add(x,tan(0.6395572))))),x)),y)",
            "b": "min(tan(sub(mul(0.8252982,mul(0.0021638274,tan(add(0.90556866,tan(x))))),0.80478966)),y)",
            "g": "min(tan(sub(mul(x,mul(0.7971593,tan(add(x,tan(0.5915728))))),x)),0.8662593)"
          }
        },
        {
          "fitness": 0,
          "expressions": {
            "r": "add(x,x)",
            "b": "add(0.93239254,0.53873634)",
            "g": "add(0.89592147,x)"
          }
        },
        {
          "fitness": 0,
          "expressions": {
            "r": "add(y,x)",
            "b": "add(x,x)",
            "g": "add(0.1909132,0.6628747)"
          }
        },
        {
          "fitness": 0,
          "expressions": {
            "r": "add(y,x)",
            "b": "add(x,x)",
            "g": "add(0.1909132,0.6628747)"
          }
        },
        {
          "fitness": 0,
          "expressions": {
            "r": "min(tan(sub(mul(x,mul(y,tan(add(x,tan(0.6395572))))),x)),y)",
            "b": "min(tan(sub(mul(0.8252982,mul(0.0021638274,tan(add(0.90556866,tan(x))))),0.80478966)),y)",
            "g": "min(tan(sub(mul(x,mul(0.7971593,tan(add(x,tan(0.5915728))))),x)),0.8662593)"
          }
        },
        {
          "fitness": 0,
          "expressions": {
            "r": "add(y,0.30126125)",
            "b": "add(x,0.7674263)",
            "g": "add(0.03600204,0.8758877)"
          }
        },
        {
          "fitness": 0,
          "expressions": {
            "r": "add(y,0.30126125)",
            "b": "add(x,0.7674263)",
            "g": "add(0.03600204,0.8758877)"
          }
        },
        {
          "fitness": 0,
          "expressions": {
            "r": "add(y,0.30126125)",
            "b": "add(x,0.7674263)",
            "g": "add(0.03600204,0.8758877)"
          }
        },
        {
          "fitness": 0,
          "expressions": {
            "r": "add(y,x)",
            "b": "add(x,x)",
            "g": "add(0.1909132,0.6628747)"
          }
        },
        {
          "fitness": 0,
          "expressions": {
            "r": "add(y,x)",
            "b": "add(x,x)",
            "g": "add(x,y)"
          }
        },
        {
          "fitness": 0,
          "expressions": {
            "r": "add(y,0.30126125)",
            "b": "add(x,0.7674263)",
            "g": "add(0.03600204,0.8758877)"
          }
        },
        {
          "fitness": 0,
          "expressions": {
            "r": "add(y,x)",
            "b": "add(x,x)",
            "g": "add(x,y)"
          }
        },
        {
          "fitness": 0,
          "expressions": {
            "r": "min(tan(sub(mul(x,mul(y,tan(add(x,tan(0.6395572))))),x)),y)",
            "b": "min(tan(sub(mul(0.8252982,mul(0.0021638274,tan(add(0.90556866,tan(x))))),0.80478966)),y)",
            "g": "min(tan(sub(mul(x,mul(0.7971593,tan(add(x,tan(0.5915728))))),x)),0.8662593)"
          }
        },
        {
          "fitness": 0,
          "expressions": {
            "r": "min(tan(sub(mul(x,mul(y,tan(add(x,tan(0.6395572))))),x)),y)",
            "b": "min(tan(sub(mul(0.8252982,mul(0.0021638274,tan(add(0.90556866,tan(x))))),0.80478966)),y)",
            "g": "min(tan(sub(mul(x,mul(0.7971593,tan(add(x,tan(0.5915728))))),x)),0.8662593)"
          }
        }
      ],
      "timestamp": "22h:29m:26s"
    },
    {
      "generation": 5,
      "ascendantID": "wsqi9dwn-v92h-1psh-u5iq-kr04dfiflmm0",
      "id": "hhj51bs1-71jf-xwc5-9g09-v9kyq3zwnxhs",
      "individuals": [
        {
          "fitness": 0,
          "expressions": {
            "r": "min(tan(sub(mul(x,mul(y,tan(add(x,tan(0.6395572))))),x)),y)",
            "b": "min(tan(sub(mul(0.8252982,mul(0.0021638274,tan(add(0.90556866,tan(x))))),0.80478966)),y)",
            "g": "min(tan(sub(mul(x,mul(0.7971593,tan(add(x,tan(0.5915728))))),x)),0.8662593)"
          }
        },
        {
          "fitness": 0,
          "expressions": {
            "r": "min(tan(sub(mul(x,mul(y,tan(add(x,tan(0.6395572))))),x)),y)",
            "b": "min(tan(sub(mul(0.8252982,mul(0.0021638274,tan(add(0.90556866,tan(x))))),0.80478966)),y)",
            "g": "min(tan(sub(mul(x,mul(0.7971593,tan(add(x,tan(0.5915728))))),x)),0.8662593)"
          }
        },
        {
          "fitness": 0,
          "expressions": {
            "r": "min(tan(sub(mul(x,mul(y,tan(add(x,tan(0.6395572))))),x)),y)",
            "b": "min(tan(sub(mul(0.8252982,mul(0.0021638274,tan(add(0.90556866,tan(x))))),0.80478966)),y)",
            "g": "min(tan(sub(mul(x,mul(0.7971593,tan(add(x,tan(0.5915728))))),x)),0.8662593)"
          }
        },
        {
          "fitness": 0,
          "expressions": {
            "r": "add(y,x)",
            "b": "add(x,x)",
            "g": "add(x,y)"
          }
        },
        {
          "fitness": 0,
          "expressions": {
            "r": "add(y,0.30126125)",
            "b": "add(x,0.7674263)",
            "g": "add(0.03600204,0.8758877)"
          }
        },
        {
          "fitness": 0,
          "expressions": {
            "r": "add(y,0.30126125)",
            "b": "add(x,0.7674263)",
            "g": "add(0.03600204,0.8758877)"
          }
        },
        {
          "fitness": 0,
          "expressions": {
            "r": "add(y,0.30126125)",
            "b": "add(x,0.7674263)",
            "g": "add(0.03600204,0.8758877)"
          }
        },
        {
          "fitness": 0,
          "expressions": {
            "r": "add(y,x)",
            "b": "add(x,x)",
            "g": "add(x,y)"
          }
        },
        {
          "fitness": 0,
          "expressions": {
            "r": "add(y,x)",
            "b": "add(x,x)",
            "g": "add(x,y)"
          }
        },
        {
          "fitness": 0,
          "expressions": {
            "r": "add(y,x)",
            "b": "add(x,x)",
            "g": "add(x,y)"
          }
        },
        {
          "fitness": 0,
          "expressions": {
            "r": "add(y,0.30126125)",
            "b": "add(x,0.7674263)",
            "g": "add(0.03600204,0.8758877)"
          }
        },
        {
          "fitness": 0,
          "expressions": {
            "r": "add(y,x)",
            "b": "add(x,x)",
            "g": "add(0.1909132,0.6628747)"
          }
        },
        {
          "fitness": 0,
          "expressions": {
            "r": "add(y,x)",
            "b": "add(x,x)",
            "g": "add(0.1909132,0.6628747)"
          }
        },
        {
          "fitness": 0,
          "expressions": {
            "r": "add(y,x)",
            "b": "add(x,x)",
            "g": "add(x,y)"
          }
        },
        {
          "fitness": 0,
          "expressions": {
            "r": "add(y,0.30126125)",
            "b": "add(x,0.7674263)",
            "g": "add(0.03600204,0.8758877)"
          }
        },
        {
          "fitness": 0,
          "expressions": {
            "r": "add(y,x)",
            "b": "add(x,x)",
            "g": "add(0.1909132,0.6628747)"
          }
        },
        {
          "fitness": 0,
          "expressions": {
            "r": "add(y,0.30126125)",
            "b": "add(x,0.7674263)",
            "g": "add(0.03600204,0.8758877)"
          }
        },
        {
          "fitness": 0,
          "expressions": {
            "r": "min(tan(sub(mul(x,mul(y,tan(add(x,tan(0.6395572))))),x)),y)",
            "b": "min(tan(sub(mul(0.8252982,mul(0.0021638274,tan(add(0.90556866,tan(x))))),0.80478966)),y)",
            "g": "min(tan(sub(mul(x,mul(0.7971593,tan(add(x,tan(0.5915728))))),x)),0.8662593)"
          }
        }
      ],
      "timestamp": "22h:29m:29s"
    },
    {
      "generation": 6,
      "ascendantID": "hhj51bs1-71jf-xwc5-9g09-v9kyq3zwnxhs",
      "id": "l0cr4vzi-7naz-k7ei-wug7-st781f77sqgt",
      "individuals": [
        {
          "fitness": 0,
          "expressions": {
            "r": "min(tan(sub(mul(x,mul(y,tan(add(x,tan(0.6395572))))),x)),y)",
            "b": "min(tan(sub(mul(0.8252982,mul(0.0021638274,tan(add(0.90556866,tan(x))))),0.80478966)),y)",
            "g": "min(tan(sub(mul(x,mul(0.7971593,tan(add(x,tan(0.5915728))))),x)),0.8662593)"
          }
        },
        {
          "fitness": 0,
          "expressions": {
            "r": "add(y,x)",
            "b": "add(x,x)",
            "g": "add(x,y)"
          }
        },
        {
          "fitness": 0,
          "expressions": {
            "r": "add(y,0.30126125)",
            "b": "add(x,0.7674263)",
            "g": "add(0.03600204,0.8758877)"
          }
        },
        {
          "fitness": 0,
          "expressions": {
            "r": "add(y,0.30126125)",
            "b": "add(x,0.7674263)",
            "g": "add(0.03600204,0.8758877)"
          }
        },
        {
          "fitness": 0,
          "expressions": {
            "r": "add(y,x)",
            "b": "add(x,x)",
            "g": "add(x,y)"
          }
        },
        {
          "fitness": 0,
          "expressions": {
            "r": "add(y,0.30126125)",
            "b": "add(x,0.7674263)",
            "g": "add(0.03600204,0.8758877)"
          }
        },
        {
          "fitness": 0,
          "expressions": {
            "r": "add(y,0.30126125)",
            "b": "add(x,0.7674263)",
            "g": "add(0.03600204,0.8758877)"
          }
        },
        {
          "fitness": 0,
          "expressions": {
            "r": "min(tan(sub(mul(x,mul(y,tan(add(x,tan(0.6395572))))),x)),y)",
            "b": "min(tan(sub(mul(0.8252982,mul(0.0021638274,tan(add(0.90556866,tan(x))))),0.80478966)),y)",
            "g": "min(tan(sub(mul(x,mul(0.7971593,tan(add(x,tan(0.5915728))))),x)),0.8662593)"
          }
        },
        {
          "fitness": 0,
          "expressions": {
            "r": "min(tan(sub(mul(x,mul(y,tan(add(x,tan(0.6395572))))),x)),y)",
            "b": "min(tan(sub(mul(0.8252982,mul(0.0021638274,tan(add(0.90556866,tan(x))))),0.80478966)),y)",
            "g": "min(tan(sub(mul(x,mul(0.7971593,tan(add(x,tan(0.5915728))))),x)),0.8662593)"
          }
        },
        {
          "fitness": 0,
          "expressions": {
            "r": "add(y,x)",
            "b": "add(x,x)",
            "g": "add(0.1909132,0.6628747)"
          }
        },
        {
          "fitness": 0,
          "expressions": {
            "r": "add(y,x)",
            "b": "add(x,x)",
            "g": "add(x,y)"
          }
        },
        {
          "fitness": 0,
          "expressions": {
            "r": "add(y,x)",
            "b": "add(x,x)",
            "g": "add(x,y)"
          }
        },
        {
          "fitness": 0,
          "expressions": {
            "r": "min(tan(sub(mul(x,mul(y,tan(add(x,tan(0.6395572))))),x)),y)",
            "b": "min(tan(sub(mul(0.8252982,mul(0.0021638274,tan(add(0.90556866,tan(x))))),0.80478966)),y)",
            "g": "min(tan(sub(mul(x,mul(0.7971593,tan(add(x,tan(0.5915728))))),x)),0.8662593)"
          }
        },
        {
          "fitness": 0,
          "expressions": {
            "r": "add(y,0.30126125)",
            "b": "add(x,0.7674263)",
            "g": "add(0.03600204,0.8758877)"
          }
        },
        {
          "fitness": 0,
          "expressions": {
            "r": "add(y,0.30126125)",
            "b": "add(x,0.7674263)",
            "g": "add(0.03600204,0.8758877)"
          }
        },
        {
          "fitness": 0,
          "expressions": {
            "r": "add(y,x)",
            "b": "add(x,x)",
            "g": "add(0.1909132,0.6628747)"
          }
        },
        {
          "fitness": 0,
          "expressions": {
            "r": "min(tan(sub(mul(x,mul(y,tan(add(x,tan(0.6395572))))),x)),y)",
            "b": "min(tan(sub(mul(0.8252982,mul(0.0021638274,tan(add(0.90556866,tan(x))))),0.80478966)),y)",
            "g": "min(tan(sub(mul(x,mul(0.7971593,tan(add(x,tan(0.5915728))))),x)),0.8662593)"
          }
        },
        {
          "fitness": 0,
          "expressions": {
            "r": "add(y,x)",
            "b": "add(x,x)",
            "g": "add(x,y)"
          }
        }
      ],
      "timestamp": "22h:29m:31s"
    },
    {
      "generation": 7,
      "ascendantID": "l0cr4vzi-7naz-k7ei-wug7-st781f77sqgt",
      "id": "kq9tcgij-ns0r-s3lb-a0ag-5jqfbgg48dip",
      "individuals": [
        {
          "fitness": 0,
          "expressions": {
            "r": "min(tan(sub(mul(x,mul(y,tan(add(x,tan(0.6395572))))),x)),y)",
            "b": "min(tan(sub(mul(0.8252982,mul(0.0021638274,tan(add(0.90556866,tan(x))))),0.80478966)),y)",
            "g": "min(tan(sub(mul(x,mul(0.7971593,tan(add(x,tan(0.5915728))))),x)),0.8662593)"
          }
        },
        {
          "fitness": 0,
          "expressions": {
            "r": "add(y,x)",
            "b": "add(x,x)",
            "g": "add(x,y)"
          }
        },
        {
          "fitness": 0,
          "expressions": {
            "r": "add(y,x)",
            "b": "add(x,x)",
            "g": "add(x,y)"
          }
        },
        {
          "fitness": 0,
          "expressions": {
            "r": "min(tan(sub(mul(x,mul(y,tan(add(x,tan(0.6395572))))),x)),y)",
            "b": "min(tan(sub(mul(0.8252982,mul(0.0021638274,tan(add(0.90556866,tan(x))))),0.80478966)),y)",
            "g": "min(tan(sub(mul(x,mul(0.7971593,tan(add(x,tan(0.5915728))))),x)),0.8662593)"
          }
        },
        {
          "fitness": 0,
          "expressions": {
            "r": "add(y,x)",
            "b": "add(x,x)",
            "g": "add(x,y)"
          }
        },
        {
          "fitness": 0,
          "expressions": {
            "r": "min(tan(sub(mul(x,mul(y,tan(add(x,tan(0.6395572))))),x)),y)",
            "b": "min(tan(sub(mul(0.8252982,mul(0.0021638274,tan(add(0.90556866,tan(x))))),0.80478966)),y)",
            "g": "min(tan(sub(mul(x,mul(0.7971593,tan(add(x,tan(0.5915728))))),x)),0.8662593)"
          }
        },
        {
          "fitness": 0,
          "expressions": {
            "r": "add(y,x)",
            "b": "add(x,x)",
            "g": "add(x,y)"
          }
        },
        {
          "fitness": 0,
          "expressions": {
            "r": "add(y,x)",
            "b": "add(x,x)",
            "g": "add(x,y)"
          }
        },
        {
          "fitness": 0,
          "expressions": {
            "r": "add(y,x)",
            "b": "add(x,x)",
            "g": "add(x,y)"
          }
        },
        {
          "fitness": 0,
          "expressions": {
            "r": "add(y,x)",
            "b": "add(x,x)",
            "g": "add(0.1909132,0.6628747)"
          }
        },
        {
          "fitness": 0,
          "expressions": {
            "r": "add(y,0.30126125)",
            "b": "add(x,0.7674263)",
            "g": "add(0.03600204,0.8758877)"
          }
        },
        {
          "fitness": 0,
          "expressions": {
            "r": "min(tan(sub(mul(x,mul(y,tan(add(x,tan(0.6395572))))),x)),y)",
            "b": "min(tan(sub(mul(0.8252982,mul(0.0021638274,tan(add(0.90556866,tan(x))))),0.80478966)),y)",
            "g": "min(tan(sub(mul(x,mul(0.7971593,tan(add(x,tan(0.5915728))))),x)),0.8662593)"
          }
        },
        {
          "fitness": 0,
          "expressions": {
            "r": "add(y,x)",
            "b": "add(x,x)",
            "g": "add(x,y)"
          }
        },
        {
          "fitness": 0,
          "expressions": {
            "r": "add(y,x)",
            "b": "add(x,x)",
            "g": "add(0.1909132,0.6628747)"
          }
        },
        {
          "fitness": 0,
          "expressions": {
            "r": "add(y,x)",
            "b": "add(x,x)",
            "g": "add(x,y)"
          }
        },
        {
          "fitness": 0,
          "expressions": {
            "r": "add(y,0.30126125)",
            "b": "add(x,0.7674263)",
            "g": "add(0.03600204,0.8758877)"
          }
        },
        {
          "fitness": 0,
          "expressions": {
            "r": "add(y,0.30126125)",
            "b": "add(x,0.7674263)",
            "g": "add(0.03600204,0.8758877)"
          }
        },
        {
          "fitness": 0,
          "expressions": {
            "r": "add(y,x)",
            "b": "add(x,x)",
            "g": "add(x,y)"
          }
        }
      ],
      "timestamp": "22h:29m:33s"
    },
    {
      "generation": 8,
      "ascendantID": "kq9tcgij-ns0r-s3lb-a0ag-5jqfbgg48dip",
      "id": "2mgmryxk-858f-8tjg-ktwq-y8p6godcp4yn",
      "individuals": [
        {
          "fitness": 0,
          "expressions": {
            "r": "min(tan(sub(mul(x,mul(y,tan(add(x,tan(0.6395572))))),x)),y)",
            "b": "min(tan(sub(mul(0.8252982,mul(0.0021638274,tan(add(0.90556866,tan(x))))),0.80478966)),y)",
            "g": "min(tan(sub(mul(x,mul(0.7971593,tan(add(x,tan(0.5915728))))),x)),0.8662593)"
          }
        },
        {
          "fitness": 0,
          "expressions": {
            "r": "add(y,x)",
            "b": "add(x,x)",
            "g": "add(x,y)"
          }
        },
        {
          "fitness": 0,
          "expressions": {
            "r": "min(tan(sub(mul(x,mul(y,tan(add(x,tan(0.6395572))))),x)),y)",
            "b": "min(tan(sub(mul(0.8252982,mul(0.0021638274,tan(add(0.90556866,tan(x))))),0.80478966)),y)",
            "g": "min(tan(sub(mul(x,mul(0.7971593,tan(add(x,tan(0.5915728))))),x)),0.8662593)"
          }
        },
        {
          "fitness": 0,
          "expressions": {
            "r": "add(y,0.30126125)",
            "b": "add(x,0.7674263)",
            "g": "add(0.03600204,0.8758877)"
          }
        },
        {
          "fitness": 0,
          "expressions": {
            "r": "min(tan(sub(mul(x,mul(y,tan(add(x,tan(0.6395572))))),x)),y)",
            "b": "min(tan(sub(mul(0.8252982,mul(0.0021638274,tan(add(0.90556866,tan(x))))),0.80478966)),y)",
            "g": "min(tan(sub(mul(x,mul(0.7971593,tan(add(x,tan(0.5915728))))),x)),0.8662593)"
          }
        },
        {
          "fitness": 0,
          "expressions": {
            "r": "min(tan(sub(mul(x,mul(y,tan(add(x,tan(0.6395572))))),x)),y)",
            "b": "min(tan(sub(mul(0.8252982,mul(0.0021638274,tan(add(0.90556866,tan(x))))),0.80478966)),y)",
            "g": "min(tan(sub(mul(x,mul(0.7971593,tan(add(x,tan(0.5915728))))),x)),0.8662593)"
          }
        },
        {
          "fitness": 0,
          "expressions": {
            "r": "min(tan(sub(mul(x,mul(y,tan(add(x,tan(0.6395572))))),x)),y)",
            "b": "min(tan(sub(mul(0.8252982,mul(0.0021638274,tan(add(0.90556866,tan(x))))),0.80478966)),y)",
            "g": "min(tan(sub(mul(x,mul(0.7971593,tan(add(x,tan(0.5915728))))),x)),0.8662593)"
          }
        },
        {
          "fitness": 0,
          "expressions": {
            "r": "add(y,x)",
            "b": "add(x,x)",
            "g": "add(x,y)"
          }
        },
        {
          "fitness": 0,
          "expressions": {
            "r": "add(y,x)",
            "b": "add(x,x)",
            "g": "add(x,y)"
          }
        },
        {
          "fitness": 0,
          "expressions": {
            "r": "add(y,x)",
            "b": "add(x,x)",
            "g": "add(x,y)"
          }
        },
        {
          "fitness": 0,
          "expressions": {
            "r": "add(y,x)",
            "b": "add(x,x)",
            "g": "add(x,y)"
          }
        },
        {
          "fitness": 0,
          "expressions": {
            "r": "add(y,x)",
            "b": "add(x,x)",
            "g": "add(0.1909132,0.6628747)"
          }
        },
        {
          "fitness": 0,
          "expressions": {
            "r": "add(y,x)",
            "b": "add(x,x)",
            "g": "add(0.1909132,0.6628747)"
          }
        },
        {
          "fitness": 0,
          "expressions": {
            "r": "add(y,x)",
            "b": "add(x,x)",
            "g": "add(x,y)"
          }
        },
        {
          "fitness": 0,
          "expressions": {
            "r": "add(y,x)",
            "b": "add(x,x)",
            "g": "add(x,y)"
          }
        },
        {
          "fitness": 0,
          "expressions": {
            "r": "add(y,x)",
            "b": "add(x,x)",
            "g": "add(x,y)"
          }
        },
        {
          "fitness": 0,
          "expressions": {
            "r": "add(y,x)",
            "b": "add(x,x)",
            "g": "add(x,y)"
          }
        },
        {
          "fitness": 0,
          "expressions": {
            "r": "min(tan(sub(mul(x,mul(y,tan(add(x,tan(0.6395572))))),x)),y)",
            "b": "min(tan(sub(mul(0.8252982,mul(0.0021638274,tan(add(0.90556866,tan(x))))),0.80478966)),y)",
            "g": "min(tan(sub(mul(x,mul(0.7971593,tan(add(x,tan(0.5915728))))),x)),0.8662593)"
          }
        }
      ],
      "timestamp": "22h:29m:46s"
    },
    {
      "generation": 9,
      "ascendantID": "2mgmryxk-858f-8tjg-ktwq-y8p6godcp4yn",
      "id": "e1a78cqd-o91b-o3ea-pxx5-7bszrbarzbyz",
      "individuals": [
        {
          "fitness": 0,
          "expressions": {
            "r": "min(tan(sub(mul(x,mul(y,tan(add(x,tan(0.6395572))))),x)),y)",
            "b": "min(tan(sub(mul(0.8252982,mul(0.0021638274,tan(add(0.90556866,tan(x))))),0.80478966)),y)",
            "g": "min(tan(sub(mul(x,mul(0.7971593,tan(add(x,tan(0.5915728))))),x)),0.8662593)"
          }
        },
        {
          "fitness": 0,
          "expressions": {
            "r": "add(y,x)",
            "b": "add(x,x)",
            "g": "add(x,y)"
          }
        },
        {
          "fitness": 0,
          "expressions": {
            "r": "min(tan(sub(mul(x,mul(y,tan(add(x,tan(0.6395572))))),x)),y)",
            "b": "min(tan(sub(mul(0.8252982,mul(0.0021638274,tan(add(0.90556866,tan(x))))),0.80478966)),y)",
            "g": "min(tan(sub(mul(x,mul(0.7971593,tan(add(x,tan(0.5915728))))),x)),0.8662593)"
          }
        },
        {
          "fitness": 0,
          "expressions": {
            "r": "min(tan(sub(mul(x,mul(y,tan(add(x,tan(0.6395572))))),x)),y)",
            "b": "min(tan(sub(mul(0.8252982,mul(0.0021638274,tan(add(0.90556866,tan(x))))),0.80478966)),y)",
            "g": "min(tan(sub(mul(x,mul(0.7971593,tan(add(x,tan(0.5915728))))),x)),0.8662593)"
          }
        },
        {
          "fitness": 0,
          "expressions": {
            "r": "min(tan(sub(mul(x,mul(y,tan(add(x,tan(0.6395572))))),x)),y)",
            "b": "min(tan(sub(mul(0.8252982,mul(0.0021638274,tan(add(0.90556866,tan(x))))),0.80478966)),y)",
            "g": "min(tan(sub(mul(x,mul(0.7971593,tan(add(x,tan(0.5915728))))),x)),0.8662593)"
          }
        },
        {
          "fitness": 0,
          "expressions": {
            "r": "add(y,0.30126125)",
            "b": "add(x,0.7674263)",
            "g": "add(0.03600204,0.8758877)"
          }
        },
        {
          "fitness": 0,
          "expressions": {
            "r": "min(tan(sub(mul(x,mul(y,tan(add(x,tan(0.6395572))))),x)),y)",
            "b": "min(tan(sub(mul(0.8252982,mul(0.0021638274,tan(add(0.90556866,tan(x))))),0.80478966)),y)",
            "g": "min(tan(sub(mul(x,mul(0.7971593,tan(add(x,tan(0.5915728))))),x)),0.8662593)"
          }
        },
        {
          "fitness": 0,
          "expressions": {
            "r": "min(tan(sub(mul(x,mul(y,tan(add(x,tan(0.6395572))))),x)),y)",
            "b": "min(tan(sub(mul(0.8252982,mul(0.0021638274,tan(add(0.90556866,tan(x))))),0.80478966)),y)",
            "g": "min(tan(sub(mul(x,mul(0.7971593,tan(add(x,tan(0.5915728))))),x)),0.8662593)"
          }
        },
        {
          "fitness": 0,
          "expressions": {
            "r": "add(y,x)",
            "b": "add(x,x)",
            "g": "add(x,y)"
          }
        },
        {
          "fitness": 0,
          "expressions": {
            "r": "add(y,x)",
            "b": "add(x,x)",
            "g": "add(x,y)"
          }
        },
        {
          "fitness": 0,
          "expressions": {
            "r": "add(y,x)",
            "b": "add(x,x)",
            "g": "add(x,y)"
          }
        },
        {
          "fitness": 0,
          "expressions": {
            "r": "add(y,x)",
            "b": "add(x,x)",
            "g": "add(x,y)"
          }
        },
        {
          "fitness": 0,
          "expressions": {
            "r": "add(y,x)",
            "b": "add(x,x)",
            "g": "add(x,y)"
          }
        },
        {
          "fitness": 0,
          "expressions": {
            "r": "add(y,x)",
            "b": "add(x,x)",
            "g": "add(x,y)"
          }
        },
        {
          "fitness": 0,
          "expressions": {
            "r": "add(y,0.30126125)",
            "b": "add(x,0.7674263)",
            "g": "add(0.03600204,0.8758877)"
          }
        },
        {
          "fitness": 0,
          "expressions": {
            "r": "min(tan(sub(mul(x,mul(y,tan(add(x,tan(0.6395572))))),x)),y)",
            "b": "min(tan(sub(mul(0.8252982,mul(0.0021638274,tan(add(0.90556866,tan(x))))),0.80478966)),y)",
            "g": "min(tan(sub(mul(x,mul(0.7971593,tan(add(x,tan(0.5915728))))),x)),0.8662593)"
          }
        },
        {
          "fitness": 0,
          "expressions": {
            "r": "min(tan(sub(mul(x,mul(y,tan(add(x,tan(0.6395572))))),x)),y)",
            "b": "min(tan(sub(mul(0.8252982,mul(0.0021638274,tan(add(0.90556866,tan(x))))),0.80478966)),y)",
            "g": "min(tan(sub(mul(x,mul(0.7971593,tan(add(x,tan(0.5915728))))),x)),0.8662593)"
          }
        },
        {
          "fitness": 0,
          "expressions": {
            "r": "add(y,x)",
            "b": "add(x,x)",
            "g": "add(x,y)"
          }
        }
      ],
      "timestamp": "22h:29m:49s"
    },
    {
      "generation": 10,
      "ascendantID": "e1a78cqd-o91b-o3ea-pxx5-7bszrbarzbyz",
      "id": "3n734384-a92p-0xjo-hvum-n5khavdmrkk9",
      "individuals": [
        {
          "fitness": 0,
          "expressions": {
            "r": "min(tan(sub(mul(x,mul(y,tan(add(x,tan(0.6395572))))),x)),y)",
            "b": "min(tan(sub(mul(0.8252982,mul(0.0021638274,tan(add(0.90556866,tan(x))))),0.80478966)),y)",
            "g": "min(tan(sub(mul(x,mul(0.7971593,tan(add(x,tan(0.5915728))))),x)),0.8662593)"
          }
        },
        {
          "fitness": 0,
          "expressions": {
            "r": "min(tan(sub(mul(x,mul(y,tan(add(x,tan(0.6395572))))),x)),y)",
            "b": "min(tan(sub(mul(0.8252982,mul(0.0021638274,tan(add(0.90556866,tan(x))))),0.80478966)),y)",
            "g": "min(tan(sub(mul(x,mul(0.7971593,tan(add(x,tan(0.5915728))))),x)),0.8662593)"
          }
        },
        {
          "fitness": 0,
          "expressions": {
            "r": "min(tan(sub(mul(x,mul(y,tan(add(x,tan(0.6395572))))),x)),y)",
            "b": "min(tan(sub(mul(0.8252982,mul(0.0021638274,tan(add(0.90556866,tan(x))))),0.80478966)),y)",
            "g": "min(tan(sub(mul(x,mul(0.7971593,tan(add(x,tan(0.5915728))))),x)),0.8662593)"
          }
        },
        {
          "fitness": 0,
          "expressions": {
            "r": "add(y,x)",
            "b": "add(x,x)",
            "g": "add(x,y)"
          }
        },
        {
          "fitness": 0,
          "expressions": {
            "r": "min(tan(sub(mul(x,mul(y,tan(add(x,tan(0.6395572))))),x)),y)",
            "b": "min(tan(sub(mul(0.8252982,mul(0.0021638274,tan(add(0.90556866,tan(x))))),0.80478966)),y)",
            "g": "min(tan(sub(mul(x,mul(0.7971593,tan(add(x,tan(0.5915728))))),x)),0.8662593)"
          }
        },
        {
          "fitness": 0,
          "expressions": {
            "r": "min(tan(sub(mul(x,mul(y,tan(add(x,tan(0.6395572))))),x)),y)",
            "b": "min(tan(sub(mul(0.8252982,mul(0.0021638274,tan(add(0.90556866,tan(x))))),0.80478966)),y)",
            "g": "min(tan(sub(mul(x,mul(0.7971593,tan(add(x,tan(0.5915728))))),x)),0.8662593)"
          }
        },
        {
          "fitness": 0,
          "expressions": {
            "r": "min(tan(sub(mul(x,mul(y,tan(add(x,tan(0.6395572))))),x)),y)",
            "b": "min(tan(sub(mul(0.8252982,mul(0.0021638274,tan(add(0.90556866,tan(x))))),0.80478966)),y)",
            "g": "min(tan(sub(mul(x,mul(0.7971593,tan(add(x,tan(0.5915728))))),x)),0.8662593)"
          }
        },
        {
          "fitness": 0,
          "expressions": {
            "r": "min(tan(sub(mul(x,mul(y,tan(add(x,tan(0.6395572))))),x)),y)",
            "b": "min(tan(sub(mul(0.8252982,mul(0.0021638274,tan(add(0.90556866,tan(x))))),0.80478966)),y)",
            "g": "min(tan(sub(mul(x,mul(0.7971593,tan(add(x,tan(0.5915728))))),x)),0.8662593)"
          }
        },
        {
          "fitness": 0,
          "expressions": {
            "r": "add(y,x)",
            "b": "add(x,x)",
            "g": "add(x,y)"
          }
        },
        {
          "fitness": 0,
          "expressions": {
            "r": "min(tan(sub(mul(x,mul(y,tan(add(x,tan(0.6395572))))),x)),y)",
            "b": "min(tan(sub(mul(0.8252982,mul(0.0021638274,tan(add(0.90556866,tan(x))))),0.80478966)),y)",
            "g": "min(tan(sub(mul(x,mul(0.7971593,tan(add(x,tan(0.5915728))))),x)),0.8662593)"
          }
        },
        {
          "fitness": 0,
          "expressions": {
            "r": "add(y,x)",
            "b": "add(x,x)",
            "g": "add(x,y)"
          }
        },
        {
          "fitness": 0,
          "expressions": {
            "r": "add(y,0.30126125)",
            "b": "add(x,0.7674263)",
            "g": "add(0.03600204,0.8758877)"
          }
        },
        {
          "fitness": 0,
          "expressions": {
            "r": "min(tan(sub(mul(x,mul(y,tan(add(x,tan(0.6395572))))),x)),y)",
            "b": "min(tan(sub(mul(0.8252982,mul(0.0021638274,tan(add(0.90556866,tan(x))))),0.80478966)),y)",
            "g": "min(tan(sub(mul(x,mul(0.7971593,tan(add(x,tan(0.5915728))))),x)),0.8662593)"
          }
        },
        {
          "fitness": 0,
          "expressions": {
            "r": "min(tan(sub(mul(x,mul(y,tan(add(x,tan(0.6395572))))),x)),y)",
            "b": "min(tan(sub(mul(0.8252982,mul(0.0021638274,tan(add(0.90556866,tan(x))))),0.80478966)),y)",
            "g": "min(tan(sub(mul(x,mul(0.7971593,tan(add(x,tan(0.5915728))))),x)),0.8662593)"
          }
        },
        {
          "fitness": 0,
          "expressions": {
            "r": "min(tan(sub(mul(x,mul(y,tan(add(x,tan(0.6395572))))),x)),y)",
            "b": "min(tan(sub(mul(0.8252982,mul(0.0021638274,tan(add(0.90556866,tan(x))))),0.80478966)),y)",
            "g": "min(tan(sub(mul(x,mul(0.7971593,tan(add(x,tan(0.5915728))))),x)),0.8662593)"
          }
        },
        {
          "fitness": 0,
          "expressions": {
            "r": "min(tan(sub(mul(x,mul(y,tan(add(x,tan(0.6395572))))),x)),y)",
            "b": "min(tan(sub(mul(0.8252982,mul(0.0021638274,tan(add(0.90556866,tan(x))))),0.80478966)),y)",
            "g": "min(tan(sub(mul(x,mul(0.7971593,tan(add(x,tan(0.5915728))))),x)),0.8662593)"
          }
        },
        {
          "fitness": 0,
          "expressions": {
            "r": "add(y,x)",
            "b": "add(x,x)",
            "g": "add(x,y)"
          }
        },
        {
          "fitness": 0,
          "expressions": {
            "r": "add(y,x)",
            "b": "add(x,x)",
            "g": "add(x,y)"
          }
        }
      ],
      "timestamp": "22h:29m:56s"
    }
  ],
  "timestamp": "2024-07-25-22-28-11"
}