{
  "id": "zlwzmhjq-57tw-zf1h-pcux-vc0nnqrf33sa",
  "parameters": {
    "crossoverRate": 0.30000001192092896,
    "eliteSize": 2,
    "tournamentSize": 3,
    "mutationRate": 0.8999999761581421,
    "populationSize": 10
  },
  "populations": [{
    "generation": 0,
    "id": "xrg1gsm2-oepv-wvar-y0jw-p6zl6i7mcp95",
    "individuals": [
      {
        "fitness": 0,
        "expressions": {
          "r": "(0.79937124+0.76865995)",
          "b": "(x+x)",
          "g": "(y+y)"
        }
      },
      {
        "fitness": 0,
        "expressions": {
          "r": "tan(0.08465767)",
          "b": "tan(y)",
          "g": "tan(0.87235755)"
        }
      },
      {
        "fitness": 0,
        "expressions": {
          "r": "(sin(0.48580366)/0.1161291)",
          "b": "(sin(y)/x)",
          "g": "(sin(0.048449636)/y)"
        }
      },
      {
        "fitness": 0,
        "expressions": {
          "r": "sin(y)",
          "b": "sin(0.29318136)",
          "g": "sin(0.38716418)"
        }
      },
      {
        "fitness": 0,
        "expressions": {
          "r": "var(0.50173044)",
          "b": "var(y)",
          "g": "var(y)"
        }
      },
      {
        "fitness": 0,
        "expressions": {
          "r": "(0.28840846+x)",
          "b": "(0.023793697+y)",
          "g": "(0.9362147+0.79562795)"
        }
      },
      {
        "fitness": 0,
        "expressions": {
          "r": "cos(min(pow(y,x),x))",
          "b": "cos(min(pow(x,0.32616448),x))",
          "g": "cos(min(pow(x,0.79684925),x))"
        }
      },
      {
        "fitness": 0,
        "expressions": {
          "r": "(0.45596462+0.89080113)",
          "b": "(x+x)",
          "g": "(y+y)"
        }
      },
      {
        "fitness": 0,
        "expressions": {
          "r": "aud((y-y),x)",
          "b": "aud((y-y),0.669209)",
          "g": "aud((x-0.51795405),y)"
        }
      },
      {
        "fitness": 0,
        "expressions": {
          "r": "tan(0.4509294)",
          "b": "tan(0.21077621)",
          "g": "tan(y)"
        }
      },
      {
        "fitness": 0,
        "expressions": {
          "r": "(0.3419187+y)",
          "b": "(y+x)",
          "g": "(y+y)"
        }
      },
      {
        "fitness": 0,
        "expressions": {
          "r": "sin(var(x))",
          "b": "sin(var(y))",
          "g": "sin(var(x))"
        }
      },
      {
        "fitness": 0,
        "expressions": {
          "r": "(0.5569312+y)",
          "b": "(x+y)",
          "g": "(0.25708544+0.85833603)"
        }
      },
      {
        "fitness": 0,
        "expressions": {
          "r": "(x+0.30338788)",
          "b": "(0.69022644+0.9407303)",
          "g": "(y+0.4963392)"
        }
      },
      {
        "fitness": 0,
        "expressions": {
          "r": "(x+x)",
          "b": "(x+y)",
          "g": "(x+y)"
        }
      },
      {
        "fitness": 0,
        "expressions": {
          "r": "max(x,auh(y,x))",
          "b": "max(x,auh(x,0.497612))",
          "g": "max(x,auh(y,x))"
        }
      },
      {
        "fitness": 0,
        "expressions": {
          "r": "(y+y)",
          "b": "(x+y)",
          "g": "(x+x)"
        }
      },
      {
        "fitness": 0,
        "expressions": {
          "r": "aud(auh(x,y),((0.7689657-x)+y))",
          "b": "aud(auh(y,0.9951986),((y-0.6744867)+x))",
          "g": "aud(auh(x,x),((x-0.08462191)+0.14798337))"
        }
      }
    ],
    "timestamp": "22h:50m:50s"
  }],
  "timestamp": "2024-07-24-22-50-47"
}